36 36
Kuiper-610 0
1 00001U 00000ABC 00001.00000000  .00000000  00000-0  00000+0 0    04
2 00001  42.0000   0.0000 0000001   0.0000   0.0000 14.86143795    08
Kuiper-610 1
1 00002U 00000ABC 00001.00000000  .00000000  00000-0  00000+0 0    05
2 00002  42.0000   0.0000 0000001   0.0000  10.0000 14.86143795    00
Kuiper-610 2
1 00003U 00000ABC 00001.00000000  .00000000  00000-0  00000+0 0    06
2 00003  42.0000   0.0000 0000001   0.0000  20.0000 14.86143795    02
Kuiper-610 3
1 00004U 00000ABC 00001.00000000  .00000000  00000-0  00000+0 0    07
2 00004  42.0000   0.0000 0000001   0.0000  30.0000 14.86143795    04
Kuiper-610 4
1 00005U 00000ABC 00001.00000000  .00000000  00000-0  00000+0 0    08
2 00005  42.0000   0.0000 0000001   0.0000  40.0000 14.86143795    06
Kuiper-610 5
1 00006U 00000ABC 00001.00000000  .00000000  00000-0  00000+0 0    09
2 00006  42.0000   0.0000 0000001   0.0000  50.0000 14.86143795    08
Kuiper-610 6
1 00007U 00000ABC 00001.00000000  .00000000  00000-0  00000+0 0    00
2 00007  42.0000   0.0000 0000001   0.0000  60.0000 14.86143795    00
Kuiper-610 7
1 00008U 00000ABC 00001.00000000  .00000000  00000-0  00000+0 0    01
2 00008  42.0000   0.0000 0000001   0.0000  70.0000 14.86143795    02
Kuiper-610 8
1 00009U 00000ABC 00001.00000000  .00000000  00000-0  00000+0 0    02
2 00009  42.0000   0.0000 0000001   0.0000  80.0000 14.86143795    04
Kuiper-610 9
1 00010U 00000ABC 00001.00000000  .00000000  00000-0  00000+0 0    04
2 00010  42.0000   0.0000 0000001   0.0000  90.0000 14.86143795    07
Kuiper-610 10
1 00011U 00000ABC 00001.00000000  .00000000  00000-0  00000+0 0    05
2 00011  42.0000   0.0000 0000001   0.0000 100.0000 14.86143795    00
Kuiper-610 11
1 00012U 00000ABC 00001.00000000  .00000000  00000-0  00000+0 0    06
2 00012  42.0000   0.0000 0000001   0.0000 110.0000 14.86143795    02
Kuiper-610 12
1 00013U 00000ABC 00001.00000000  .00000000  00000-0  00000+0 0    07
2 00013  42.0000   0.0000 0000001   0.0000 120.0000 14.86143795    04
Kuiper-610 13
1 00014U 00000ABC 00001.00000000  .00000000  00000-0  00000+0 0    08
2 00014  42.0000   0.0000 0000001   0.0000 130.0000 14.86143795    06
Kuiper-610 14
1 00015U 00000ABC 00001.00000000  .00000000  00000-0  00000+0 0    09
2 00015  42.0000   0.0000 0000001   0.0000 140.0000 14.86143795    08
Kuiper-610 15
1 00016U 00000ABC 00001.00000000  .00000000  00000-0  00000+0 0    00
2 00016  42.0000   0.0000 0000001   0.0000 150.0000 14.86143795    00
Kuiper-610 16
1 00017U 00000ABC 00001.00000000  .00000000  00000-0  00000+0 0    01
2 00017  42.0000   0.0000 0000001   0.0000 160.0000 14.86143795    02
Kuiper-610 17
1 00018U 00000ABC 00001.00000000  .00000000  00000-0  00000+0 0    02
2 00018  42.0000   0.0000 0000001   0.0000 170.0000 14.86143795    04
Kuiper-610 18
1 00019U 00000ABC 00001.00000000  .00000000  00000-0  00000+0 0    03
2 00019  42.0000   0.0000 0000001   0.0000 180.0000 14.86143795    06
Kuiper-610 19
1 00020U 00000ABC 00001.00000000  .00000000  00000-0  00000+0 0    05
2 00020  42.0000   0.0000 0000001   0.0000 190.0000 14.86143795    09
Kuiper-610 20
1 00021U 00000ABC 00001.00000000  .00000000  00000-0  00000+0 0    06
2 00021  42.0000   0.0000 0000001   0.0000 200.0000 14.86143795    02
Kuiper-610 21
1 00022U 00000ABC 00001.00000000  .00000000  00000-0  00000+0 0    07
2 00022  42.0000   0.0000 0000001   0.0000 210.0000 14.86143795    04
Kuiper-610 22
1 00023U 00000ABC 00001.00000000  .00000000  00000-0  00000+0 0    08
2 00023  42.0000   0.0000 0000001   0.0000 220.0000 14.86143795    06
Kuiper-610 23
1 00024U 00000ABC 00001.00000000  .00000000  00000-0  00000+0 0    09
2 00024  42.0000   0.0000 0000001   0.0000 230.0000 14.86143795    08
Kuiper-610 24
1 00025U 00000ABC 00001.00000000  .00000000  00000-0  00000+0 0    00
2 00025  42.0000   0.0000 0000001   0.0000 240.0000 14.86143795    00
Kuiper-610 25
1 00026U 00000ABC 00001.00000000  .00000000  00000-0  00000+0 0    01
2 00026  42.0000   0.0000 0000001   0.0000 250.0000 14.86143795    02
Kuiper-610 26
1 00027U 00000ABC 00001.00000000  .00000000  00000-0  00000+0 0    02
2 00027  42.0000   0.0000 0000001   0.0000 260.0000 14.86143795    04
Kuiper-610 27
1 00028U 00000ABC 00001.00000000  .00000000  00000-0  00000+0 0    03
2 00028  42.0000   0.0000 0000001   0.0000 270.0000 14.86143795    06
Kuiper-610 28
1 00029U 00000ABC 00001.00000000  .00000000  00000-0  00000+0 0    04
2 00029  42.0000   0.0000 0000001   0.0000 280.0000 14.86143795    08
Kuiper-610 29
1 00030U 00000ABC 00001.00000000  .00000000  00000-0  00000+0 0    06
2 00030  42.0000   0.0000 0000001   0.0000 290.0000 14.86143795    01
Kuiper-610 30
1 00031U 00000ABC 00001.00000000  .00000000  00000-0  00000+0 0    07
2 00031  42.0000   0.0000 0000001   0.0000 300.0000 14.86143795    04
Kuiper-610 31
1 00032U 00000ABC 00001.00000000  .00000000  00000-0  00000+0 0    08
2 00032  42.0000   0.0000 0000001   0.0000 310.0000 14.86143795    06
Kuiper-610 32
1 00033U 00000ABC 00001.00000000  .00000000  00000-0  00000+0 0    09
2 00033  42.0000   0.0000 0000001   0.0000 320.0000 14.86143795    08
Kuiper-610 33
1 00034U 00000ABC 00001.00000000  .00000000  00000-0  00000+0 0    00
2 00034  42.0000   0.0000 0000001   0.0000 330.0000 14.86143795    00
Kuiper-610 34
1 00035U 00000ABC 00001.00000000  .00000000  00000-0  00000+0 0    01
2 00035  42.0000   0.0000 0000001   0.0000 340.0000 14.86143795    02
Kuiper-610 35
1 00036U 00000ABC 00001.00000000  .00000000  00000-0  00000+0 0    02
2 00036  42.0000   0.0000 0000001   0.0000 350.0000 14.86143795    04
Kuiper-610 36
1 00037U 00000ABC 00001.00000000  .00000000  00000-0  00000+0 0    03
2 00037  42.0000  10.0000 0000001   0.0000   5.0000 14.86143795    03
Kuiper-610 37
1 00038U 00000ABC 00001.00000000  .00000000  00000-0  00000+0 0    04
2 00038  42.0000  10.0000 0000001   0.0000  15.0000 14.86143795    05
Kuiper-610 38
1 00039U 00000ABC 00001.00000000  .00000000  00000-0  00000+0 0    05
2 00039  42.0000  10.0000 0000001   0.0000  25.0000 14.86143795    07
Kuiper-610 39
1 00040U 00000ABC 00001.00000000  .00000000  00000-0  00000+0 0    07
2 00040  42.0000  10.0000 0000001   0.0000  35.0000 14.86143795    00
Kuiper-610 40
1 00041U 00000ABC 00001.00000000  .00000000  00000-0  00000+0 0    08
2 00041  42.0000  10.0000 0000001   0.0000  45.0000 14.86143795    02
Kuiper-610 41
1 00042U 00000ABC 00001.00000000  .00000000  00000-0  00000+0 0    09
2 00042  42.0000  10.0000 0000001   0.0000  55.0000 14.86143795    04
Kuiper-610 42
1 00043U 00000ABC 00001.00000000  .00000000  00000-0  00000+0 0    00
2 00043  42.0000  10.0000 0000001   0.0000  65.0000 14.86143795    06
Kuiper-610 43
1 00044U 00000ABC 00001.00000000  .00000000  00000-0  00000+0 0    01
2 00044  42.0000  10.0000 0000001   0.0000  75.0000 14.86143795    08
Kuiper-610 44
1 00045U 00000ABC 00001.00000000  .00000000  00000-0  00000+0 0    02
2 00045  42.0000  10.0000 0000001   0.0000  85.0000 14.86143795    00
Kuiper-610 45
1 00046U 00000ABC 00001.00000000  .00000000  00000-0  00000+0 0    03
2 00046  42.0000  10.0000 0000001   0.0000  95.0000 14.86143795    02
Kuiper-610 46
1 00047U 00000ABC 00001.00000000  .00000000  00000-0  00000+0 0    04
2 00047  42.0000  10.0000 0000001   0.0000 105.0000 14.86143795    05
Kuiper-610 47
1 00048U 00000ABC 00001.00000000  .00000000  00000-0  00000+0 0    05
2 00048  42.0000  10.0000 0000001   0.0000 115.0000 14.86143795    07
Kuiper-610 48
1 00049U 00000ABC 00001.00000000  .00000000  00000-0  00000+0 0    06
2 00049  42.0000  10.0000 0000001   0.0000 125.0000 14.86143795    09
Kuiper-610 49
1 00050U 00000ABC 00001.00000000  .00000000  00000-0  00000+0 0    08
2 00050  42.0000  10.0000 0000001   0.0000 135.0000 14.86143795    02
Kuiper-610 50
1 00051U 00000ABC 00001.00000000  .00000000  00000-0  00000+0 0    09
2 00051  42.0000  10.0000 0000001   0.0000 145.0000 14.86143795    04
Kuiper-610 51
1 00052U 00000ABC 00001.00000000  .00000000  00000-0  00000+0 0    00
2 00052  42.0000  10.0000 0000001   0.0000 155.0000 14.86143795    06
Kuiper-610 52
1 00053U 00000ABC 00001.00000000  .00000000  00000-0  00000+0 0    01
2 00053  42.0000  10.0000 0000001   0.0000 165.0000 14.86143795    08
Kuiper-610 53
1 00054U 00000ABC 00001.00000000  .00000000  00000-0  00000+0 0    02
2 00054  42.0000  10.0000 0000001   0.0000 175.0000 14.86143795    00
Kuiper-610 54
1 00055U 00000ABC 00001.00000000  .00000000  00000-0  00000+0 0    03
2 00055  42.0000  10.0000 0000001   0.0000 185.0000 14.86143795    02
Kuiper-610 55
1 00056U 00000ABC 00001.00000000  .00000000  00000-0  00000+0 0    04
2 00056  42.0000  10.0000 0000001   0.0000 195.0000 14.86143795    04
Kuiper-610 56
1 00057U 00000ABC 00001.00000000  .00000000  00000-0  00000+0 0    05
2 00057  42.0000  10.0000 0000001   0.0000 205.0000 14.86143795    07
Kuiper-610 57
1 00058U 00000ABC 00001.00000000  .00000000  00000-0  00000+0 0    06
2 00058  42.0000  10.0000 0000001   0.0000 215.0000 14.86143795    09
Kuiper-610 58
1 00059U 00000ABC 00001.00000000  .00000000  00000-0  00000+0 0    07
2 00059  42.0000  10.0000 0000001   0.0000 225.0000 14.86143795    01
Kuiper-610 59
1 00060U 00000ABC 00001.00000000  .00000000  00000-0  00000+0 0    09
2 00060  42.0000  10.0000 0000001   0.0000 235.0000 14.86143795    04
Kuiper-610 60
1 00061U 00000ABC 00001.00000000  .00000000  00000-0  00000+0 0    00
2 00061  42.0000  10.0000 0000001   0.0000 245.0000 14.86143795    06
Kuiper-610 61
1 00062U 00000ABC 00001.00000000  .00000000  00000-0  00000+0 0    01
2 00062  42.0000  10.0000 0000001   0.0000 255.0000 14.86143795    08
Kuiper-610 62
1 00063U 00000ABC 00001.00000000  .00000000  00000-0  00000+0 0    02
2 00063  42.0000  10.0000 0000001   0.0000 265.0000 14.86143795    00
Kuiper-610 63
1 00064U 00000ABC 00001.00000000  .00000000  00000-0  00000+0 0    03
2 00064  42.0000  10.0000 0000001   0.0000 275.0000 14.86143795    02
Kuiper-610 64
1 00065U 00000ABC 00001.00000000  .00000000  00000-0  00000+0 0    04
2 00065  42.0000  10.0000 0000001   0.0000 285.0000 14.86143795    04
Kuiper-610 65
1 00066U 00000ABC 00001.00000000  .00000000  00000-0  00000+0 0    05
2 00066  42.0000  10.0000 0000001   0.0000 295.0000 14.86143795    06
Kuiper-610 66
1 00067U 00000ABC 00001.00000000  .00000000  00000-0  00000+0 0    06
2 00067  42.0000  10.0000 0000001   0.0000 305.0000 14.86143795    09
Kuiper-610 67
1 00068U 00000ABC 00001.00000000  .00000000  00000-0  00000+0 0    07
2 00068  42.0000  10.0000 0000001   0.0000 315.0000 14.86143795    01
Kuiper-610 68
1 00069U 00000ABC 00001.00000000  .00000000  00000-0  00000+0 0    08
2 00069  42.0000  10.0000 0000001   0.0000 325.0000 14.86143795    03
Kuiper-610 69
1 00070U 00000ABC 00001.00000000  .00000000  00000-0  00000+0 0    00
2 00070  42.0000  10.0000 0000001   0.0000 335.0000 14.86143795    06
Kuiper-610 70
1 00071U 00000ABC 00001.00000000  .00000000  00000-0  00000+0 0    01
2 00071  42.0000  10.0000 0000001   0.0000 345.0000 14.86143795    08
Kuiper-610 71
1 00072U 00000ABC 00001.00000000  .00000000  00000-0  00000+0 0    02
2 00072  42.0000  10.0000 0000001   0.0000 355.0000 14.86143795    00
Kuiper-610 72
1 00073U 00000ABC 00001.00000000  .00000000  00000-0  00000+0 0    03
2 00073  42.0000  20.0000 0000001   0.0000   0.0000 14.86143795    09
Kuiper-610 73
1 00074U 00000ABC 00001.00000000  .00000000  00000-0  00000+0 0    04
2 00074  42.0000  20.0000 0000001   0.0000  10.0000 14.86143795    01
Kuiper-610 74
1 00075U 00000ABC 00001.00000000  .00000000  00000-0  00000+0 0    05
2 00075  42.0000  20.0000 0000001   0.0000  20.0000 14.86143795    03
Kuiper-610 75
1 00076U 00000ABC 00001.00000000  .00000000  00000-0  00000+0 0    06
2 00076  42.0000  20.0000 0000001   0.0000  30.0000 14.86143795    05
Kuiper-610 76
1 00077U 00000ABC 00001.00000000  .00000000  00000-0  00000+0 0    07
2 00077  42.0000  20.0000 0000001   0.0000  40.0000 14.86143795    07
Kuiper-610 77
1 00078U 00000ABC 00001.00000000  .00000000  00000-0  00000+0 0    08
2 00078  42.0000  20.0000 0000001   0.0000  50.0000 14.86143795    09
Kuiper-610 78
1 00079U 00000ABC 00001.00000000  .00000000  00000-0  00000+0 0    09
2 00079  42.0000  20.0000 0000001   0.0000  60.0000 14.86143795    01
Kuiper-610 79
1 00080U 00000ABC 00001.00000000  .00000000  00000-0  00000+0 0    01
2 00080  42.0000  20.0000 0000001   0.0000  70.0000 14.86143795    04
Kuiper-610 80
1 00081U 00000ABC 00001.00000000  .00000000  00000-0  00000+0 0    02
2 00081  42.0000  20.0000 0000001   0.0000  80.0000 14.86143795    06
Kuiper-610 81
1 00082U 00000ABC 00001.00000000  .00000000  00000-0  00000+0 0    03
2 00082  42.0000  20.0000 0000001   0.0000  90.0000 14.86143795    08
Kuiper-610 82
1 00083U 00000ABC 00001.00000000  .00000000  00000-0  00000+0 0    04
2 00083  42.0000  20.0000 0000001   0.0000 100.0000 14.86143795    01
Kuiper-610 83
1 00084U 00000ABC 00001.00000000  .00000000  00000-0  00000+0 0    05
2 00084  42.0000  20.0000 0000001   0.0000 110.0000 14.86143795    03
Kuiper-610 84
1 00085U 00000ABC 00001.00000000  .00000000  00000-0  00000+0 0    06
2 00085  42.0000  20.0000 0000001   0.0000 120.0000 14.86143795    05
Kuiper-610 85
1 00086U 00000ABC 00001.00000000  .00000000  00000-0  00000+0 0    07
2 00086  42.0000  20.0000 0000001   0.0000 130.0000 14.86143795    07
Kuiper-610 86
1 00087U 00000ABC 00001.00000000  .00000000  00000-0  00000+0 0    08
2 00087  42.0000  20.0000 0000001   0.0000 140.0000 14.86143795    09
Kuiper-610 87
1 00088U 00000ABC 00001.00000000  .00000000  00000-0  00000+0 0    09
2 00088  42.0000  20.0000 0000001   0.0000 150.0000 14.86143795    01
Kuiper-610 88
1 00089U 00000ABC 00001.00000000  .00000000  00000-0  00000+0 0    00
2 00089  42.0000  20.0000 0000001   0.0000 160.0000 14.86143795    03
Kuiper-610 89
1 00090U 00000ABC 00001.00000000  .00000000  00000-0  00000+0 0    02
2 00090  42.0000  20.0000 0000001   0.0000 170.0000 14.86143795    06
Kuiper-610 90
1 00091U 00000ABC 00001.00000000  .00000000  00000-0  00000+0 0    03
2 00091  42.0000  20.0000 0000001   0.0000 180.0000 14.86143795    08
Kuiper-610 91
1 00092U 00000ABC 00001.00000000  .00000000  00000-0  00000+0 0    04
2 00092  42.0000  20.0000 0000001   0.0000 190.0000 14.86143795    00
Kuiper-610 92
1 00093U 00000ABC 00001.00000000  .00000000  00000-0  00000+0 0    05
2 00093  42.0000  20.0000 0000001   0.0000 200.0000 14.86143795    03
Kuiper-610 93
1 00094U 00000ABC 00001.00000000  .00000000  00000-0  00000+0 0    06
2 00094  42.0000  20.0000 0000001   0.0000 210.0000 14.86143795    05
Kuiper-610 94
1 00095U 00000ABC 00001.00000000  .00000000  00000-0  00000+0 0    07
2 00095  42.0000  20.0000 0000001   0.0000 220.0000 14.86143795    07
Kuiper-610 95
1 00096U 00000ABC 00001.00000000  .00000000  00000-0  00000+0 0    08
2 00096  42.0000  20.0000 0000001   0.0000 230.0000 14.86143795    09
Kuiper-610 96
1 00097U 00000ABC 00001.00000000  .00000000  00000-0  00000+0 0    09
2 00097  42.0000  20.0000 0000001   0.0000 240.0000 14.86143795    01
Kuiper-610 97
1 00098U 00000ABC 00001.00000000  .00000000  00000-0  00000+0 0    00
2 00098  42.0000  20.0000 0000001   0.0000 250.0000 14.86143795    03
Kuiper-610 98
1 00099U 00000ABC 00001.00000000  .00000000  00000-0  00000+0 0    01
2 00099  42.0000  20.0000 0000001   0.0000 260.0000 14.86143795    05
Kuiper-610 99
1 00100U 00000ABC 00001.00000000  .00000000  00000-0  00000+0 0    04
2 00100  42.0000  20.0000 0000001   0.0000 270.0000 14.86143795    09
Kuiper-610 100
1 00101U 00000ABC 00001.00000000  .00000000  00000-0  00000+0 0    05
2 00101  42.0000  20.0000 0000001   0.0000 280.0000 14.86143795    01
Kuiper-610 101
1 00102U 00000ABC 00001.00000000  .00000000  00000-0  00000+0 0    06
2 00102  42.0000  20.0000 0000001   0.0000 290.0000 14.86143795    03
Kuiper-610 102
1 00103U 00000ABC 00001.00000000  .00000000  00000-0  00000+0 0    07
2 00103  42.0000  20.0000 0000001   0.0000 300.0000 14.86143795    06
Kuiper-610 103
1 00104U 00000ABC 00001.00000000  .00000000  00000-0  00000+0 0    08
2 00104  42.0000  20.0000 0000001   0.0000 310.0000 14.86143795    08
Kuiper-610 104
1 00105U 00000ABC 00001.00000000  .00000000  00000-0  00000+0 0    09
2 00105  42.0000  20.0000 0000001   0.0000 320.0000 14.86143795    00
Kuiper-610 105
1 00106U 00000ABC 00001.00000000  .00000000  00000-0  00000+0 0    00
2 00106  42.0000  20.0000 0000001   0.0000 330.0000 14.86143795    02
Kuiper-610 106
1 00107U 00000ABC 00001.00000000  .00000000  00000-0  00000+0 0    01
2 00107  42.0000  20.0000 0000001   0.0000 340.0000 14.86143795    04
Kuiper-610 107
1 00108U 00000ABC 00001.00000000  .00000000  00000-0  00000+0 0    02
2 00108  42.0000  20.0000 0000001   0.0000 350.0000 14.86143795    06
Kuiper-610 108
1 00109U 00000ABC 00001.00000000  .00000000  00000-0  00000+0 0    03
2 00109  42.0000  30.0000 0000001   0.0000   5.0000 14.86143795    05
Kuiper-610 109
1 00110U 00000ABC 00001.00000000  .00000000  00000-0  00000+0 0    05
2 00110  42.0000  30.0000 0000001   0.0000  15.0000 14.86143795    08
Kuiper-610 110
1 00111U 00000ABC 00001.00000000  .00000000  00000-0  00000+0 0    06
2 00111  42.0000  30.0000 0000001   0.0000  25.0000 14.86143795    00
Kuiper-610 111
1 00112U 00000ABC 00001.00000000  .00000000  00000-0  00000+0 0    07
2 00112  42.0000  30.0000 0000001   0.0000  35.0000 14.86143795    02
Kuiper-610 112
1 00113U 00000ABC 00001.00000000  .00000000  00000-0  00000+0 0    08
2 00113  42.0000  30.0000 0000001   0.0000  45.0000 14.86143795    04
Kuiper-610 113
1 00114U 00000ABC 00001.00000000  .00000000  00000-0  00000+0 0    09
2 00114  42.0000  30.0000 0000001   0.0000  55.0000 14.86143795    06
Kuiper-610 114
1 00115U 00000ABC 00001.00000000  .00000000  00000-0  00000+0 0    00
2 00115  42.0000  30.0000 0000001   0.0000  65.0000 14.86143795    08
Kuiper-610 115
1 00116U 00000ABC 00001.00000000  .00000000  00000-0  00000+0 0    01
2 00116  42.0000  30.0000 0000001   0.0000  75.0000 14.86143795    00
Kuiper-610 116
1 00117U 00000ABC 00001.00000000  .00000000  00000-0  00000+0 0    02
2 00117  42.0000  30.0000 0000001   0.0000  85.0000 14.86143795    02
Kuiper-610 117
1 00118U 00000ABC 00001.00000000  .00000000  00000-0  00000+0 0    03
2 00118  42.0000  30.0000 0000001   0.0000  95.0000 14.86143795    04
Kuiper-610 118
1 00119U 00000ABC 00001.00000000  .00000000  00000-0  00000+0 0    04
2 00119  42.0000  30.0000 0000001   0.0000 105.0000 14.86143795    07
Kuiper-610 119
1 00120U 00000ABC 00001.00000000  .00000000  00000-0  00000+0 0    06
2 00120  42.0000  30.0000 0000001   0.0000 115.0000 14.86143795    00
Kuiper-610 120
1 00121U 00000ABC 00001.00000000  .00000000  00000-0  00000+0 0    07
2 00121  42.0000  30.0000 0000001   0.0000 125.0000 14.86143795    02
Kuiper-610 121
1 00122U 00000ABC 00001.00000000  .00000000  00000-0  00000+0 0    08
2 00122  42.0000  30.0000 0000001   0.0000 135.0000 14.86143795    04
Kuiper-610 122
1 00123U 00000ABC 00001.00000000  .00000000  00000-0  00000+0 0    09
2 00123  42.0000  30.0000 0000001   0.0000 145.0000 14.86143795    06
Kuiper-610 123
1 00124U 00000ABC 00001.00000000  .00000000  00000-0  00000+0 0    00
2 00124  42.0000  30.0000 0000001   0.0000 155.0000 14.86143795    08
Kuiper-610 124
1 00125U 00000ABC 00001.00000000  .00000000  00000-0  00000+0 0    01
2 00125  42.0000  30.0000 0000001   0.0000 165.0000 14.86143795    00
Kuiper-610 125
1 00126U 00000ABC 00001.00000000  .00000000  00000-0  00000+0 0    02
2 00126  42.0000  30.0000 0000001   0.0000 175.0000 14.86143795    02
Kuiper-610 126
1 00127U 00000ABC 00001.00000000  .00000000  00000-0  00000+0 0    03
2 00127  42.0000  30.0000 0000001   0.0000 185.0000 14.86143795    04
Kuiper-610 127
1 00128U 00000ABC 00001.00000000  .00000000  00000-0  00000+0 0    04
2 00128  42.0000  30.0000 0000001   0.0000 195.0000 14.86143795    06
Kuiper-610 128
1 00129U 00000ABC 00001.00000000  .00000000  00000-0  00000+0 0    05
2 00129  42.0000  30.0000 0000001   0.0000 205.0000 14.86143795    09
Kuiper-610 129
1 00130U 00000ABC 00001.00000000  .00000000  00000-0  00000+0 0    07
2 00130  42.0000  30.0000 0000001   0.0000 215.0000 14.86143795    02
Kuiper-610 130
1 00131U 00000ABC 00001.00000000  .00000000  00000-0  00000+0 0    08
2 00131  42.0000  30.0000 0000001   0.0000 225.0000 14.86143795    04
Kuiper-610 131
1 00132U 00000ABC 00001.00000000  .00000000  00000-0  00000+0 0    09
2 00132  42.0000  30.0000 0000001   0.0000 235.0000 14.86143795    06
Kuiper-610 132
1 00133U 00000ABC 00001.00000000  .00000000  00000-0  00000+0 0    00
2 00133  42.0000  30.0000 0000001   0.0000 245.0000 14.86143795    08
Kuiper-610 133
1 00134U 00000ABC 00001.00000000  .00000000  00000-0  00000+0 0    01
2 00134  42.0000  30.0000 0000001   0.0000 255.0000 14.86143795    00
Kuiper-610 134
1 00135U 00000ABC 00001.00000000  .00000000  00000-0  00000+0 0    02
2 00135  42.0000  30.0000 0000001   0.0000 265.0000 14.86143795    02
Kuiper-610 135
1 00136U 00000ABC 00001.00000000  .00000000  00000-0  00000+0 0    03
2 00136  42.0000  30.0000 0000001   0.0000 275.0000 14.86143795    04
Kuiper-610 136
1 00137U 00000ABC 00001.00000000  .00000000  00000-0  00000+0 0    04
2 00137  42.0000  30.0000 0000001   0.0000 285.0000 14.86143795    06
Kuiper-610 137
1 00138U 00000ABC 00001.00000000  .00000000  00000-0  00000+0 0    05
2 00138  42.0000  30.0000 0000001   0.0000 295.0000 14.86143795    08
Kuiper-610 138
1 00139U 00000ABC 00001.00000000  .00000000  00000-0  00000+0 0    06
2 00139  42.0000  30.0000 0000001   0.0000 305.0000 14.86143795    01
Kuiper-610 139
1 00140U 00000ABC 00001.00000000  .00000000  00000-0  00000+0 0    08
2 00140  42.0000  30.0000 0000001   0.0000 315.0000 14.86143795    04
Kuiper-610 140
1 00141U 00000ABC 00001.00000000  .00000000  00000-0  00000+0 0    09
2 00141  42.0000  30.0000 0000001   0.0000 325.0000 14.86143795    06
Kuiper-610 141
1 00142U 00000ABC 00001.00000000  .00000000  00000-0  00000+0 0    00
2 00142  42.0000  30.0000 0000001   0.0000 335.0000 14.86143795    08
Kuiper-610 142
1 00143U 00000ABC 00001.00000000  .00000000  00000-0  00000+0 0    01
2 00143  42.0000  30.0000 0000001   0.0000 345.0000 14.86143795    00
Kuiper-610 143
1 00144U 00000ABC 00001.00000000  .00000000  00000-0  00000+0 0    02
2 00144  42.0000  30.0000 0000001   0.0000 355.0000 14.86143795    02
Kuiper-610 144
1 00145U 00000ABC 00001.00000000  .00000000  00000-0  00000+0 0    03
2 00145  42.0000  40.0000 0000001   0.0000   0.0000 14.86143795    01
Kuiper-610 145
1 00146U 00000ABC 00001.00000000  .00000000  00000-0  00000+0 0    04
2 00146  42.0000  40.0000 0000001   0.0000  10.0000 14.86143795    03
Kuiper-610 146
1 00147U 00000ABC 00001.00000000  .00000000  00000-0  00000+0 0    05
2 00147  42.0000  40.0000 0000001   0.0000  20.0000 14.86143795    05
Kuiper-610 147
1 00148U 00000ABC 00001.00000000  .00000000  00000-0  00000+0 0    06
2 00148  42.0000  40.0000 0000001   0.0000  30.0000 14.86143795    07
Kuiper-610 148
1 00149U 00000ABC 00001.00000000  .00000000  00000-0  00000+0 0    07
2 00149  42.0000  40.0000 0000001   0.0000  40.0000 14.86143795    09
Kuiper-610 149
1 00150U 00000ABC 00001.00000000  .00000000  00000-0  00000+0 0    09
2 00150  42.0000  40.0000 0000001   0.0000  50.0000 14.86143795    02
Kuiper-610 150
1 00151U 00000ABC 00001.00000000  .00000000  00000-0  00000+0 0    00
2 00151  42.0000  40.0000 0000001   0.0000  60.0000 14.86143795    04
Kuiper-610 151
1 00152U 00000ABC 00001.00000000  .00000000  00000-0  00000+0 0    01
2 00152  42.0000  40.0000 0000001   0.0000  70.0000 14.86143795    06
Kuiper-610 152
1 00153U 00000ABC 00001.00000000  .00000000  00000-0  00000+0 0    02
2 00153  42.0000  40.0000 0000001   0.0000  80.0000 14.86143795    08
Kuiper-610 153
1 00154U 00000ABC 00001.00000000  .00000000  00000-0  00000+0 0    03
2 00154  42.0000  40.0000 0000001   0.0000  90.0000 14.86143795    00
Kuiper-610 154
1 00155U 00000ABC 00001.00000000  .00000000  00000-0  00000+0 0    04
2 00155  42.0000  40.0000 0000001   0.0000 100.0000 14.86143795    03
Kuiper-610 155
1 00156U 00000ABC 00001.00000000  .00000000  00000-0  00000+0 0    05
2 00156  42.0000  40.0000 0000001   0.0000 110.0000 14.86143795    05
Kuiper-610 156
1 00157U 00000ABC 00001.00000000  .00000000  00000-0  00000+0 0    06
2 00157  42.0000  40.0000 0000001   0.0000 120.0000 14.86143795    07
Kuiper-610 157
1 00158U 00000ABC 00001.00000000  .00000000  00000-0  00000+0 0    07
2 00158  42.0000  40.0000 0000001   0.0000 130.0000 14.86143795    09
Kuiper-610 158
1 00159U 00000ABC 00001.00000000  .00000000  00000-0  00000+0 0    08
2 00159  42.0000  40.0000 0000001   0.0000 140.0000 14.86143795    01
Kuiper-610 159
1 00160U 00000ABC 00001.00000000  .00000000  00000-0  00000+0 0    00
2 00160  42.0000  40.0000 0000001   0.0000 150.0000 14.86143795    04
Kuiper-610 160
1 00161U 00000ABC 00001.00000000  .00000000  00000-0  00000+0 0    01
2 00161  42.0000  40.0000 0000001   0.0000 160.0000 14.86143795    06
Kuiper-610 161
1 00162U 00000ABC 00001.00000000  .00000000  00000-0  00000+0 0    02
2 00162  42.0000  40.0000 0000001   0.0000 170.0000 14.86143795    08
Kuiper-610 162
1 00163U 00000ABC 00001.00000000  .00000000  00000-0  00000+0 0    03
2 00163  42.0000  40.0000 0000001   0.0000 180.0000 14.86143795    00
Kuiper-610 163
1 00164U 00000ABC 00001.00000000  .00000000  00000-0  00000+0 0    04
2 00164  42.0000  40.0000 0000001   0.0000 190.0000 14.86143795    02
Kuiper-610 164
1 00165U 00000ABC 00001.00000000  .00000000  00000-0  00000+0 0    05
2 00165  42.0000  40.0000 0000001   0.0000 200.0000 14.86143795    05
Kuiper-610 165
1 00166U 00000ABC 00001.00000000  .00000000  00000-0  00000+0 0    06
2 00166  42.0000  40.0000 0000001   0.0000 210.0000 14.86143795    07
Kuiper-610 166
1 00167U 00000ABC 00001.00000000  .00000000  00000-0  00000+0 0    07
2 00167  42.0000  40.0000 0000001   0.0000 220.0000 14.86143795    09
Kuiper-610 167
1 00168U 00000ABC 00001.00000000  .00000000  00000-0  00000+0 0    08
2 00168  42.0000  40.0000 0000001   0.0000 230.0000 14.86143795    01
Kuiper-610 168
1 00169U 00000ABC 00001.00000000  .00000000  00000-0  00000+0 0    09
2 00169  42.0000  40.0000 0000001   0.0000 240.0000 14.86143795    03
Kuiper-610 169
1 00170U 00000ABC 00001.00000000  .00000000  00000-0  00000+0 0    01
2 00170  42.0000  40.0000 0000001   0.0000 250.0000 14.86143795    06
Kuiper-610 170
1 00171U 00000ABC 00001.00000000  .00000000  00000-0  00000+0 0    02
2 00171  42.0000  40.0000 0000001   0.0000 260.0000 14.86143795    08
Kuiper-610 171
1 00172U 00000ABC 00001.00000000  .00000000  00000-0  00000+0 0    03
2 00172  42.0000  40.0000 0000001   0.0000 270.0000 14.86143795    00
Kuiper-610 172
1 00173U 00000ABC 00001.00000000  .00000000  00000-0  00000+0 0    04
2 00173  42.0000  40.0000 0000001   0.0000 280.0000 14.86143795    02
Kuiper-610 173
1 00174U 00000ABC 00001.00000000  .00000000  00000-0  00000+0 0    05
2 00174  42.0000  40.0000 0000001   0.0000 290.0000 14.86143795    04
Kuiper-610 174
1 00175U 00000ABC 00001.00000000  .00000000  00000-0  00000+0 0    06
2 00175  42.0000  40.0000 0000001   0.0000 300.0000 14.86143795    07
Kuiper-610 175
1 00176U 00000ABC 00001.00000000  .00000000  00000-0  00000+0 0    07
2 00176  42.0000  40.0000 0000001   0.0000 310.0000 14.86143795    09
Kuiper-610 176
1 00177U 00000ABC 00001.00000000  .00000000  00000-0  00000+0 0    08
2 00177  42.0000  40.0000 0000001   0.0000 320.0000 14.86143795    01
Kuiper-610 177
1 00178U 00000ABC 00001.00000000  .00000000  00000-0  00000+0 0    09
2 00178  42.0000  40.0000 0000001   0.0000 330.0000 14.86143795    03
Kuiper-610 178
1 00179U 00000ABC 00001.00000000  .00000000  00000-0  00000+0 0    00
2 00179  42.0000  40.0000 0000001   0.0000 340.0000 14.86143795    05
Kuiper-610 179
1 00180U 00000ABC 00001.00000000  .00000000  00000-0  00000+0 0    02
2 00180  42.0000  40.0000 0000001   0.0000 350.0000 14.86143795    08
Kuiper-610 180
1 00181U 00000ABC 00001.00000000  .00000000  00000-0  00000+0 0    03
2 00181  42.0000  50.0000 0000001   0.0000   5.0000 14.86143795    07
Kuiper-610 181
1 00182U 00000ABC 00001.00000000  .00000000  00000-0  00000+0 0    04
2 00182  42.0000  50.0000 0000001   0.0000  15.0000 14.86143795    09
Kuiper-610 182
1 00183U 00000ABC 00001.00000000  .00000000  00000-0  00000+0 0    05
2 00183  42.0000  50.0000 0000001   0.0000  25.0000 14.86143795    01
Kuiper-610 183
1 00184U 00000ABC 00001.00000000  .00000000  00000-0  00000+0 0    06
2 00184  42.0000  50.0000 0000001   0.0000  35.0000 14.86143795    03
Kuiper-610 184
1 00185U 00000ABC 00001.00000000  .00000000  00000-0  00000+0 0    07
2 00185  42.0000  50.0000 0000001   0.0000  45.0000 14.86143795    05
Kuiper-610 185
1 00186U 00000ABC 00001.00000000  .00000000  00000-0  00000+0 0    08
2 00186  42.0000  50.0000 0000001   0.0000  55.0000 14.86143795    07
Kuiper-610 186
1 00187U 00000ABC 00001.00000000  .00000000  00000-0  00000+0 0    09
2 00187  42.0000  50.0000 0000001   0.0000  65.0000 14.86143795    09
Kuiper-610 187
1 00188U 00000ABC 00001.00000000  .00000000  00000-0  00000+0 0    00
2 00188  42.0000  50.0000 0000001   0.0000  75.0000 14.86143795    01
Kuiper-610 188
1 00189U 00000ABC 00001.00000000  .00000000  00000-0  00000+0 0    01
2 00189  42.0000  50.0000 0000001   0.0000  85.0000 14.86143795    03
Kuiper-610 189
1 00190U 00000ABC 00001.00000000  .00000000  00000-0  00000+0 0    03
2 00190  42.0000  50.0000 0000001   0.0000  95.0000 14.86143795    06
Kuiper-610 190
1 00191U 00000ABC 00001.00000000  .00000000  00000-0  00000+0 0    04
2 00191  42.0000  50.0000 0000001   0.0000 105.0000 14.86143795    09
Kuiper-610 191
1 00192U 00000ABC 00001.00000000  .00000000  00000-0  00000+0 0    05
2 00192  42.0000  50.0000 0000001   0.0000 115.0000 14.86143795    01
Kuiper-610 192
1 00193U 00000ABC 00001.00000000  .00000000  00000-0  00000+0 0    06
2 00193  42.0000  50.0000 0000001   0.0000 125.0000 14.86143795    03
Kuiper-610 193
1 00194U 00000ABC 00001.00000000  .00000000  00000-0  00000+0 0    07
2 00194  42.0000  50.0000 0000001   0.0000 135.0000 14.86143795    05
Kuiper-610 194
1 00195U 00000ABC 00001.00000000  .00000000  00000-0  00000+0 0    08
2 00195  42.0000  50.0000 0000001   0.0000 145.0000 14.86143795    07
Kuiper-610 195
1 00196U 00000ABC 00001.00000000  .00000000  00000-0  00000+0 0    09
2 00196  42.0000  50.0000 0000001   0.0000 155.0000 14.86143795    09
Kuiper-610 196
1 00197U 00000ABC 00001.00000000  .00000000  00000-0  00000+0 0    00
2 00197  42.0000  50.0000 0000001   0.0000 165.0000 14.86143795    01
Kuiper-610 197
1 00198U 00000ABC 00001.00000000  .00000000  00000-0  00000+0 0    01
2 00198  42.0000  50.0000 0000001   0.0000 175.0000 14.86143795    03
Kuiper-610 198
1 00199U 00000ABC 00001.00000000  .00000000  00000-0  00000+0 0    02
2 00199  42.0000  50.0000 0000001   0.0000 185.0000 14.86143795    05
Kuiper-610 199
1 00200U 00000ABC 00001.00000000  .00000000  00000-0  00000+0 0    05
2 00200  42.0000  50.0000 0000001   0.0000 195.0000 14.86143795    09
Kuiper-610 200
1 00201U 00000ABC 00001.00000000  .00000000  00000-0  00000+0 0    06
2 00201  42.0000  50.0000 0000001   0.0000 205.0000 14.86143795    02
Kuiper-610 201
1 00202U 00000ABC 00001.00000000  .00000000  00000-0  00000+0 0    07
2 00202  42.0000  50.0000 0000001   0.0000 215.0000 14.86143795    04
Kuiper-610 202
1 00203U 00000ABC 00001.00000000  .00000000  00000-0  00000+0 0    08
2 00203  42.0000  50.0000 0000001   0.0000 225.0000 14.86143795    06
Kuiper-610 203
1 00204U 00000ABC 00001.00000000  .00000000  00000-0  00000+0 0    09
2 00204  42.0000  50.0000 0000001   0.0000 235.0000 14.86143795    08
Kuiper-610 204
1 00205U 00000ABC 00001.00000000  .00000000  00000-0  00000+0 0    00
2 00205  42.0000  50.0000 0000001   0.0000 245.0000 14.86143795    00
Kuiper-610 205
1 00206U 00000ABC 00001.00000000  .00000000  00000-0  00000+0 0    01
2 00206  42.0000  50.0000 0000001   0.0000 255.0000 14.86143795    02
Kuiper-610 206
1 00207U 00000ABC 00001.00000000  .00000000  00000-0  00000+0 0    02
2 00207  42.0000  50.0000 0000001   0.0000 265.0000 14.86143795    04
Kuiper-610 207
1 00208U 00000ABC 00001.00000000  .00000000  00000-0  00000+0 0    03
2 00208  42.0000  50.0000 0000001   0.0000 275.0000 14.86143795    06
Kuiper-610 208
1 00209U 00000ABC 00001.00000000  .00000000  00000-0  00000+0 0    04
2 00209  42.0000  50.0000 0000001   0.0000 285.0000 14.86143795    08
Kuiper-610 209
1 00210U 00000ABC 00001.00000000  .00000000  00000-0  00000+0 0    06
2 00210  42.0000  50.0000 0000001   0.0000 295.0000 14.86143795    01
Kuiper-610 210
1 00211U 00000ABC 00001.00000000  .00000000  00000-0  00000+0 0    07
2 00211  42.0000  50.0000 0000001   0.0000 305.0000 14.86143795    04
Kuiper-610 211
1 00212U 00000ABC 00001.00000000  .00000000  00000-0  00000+0 0    08
2 00212  42.0000  50.0000 0000001   0.0000 315.0000 14.86143795    06
Kuiper-610 212
1 00213U 00000ABC 00001.00000000  .00000000  00000-0  00000+0 0    09
2 00213  42.0000  50.0000 0000001   0.0000 325.0000 14.86143795    08
Kuiper-610 213
1 00214U 00000ABC 00001.00000000  .00000000  00000-0  00000+0 0    00
2 00214  42.0000  50.0000 0000001   0.0000 335.0000 14.86143795    00
Kuiper-610 214
1 00215U 00000ABC 00001.00000000  .00000000  00000-0  00000+0 0    01
2 00215  42.0000  50.0000 0000001   0.0000 345.0000 14.86143795    02
Kuiper-610 215
1 00216U 00000ABC 00001.00000000  .00000000  00000-0  00000+0 0    02
2 00216  42.0000  50.0000 0000001   0.0000 355.0000 14.86143795    04
Kuiper-610 216
1 00217U 00000ABC 00001.00000000  .00000000  00000-0  00000+0 0    03
2 00217  42.0000  60.0000 0000001   0.0000   0.0000 14.86143795    03
Kuiper-610 217
1 00218U 00000ABC 00001.00000000  .00000000  00000-0  00000+0 0    04
2 00218  42.0000  60.0000 0000001   0.0000  10.0000 14.86143795    05
Kuiper-610 218
1 00219U 00000ABC 00001.00000000  .00000000  00000-0  00000+0 0    05
2 00219  42.0000  60.0000 0000001   0.0000  20.0000 14.86143795    07
Kuiper-610 219
1 00220U 00000ABC 00001.00000000  .00000000  00000-0  00000+0 0    07
2 00220  42.0000  60.0000 0000001   0.0000  30.0000 14.86143795    00
Kuiper-610 220
1 00221U 00000ABC 00001.00000000  .00000000  00000-0  00000+0 0    08
2 00221  42.0000  60.0000 0000001   0.0000  40.0000 14.86143795    02
Kuiper-610 221
1 00222U 00000ABC 00001.00000000  .00000000  00000-0  00000+0 0    09
2 00222  42.0000  60.0000 0000001   0.0000  50.0000 14.86143795    04
Kuiper-610 222
1 00223U 00000ABC 00001.00000000  .00000000  00000-0  00000+0 0    00
2 00223  42.0000  60.0000 0000001   0.0000  60.0000 14.86143795    06
Kuiper-610 223
1 00224U 00000ABC 00001.00000000  .00000000  00000-0  00000+0 0    01
2 00224  42.0000  60.0000 0000001   0.0000  70.0000 14.86143795    08
Kuiper-610 224
1 00225U 00000ABC 00001.00000000  .00000000  00000-0  00000+0 0    02
2 00225  42.0000  60.0000 0000001   0.0000  80.0000 14.86143795    00
Kuiper-610 225
1 00226U 00000ABC 00001.00000000  .00000000  00000-0  00000+0 0    03
2 00226  42.0000  60.0000 0000001   0.0000  90.0000 14.86143795    02
Kuiper-610 226
1 00227U 00000ABC 00001.00000000  .00000000  00000-0  00000+0 0    04
2 00227  42.0000  60.0000 0000001   0.0000 100.0000 14.86143795    05
Kuiper-610 227
1 00228U 00000ABC 00001.00000000  .00000000  00000-0  00000+0 0    05
2 00228  42.0000  60.0000 0000001   0.0000 110.0000 14.86143795    07
Kuiper-610 228
1 00229U 00000ABC 00001.00000000  .00000000  00000-0  00000+0 0    06
2 00229  42.0000  60.0000 0000001   0.0000 120.0000 14.86143795    09
Kuiper-610 229
1 00230U 00000ABC 00001.00000000  .00000000  00000-0  00000+0 0    08
2 00230  42.0000  60.0000 0000001   0.0000 130.0000 14.86143795    02
Kuiper-610 230
1 00231U 00000ABC 00001.00000000  .00000000  00000-0  00000+0 0    09
2 00231  42.0000  60.0000 0000001   0.0000 140.0000 14.86143795    04
Kuiper-610 231
1 00232U 00000ABC 00001.00000000  .00000000  00000-0  00000+0 0    00
2 00232  42.0000  60.0000 0000001   0.0000 150.0000 14.86143795    06
Kuiper-610 232
1 00233U 00000ABC 00001.00000000  .00000000  00000-0  00000+0 0    01
2 00233  42.0000  60.0000 0000001   0.0000 160.0000 14.86143795    08
Kuiper-610 233
1 00234U 00000ABC 00001.00000000  .00000000  00000-0  00000+0 0    02
2 00234  42.0000  60.0000 0000001   0.0000 170.0000 14.86143795    00
Kuiper-610 234
1 00235U 00000ABC 00001.00000000  .00000000  00000-0  00000+0 0    03
2 00235  42.0000  60.0000 0000001   0.0000 180.0000 14.86143795    02
Kuiper-610 235
1 00236U 00000ABC 00001.00000000  .00000000  00000-0  00000+0 0    04
2 00236  42.0000  60.0000 0000001   0.0000 190.0000 14.86143795    04
Kuiper-610 236
1 00237U 00000ABC 00001.00000000  .00000000  00000-0  00000+0 0    05
2 00237  42.0000  60.0000 0000001   0.0000 200.0000 14.86143795    07
Kuiper-610 237
1 00238U 00000ABC 00001.00000000  .00000000  00000-0  00000+0 0    06
2 00238  42.0000  60.0000 0000001   0.0000 210.0000 14.86143795    09
Kuiper-610 238
1 00239U 00000ABC 00001.00000000  .00000000  00000-0  00000+0 0    07
2 00239  42.0000  60.0000 0000001   0.0000 220.0000 14.86143795    01
Kuiper-610 239
1 00240U 00000ABC 00001.00000000  .00000000  00000-0  00000+0 0    09
2 00240  42.0000  60.0000 0000001   0.0000 230.0000 14.86143795    04
Kuiper-610 240
1 00241U 00000ABC 00001.00000000  .00000000  00000-0  00000+0 0    00
2 00241  42.0000  60.0000 0000001   0.0000 240.0000 14.86143795    06
Kuiper-610 241
1 00242U 00000ABC 00001.00000000  .00000000  00000-0  00000+0 0    01
2 00242  42.0000  60.0000 0000001   0.0000 250.0000 14.86143795    08
Kuiper-610 242
1 00243U 00000ABC 00001.00000000  .00000000  00000-0  00000+0 0    02
2 00243  42.0000  60.0000 0000001   0.0000 260.0000 14.86143795    00
Kuiper-610 243
1 00244U 00000ABC 00001.00000000  .00000000  00000-0  00000+0 0    03
2 00244  42.0000  60.0000 0000001   0.0000 270.0000 14.86143795    02
Kuiper-610 244
1 00245U 00000ABC 00001.00000000  .00000000  00000-0  00000+0 0    04
2 00245  42.0000  60.0000 0000001   0.0000 280.0000 14.86143795    04
Kuiper-610 245
1 00246U 00000ABC 00001.00000000  .00000000  00000-0  00000+0 0    05
2 00246  42.0000  60.0000 0000001   0.0000 290.0000 14.86143795    06
Kuiper-610 246
1 00247U 00000ABC 00001.00000000  .00000000  00000-0  00000+0 0    06
2 00247  42.0000  60.0000 0000001   0.0000 300.0000 14.86143795    09
Kuiper-610 247
1 00248U 00000ABC 00001.00000000  .00000000  00000-0  00000+0 0    07
2 00248  42.0000  60.0000 0000001   0.0000 310.0000 14.86143795    01
Kuiper-610 248
1 00249U 00000ABC 00001.00000000  .00000000  00000-0  00000+0 0    08
2 00249  42.0000  60.0000 0000001   0.0000 320.0000 14.86143795    03
Kuiper-610 249
1 00250U 00000ABC 00001.00000000  .00000000  00000-0  00000+0 0    00
2 00250  42.0000  60.0000 0000001   0.0000 330.0000 14.86143795    06
Kuiper-610 250
1 00251U 00000ABC 00001.00000000  .00000000  00000-0  00000+0 0    01
2 00251  42.0000  60.0000 0000001   0.0000 340.0000 14.86143795    08
Kuiper-610 251
1 00252U 00000ABC 00001.00000000  .00000000  00000-0  00000+0 0    02
2 00252  42.0000  60.0000 0000001   0.0000 350.0000 14.86143795    00
Kuiper-610 252
1 00253U 00000ABC 00001.00000000  .00000000  00000-0  00000+0 0    03
2 00253  42.0000  70.0000 0000001   0.0000   5.0000 14.86143795    09
Kuiper-610 253
1 00254U 00000ABC 00001.00000000  .00000000  00000-0  00000+0 0    04
2 00254  42.0000  70.0000 0000001   0.0000  15.0000 14.86143795    01
Kuiper-610 254
1 00255U 00000ABC 00001.00000000  .00000000  00000-0  00000+0 0    05
2 00255  42.0000  70.0000 0000001   0.0000  25.0000 14.86143795    03
Kuiper-610 255
1 00256U 00000ABC 00001.00000000  .00000000  00000-0  00000+0 0    06
2 00256  42.0000  70.0000 0000001   0.0000  35.0000 14.86143795    05
Kuiper-610 256
1 00257U 00000ABC 00001.00000000  .00000000  00000-0  00000+0 0    07
2 00257  42.0000  70.0000 0000001   0.0000  45.0000 14.86143795    07
Kuiper-610 257
1 00258U 00000ABC 00001.00000000  .00000000  00000-0  00000+0 0    08
2 00258  42.0000  70.0000 0000001   0.0000  55.0000 14.86143795    09
Kuiper-610 258
1 00259U 00000ABC 00001.00000000  .00000000  00000-0  00000+0 0    09
2 00259  42.0000  70.0000 0000001   0.0000  65.0000 14.86143795    01
Kuiper-610 259
1 00260U 00000ABC 00001.00000000  .00000000  00000-0  00000+0 0    01
2 00260  42.0000  70.0000 0000001   0.0000  75.0000 14.86143795    04
Kuiper-610 260
1 00261U 00000ABC 00001.00000000  .00000000  00000-0  00000+0 0    02
2 00261  42.0000  70.0000 0000001   0.0000  85.0000 14.86143795    06
Kuiper-610 261
1 00262U 00000ABC 00001.00000000  .00000000  00000-0  00000+0 0    03
2 00262  42.0000  70.0000 0000001   0.0000  95.0000 14.86143795    08
Kuiper-610 262
1 00263U 00000ABC 00001.00000000  .00000000  00000-0  00000+0 0    04
2 00263  42.0000  70.0000 0000001   0.0000 105.0000 14.86143795    01
Kuiper-610 263
1 00264U 00000ABC 00001.00000000  .00000000  00000-0  00000+0 0    05
2 00264  42.0000  70.0000 0000001   0.0000 115.0000 14.86143795    03
Kuiper-610 264
1 00265U 00000ABC 00001.00000000  .00000000  00000-0  00000+0 0    06
2 00265  42.0000  70.0000 0000001   0.0000 125.0000 14.86143795    05
Kuiper-610 265
1 00266U 00000ABC 00001.00000000  .00000000  00000-0  00000+0 0    07
2 00266  42.0000  70.0000 0000001   0.0000 135.0000 14.86143795    07
Kuiper-610 266
1 00267U 00000ABC 00001.00000000  .00000000  00000-0  00000+0 0    08
2 00267  42.0000  70.0000 0000001   0.0000 145.0000 14.86143795    09
Kuiper-610 267
1 00268U 00000ABC 00001.00000000  .00000000  00000-0  00000+0 0    09
2 00268  42.0000  70.0000 0000001   0.0000 155.0000 14.86143795    01
Kuiper-610 268
1 00269U 00000ABC 00001.00000000  .00000000  00000-0  00000+0 0    00
2 00269  42.0000  70.0000 0000001   0.0000 165.0000 14.86143795    03
Kuiper-610 269
1 00270U 00000ABC 00001.00000000  .00000000  00000-0  00000+0 0    02
2 00270  42.0000  70.0000 0000001   0.0000 175.0000 14.86143795    06
Kuiper-610 270
1 00271U 00000ABC 00001.00000000  .00000000  00000-0  00000+0 0    03
2 00271  42.0000  70.0000 0000001   0.0000 185.0000 14.86143795    08
Kuiper-610 271
1 00272U 00000ABC 00001.00000000  .00000000  00000-0  00000+0 0    04
2 00272  42.0000  70.0000 0000001   0.0000 195.0000 14.86143795    00
Kuiper-610 272
1 00273U 00000ABC 00001.00000000  .00000000  00000-0  00000+0 0    05
2 00273  42.0000  70.0000 0000001   0.0000 205.0000 14.86143795    03
Kuiper-610 273
1 00274U 00000ABC 00001.00000000  .00000000  00000-0  00000+0 0    06
2 00274  42.0000  70.0000 0000001   0.0000 215.0000 14.86143795    05
Kuiper-610 274
1 00275U 00000ABC 00001.00000000  .00000000  00000-0  00000+0 0    07
2 00275  42.0000  70.0000 0000001   0.0000 225.0000 14.86143795    07
Kuiper-610 275
1 00276U 00000ABC 00001.00000000  .00000000  00000-0  00000+0 0    08
2 00276  42.0000  70.0000 0000001   0.0000 235.0000 14.86143795    09
Kuiper-610 276
1 00277U 00000ABC 00001.00000000  .00000000  00000-0  00000+0 0    09
2 00277  42.0000  70.0000 0000001   0.0000 245.0000 14.86143795    01
Kuiper-610 277
1 00278U 00000ABC 00001.00000000  .00000000  00000-0  00000+0 0    00
2 00278  42.0000  70.0000 0000001   0.0000 255.0000 14.86143795    03
Kuiper-610 278
1 00279U 00000ABC 00001.00000000  .00000000  00000-0  00000+0 0    01
2 00279  42.0000  70.0000 0000001   0.0000 265.0000 14.86143795    05
Kuiper-610 279
1 00280U 00000ABC 00001.00000000  .00000000  00000-0  00000+0 0    03
2 00280  42.0000  70.0000 0000001   0.0000 275.0000 14.86143795    08
Kuiper-610 280
1 00281U 00000ABC 00001.00000000  .00000000  00000-0  00000+0 0    04
2 00281  42.0000  70.0000 0000001   0.0000 285.0000 14.86143795    00
Kuiper-610 281
1 00282U 00000ABC 00001.00000000  .00000000  00000-0  00000+0 0    05
2 00282  42.0000  70.0000 0000001   0.0000 295.0000 14.86143795    02
Kuiper-610 282
1 00283U 00000ABC 00001.00000000  .00000000  00000-0  00000+0 0    06
2 00283  42.0000  70.0000 0000001   0.0000 305.0000 14.86143795    05
Kuiper-610 283
1 00284U 00000ABC 00001.00000000  .00000000  00000-0  00000+0 0    07
2 00284  42.0000  70.0000 0000001   0.0000 315.0000 14.86143795    07
Kuiper-610 284
1 00285U 00000ABC 00001.00000000  .00000000  00000-0  00000+0 0    08
2 00285  42.0000  70.0000 0000001   0.0000 325.0000 14.86143795    09
Kuiper-610 285
1 00286U 00000ABC 00001.00000000  .00000000  00000-0  00000+0 0    09
2 00286  42.0000  70.0000 0000001   0.0000 335.0000 14.86143795    01
Kuiper-610 286
1 00287U 00000ABC 00001.00000000  .00000000  00000-0  00000+0 0    00
2 00287  42.0000  70.0000 0000001   0.0000 345.0000 14.86143795    03
Kuiper-610 287
1 00288U 00000ABC 00001.00000000  .00000000  00000-0  00000+0 0    01
2 00288  42.0000  70.0000 0000001   0.0000 355.0000 14.86143795    05
Kuiper-610 288
1 00289U 00000ABC 00001.00000000  .00000000  00000-0  00000+0 0    02
2 00289  42.0000  80.0000 0000001   0.0000   0.0000 14.86143795    04
Kuiper-610 289
1 00290U 00000ABC 00001.00000000  .00000000  00000-0  00000+0 0    04
2 00290  42.0000  80.0000 0000001   0.0000  10.0000 14.86143795    07
Kuiper-610 290
1 00291U 00000ABC 00001.00000000  .00000000  00000-0  00000+0 0    05
2 00291  42.0000  80.0000 0000001   0.0000  20.0000 14.86143795    09
Kuiper-610 291
1 00292U 00000ABC 00001.00000000  .00000000  00000-0  00000+0 0    06
2 00292  42.0000  80.0000 0000001   0.0000  30.0000 14.86143795    01
Kuiper-610 292
1 00293U 00000ABC 00001.00000000  .00000000  00000-0  00000+0 0    07
2 00293  42.0000  80.0000 0000001   0.0000  40.0000 14.86143795    03
Kuiper-610 293
1 00294U 00000ABC 00001.00000000  .00000000  00000-0  00000+0 0    08
2 00294  42.0000  80.0000 0000001   0.0000  50.0000 14.86143795    05
Kuiper-610 294
1 00295U 00000ABC 00001.00000000  .00000000  00000-0  00000+0 0    09
2 00295  42.0000  80.0000 0000001   0.0000  60.0000 14.86143795    07
Kuiper-610 295
1 00296U 00000ABC 00001.00000000  .00000000  00000-0  00000+0 0    00
2 00296  42.0000  80.0000 0000001   0.0000  70.0000 14.86143795    09
Kuiper-610 296
1 00297U 00000ABC 00001.00000000  .00000000  00000-0  00000+0 0    01
2 00297  42.0000  80.0000 0000001   0.0000  80.0000 14.86143795    01
Kuiper-610 297
1 00298U 00000ABC 00001.00000000  .00000000  00000-0  00000+0 0    02
2 00298  42.0000  80.0000 0000001   0.0000  90.0000 14.86143795    03
Kuiper-610 298
1 00299U 00000ABC 00001.00000000  .00000000  00000-0  00000+0 0    03
2 00299  42.0000  80.0000 0000001   0.0000 100.0000 14.86143795    06
Kuiper-610 299
1 00300U 00000ABC 00001.00000000  .00000000  00000-0  00000+0 0    06
2 00300  42.0000  80.0000 0000001   0.0000 110.0000 14.86143795    00
Kuiper-610 300
1 00301U 00000ABC 00001.00000000  .00000000  00000-0  00000+0 0    07
2 00301  42.0000  80.0000 0000001   0.0000 120.0000 14.86143795    02
Kuiper-610 301
1 00302U 00000ABC 00001.00000000  .00000000  00000-0  00000+0 0    08
2 00302  42.0000  80.0000 0000001   0.0000 130.0000 14.86143795    04
Kuiper-610 302
1 00303U 00000ABC 00001.00000000  .00000000  00000-0  00000+0 0    09
2 00303  42.0000  80.0000 0000001   0.0000 140.0000 14.86143795    06
Kuiper-610 303
1 00304U 00000ABC 00001.00000000  .00000000  00000-0  00000+0 0    00
2 00304  42.0000  80.0000 0000001   0.0000 150.0000 14.86143795    08
Kuiper-610 304
1 00305U 00000ABC 00001.00000000  .00000000  00000-0  00000+0 0    01
2 00305  42.0000  80.0000 0000001   0.0000 160.0000 14.86143795    00
Kuiper-610 305
1 00306U 00000ABC 00001.00000000  .00000000  00000-0  00000+0 0    02
2 00306  42.0000  80.0000 0000001   0.0000 170.0000 14.86143795    02
Kuiper-610 306
1 00307U 00000ABC 00001.00000000  .00000000  00000-0  00000+0 0    03
2 00307  42.0000  80.0000 0000001   0.0000 180.0000 14.86143795    04
Kuiper-610 307
1 00308U 00000ABC 00001.00000000  .00000000  00000-0  00000+0 0    04
2 00308  42.0000  80.0000 0000001   0.0000 190.0000 14.86143795    06
Kuiper-610 308
1 00309U 00000ABC 00001.00000000  .00000000  00000-0  00000+0 0    05
2 00309  42.0000  80.0000 0000001   0.0000 200.0000 14.86143795    09
Kuiper-610 309
1 00310U 00000ABC 00001.00000000  .00000000  00000-0  00000+0 0    07
2 00310  42.0000  80.0000 0000001   0.0000 210.0000 14.86143795    02
Kuiper-610 310
1 00311U 00000ABC 00001.00000000  .00000000  00000-0  00000+0 0    08
2 00311  42.0000  80.0000 0000001   0.0000 220.0000 14.86143795    04
Kuiper-610 311
1 00312U 00000ABC 00001.00000000  .00000000  00000-0  00000+0 0    09
2 00312  42.0000  80.0000 0000001   0.0000 230.0000 14.86143795    06
Kuiper-610 312
1 00313U 00000ABC 00001.00000000  .00000000  00000-0  00000+0 0    00
2 00313  42.0000  80.0000 0000001   0.0000 240.0000 14.86143795    08
Kuiper-610 313
1 00314U 00000ABC 00001.00000000  .00000000  00000-0  00000+0 0    01
2 00314  42.0000  80.0000 0000001   0.0000 250.0000 14.86143795    00
Kuiper-610 314
1 00315U 00000ABC 00001.00000000  .00000000  00000-0  00000+0 0    02
2 00315  42.0000  80.0000 0000001   0.0000 260.0000 14.86143795    02
Kuiper-610 315
1 00316U 00000ABC 00001.00000000  .00000000  00000-0  00000+0 0    03
2 00316  42.0000  80.0000 0000001   0.0000 270.0000 14.86143795    04
Kuiper-610 316
1 00317U 00000ABC 00001.00000000  .00000000  00000-0  00000+0 0    04
2 00317  42.0000  80.0000 0000001   0.0000 280.0000 14.86143795    06
Kuiper-610 317
1 00318U 00000ABC 00001.00000000  .00000000  00000-0  00000+0 0    05
2 00318  42.0000  80.0000 0000001   0.0000 290.0000 14.86143795    08
Kuiper-610 318
1 00319U 00000ABC 00001.00000000  .00000000  00000-0  00000+0 0    06
2 00319  42.0000  80.0000 0000001   0.0000 300.0000 14.86143795    01
Kuiper-610 319
1 00320U 00000ABC 00001.00000000  .00000000  00000-0  00000+0 0    08
2 00320  42.0000  80.0000 0000001   0.0000 310.0000 14.86143795    04
Kuiper-610 320
1 00321U 00000ABC 00001.00000000  .00000000  00000-0  00000+0 0    09
2 00321  42.0000  80.0000 0000001   0.0000 320.0000 14.86143795    06
Kuiper-610 321
1 00322U 00000ABC 00001.00000000  .00000000  00000-0  00000+0 0    00
2 00322  42.0000  80.0000 0000001   0.0000 330.0000 14.86143795    08
Kuiper-610 322
1 00323U 00000ABC 00001.00000000  .00000000  00000-0  00000+0 0    01
2 00323  42.0000  80.0000 0000001   0.0000 340.0000 14.86143795    00
Kuiper-610 323
1 00324U 00000ABC 00001.00000000  .00000000  00000-0  00000+0 0    02
2 00324  42.0000  80.0000 0000001   0.0000 350.0000 14.86143795    02
Kuiper-610 324
1 00325U 00000ABC 00001.00000000  .00000000  00000-0  00000+0 0    03
2 00325  42.0000  90.0000 0000001   0.0000   5.0000 14.86143795    01
Kuiper-610 325
1 00326U 00000ABC 00001.00000000  .00000000  00000-0  00000+0 0    04
2 00326  42.0000  90.0000 0000001   0.0000  15.0000 14.86143795    03
Kuiper-610 326
1 00327U 00000ABC 00001.00000000  .00000000  00000-0  00000+0 0    05
2 00327  42.0000  90.0000 0000001   0.0000  25.0000 14.86143795    05
Kuiper-610 327
1 00328U 00000ABC 00001.00000000  .00000000  00000-0  00000+0 0    06
2 00328  42.0000  90.0000 0000001   0.0000  35.0000 14.86143795    07
Kuiper-610 328
1 00329U 00000ABC 00001.00000000  .00000000  00000-0  00000+0 0    07
2 00329  42.0000  90.0000 0000001   0.0000  45.0000 14.86143795    09
Kuiper-610 329
1 00330U 00000ABC 00001.00000000  .00000000  00000-0  00000+0 0    09
2 00330  42.0000  90.0000 0000001   0.0000  55.0000 14.86143795    02
Kuiper-610 330
1 00331U 00000ABC 00001.00000000  .00000000  00000-0  00000+0 0    00
2 00331  42.0000  90.0000 0000001   0.0000  65.0000 14.86143795    04
Kuiper-610 331
1 00332U 00000ABC 00001.00000000  .00000000  00000-0  00000+0 0    01
2 00332  42.0000  90.0000 0000001   0.0000  75.0000 14.86143795    06
Kuiper-610 332
1 00333U 00000ABC 00001.00000000  .00000000  00000-0  00000+0 0    02
2 00333  42.0000  90.0000 0000001   0.0000  85.0000 14.86143795    08
Kuiper-610 333
1 00334U 00000ABC 00001.00000000  .00000000  00000-0  00000+0 0    03
2 00334  42.0000  90.0000 0000001   0.0000  95.0000 14.86143795    00
Kuiper-610 334
1 00335U 00000ABC 00001.00000000  .00000000  00000-0  00000+0 0    04
2 00335  42.0000  90.0000 0000001   0.0000 105.0000 14.86143795    03
Kuiper-610 335
1 00336U 00000ABC 00001.00000000  .00000000  00000-0  00000+0 0    05
2 00336  42.0000  90.0000 0000001   0.0000 115.0000 14.86143795    05
Kuiper-610 336
1 00337U 00000ABC 00001.00000000  .00000000  00000-0  00000+0 0    06
2 00337  42.0000  90.0000 0000001   0.0000 125.0000 14.86143795    07
Kuiper-610 337
1 00338U 00000ABC 00001.00000000  .00000000  00000-0  00000+0 0    07
2 00338  42.0000  90.0000 0000001   0.0000 135.0000 14.86143795    09
Kuiper-610 338
1 00339U 00000ABC 00001.00000000  .00000000  00000-0  00000+0 0    08
2 00339  42.0000  90.0000 0000001   0.0000 145.0000 14.86143795    01
Kuiper-610 339
1 00340U 00000ABC 00001.00000000  .00000000  00000-0  00000+0 0    00
2 00340  42.0000  90.0000 0000001   0.0000 155.0000 14.86143795    04
Kuiper-610 340
1 00341U 00000ABC 00001.00000000  .00000000  00000-0  00000+0 0    01
2 00341  42.0000  90.0000 0000001   0.0000 165.0000 14.86143795    06
Kuiper-610 341
1 00342U 00000ABC 00001.00000000  .00000000  00000-0  00000+0 0    02
2 00342  42.0000  90.0000 0000001   0.0000 175.0000 14.86143795    08
Kuiper-610 342
1 00343U 00000ABC 00001.00000000  .00000000  00000-0  00000+0 0    03
2 00343  42.0000  90.0000 0000001   0.0000 185.0000 14.86143795    00
Kuiper-610 343
1 00344U 00000ABC 00001.00000000  .00000000  00000-0  00000+0 0    04
2 00344  42.0000  90.0000 0000001   0.0000 195.0000 14.86143795    02
Kuiper-610 344
1 00345U 00000ABC 00001.00000000  .00000000  00000-0  00000+0 0    05
2 00345  42.0000  90.0000 0000001   0.0000 205.0000 14.86143795    05
Kuiper-610 345
1 00346U 00000ABC 00001.00000000  .00000000  00000-0  00000+0 0    06
2 00346  42.0000  90.0000 0000001   0.0000 215.0000 14.86143795    07
Kuiper-610 346
1 00347U 00000ABC 00001.00000000  .00000000  00000-0  00000+0 0    07
2 00347  42.0000  90.0000 0000001   0.0000 225.0000 14.86143795    09
Kuiper-610 347
1 00348U 00000ABC 00001.00000000  .00000000  00000-0  00000+0 0    08
2 00348  42.0000  90.0000 0000001   0.0000 235.0000 14.86143795    01
Kuiper-610 348
1 00349U 00000ABC 00001.00000000  .00000000  00000-0  00000+0 0    09
2 00349  42.0000  90.0000 0000001   0.0000 245.0000 14.86143795    03
Kuiper-610 349
1 00350U 00000ABC 00001.00000000  .00000000  00000-0  00000+0 0    01
2 00350  42.0000  90.0000 0000001   0.0000 255.0000 14.86143795    06
Kuiper-610 350
1 00351U 00000ABC 00001.00000000  .00000000  00000-0  00000+0 0    02
2 00351  42.0000  90.0000 0000001   0.0000 265.0000 14.86143795    08
Kuiper-610 351
1 00352U 00000ABC 00001.00000000  .00000000  00000-0  00000+0 0    03
2 00352  42.0000  90.0000 0000001   0.0000 275.0000 14.86143795    00
Kuiper-610 352
1 00353U 00000ABC 00001.00000000  .00000000  00000-0  00000+0 0    04
2 00353  42.0000  90.0000 0000001   0.0000 285.0000 14.86143795    02
Kuiper-610 353
1 00354U 00000ABC 00001.00000000  .00000000  00000-0  00000+0 0    05
2 00354  42.0000  90.0000 0000001   0.0000 295.0000 14.86143795    04
Kuiper-610 354
1 00355U 00000ABC 00001.00000000  .00000000  00000-0  00000+0 0    06
2 00355  42.0000  90.0000 0000001   0.0000 305.0000 14.86143795    07
Kuiper-610 355
1 00356U 00000ABC 00001.00000000  .00000000  00000-0  00000+0 0    07
2 00356  42.0000  90.0000 0000001   0.0000 315.0000 14.86143795    09
Kuiper-610 356
1 00357U 00000ABC 00001.00000000  .00000000  00000-0  00000+0 0    08
2 00357  42.0000  90.0000 0000001   0.0000 325.0000 14.86143795    01
Kuiper-610 357
1 00358U 00000ABC 00001.00000000  .00000000  00000-0  00000+0 0    09
2 00358  42.0000  90.0000 0000001   0.0000 335.0000 14.86143795    03
Kuiper-610 358
1 00359U 00000ABC 00001.00000000  .00000000  00000-0  00000+0 0    00
2 00359  42.0000  90.0000 0000001   0.0000 345.0000 14.86143795    05
Kuiper-610 359
1 00360U 00000ABC 00001.00000000  .00000000  00000-0  00000+0 0    02
2 00360  42.0000  90.0000 0000001   0.0000 355.0000 14.86143795    08
Kuiper-610 360
1 00361U 00000ABC 00001.00000000  .00000000  00000-0  00000+0 0    03
2 00361  42.0000 100.0000 0000001   0.0000   0.0000 14.86143795    08
Kuiper-610 361
1 00362U 00000ABC 00001.00000000  .00000000  00000-0  00000+0 0    04
2 00362  42.0000 100.0000 0000001   0.0000  10.0000 14.86143795    00
Kuiper-610 362
1 00363U 00000ABC 00001.00000000  .00000000  00000-0  00000+0 0    05
2 00363  42.0000 100.0000 0000001   0.0000  20.0000 14.86143795    02
Kuiper-610 363
1 00364U 00000ABC 00001.00000000  .00000000  00000-0  00000+0 0    06
2 00364  42.0000 100.0000 0000001   0.0000  30.0000 14.86143795    04
Kuiper-610 364
1 00365U 00000ABC 00001.00000000  .00000000  00000-0  00000+0 0    07
2 00365  42.0000 100.0000 0000001   0.0000  40.0000 14.86143795    06
Kuiper-610 365
1 00366U 00000ABC 00001.00000000  .00000000  00000-0  00000+0 0    08
2 00366  42.0000 100.0000 0000001   0.0000  50.0000 14.86143795    08
Kuiper-610 366
1 00367U 00000ABC 00001.00000000  .00000000  00000-0  00000+0 0    09
2 00367  42.0000 100.0000 0000001   0.0000  60.0000 14.86143795    00
Kuiper-610 367
1 00368U 00000ABC 00001.00000000  .00000000  00000-0  00000+0 0    00
2 00368  42.0000 100.0000 0000001   0.0000  70.0000 14.86143795    02
Kuiper-610 368
1 00369U 00000ABC 00001.00000000  .00000000  00000-0  00000+0 0    01
2 00369  42.0000 100.0000 0000001   0.0000  80.0000 14.86143795    04
Kuiper-610 369
1 00370U 00000ABC 00001.00000000  .00000000  00000-0  00000+0 0    03
2 00370  42.0000 100.0000 0000001   0.0000  90.0000 14.86143795    07
Kuiper-610 370
1 00371U 00000ABC 00001.00000000  .00000000  00000-0  00000+0 0    04
2 00371  42.0000 100.0000 0000001   0.0000 100.0000 14.86143795    00
Kuiper-610 371
1 00372U 00000ABC 00001.00000000  .00000000  00000-0  00000+0 0    05
2 00372  42.0000 100.0000 0000001   0.0000 110.0000 14.86143795    02
Kuiper-610 372
1 00373U 00000ABC 00001.00000000  .00000000  00000-0  00000+0 0    06
2 00373  42.0000 100.0000 0000001   0.0000 120.0000 14.86143795    04
Kuiper-610 373
1 00374U 00000ABC 00001.00000000  .00000000  00000-0  00000+0 0    07
2 00374  42.0000 100.0000 0000001   0.0000 130.0000 14.86143795    06
Kuiper-610 374
1 00375U 00000ABC 00001.00000000  .00000000  00000-0  00000+0 0    08
2 00375  42.0000 100.0000 0000001   0.0000 140.0000 14.86143795    08
Kuiper-610 375
1 00376U 00000ABC 00001.00000000  .00000000  00000-0  00000+0 0    09
2 00376  42.0000 100.0000 0000001   0.0000 150.0000 14.86143795    00
Kuiper-610 376
1 00377U 00000ABC 00001.00000000  .00000000  00000-0  00000+0 0    00
2 00377  42.0000 100.0000 0000001   0.0000 160.0000 14.86143795    02
Kuiper-610 377
1 00378U 00000ABC 00001.00000000  .00000000  00000-0  00000+0 0    01
2 00378  42.0000 100.0000 0000001   0.0000 170.0000 14.86143795    04
Kuiper-610 378
1 00379U 00000ABC 00001.00000000  .00000000  00000-0  00000+0 0    02
2 00379  42.0000 100.0000 0000001   0.0000 180.0000 14.86143795    06
Kuiper-610 379
1 00380U 00000ABC 00001.00000000  .00000000  00000-0  00000+0 0    04
2 00380  42.0000 100.0000 0000001   0.0000 190.0000 14.86143795    09
Kuiper-610 380
1 00381U 00000ABC 00001.00000000  .00000000  00000-0  00000+0 0    05
2 00381  42.0000 100.0000 0000001   0.0000 200.0000 14.86143795    02
Kuiper-610 381
1 00382U 00000ABC 00001.00000000  .00000000  00000-0  00000+0 0    06
2 00382  42.0000 100.0000 0000001   0.0000 210.0000 14.86143795    04
Kuiper-610 382
1 00383U 00000ABC 00001.00000000  .00000000  00000-0  00000+0 0    07
2 00383  42.0000 100.0000 0000001   0.0000 220.0000 14.86143795    06
Kuiper-610 383
1 00384U 00000ABC 00001.00000000  .00000000  00000-0  00000+0 0    08
2 00384  42.0000 100.0000 0000001   0.0000 230.0000 14.86143795    08
Kuiper-610 384
1 00385U 00000ABC 00001.00000000  .00000000  00000-0  00000+0 0    09
2 00385  42.0000 100.0000 0000001   0.0000 240.0000 14.86143795    00
Kuiper-610 385
1 00386U 00000ABC 00001.00000000  .00000000  00000-0  00000+0 0    00
2 00386  42.0000 100.0000 0000001   0.0000 250.0000 14.86143795    02
Kuiper-610 386
1 00387U 00000ABC 00001.00000000  .00000000  00000-0  00000+0 0    01
2 00387  42.0000 100.0000 0000001   0.0000 260.0000 14.86143795    04
Kuiper-610 387
1 00388U 00000ABC 00001.00000000  .00000000  00000-0  00000+0 0    02
2 00388  42.0000 100.0000 0000001   0.0000 270.0000 14.86143795    06
Kuiper-610 388
1 00389U 00000ABC 00001.00000000  .00000000  00000-0  00000+0 0    03
2 00389  42.0000 100.0000 0000001   0.0000 280.0000 14.86143795    08
Kuiper-610 389
1 00390U 00000ABC 00001.00000000  .00000000  00000-0  00000+0 0    05
2 00390  42.0000 100.0000 0000001   0.0000 290.0000 14.86143795    01
Kuiper-610 390
1 00391U 00000ABC 00001.00000000  .00000000  00000-0  00000+0 0    06
2 00391  42.0000 100.0000 0000001   0.0000 300.0000 14.86143795    04
Kuiper-610 391
1 00392U 00000ABC 00001.00000000  .00000000  00000-0  00000+0 0    07
2 00392  42.0000 100.0000 0000001   0.0000 310.0000 14.86143795    06
Kuiper-610 392
1 00393U 00000ABC 00001.00000000  .00000000  00000-0  00000+0 0    08
2 00393  42.0000 100.0000 0000001   0.0000 320.0000 14.86143795    08
Kuiper-610 393
1 00394U 00000ABC 00001.00000000  .00000000  00000-0  00000+0 0    09
2 00394  42.0000 100.0000 0000001   0.0000 330.0000 14.86143795    00
Kuiper-610 394
1 00395U 00000ABC 00001.00000000  .00000000  00000-0  00000+0 0    00
2 00395  42.0000 100.0000 0000001   0.0000 340.0000 14.86143795    02
Kuiper-610 395
1 00396U 00000ABC 00001.00000000  .00000000  00000-0  00000+0 0    01
2 00396  42.0000 100.0000 0000001   0.0000 350.0000 14.86143795    04
Kuiper-610 396
1 00397U 00000ABC 00001.00000000  .00000000  00000-0  00000+0 0    02
2 00397  42.0000 110.0000 0000001   0.0000   5.0000 14.86143795    03
Kuiper-610 397
1 00398U 00000ABC 00001.00000000  .00000000  00000-0  00000+0 0    03
2 00398  42.0000 110.0000 0000001   0.0000  15.0000 14.86143795    05
Kuiper-610 398
1 00399U 00000ABC 00001.00000000  .00000000  00000-0  00000+0 0    04
2 00399  42.0000 110.0000 0000001   0.0000  25.0000 14.86143795    07
Kuiper-610 399
1 00400U 00000ABC 00001.00000000  .00000000  00000-0  00000+0 0    07
2 00400  42.0000 110.0000 0000001   0.0000  35.0000 14.86143795    01
Kuiper-610 400
1 00401U 00000ABC 00001.00000000  .00000000  00000-0  00000+0 0    08
2 00401  42.0000 110.0000 0000001   0.0000  45.0000 14.86143795    03
Kuiper-610 401
1 00402U 00000ABC 00001.00000000  .00000000  00000-0  00000+0 0    09
2 00402  42.0000 110.0000 0000001   0.0000  55.0000 14.86143795    05
Kuiper-610 402
1 00403U 00000ABC 00001.00000000  .00000000  00000-0  00000+0 0    00
2 00403  42.0000 110.0000 0000001   0.0000  65.0000 14.86143795    07
Kuiper-610 403
1 00404U 00000ABC 00001.00000000  .00000000  00000-0  00000+0 0    01
2 00404  42.0000 110.0000 0000001   0.0000  75.0000 14.86143795    09
Kuiper-610 404
1 00405U 00000ABC 00001.00000000  .00000000  00000-0  00000+0 0    02
2 00405  42.0000 110.0000 0000001   0.0000  85.0000 14.86143795    01
Kuiper-610 405
1 00406U 00000ABC 00001.00000000  .00000000  00000-0  00000+0 0    03
2 00406  42.0000 110.0000 0000001   0.0000  95.0000 14.86143795    03
Kuiper-610 406
1 00407U 00000ABC 00001.00000000  .00000000  00000-0  00000+0 0    04
2 00407  42.0000 110.0000 0000001   0.0000 105.0000 14.86143795    06
Kuiper-610 407
1 00408U 00000ABC 00001.00000000  .00000000  00000-0  00000+0 0    05
2 00408  42.0000 110.0000 0000001   0.0000 115.0000 14.86143795    08
Kuiper-610 408
1 00409U 00000ABC 00001.00000000  .00000000  00000-0  00000+0 0    06
2 00409  42.0000 110.0000 0000001   0.0000 125.0000 14.86143795    00
Kuiper-610 409
1 00410U 00000ABC 00001.00000000  .00000000  00000-0  00000+0 0    08
2 00410  42.0000 110.0000 0000001   0.0000 135.0000 14.86143795    03
Kuiper-610 410
1 00411U 00000ABC 00001.00000000  .00000000  00000-0  00000+0 0    09
2 00411  42.0000 110.0000 0000001   0.0000 145.0000 14.86143795    05
Kuiper-610 411
1 00412U 00000ABC 00001.00000000  .00000000  00000-0  00000+0 0    00
2 00412  42.0000 110.0000 0000001   0.0000 155.0000 14.86143795    07
Kuiper-610 412
1 00413U 00000ABC 00001.00000000  .00000000  00000-0  00000+0 0    01
2 00413  42.0000 110.0000 0000001   0.0000 165.0000 14.86143795    09
Kuiper-610 413
1 00414U 00000ABC 00001.00000000  .00000000  00000-0  00000+0 0    02
2 00414  42.0000 110.0000 0000001   0.0000 175.0000 14.86143795    01
Kuiper-610 414
1 00415U 00000ABC 00001.00000000  .00000000  00000-0  00000+0 0    03
2 00415  42.0000 110.0000 0000001   0.0000 185.0000 14.86143795    03
Kuiper-610 415
1 00416U 00000ABC 00001.00000000  .00000000  00000-0  00000+0 0    04
2 00416  42.0000 110.0000 0000001   0.0000 195.0000 14.86143795    05
Kuiper-610 416
1 00417U 00000ABC 00001.00000000  .00000000  00000-0  00000+0 0    05
2 00417  42.0000 110.0000 0000001   0.0000 205.0000 14.86143795    08
Kuiper-610 417
1 00418U 00000ABC 00001.00000000  .00000000  00000-0  00000+0 0    06
2 00418  42.0000 110.0000 0000001   0.0000 215.0000 14.86143795    00
Kuiper-610 418
1 00419U 00000ABC 00001.00000000  .00000000  00000-0  00000+0 0    07
2 00419  42.0000 110.0000 0000001   0.0000 225.0000 14.86143795    02
Kuiper-610 419
1 00420U 00000ABC 00001.00000000  .00000000  00000-0  00000+0 0    09
2 00420  42.0000 110.0000 0000001   0.0000 235.0000 14.86143795    05
Kuiper-610 420
1 00421U 00000ABC 00001.00000000  .00000000  00000-0  00000+0 0    00
2 00421  42.0000 110.0000 0000001   0.0000 245.0000 14.86143795    07
Kuiper-610 421
1 00422U 00000ABC 00001.00000000  .00000000  00000-0  00000+0 0    01
2 00422  42.0000 110.0000 0000001   0.0000 255.0000 14.86143795    09
Kuiper-610 422
1 00423U 00000ABC 00001.00000000  .00000000  00000-0  00000+0 0    02
2 00423  42.0000 110.0000 0000001   0.0000 265.0000 14.86143795    01
Kuiper-610 423
1 00424U 00000ABC 00001.00000000  .00000000  00000-0  00000+0 0    03
2 00424  42.0000 110.0000 0000001   0.0000 275.0000 14.86143795    03
Kuiper-610 424
1 00425U 00000ABC 00001.00000000  .00000000  00000-0  00000+0 0    04
2 00425  42.0000 110.0000 0000001   0.0000 285.0000 14.86143795    05
Kuiper-610 425
1 00426U 00000ABC 00001.00000000  .00000000  00000-0  00000+0 0    05
2 00426  42.0000 110.0000 0000001   0.0000 295.0000 14.86143795    07
Kuiper-610 426
1 00427U 00000ABC 00001.00000000  .00000000  00000-0  00000+0 0    06
2 00427  42.0000 110.0000 0000001   0.0000 305.0000 14.86143795    00
Kuiper-610 427
1 00428U 00000ABC 00001.00000000  .00000000  00000-0  00000+0 0    07
2 00428  42.0000 110.0000 0000001   0.0000 315.0000 14.86143795    02
Kuiper-610 428
1 00429U 00000ABC 00001.00000000  .00000000  00000-0  00000+0 0    08
2 00429  42.0000 110.0000 0000001   0.0000 325.0000 14.86143795    04
Kuiper-610 429
1 00430U 00000ABC 00001.00000000  .00000000  00000-0  00000+0 0    00
2 00430  42.0000 110.0000 0000001   0.0000 335.0000 14.86143795    07
Kuiper-610 430
1 00431U 00000ABC 00001.00000000  .00000000  00000-0  00000+0 0    01
2 00431  42.0000 110.0000 0000001   0.0000 345.0000 14.86143795    09
Kuiper-610 431
1 00432U 00000ABC 00001.00000000  .00000000  00000-0  00000+0 0    02
2 00432  42.0000 110.0000 0000001   0.0000 355.0000 14.86143795    01
Kuiper-610 432
1 00433U 00000ABC 00001.00000000  .00000000  00000-0  00000+0 0    03
2 00433  42.0000 120.0000 0000001   0.0000   0.0000 14.86143795    00
Kuiper-610 433
1 00434U 00000ABC 00001.00000000  .00000000  00000-0  00000+0 0    04
2 00434  42.0000 120.0000 0000001   0.0000  10.0000 14.86143795    02
Kuiper-610 434
1 00435U 00000ABC 00001.00000000  .00000000  00000-0  00000+0 0    05
2 00435  42.0000 120.0000 0000001   0.0000  20.0000 14.86143795    04
Kuiper-610 435
1 00436U 00000ABC 00001.00000000  .00000000  00000-0  00000+0 0    06
2 00436  42.0000 120.0000 0000001   0.0000  30.0000 14.86143795    06
Kuiper-610 436
1 00437U 00000ABC 00001.00000000  .00000000  00000-0  00000+0 0    07
2 00437  42.0000 120.0000 0000001   0.0000  40.0000 14.86143795    08
Kuiper-610 437
1 00438U 00000ABC 00001.00000000  .00000000  00000-0  00000+0 0    08
2 00438  42.0000 120.0000 0000001   0.0000  50.0000 14.86143795    00
Kuiper-610 438
1 00439U 00000ABC 00001.00000000  .00000000  00000-0  00000+0 0    09
2 00439  42.0000 120.0000 0000001   0.0000  60.0000 14.86143795    02
Kuiper-610 439
1 00440U 00000ABC 00001.00000000  .00000000  00000-0  00000+0 0    01
2 00440  42.0000 120.0000 0000001   0.0000  70.0000 14.86143795    05
Kuiper-610 440
1 00441U 00000ABC 00001.00000000  .00000000  00000-0  00000+0 0    02
2 00441  42.0000 120.0000 0000001   0.0000  80.0000 14.86143795    07
Kuiper-610 441
1 00442U 00000ABC 00001.00000000  .00000000  00000-0  00000+0 0    03
2 00442  42.0000 120.0000 0000001   0.0000  90.0000 14.86143795    09
Kuiper-610 442
1 00443U 00000ABC 00001.00000000  .00000000  00000-0  00000+0 0    04
2 00443  42.0000 120.0000 0000001   0.0000 100.0000 14.86143795    02
Kuiper-610 443
1 00444U 00000ABC 00001.00000000  .00000000  00000-0  00000+0 0    05
2 00444  42.0000 120.0000 0000001   0.0000 110.0000 14.86143795    04
Kuiper-610 444
1 00445U 00000ABC 00001.00000000  .00000000  00000-0  00000+0 0    06
2 00445  42.0000 120.0000 0000001   0.0000 120.0000 14.86143795    06
Kuiper-610 445
1 00446U 00000ABC 00001.00000000  .00000000  00000-0  00000+0 0    07
2 00446  42.0000 120.0000 0000001   0.0000 130.0000 14.86143795    08
Kuiper-610 446
1 00447U 00000ABC 00001.00000000  .00000000  00000-0  00000+0 0    08
2 00447  42.0000 120.0000 0000001   0.0000 140.0000 14.86143795    00
Kuiper-610 447
1 00448U 00000ABC 00001.00000000  .00000000  00000-0  00000+0 0    09
2 00448  42.0000 120.0000 0000001   0.0000 150.0000 14.86143795    02
Kuiper-610 448
1 00449U 00000ABC 00001.00000000  .00000000  00000-0  00000+0 0    00
2 00449  42.0000 120.0000 0000001   0.0000 160.0000 14.86143795    04
Kuiper-610 449
1 00450U 00000ABC 00001.00000000  .00000000  00000-0  00000+0 0    02
2 00450  42.0000 120.0000 0000001   0.0000 170.0000 14.86143795    07
Kuiper-610 450
1 00451U 00000ABC 00001.00000000  .00000000  00000-0  00000+0 0    03
2 00451  42.0000 120.0000 0000001   0.0000 180.0000 14.86143795    09
Kuiper-610 451
1 00452U 00000ABC 00001.00000000  .00000000  00000-0  00000+0 0    04
2 00452  42.0000 120.0000 0000001   0.0000 190.0000 14.86143795    01
Kuiper-610 452
1 00453U 00000ABC 00001.00000000  .00000000  00000-0  00000+0 0    05
2 00453  42.0000 120.0000 0000001   0.0000 200.0000 14.86143795    04
Kuiper-610 453
1 00454U 00000ABC 00001.00000000  .00000000  00000-0  00000+0 0    06
2 00454  42.0000 120.0000 0000001   0.0000 210.0000 14.86143795    06
Kuiper-610 454
1 00455U 00000ABC 00001.00000000  .00000000  00000-0  00000+0 0    07
2 00455  42.0000 120.0000 0000001   0.0000 220.0000 14.86143795    08
Kuiper-610 455
1 00456U 00000ABC 00001.00000000  .00000000  00000-0  00000+0 0    08
2 00456  42.0000 120.0000 0000001   0.0000 230.0000 14.86143795    00
Kuiper-610 456
1 00457U 00000ABC 00001.00000000  .00000000  00000-0  00000+0 0    09
2 00457  42.0000 120.0000 0000001   0.0000 240.0000 14.86143795    02
Kuiper-610 457
1 00458U 00000ABC 00001.00000000  .00000000  00000-0  00000+0 0    00
2 00458  42.0000 120.0000 0000001   0.0000 250.0000 14.86143795    04
Kuiper-610 458
1 00459U 00000ABC 00001.00000000  .00000000  00000-0  00000+0 0    01
2 00459  42.0000 120.0000 0000001   0.0000 260.0000 14.86143795    06
Kuiper-610 459
1 00460U 00000ABC 00001.00000000  .00000000  00000-0  00000+0 0    03
2 00460  42.0000 120.0000 0000001   0.0000 270.0000 14.86143795    09
Kuiper-610 460
1 00461U 00000ABC 00001.00000000  .00000000  00000-0  00000+0 0    04
2 00461  42.0000 120.0000 0000001   0.0000 280.0000 14.86143795    01
Kuiper-610 461
1 00462U 00000ABC 00001.00000000  .00000000  00000-0  00000+0 0    05
2 00462  42.0000 120.0000 0000001   0.0000 290.0000 14.86143795    03
Kuiper-610 462
1 00463U 00000ABC 00001.00000000  .00000000  00000-0  00000+0 0    06
2 00463  42.0000 120.0000 0000001   0.0000 300.0000 14.86143795    06
Kuiper-610 463
1 00464U 00000ABC 00001.00000000  .00000000  00000-0  00000+0 0    07
2 00464  42.0000 120.0000 0000001   0.0000 310.0000 14.86143795    08
Kuiper-610 464
1 00465U 00000ABC 00001.00000000  .00000000  00000-0  00000+0 0    08
2 00465  42.0000 120.0000 0000001   0.0000 320.0000 14.86143795    00
Kuiper-610 465
1 00466U 00000ABC 00001.00000000  .00000000  00000-0  00000+0 0    09
2 00466  42.0000 120.0000 0000001   0.0000 330.0000 14.86143795    02
Kuiper-610 466
1 00467U 00000ABC 00001.00000000  .00000000  00000-0  00000+0 0    00
2 00467  42.0000 120.0000 0000001   0.0000 340.0000 14.86143795    04
Kuiper-610 467
1 00468U 00000ABC 00001.00000000  .00000000  00000-0  00000+0 0    01
2 00468  42.0000 120.0000 0000001   0.0000 350.0000 14.86143795    06
Kuiper-610 468
1 00469U 00000ABC 00001.00000000  .00000000  00000-0  00000+0 0    02
2 00469  42.0000 130.0000 0000001   0.0000   5.0000 14.86143795    05
Kuiper-610 469
1 00470U 00000ABC 00001.00000000  .00000000  00000-0  00000+0 0    04
2 00470  42.0000 130.0000 0000001   0.0000  15.0000 14.86143795    08
Kuiper-610 470
1 00471U 00000ABC 00001.00000000  .00000000  00000-0  00000+0 0    05
2 00471  42.0000 130.0000 0000001   0.0000  25.0000 14.86143795    00
Kuiper-610 471
1 00472U 00000ABC 00001.00000000  .00000000  00000-0  00000+0 0    06
2 00472  42.0000 130.0000 0000001   0.0000  35.0000 14.86143795    02
Kuiper-610 472
1 00473U 00000ABC 00001.00000000  .00000000  00000-0  00000+0 0    07
2 00473  42.0000 130.0000 0000001   0.0000  45.0000 14.86143795    04
Kuiper-610 473
1 00474U 00000ABC 00001.00000000  .00000000  00000-0  00000+0 0    08
2 00474  42.0000 130.0000 0000001   0.0000  55.0000 14.86143795    06
Kuiper-610 474
1 00475U 00000ABC 00001.00000000  .00000000  00000-0  00000+0 0    09
2 00475  42.0000 130.0000 0000001   0.0000  65.0000 14.86143795    08
Kuiper-610 475
1 00476U 00000ABC 00001.00000000  .00000000  00000-0  00000+0 0    00
2 00476  42.0000 130.0000 0000001   0.0000  75.0000 14.86143795    00
Kuiper-610 476
1 00477U 00000ABC 00001.00000000  .00000000  00000-0  00000+0 0    01
2 00477  42.0000 130.0000 0000001   0.0000  85.0000 14.86143795    02
Kuiper-610 477
1 00478U 00000ABC 00001.00000000  .00000000  00000-0  00000+0 0    02
2 00478  42.0000 130.0000 0000001   0.0000  95.0000 14.86143795    04
Kuiper-610 478
1 00479U 00000ABC 00001.00000000  .00000000  00000-0  00000+0 0    03
2 00479  42.0000 130.0000 0000001   0.0000 105.0000 14.86143795    07
Kuiper-610 479
1 00480U 00000ABC 00001.00000000  .00000000  00000-0  00000+0 0    05
2 00480  42.0000 130.0000 0000001   0.0000 115.0000 14.86143795    00
Kuiper-610 480
1 00481U 00000ABC 00001.00000000  .00000000  00000-0  00000+0 0    06
2 00481  42.0000 130.0000 0000001   0.0000 125.0000 14.86143795    02
Kuiper-610 481
1 00482U 00000ABC 00001.00000000  .00000000  00000-0  00000+0 0    07
2 00482  42.0000 130.0000 0000001   0.0000 135.0000 14.86143795    04
Kuiper-610 482
1 00483U 00000ABC 00001.00000000  .00000000  00000-0  00000+0 0    08
2 00483  42.0000 130.0000 0000001   0.0000 145.0000 14.86143795    06
Kuiper-610 483
1 00484U 00000ABC 00001.00000000  .00000000  00000-0  00000+0 0    09
2 00484  42.0000 130.0000 0000001   0.0000 155.0000 14.86143795    08
Kuiper-610 484
1 00485U 00000ABC 00001.00000000  .00000000  00000-0  00000+0 0    00
2 00485  42.0000 130.0000 0000001   0.0000 165.0000 14.86143795    00
Kuiper-610 485
1 00486U 00000ABC 00001.00000000  .00000000  00000-0  00000+0 0    01
2 00486  42.0000 130.0000 0000001   0.0000 175.0000 14.86143795    02
Kuiper-610 486
1 00487U 00000ABC 00001.00000000  .00000000  00000-0  00000+0 0    02
2 00487  42.0000 130.0000 0000001   0.0000 185.0000 14.86143795    04
Kuiper-610 487
1 00488U 00000ABC 00001.00000000  .00000000  00000-0  00000+0 0    03
2 00488  42.0000 130.0000 0000001   0.0000 195.0000 14.86143795    06
Kuiper-610 488
1 00489U 00000ABC 00001.00000000  .00000000  00000-0  00000+0 0    04
2 00489  42.0000 130.0000 0000001   0.0000 205.0000 14.86143795    09
Kuiper-610 489
1 00490U 00000ABC 00001.00000000  .00000000  00000-0  00000+0 0    06
2 00490  42.0000 130.0000 0000001   0.0000 215.0000 14.86143795    02
Kuiper-610 490
1 00491U 00000ABC 00001.00000000  .00000000  00000-0  00000+0 0    07
2 00491  42.0000 130.0000 0000001   0.0000 225.0000 14.86143795    04
Kuiper-610 491
1 00492U 00000ABC 00001.00000000  .00000000  00000-0  00000+0 0    08
2 00492  42.0000 130.0000 0000001   0.0000 235.0000 14.86143795    06
Kuiper-610 492
1 00493U 00000ABC 00001.00000000  .00000000  00000-0  00000+0 0    09
2 00493  42.0000 130.0000 0000001   0.0000 245.0000 14.86143795    08
Kuiper-610 493
1 00494U 00000ABC 00001.00000000  .00000000  00000-0  00000+0 0    00
2 00494  42.0000 130.0000 0000001   0.0000 255.0000 14.86143795    00
Kuiper-610 494
1 00495U 00000ABC 00001.00000000  .00000000  00000-0  00000+0 0    01
2 00495  42.0000 130.0000 0000001   0.0000 265.0000 14.86143795    02
Kuiper-610 495
1 00496U 00000ABC 00001.00000000  .00000000  00000-0  00000+0 0    02
2 00496  42.0000 130.0000 0000001   0.0000 275.0000 14.86143795    04
Kuiper-610 496
1 00497U 00000ABC 00001.00000000  .00000000  00000-0  00000+0 0    03
2 00497  42.0000 130.0000 0000001   0.0000 285.0000 14.86143795    06
Kuiper-610 497
1 00498U 00000ABC 00001.00000000  .00000000  00000-0  00000+0 0    04
2 00498  42.0000 130.0000 0000001   0.0000 295.0000 14.86143795    08
Kuiper-610 498
1 00499U 00000ABC 00001.00000000  .00000000  00000-0  00000+0 0    05
2 00499  42.0000 130.0000 0000001   0.0000 305.0000 14.86143795    01
Kuiper-610 499
1 00500U 00000ABC 00001.00000000  .00000000  00000-0  00000+0 0    08
2 00500  42.0000 130.0000 0000001   0.0000 315.0000 14.86143795    05
Kuiper-610 500
1 00501U 00000ABC 00001.00000000  .00000000  00000-0  00000+0 0    09
2 00501  42.0000 130.0000 0000001   0.0000 325.0000 14.86143795    07
Kuiper-610 501
1 00502U 00000ABC 00001.00000000  .00000000  00000-0  00000+0 0    00
2 00502  42.0000 130.0000 0000001   0.0000 335.0000 14.86143795    09
Kuiper-610 502
1 00503U 00000ABC 00001.00000000  .00000000  00000-0  00000+0 0    01
2 00503  42.0000 130.0000 0000001   0.0000 345.0000 14.86143795    01
Kuiper-610 503
1 00504U 00000ABC 00001.00000000  .00000000  00000-0  00000+0 0    02
2 00504  42.0000 130.0000 0000001   0.0000 355.0000 14.86143795    03
Kuiper-610 504
1 00505U 00000ABC 00001.00000000  .00000000  00000-0  00000+0 0    03
2 00505  42.0000 140.0000 0000001   0.0000   0.0000 14.86143795    02
Kuiper-610 505
1 00506U 00000ABC 00001.00000000  .00000000  00000-0  00000+0 0    04
2 00506  42.0000 140.0000 0000001   0.0000  10.0000 14.86143795    04
Kuiper-610 506
1 00507U 00000ABC 00001.00000000  .00000000  00000-0  00000+0 0    05
2 00507  42.0000 140.0000 0000001   0.0000  20.0000 14.86143795    06
Kuiper-610 507
1 00508U 00000ABC 00001.00000000  .00000000  00000-0  00000+0 0    06
2 00508  42.0000 140.0000 0000001   0.0000  30.0000 14.86143795    08
Kuiper-610 508
1 00509U 00000ABC 00001.00000000  .00000000  00000-0  00000+0 0    07
2 00509  42.0000 140.0000 0000001   0.0000  40.0000 14.86143795    00
Kuiper-610 509
1 00510U 00000ABC 00001.00000000  .00000000  00000-0  00000+0 0    09
2 00510  42.0000 140.0000 0000001   0.0000  50.0000 14.86143795    03
Kuiper-610 510
1 00511U 00000ABC 00001.00000000  .00000000  00000-0  00000+0 0    00
2 00511  42.0000 140.0000 0000001   0.0000  60.0000 14.86143795    05
Kuiper-610 511
1 00512U 00000ABC 00001.00000000  .00000000  00000-0  00000+0 0    01
2 00512  42.0000 140.0000 0000001   0.0000  70.0000 14.86143795    07
Kuiper-610 512
1 00513U 00000ABC 00001.00000000  .00000000  00000-0  00000+0 0    02
2 00513  42.0000 140.0000 0000001   0.0000  80.0000 14.86143795    09
Kuiper-610 513
1 00514U 00000ABC 00001.00000000  .00000000  00000-0  00000+0 0    03
2 00514  42.0000 140.0000 0000001   0.0000  90.0000 14.86143795    01
Kuiper-610 514
1 00515U 00000ABC 00001.00000000  .00000000  00000-0  00000+0 0    04
2 00515  42.0000 140.0000 0000001   0.0000 100.0000 14.86143795    04
Kuiper-610 515
1 00516U 00000ABC 00001.00000000  .00000000  00000-0  00000+0 0    05
2 00516  42.0000 140.0000 0000001   0.0000 110.0000 14.86143795    06
Kuiper-610 516
1 00517U 00000ABC 00001.00000000  .00000000  00000-0  00000+0 0    06
2 00517  42.0000 140.0000 0000001   0.0000 120.0000 14.86143795    08
Kuiper-610 517
1 00518U 00000ABC 00001.00000000  .00000000  00000-0  00000+0 0    07
2 00518  42.0000 140.0000 0000001   0.0000 130.0000 14.86143795    00
Kuiper-610 518
1 00519U 00000ABC 00001.00000000  .00000000  00000-0  00000+0 0    08
2 00519  42.0000 140.0000 0000001   0.0000 140.0000 14.86143795    02
Kuiper-610 519
1 00520U 00000ABC 00001.00000000  .00000000  00000-0  00000+0 0    00
2 00520  42.0000 140.0000 0000001   0.0000 150.0000 14.86143795    05
Kuiper-610 520
1 00521U 00000ABC 00001.00000000  .00000000  00000-0  00000+0 0    01
2 00521  42.0000 140.0000 0000001   0.0000 160.0000 14.86143795    07
Kuiper-610 521
1 00522U 00000ABC 00001.00000000  .00000000  00000-0  00000+0 0    02
2 00522  42.0000 140.0000 0000001   0.0000 170.0000 14.86143795    09
Kuiper-610 522
1 00523U 00000ABC 00001.00000000  .00000000  00000-0  00000+0 0    03
2 00523  42.0000 140.0000 0000001   0.0000 180.0000 14.86143795    01
Kuiper-610 523
1 00524U 00000ABC 00001.00000000  .00000000  00000-0  00000+0 0    04
2 00524  42.0000 140.0000 0000001   0.0000 190.0000 14.86143795    03
Kuiper-610 524
1 00525U 00000ABC 00001.00000000  .00000000  00000-0  00000+0 0    05
2 00525  42.0000 140.0000 0000001   0.0000 200.0000 14.86143795    06
Kuiper-610 525
1 00526U 00000ABC 00001.00000000  .00000000  00000-0  00000+0 0    06
2 00526  42.0000 140.0000 0000001   0.0000 210.0000 14.86143795    08
Kuiper-610 526
1 00527U 00000ABC 00001.00000000  .00000000  00000-0  00000+0 0    07
2 00527  42.0000 140.0000 0000001   0.0000 220.0000 14.86143795    00
Kuiper-610 527
1 00528U 00000ABC 00001.00000000  .00000000  00000-0  00000+0 0    08
2 00528  42.0000 140.0000 0000001   0.0000 230.0000 14.86143795    02
Kuiper-610 528
1 00529U 00000ABC 00001.00000000  .00000000  00000-0  00000+0 0    09
2 00529  42.0000 140.0000 0000001   0.0000 240.0000 14.86143795    04
Kuiper-610 529
1 00530U 00000ABC 00001.00000000  .00000000  00000-0  00000+0 0    01
2 00530  42.0000 140.0000 0000001   0.0000 250.0000 14.86143795    07
Kuiper-610 530
1 00531U 00000ABC 00001.00000000  .00000000  00000-0  00000+0 0    02
2 00531  42.0000 140.0000 0000001   0.0000 260.0000 14.86143795    09
Kuiper-610 531
1 00532U 00000ABC 00001.00000000  .00000000  00000-0  00000+0 0    03
2 00532  42.0000 140.0000 0000001   0.0000 270.0000 14.86143795    01
Kuiper-610 532
1 00533U 00000ABC 00001.00000000  .00000000  00000-0  00000+0 0    04
2 00533  42.0000 140.0000 0000001   0.0000 280.0000 14.86143795    03
Kuiper-610 533
1 00534U 00000ABC 00001.00000000  .00000000  00000-0  00000+0 0    05
2 00534  42.0000 140.0000 0000001   0.0000 290.0000 14.86143795    05
Kuiper-610 534
1 00535U 00000ABC 00001.00000000  .00000000  00000-0  00000+0 0    06
2 00535  42.0000 140.0000 0000001   0.0000 300.0000 14.86143795    08
Kuiper-610 535
1 00536U 00000ABC 00001.00000000  .00000000  00000-0  00000+0 0    07
2 00536  42.0000 140.0000 0000001   0.0000 310.0000 14.86143795    00
Kuiper-610 536
1 00537U 00000ABC 00001.00000000  .00000000  00000-0  00000+0 0    08
2 00537  42.0000 140.0000 0000001   0.0000 320.0000 14.86143795    02
Kuiper-610 537
1 00538U 00000ABC 00001.00000000  .00000000  00000-0  00000+0 0    09
2 00538  42.0000 140.0000 0000001   0.0000 330.0000 14.86143795    04
Kuiper-610 538
1 00539U 00000ABC 00001.00000000  .00000000  00000-0  00000+0 0    00
2 00539  42.0000 140.0000 0000001   0.0000 340.0000 14.86143795    06
Kuiper-610 539
1 00540U 00000ABC 00001.00000000  .00000000  00000-0  00000+0 0    02
2 00540  42.0000 140.0000 0000001   0.0000 350.0000 14.86143795    09
Kuiper-610 540
1 00541U 00000ABC 00001.00000000  .00000000  00000-0  00000+0 0    03
2 00541  42.0000 150.0000 0000001   0.0000   5.0000 14.86143795    08
Kuiper-610 541
1 00542U 00000ABC 00001.00000000  .00000000  00000-0  00000+0 0    04
2 00542  42.0000 150.0000 0000001   0.0000  15.0000 14.86143795    00
Kuiper-610 542
1 00543U 00000ABC 00001.00000000  .00000000  00000-0  00000+0 0    05
2 00543  42.0000 150.0000 0000001   0.0000  25.0000 14.86143795    02
Kuiper-610 543
1 00544U 00000ABC 00001.00000000  .00000000  00000-0  00000+0 0    06
2 00544  42.0000 150.0000 0000001   0.0000  35.0000 14.86143795    04
Kuiper-610 544
1 00545U 00000ABC 00001.00000000  .00000000  00000-0  00000+0 0    07
2 00545  42.0000 150.0000 0000001   0.0000  45.0000 14.86143795    06
Kuiper-610 545
1 00546U 00000ABC 00001.00000000  .00000000  00000-0  00000+0 0    08
2 00546  42.0000 150.0000 0000001   0.0000  55.0000 14.86143795    08
Kuiper-610 546
1 00547U 00000ABC 00001.00000000  .00000000  00000-0  00000+0 0    09
2 00547  42.0000 150.0000 0000001   0.0000  65.0000 14.86143795    00
Kuiper-610 547
1 00548U 00000ABC 00001.00000000  .00000000  00000-0  00000+0 0    00
2 00548  42.0000 150.0000 0000001   0.0000  75.0000 14.86143795    02
Kuiper-610 548
1 00549U 00000ABC 00001.00000000  .00000000  00000-0  00000+0 0    01
2 00549  42.0000 150.0000 0000001   0.0000  85.0000 14.86143795    04
Kuiper-610 549
1 00550U 00000ABC 00001.00000000  .00000000  00000-0  00000+0 0    03
2 00550  42.0000 150.0000 0000001   0.0000  95.0000 14.86143795    07
Kuiper-610 550
1 00551U 00000ABC 00001.00000000  .00000000  00000-0  00000+0 0    04
2 00551  42.0000 150.0000 0000001   0.0000 105.0000 14.86143795    00
Kuiper-610 551
1 00552U 00000ABC 00001.00000000  .00000000  00000-0  00000+0 0    05
2 00552  42.0000 150.0000 0000001   0.0000 115.0000 14.86143795    02
Kuiper-610 552
1 00553U 00000ABC 00001.00000000  .00000000  00000-0  00000+0 0    06
2 00553  42.0000 150.0000 0000001   0.0000 125.0000 14.86143795    04
Kuiper-610 553
1 00554U 00000ABC 00001.00000000  .00000000  00000-0  00000+0 0    07
2 00554  42.0000 150.0000 0000001   0.0000 135.0000 14.86143795    06
Kuiper-610 554
1 00555U 00000ABC 00001.00000000  .00000000  00000-0  00000+0 0    08
2 00555  42.0000 150.0000 0000001   0.0000 145.0000 14.86143795    08
Kuiper-610 555
1 00556U 00000ABC 00001.00000000  .00000000  00000-0  00000+0 0    09
2 00556  42.0000 150.0000 0000001   0.0000 155.0000 14.86143795    00
Kuiper-610 556
1 00557U 00000ABC 00001.00000000  .00000000  00000-0  00000+0 0    00
2 00557  42.0000 150.0000 0000001   0.0000 165.0000 14.86143795    02
Kuiper-610 557
1 00558U 00000ABC 00001.00000000  .00000000  00000-0  00000+0 0    01
2 00558  42.0000 150.0000 0000001   0.0000 175.0000 14.86143795    04
Kuiper-610 558
1 00559U 00000ABC 00001.00000000  .00000000  00000-0  00000+0 0    02
2 00559  42.0000 150.0000 0000001   0.0000 185.0000 14.86143795    06
Kuiper-610 559
1 00560U 00000ABC 00001.00000000  .00000000  00000-0  00000+0 0    04
2 00560  42.0000 150.0000 0000001   0.0000 195.0000 14.86143795    09
Kuiper-610 560
1 00561U 00000ABC 00001.00000000  .00000000  00000-0  00000+0 0    05
2 00561  42.0000 150.0000 0000001   0.0000 205.0000 14.86143795    02
Kuiper-610 561
1 00562U 00000ABC 00001.00000000  .00000000  00000-0  00000+0 0    06
2 00562  42.0000 150.0000 0000001   0.0000 215.0000 14.86143795    04
Kuiper-610 562
1 00563U 00000ABC 00001.00000000  .00000000  00000-0  00000+0 0    07
2 00563  42.0000 150.0000 0000001   0.0000 225.0000 14.86143795    06
Kuiper-610 563
1 00564U 00000ABC 00001.00000000  .00000000  00000-0  00000+0 0    08
2 00564  42.0000 150.0000 0000001   0.0000 235.0000 14.86143795    08
Kuiper-610 564
1 00565U 00000ABC 00001.00000000  .00000000  00000-0  00000+0 0    09
2 00565  42.0000 150.0000 0000001   0.0000 245.0000 14.86143795    00
Kuiper-610 565
1 00566U 00000ABC 00001.00000000  .00000000  00000-0  00000+0 0    00
2 00566  42.0000 150.0000 0000001   0.0000 255.0000 14.86143795    02
Kuiper-610 566
1 00567U 00000ABC 00001.00000000  .00000000  00000-0  00000+0 0    01
2 00567  42.0000 150.0000 0000001   0.0000 265.0000 14.86143795    04
Kuiper-610 567
1 00568U 00000ABC 00001.00000000  .00000000  00000-0  00000+0 0    02
2 00568  42.0000 150.0000 0000001   0.0000 275.0000 14.86143795    06
Kuiper-610 568
1 00569U 00000ABC 00001.00000000  .00000000  00000-0  00000+0 0    03
2 00569  42.0000 150.0000 0000001   0.0000 285.0000 14.86143795    08
Kuiper-610 569
1 00570U 00000ABC 00001.00000000  .00000000  00000-0  00000+0 0    05
2 00570  42.0000 150.0000 0000001   0.0000 295.0000 14.86143795    01
Kuiper-610 570
1 00571U 00000ABC 00001.00000000  .00000000  00000-0  00000+0 0    06
2 00571  42.0000 150.0000 0000001   0.0000 305.0000 14.86143795    04
Kuiper-610 571
1 00572U 00000ABC 00001.00000000  .00000000  00000-0  00000+0 0    07
2 00572  42.0000 150.0000 0000001   0.0000 315.0000 14.86143795    06
Kuiper-610 572
1 00573U 00000ABC 00001.00000000  .00000000  00000-0  00000+0 0    08
2 00573  42.0000 150.0000 0000001   0.0000 325.0000 14.86143795    08
Kuiper-610 573
1 00574U 00000ABC 00001.00000000  .00000000  00000-0  00000+0 0    09
2 00574  42.0000 150.0000 0000001   0.0000 335.0000 14.86143795    00
Kuiper-610 574
1 00575U 00000ABC 00001.00000000  .00000000  00000-0  00000+0 0    00
2 00575  42.0000 150.0000 0000001   0.0000 345.0000 14.86143795    02
Kuiper-610 575
1 00576U 00000ABC 00001.00000000  .00000000  00000-0  00000+0 0    01
2 00576  42.0000 150.0000 0000001   0.0000 355.0000 14.86143795    04
Kuiper-610 576
1 00577U 00000ABC 00001.00000000  .00000000  00000-0  00000+0 0    02
2 00577  42.0000 160.0000 0000001   0.0000   0.0000 14.86143795    03
Kuiper-610 577
1 00578U 00000ABC 00001.00000000  .00000000  00000-0  00000+0 0    03
2 00578  42.0000 160.0000 0000001   0.0000  10.0000 14.86143795    05
Kuiper-610 578
1 00579U 00000ABC 00001.00000000  .00000000  00000-0  00000+0 0    04
2 00579  42.0000 160.0000 0000001   0.0000  20.0000 14.86143795    07
Kuiper-610 579
1 00580U 00000ABC 00001.00000000  .00000000  00000-0  00000+0 0    06
2 00580  42.0000 160.0000 0000001   0.0000  30.0000 14.86143795    00
Kuiper-610 580
1 00581U 00000ABC 00001.00000000  .00000000  00000-0  00000+0 0    07
2 00581  42.0000 160.0000 0000001   0.0000  40.0000 14.86143795    02
Kuiper-610 581
1 00582U 00000ABC 00001.00000000  .00000000  00000-0  00000+0 0    08
2 00582  42.0000 160.0000 0000001   0.0000  50.0000 14.86143795    04
Kuiper-610 582
1 00583U 00000ABC 00001.00000000  .00000000  00000-0  00000+0 0    09
2 00583  42.0000 160.0000 0000001   0.0000  60.0000 14.86143795    06
Kuiper-610 583
1 00584U 00000ABC 00001.00000000  .00000000  00000-0  00000+0 0    00
2 00584  42.0000 160.0000 0000001   0.0000  70.0000 14.86143795    08
Kuiper-610 584
1 00585U 00000ABC 00001.00000000  .00000000  00000-0  00000+0 0    01
2 00585  42.0000 160.0000 0000001   0.0000  80.0000 14.86143795    00
Kuiper-610 585
1 00586U 00000ABC 00001.00000000  .00000000  00000-0  00000+0 0    02
2 00586  42.0000 160.0000 0000001   0.0000  90.0000 14.86143795    02
Kuiper-610 586
1 00587U 00000ABC 00001.00000000  .00000000  00000-0  00000+0 0    03
2 00587  42.0000 160.0000 0000001   0.0000 100.0000 14.86143795    05
Kuiper-610 587
1 00588U 00000ABC 00001.00000000  .00000000  00000-0  00000+0 0    04
2 00588  42.0000 160.0000 0000001   0.0000 110.0000 14.86143795    07
Kuiper-610 588
1 00589U 00000ABC 00001.00000000  .00000000  00000-0  00000+0 0    05
2 00589  42.0000 160.0000 0000001   0.0000 120.0000 14.86143795    09
Kuiper-610 589
1 00590U 00000ABC 00001.00000000  .00000000  00000-0  00000+0 0    07
2 00590  42.0000 160.0000 0000001   0.0000 130.0000 14.86143795    02
Kuiper-610 590
1 00591U 00000ABC 00001.00000000  .00000000  00000-0  00000+0 0    08
2 00591  42.0000 160.0000 0000001   0.0000 140.0000 14.86143795    04
Kuiper-610 591
1 00592U 00000ABC 00001.00000000  .00000000  00000-0  00000+0 0    09
2 00592  42.0000 160.0000 0000001   0.0000 150.0000 14.86143795    06
Kuiper-610 592
1 00593U 00000ABC 00001.00000000  .00000000  00000-0  00000+0 0    00
2 00593  42.0000 160.0000 0000001   0.0000 160.0000 14.86143795    08
Kuiper-610 593
1 00594U 00000ABC 00001.00000000  .00000000  00000-0  00000+0 0    01
2 00594  42.0000 160.0000 0000001   0.0000 170.0000 14.86143795    00
Kuiper-610 594
1 00595U 00000ABC 00001.00000000  .00000000  00000-0  00000+0 0    02
2 00595  42.0000 160.0000 0000001   0.0000 180.0000 14.86143795    02
Kuiper-610 595
1 00596U 00000ABC 00001.00000000  .00000000  00000-0  00000+0 0    03
2 00596  42.0000 160.0000 0000001   0.0000 190.0000 14.86143795    04
Kuiper-610 596
1 00597U 00000ABC 00001.00000000  .00000000  00000-0  00000+0 0    04
2 00597  42.0000 160.0000 0000001   0.0000 200.0000 14.86143795    07
Kuiper-610 597
1 00598U 00000ABC 00001.00000000  .00000000  00000-0  00000+0 0    05
2 00598  42.0000 160.0000 0000001   0.0000 210.0000 14.86143795    09
Kuiper-610 598
1 00599U 00000ABC 00001.00000000  .00000000  00000-0  00000+0 0    06
2 00599  42.0000 160.0000 0000001   0.0000 220.0000 14.86143795    01
Kuiper-610 599
1 00600U 00000ABC 00001.00000000  .00000000  00000-0  00000+0 0    09
2 00600  42.0000 160.0000 0000001   0.0000 230.0000 14.86143795    05
Kuiper-610 600
1 00601U 00000ABC 00001.00000000  .00000000  00000-0  00000+0 0    00
2 00601  42.0000 160.0000 0000001   0.0000 240.0000 14.86143795    07
Kuiper-610 601
1 00602U 00000ABC 00001.00000000  .00000000  00000-0  00000+0 0    01
2 00602  42.0000 160.0000 0000001   0.0000 250.0000 14.86143795    09
Kuiper-610 602
1 00603U 00000ABC 00001.00000000  .00000000  00000-0  00000+0 0    02
2 00603  42.0000 160.0000 0000001   0.0000 260.0000 14.86143795    01
Kuiper-610 603
1 00604U 00000ABC 00001.00000000  .00000000  00000-0  00000+0 0    03
2 00604  42.0000 160.0000 0000001   0.0000 270.0000 14.86143795    03
Kuiper-610 604
1 00605U 00000ABC 00001.00000000  .00000000  00000-0  00000+0 0    04
2 00605  42.0000 160.0000 0000001   0.0000 280.0000 14.86143795    05
Kuiper-610 605
1 00606U 00000ABC 00001.00000000  .00000000  00000-0  00000+0 0    05
2 00606  42.0000 160.0000 0000001   0.0000 290.0000 14.86143795    07
Kuiper-610 606
1 00607U 00000ABC 00001.00000000  .00000000  00000-0  00000+0 0    06
2 00607  42.0000 160.0000 0000001   0.0000 300.0000 14.86143795    00
Kuiper-610 607
1 00608U 00000ABC 00001.00000000  .00000000  00000-0  00000+0 0    07
2 00608  42.0000 160.0000 0000001   0.0000 310.0000 14.86143795    02
Kuiper-610 608
1 00609U 00000ABC 00001.00000000  .00000000  00000-0  00000+0 0    08
2 00609  42.0000 160.0000 0000001   0.0000 320.0000 14.86143795    04
Kuiper-610 609
1 00610U 00000ABC 00001.00000000  .00000000  00000-0  00000+0 0    00
2 00610  42.0000 160.0000 0000001   0.0000 330.0000 14.86143795    07
Kuiper-610 610
1 00611U 00000ABC 00001.00000000  .00000000  00000-0  00000+0 0    01
2 00611  42.0000 160.0000 0000001   0.0000 340.0000 14.86143795    09
Kuiper-610 611
1 00612U 00000ABC 00001.00000000  .00000000  00000-0  00000+0 0    02
2 00612  42.0000 160.0000 0000001   0.0000 350.0000 14.86143795    01
Kuiper-610 612
1 00613U 00000ABC 00001.00000000  .00000000  00000-0  00000+0 0    03
2 00613  42.0000 170.0000 0000001   0.0000   5.0000 14.86143795    00
Kuiper-610 613
1 00614U 00000ABC 00001.00000000  .00000000  00000-0  00000+0 0    04
2 00614  42.0000 170.0000 0000001   0.0000  15.0000 14.86143795    02
Kuiper-610 614
1 00615U 00000ABC 00001.00000000  .00000000  00000-0  00000+0 0    05
2 00615  42.0000 170.0000 0000001   0.0000  25.0000 14.86143795    04
Kuiper-610 615
1 00616U 00000ABC 00001.00000000  .00000000  00000-0  00000+0 0    06
2 00616  42.0000 170.0000 0000001   0.0000  35.0000 14.86143795    06
Kuiper-610 616
1 00617U 00000ABC 00001.00000000  .00000000  00000-0  00000+0 0    07
2 00617  42.0000 170.0000 0000001   0.0000  45.0000 14.86143795    08
Kuiper-610 617
1 00618U 00000ABC 00001.00000000  .00000000  00000-0  00000+0 0    08
2 00618  42.0000 170.0000 0000001   0.0000  55.0000 14.86143795    00
Kuiper-610 618
1 00619U 00000ABC 00001.00000000  .00000000  00000-0  00000+0 0    09
2 00619  42.0000 170.0000 0000001   0.0000  65.0000 14.86143795    02
Kuiper-610 619
1 00620U 00000ABC 00001.00000000  .00000000  00000-0  00000+0 0    01
2 00620  42.0000 170.0000 0000001   0.0000  75.0000 14.86143795    05
Kuiper-610 620
1 00621U 00000ABC 00001.00000000  .00000000  00000-0  00000+0 0    02
2 00621  42.0000 170.0000 0000001   0.0000  85.0000 14.86143795    07
Kuiper-610 621
1 00622U 00000ABC 00001.00000000  .00000000  00000-0  00000+0 0    03
2 00622  42.0000 170.0000 0000001   0.0000  95.0000 14.86143795    09
Kuiper-610 622
1 00623U 00000ABC 00001.00000000  .00000000  00000-0  00000+0 0    04
2 00623  42.0000 170.0000 0000001   0.0000 105.0000 14.86143795    02
Kuiper-610 623
1 00624U 00000ABC 00001.00000000  .00000000  00000-0  00000+0 0    05
2 00624  42.0000 170.0000 0000001   0.0000 115.0000 14.86143795    04
Kuiper-610 624
1 00625U 00000ABC 00001.00000000  .00000000  00000-0  00000+0 0    06
2 00625  42.0000 170.0000 0000001   0.0000 125.0000 14.86143795    06
Kuiper-610 625
1 00626U 00000ABC 00001.00000000  .00000000  00000-0  00000+0 0    07
2 00626  42.0000 170.0000 0000001   0.0000 135.0000 14.86143795    08
Kuiper-610 626
1 00627U 00000ABC 00001.00000000  .00000000  00000-0  00000+0 0    08
2 00627  42.0000 170.0000 0000001   0.0000 145.0000 14.86143795    00
Kuiper-610 627
1 00628U 00000ABC 00001.00000000  .00000000  00000-0  00000+0 0    09
2 00628  42.0000 170.0000 0000001   0.0000 155.0000 14.86143795    02
Kuiper-610 628
1 00629U 00000ABC 00001.00000000  .00000000  00000-0  00000+0 0    00
2 00629  42.0000 170.0000 0000001   0.0000 165.0000 14.86143795    04
Kuiper-610 629
1 00630U 00000ABC 00001.00000000  .00000000  00000-0  00000+0 0    02
2 00630  42.0000 170.0000 0000001   0.0000 175.0000 14.86143795    07
Kuiper-610 630
1 00631U 00000ABC 00001.00000000  .00000000  00000-0  00000+0 0    03
2 00631  42.0000 170.0000 0000001   0.0000 185.0000 14.86143795    09
Kuiper-610 631
1 00632U 00000ABC 00001.00000000  .00000000  00000-0  00000+0 0    04
2 00632  42.0000 170.0000 0000001   0.0000 195.0000 14.86143795    01
Kuiper-610 632
1 00633U 00000ABC 00001.00000000  .00000000  00000-0  00000+0 0    05
2 00633  42.0000 170.0000 0000001   0.0000 205.0000 14.86143795    04
Kuiper-610 633
1 00634U 00000ABC 00001.00000000  .00000000  00000-0  00000+0 0    06
2 00634  42.0000 170.0000 0000001   0.0000 215.0000 14.86143795    06
Kuiper-610 634
1 00635U 00000ABC 00001.00000000  .00000000  00000-0  00000+0 0    07
2 00635  42.0000 170.0000 0000001   0.0000 225.0000 14.86143795    08
Kuiper-610 635
1 00636U 00000ABC 00001.00000000  .00000000  00000-0  00000+0 0    08
2 00636  42.0000 170.0000 0000001   0.0000 235.0000 14.86143795    00
Kuiper-610 636
1 00637U 00000ABC 00001.00000000  .00000000  00000-0  00000+0 0    09
2 00637  42.0000 170.0000 0000001   0.0000 245.0000 14.86143795    02
Kuiper-610 637
1 00638U 00000ABC 00001.00000000  .00000000  00000-0  00000+0 0    00
2 00638  42.0000 170.0000 0000001   0.0000 255.0000 14.86143795    04
Kuiper-610 638
1 00639U 00000ABC 00001.00000000  .00000000  00000-0  00000+0 0    01
2 00639  42.0000 170.0000 0000001   0.0000 265.0000 14.86143795    06
Kuiper-610 639
1 00640U 00000ABC 00001.00000000  .00000000  00000-0  00000+0 0    03
2 00640  42.0000 170.0000 0000001   0.0000 275.0000 14.86143795    09
Kuiper-610 640
1 00641U 00000ABC 00001.00000000  .00000000  00000-0  00000+0 0    04
2 00641  42.0000 170.0000 0000001   0.0000 285.0000 14.86143795    01
Kuiper-610 641
1 00642U 00000ABC 00001.00000000  .00000000  00000-0  00000+0 0    05
2 00642  42.0000 170.0000 0000001   0.0000 295.0000 14.86143795    03
Kuiper-610 642
1 00643U 00000ABC 00001.00000000  .00000000  00000-0  00000+0 0    06
2 00643  42.0000 170.0000 0000001   0.0000 305.0000 14.86143795    06
Kuiper-610 643
1 00644U 00000ABC 00001.00000000  .00000000  00000-0  00000+0 0    07
2 00644  42.0000 170.0000 0000001   0.0000 315.0000 14.86143795    08
Kuiper-610 644
1 00645U 00000ABC 00001.00000000  .00000000  00000-0  00000+0 0    08
2 00645  42.0000 170.0000 0000001   0.0000 325.0000 14.86143795    00
Kuiper-610 645
1 00646U 00000ABC 00001.00000000  .00000000  00000-0  00000+0 0    09
2 00646  42.0000 170.0000 0000001   0.0000 335.0000 14.86143795    02
Kuiper-610 646
1 00647U 00000ABC 00001.00000000  .00000000  00000-0  00000+0 0    00
2 00647  42.0000 170.0000 0000001   0.0000 345.0000 14.86143795    04
Kuiper-610 647
1 00648U 00000ABC 00001.00000000  .00000000  00000-0  00000+0 0    01
2 00648  42.0000 170.0000 0000001   0.0000 355.0000 14.86143795    06
Kuiper-610 648
1 00649U 00000ABC 00001.00000000  .00000000  00000-0  00000+0 0    02
2 00649  42.0000 180.0000 0000001   0.0000   0.0000 14.86143795    05
Kuiper-610 649
1 00650U 00000ABC 00001.00000000  .00000000  00000-0  00000+0 0    04
2 00650  42.0000 180.0000 0000001   0.0000  10.0000 14.86143795    08
Kuiper-610 650
1 00651U 00000ABC 00001.00000000  .00000000  00000-0  00000+0 0    05
2 00651  42.0000 180.0000 0000001   0.0000  20.0000 14.86143795    00
Kuiper-610 651
1 00652U 00000ABC 00001.00000000  .00000000  00000-0  00000+0 0    06
2 00652  42.0000 180.0000 0000001   0.0000  30.0000 14.86143795    02
Kuiper-610 652
1 00653U 00000ABC 00001.00000000  .00000000  00000-0  00000+0 0    07
2 00653  42.0000 180.0000 0000001   0.0000  40.0000 14.86143795    04
Kuiper-610 653
1 00654U 00000ABC 00001.00000000  .00000000  00000-0  00000+0 0    08
2 00654  42.0000 180.0000 0000001   0.0000  50.0000 14.86143795    06
Kuiper-610 654
1 00655U 00000ABC 00001.00000000  .00000000  00000-0  00000+0 0    09
2 00655  42.0000 180.0000 0000001   0.0000  60.0000 14.86143795    08
Kuiper-610 655
1 00656U 00000ABC 00001.00000000  .00000000  00000-0  00000+0 0    00
2 00656  42.0000 180.0000 0000001   0.0000  70.0000 14.86143795    00
Kuiper-610 656
1 00657U 00000ABC 00001.00000000  .00000000  00000-0  00000+0 0    01
2 00657  42.0000 180.0000 0000001   0.0000  80.0000 14.86143795    02
Kuiper-610 657
1 00658U 00000ABC 00001.00000000  .00000000  00000-0  00000+0 0    02
2 00658  42.0000 180.0000 0000001   0.0000  90.0000 14.86143795    04
Kuiper-610 658
1 00659U 00000ABC 00001.00000000  .00000000  00000-0  00000+0 0    03
2 00659  42.0000 180.0000 0000001   0.0000 100.0000 14.86143795    07
Kuiper-610 659
1 00660U 00000ABC 00001.00000000  .00000000  00000-0  00000+0 0    05
2 00660  42.0000 180.0000 0000001   0.0000 110.0000 14.86143795    00
Kuiper-610 660
1 00661U 00000ABC 00001.00000000  .00000000  00000-0  00000+0 0    06
2 00661  42.0000 180.0000 0000001   0.0000 120.0000 14.86143795    02
Kuiper-610 661
1 00662U 00000ABC 00001.00000000  .00000000  00000-0  00000+0 0    07
2 00662  42.0000 180.0000 0000001   0.0000 130.0000 14.86143795    04
Kuiper-610 662
1 00663U 00000ABC 00001.00000000  .00000000  00000-0  00000+0 0    08
2 00663  42.0000 180.0000 0000001   0.0000 140.0000 14.86143795    06
Kuiper-610 663
1 00664U 00000ABC 00001.00000000  .00000000  00000-0  00000+0 0    09
2 00664  42.0000 180.0000 0000001   0.0000 150.0000 14.86143795    08
Kuiper-610 664
1 00665U 00000ABC 00001.00000000  .00000000  00000-0  00000+0 0    00
2 00665  42.0000 180.0000 0000001   0.0000 160.0000 14.86143795    00
Kuiper-610 665
1 00666U 00000ABC 00001.00000000  .00000000  00000-0  00000+0 0    01
2 00666  42.0000 180.0000 0000001   0.0000 170.0000 14.86143795    02
Kuiper-610 666
1 00667U 00000ABC 00001.00000000  .00000000  00000-0  00000+0 0    02
2 00667  42.0000 180.0000 0000001   0.0000 180.0000 14.86143795    04
Kuiper-610 667
1 00668U 00000ABC 00001.00000000  .00000000  00000-0  00000+0 0    03
2 00668  42.0000 180.0000 0000001   0.0000 190.0000 14.86143795    06
Kuiper-610 668
1 00669U 00000ABC 00001.00000000  .00000000  00000-0  00000+0 0    04
2 00669  42.0000 180.0000 0000001   0.0000 200.0000 14.86143795    09
Kuiper-610 669
1 00670U 00000ABC 00001.00000000  .00000000  00000-0  00000+0 0    06
2 00670  42.0000 180.0000 0000001   0.0000 210.0000 14.86143795    02
Kuiper-610 670
1 00671U 00000ABC 00001.00000000  .00000000  00000-0  00000+0 0    07
2 00671  42.0000 180.0000 0000001   0.0000 220.0000 14.86143795    04
Kuiper-610 671
1 00672U 00000ABC 00001.00000000  .00000000  00000-0  00000+0 0    08
2 00672  42.0000 180.0000 0000001   0.0000 230.0000 14.86143795    06
Kuiper-610 672
1 00673U 00000ABC 00001.00000000  .00000000  00000-0  00000+0 0    09
2 00673  42.0000 180.0000 0000001   0.0000 240.0000 14.86143795    08
Kuiper-610 673
1 00674U 00000ABC 00001.00000000  .00000000  00000-0  00000+0 0    00
2 00674  42.0000 180.0000 0000001   0.0000 250.0000 14.86143795    00
Kuiper-610 674
1 00675U 00000ABC 00001.00000000  .00000000  00000-0  00000+0 0    01
2 00675  42.0000 180.0000 0000001   0.0000 260.0000 14.86143795    02
Kuiper-610 675
1 00676U 00000ABC 00001.00000000  .00000000  00000-0  00000+0 0    02
2 00676  42.0000 180.0000 0000001   0.0000 270.0000 14.86143795    04
Kuiper-610 676
1 00677U 00000ABC 00001.00000000  .00000000  00000-0  00000+0 0    03
2 00677  42.0000 180.0000 0000001   0.0000 280.0000 14.86143795    06
Kuiper-610 677
1 00678U 00000ABC 00001.00000000  .00000000  00000-0  00000+0 0    04
2 00678  42.0000 180.0000 0000001   0.0000 290.0000 14.86143795    08
Kuiper-610 678
1 00679U 00000ABC 00001.00000000  .00000000  00000-0  00000+0 0    05
2 00679  42.0000 180.0000 0000001   0.0000 300.0000 14.86143795    01
Kuiper-610 679
1 00680U 00000ABC 00001.00000000  .00000000  00000-0  00000+0 0    07
2 00680  42.0000 180.0000 0000001   0.0000 310.0000 14.86143795    04
Kuiper-610 680
1 00681U 00000ABC 00001.00000000  .00000000  00000-0  00000+0 0    08
2 00681  42.0000 180.0000 0000001   0.0000 320.0000 14.86143795    06
Kuiper-610 681
1 00682U 00000ABC 00001.00000000  .00000000  00000-0  00000+0 0    09
2 00682  42.0000 180.0000 0000001   0.0000 330.0000 14.86143795    08
Kuiper-610 682
1 00683U 00000ABC 00001.00000000  .00000000  00000-0  00000+0 0    00
2 00683  42.0000 180.0000 0000001   0.0000 340.0000 14.86143795    00
Kuiper-610 683
1 00684U 00000ABC 00001.00000000  .00000000  00000-0  00000+0 0    01
2 00684  42.0000 180.0000 0000001   0.0000 350.0000 14.86143795    02
Kuiper-610 684
1 00685U 00000ABC 00001.00000000  .00000000  00000-0  00000+0 0    02
2 00685  42.0000 190.0000 0000001   0.0000   5.0000 14.86143795    01
Kuiper-610 685
1 00686U 00000ABC 00001.00000000  .00000000  00000-0  00000+0 0    03
2 00686  42.0000 190.0000 0000001   0.0000  15.0000 14.86143795    03
Kuiper-610 686
1 00687U 00000ABC 00001.00000000  .00000000  00000-0  00000+0 0    04
2 00687  42.0000 190.0000 0000001   0.0000  25.0000 14.86143795    05
Kuiper-610 687
1 00688U 00000ABC 00001.00000000  .00000000  00000-0  00000+0 0    05
2 00688  42.0000 190.0000 0000001   0.0000  35.0000 14.86143795    07
Kuiper-610 688
1 00689U 00000ABC 00001.00000000  .00000000  00000-0  00000+0 0    06
2 00689  42.0000 190.0000 0000001   0.0000  45.0000 14.86143795    09
Kuiper-610 689
1 00690U 00000ABC 00001.00000000  .00000000  00000-0  00000+0 0    08
2 00690  42.0000 190.0000 0000001   0.0000  55.0000 14.86143795    02
Kuiper-610 690
1 00691U 00000ABC 00001.00000000  .00000000  00000-0  00000+0 0    09
2 00691  42.0000 190.0000 0000001   0.0000  65.0000 14.86143795    04
Kuiper-610 691
1 00692U 00000ABC 00001.00000000  .00000000  00000-0  00000+0 0    00
2 00692  42.0000 190.0000 0000001   0.0000  75.0000 14.86143795    06
Kuiper-610 692
1 00693U 00000ABC 00001.00000000  .00000000  00000-0  00000+0 0    01
2 00693  42.0000 190.0000 0000001   0.0000  85.0000 14.86143795    08
Kuiper-610 693
1 00694U 00000ABC 00001.00000000  .00000000  00000-0  00000+0 0    02
2 00694  42.0000 190.0000 0000001   0.0000  95.0000 14.86143795    00
Kuiper-610 694
1 00695U 00000ABC 00001.00000000  .00000000  00000-0  00000+0 0    03
2 00695  42.0000 190.0000 0000001   0.0000 105.0000 14.86143795    03
Kuiper-610 695
1 00696U 00000ABC 00001.00000000  .00000000  00000-0  00000+0 0    04
2 00696  42.0000 190.0000 0000001   0.0000 115.0000 14.86143795    05
Kuiper-610 696
1 00697U 00000ABC 00001.00000000  .00000000  00000-0  00000+0 0    05
2 00697  42.0000 190.0000 0000001   0.0000 125.0000 14.86143795    07
Kuiper-610 697
1 00698U 00000ABC 00001.00000000  .00000000  00000-0  00000+0 0    06
2 00698  42.0000 190.0000 0000001   0.0000 135.0000 14.86143795    09
Kuiper-610 698
1 00699U 00000ABC 00001.00000000  .00000000  00000-0  00000+0 0    07
2 00699  42.0000 190.0000 0000001   0.0000 145.0000 14.86143795    01
Kuiper-610 699
1 00700U 00000ABC 00001.00000000  .00000000  00000-0  00000+0 0    00
2 00700  42.0000 190.0000 0000001   0.0000 155.0000 14.86143795    05
Kuiper-610 700
1 00701U 00000ABC 00001.00000000  .00000000  00000-0  00000+0 0    01
2 00701  42.0000 190.0000 0000001   0.0000 165.0000 14.86143795    07
Kuiper-610 701
1 00702U 00000ABC 00001.00000000  .00000000  00000-0  00000+0 0    02
2 00702  42.0000 190.0000 0000001   0.0000 175.0000 14.86143795    09
Kuiper-610 702
1 00703U 00000ABC 00001.00000000  .00000000  00000-0  00000+0 0    03
2 00703  42.0000 190.0000 0000001   0.0000 185.0000 14.86143795    01
Kuiper-610 703
1 00704U 00000ABC 00001.00000000  .00000000  00000-0  00000+0 0    04
2 00704  42.0000 190.0000 0000001   0.0000 195.0000 14.86143795    03
Kuiper-610 704
1 00705U 00000ABC 00001.00000000  .00000000  00000-0  00000+0 0    05
2 00705  42.0000 190.0000 0000001   0.0000 205.0000 14.86143795    06
Kuiper-610 705
1 00706U 00000ABC 00001.00000000  .00000000  00000-0  00000+0 0    06
2 00706  42.0000 190.0000 0000001   0.0000 215.0000 14.86143795    08
Kuiper-610 706
1 00707U 00000ABC 00001.00000000  .00000000  00000-0  00000+0 0    07
2 00707  42.0000 190.0000 0000001   0.0000 225.0000 14.86143795    00
Kuiper-610 707
1 00708U 00000ABC 00001.00000000  .00000000  00000-0  00000+0 0    08
2 00708  42.0000 190.0000 0000001   0.0000 235.0000 14.86143795    02
Kuiper-610 708
1 00709U 00000ABC 00001.00000000  .00000000  00000-0  00000+0 0    09
2 00709  42.0000 190.0000 0000001   0.0000 245.0000 14.86143795    04
Kuiper-610 709
1 00710U 00000ABC 00001.00000000  .00000000  00000-0  00000+0 0    01
2 00710  42.0000 190.0000 0000001   0.0000 255.0000 14.86143795    07
Kuiper-610 710
1 00711U 00000ABC 00001.00000000  .00000000  00000-0  00000+0 0    02
2 00711  42.0000 190.0000 0000001   0.0000 265.0000 14.86143795    09
Kuiper-610 711
1 00712U 00000ABC 00001.00000000  .00000000  00000-0  00000+0 0    03
2 00712  42.0000 190.0000 0000001   0.0000 275.0000 14.86143795    01
Kuiper-610 712
1 00713U 00000ABC 00001.00000000  .00000000  00000-0  00000+0 0    04
2 00713  42.0000 190.0000 0000001   0.0000 285.0000 14.86143795    03
Kuiper-610 713
1 00714U 00000ABC 00001.00000000  .00000000  00000-0  00000+0 0    05
2 00714  42.0000 190.0000 0000001   0.0000 295.0000 14.86143795    05
Kuiper-610 714
1 00715U 00000ABC 00001.00000000  .00000000  00000-0  00000+0 0    06
2 00715  42.0000 190.0000 0000001   0.0000 305.0000 14.86143795    08
Kuiper-610 715
1 00716U 00000ABC 00001.00000000  .00000000  00000-0  00000+0 0    07
2 00716  42.0000 190.0000 0000001   0.0000 315.0000 14.86143795    00
Kuiper-610 716
1 00717U 00000ABC 00001.00000000  .00000000  00000-0  00000+0 0    08
2 00717  42.0000 190.0000 0000001   0.0000 325.0000 14.86143795    02
Kuiper-610 717
1 00718U 00000ABC 00001.00000000  .00000000  00000-0  00000+0 0    09
2 00718  42.0000 190.0000 0000001   0.0000 335.0000 14.86143795    04
Kuiper-610 718
1 00719U 00000ABC 00001.00000000  .00000000  00000-0  00000+0 0    00
2 00719  42.0000 190.0000 0000001   0.0000 345.0000 14.86143795    06
Kuiper-610 719
1 00720U 00000ABC 00001.00000000  .00000000  00000-0  00000+0 0    02
2 00720  42.0000 190.0000 0000001   0.0000 355.0000 14.86143795    09
Kuiper-610 720
1 00721U 00000ABC 00001.00000000  .00000000  00000-0  00000+0 0    03
2 00721  42.0000 200.0000 0000001   0.0000   0.0000 14.86143795    09
Kuiper-610 721
1 00722U 00000ABC 00001.00000000  .00000000  00000-0  00000+0 0    04
2 00722  42.0000 200.0000 0000001   0.0000  10.0000 14.86143795    01
Kuiper-610 722
1 00723U 00000ABC 00001.00000000  .00000000  00000-0  00000+0 0    05
2 00723  42.0000 200.0000 0000001   0.0000  20.0000 14.86143795    03
Kuiper-610 723
1 00724U 00000ABC 00001.00000000  .00000000  00000-0  00000+0 0    06
2 00724  42.0000 200.0000 0000001   0.0000  30.0000 14.86143795    05
Kuiper-610 724
1 00725U 00000ABC 00001.00000000  .00000000  00000-0  00000+0 0    07
2 00725  42.0000 200.0000 0000001   0.0000  40.0000 14.86143795    07
Kuiper-610 725
1 00726U 00000ABC 00001.00000000  .00000000  00000-0  00000+0 0    08
2 00726  42.0000 200.0000 0000001   0.0000  50.0000 14.86143795    09
Kuiper-610 726
1 00727U 00000ABC 00001.00000000  .00000000  00000-0  00000+0 0    09
2 00727  42.0000 200.0000 0000001   0.0000  60.0000 14.86143795    01
Kuiper-610 727
1 00728U 00000ABC 00001.00000000  .00000000  00000-0  00000+0 0    00
2 00728  42.0000 200.0000 0000001   0.0000  70.0000 14.86143795    03
Kuiper-610 728
1 00729U 00000ABC 00001.00000000  .00000000  00000-0  00000+0 0    01
2 00729  42.0000 200.0000 0000001   0.0000  80.0000 14.86143795    05
Kuiper-610 729
1 00730U 00000ABC 00001.00000000  .00000000  00000-0  00000+0 0    03
2 00730  42.0000 200.0000 0000001   0.0000  90.0000 14.86143795    08
Kuiper-610 730
1 00731U 00000ABC 00001.00000000  .00000000  00000-0  00000+0 0    04
2 00731  42.0000 200.0000 0000001   0.0000 100.0000 14.86143795    01
Kuiper-610 731
1 00732U 00000ABC 00001.00000000  .00000000  00000-0  00000+0 0    05
2 00732  42.0000 200.0000 0000001   0.0000 110.0000 14.86143795    03
Kuiper-610 732
1 00733U 00000ABC 00001.00000000  .00000000  00000-0  00000+0 0    06
2 00733  42.0000 200.0000 0000001   0.0000 120.0000 14.86143795    05
Kuiper-610 733
1 00734U 00000ABC 00001.00000000  .00000000  00000-0  00000+0 0    07
2 00734  42.0000 200.0000 0000001   0.0000 130.0000 14.86143795    07
Kuiper-610 734
1 00735U 00000ABC 00001.00000000  .00000000  00000-0  00000+0 0    08
2 00735  42.0000 200.0000 0000001   0.0000 140.0000 14.86143795    09
Kuiper-610 735
1 00736U 00000ABC 00001.00000000  .00000000  00000-0  00000+0 0    09
2 00736  42.0000 200.0000 0000001   0.0000 150.0000 14.86143795    01
Kuiper-610 736
1 00737U 00000ABC 00001.00000000  .00000000  00000-0  00000+0 0    00
2 00737  42.0000 200.0000 0000001   0.0000 160.0000 14.86143795    03
Kuiper-610 737
1 00738U 00000ABC 00001.00000000  .00000000  00000-0  00000+0 0    01
2 00738  42.0000 200.0000 0000001   0.0000 170.0000 14.86143795    05
Kuiper-610 738
1 00739U 00000ABC 00001.00000000  .00000000  00000-0  00000+0 0    02
2 00739  42.0000 200.0000 0000001   0.0000 180.0000 14.86143795    07
Kuiper-610 739
1 00740U 00000ABC 00001.00000000  .00000000  00000-0  00000+0 0    04
2 00740  42.0000 200.0000 0000001   0.0000 190.0000 14.86143795    00
Kuiper-610 740
1 00741U 00000ABC 00001.00000000  .00000000  00000-0  00000+0 0    05
2 00741  42.0000 200.0000 0000001   0.0000 200.0000 14.86143795    03
Kuiper-610 741
1 00742U 00000ABC 00001.00000000  .00000000  00000-0  00000+0 0    06
2 00742  42.0000 200.0000 0000001   0.0000 210.0000 14.86143795    05
Kuiper-610 742
1 00743U 00000ABC 00001.00000000  .00000000  00000-0  00000+0 0    07
2 00743  42.0000 200.0000 0000001   0.0000 220.0000 14.86143795    07
Kuiper-610 743
1 00744U 00000ABC 00001.00000000  .00000000  00000-0  00000+0 0    08
2 00744  42.0000 200.0000 0000001   0.0000 230.0000 14.86143795    09
Kuiper-610 744
1 00745U 00000ABC 00001.00000000  .00000000  00000-0  00000+0 0    09
2 00745  42.0000 200.0000 0000001   0.0000 240.0000 14.86143795    01
Kuiper-610 745
1 00746U 00000ABC 00001.00000000  .00000000  00000-0  00000+0 0    00
2 00746  42.0000 200.0000 0000001   0.0000 250.0000 14.86143795    03
Kuiper-610 746
1 00747U 00000ABC 00001.00000000  .00000000  00000-0  00000+0 0    01
2 00747  42.0000 200.0000 0000001   0.0000 260.0000 14.86143795    05
Kuiper-610 747
1 00748U 00000ABC 00001.00000000  .00000000  00000-0  00000+0 0    02
2 00748  42.0000 200.0000 0000001   0.0000 270.0000 14.86143795    07
Kuiper-610 748
1 00749U 00000ABC 00001.00000000  .00000000  00000-0  00000+0 0    03
2 00749  42.0000 200.0000 0000001   0.0000 280.0000 14.86143795    09
Kuiper-610 749
1 00750U 00000ABC 00001.00000000  .00000000  00000-0  00000+0 0    05
2 00750  42.0000 200.0000 0000001   0.0000 290.0000 14.86143795    02
Kuiper-610 750
1 00751U 00000ABC 00001.00000000  .00000000  00000-0  00000+0 0    06
2 00751  42.0000 200.0000 0000001   0.0000 300.0000 14.86143795    05
Kuiper-610 751
1 00752U 00000ABC 00001.00000000  .00000000  00000-0  00000+0 0    07
2 00752  42.0000 200.0000 0000001   0.0000 310.0000 14.86143795    07
Kuiper-610 752
1 00753U 00000ABC 00001.00000000  .00000000  00000-0  00000+0 0    08
2 00753  42.0000 200.0000 0000001   0.0000 320.0000 14.86143795    09
Kuiper-610 753
1 00754U 00000ABC 00001.00000000  .00000000  00000-0  00000+0 0    09
2 00754  42.0000 200.0000 0000001   0.0000 330.0000 14.86143795    01
Kuiper-610 754
1 00755U 00000ABC 00001.00000000  .00000000  00000-0  00000+0 0    00
2 00755  42.0000 200.0000 0000001   0.0000 340.0000 14.86143795    03
Kuiper-610 755
1 00756U 00000ABC 00001.00000000  .00000000  00000-0  00000+0 0    01
2 00756  42.0000 200.0000 0000001   0.0000 350.0000 14.86143795    05
Kuiper-610 756
1 00757U 00000ABC 00001.00000000  .00000000  00000-0  00000+0 0    02
2 00757  42.0000 210.0000 0000001   0.0000   5.0000 14.86143795    04
Kuiper-610 757
1 00758U 00000ABC 00001.00000000  .00000000  00000-0  00000+0 0    03
2 00758  42.0000 210.0000 0000001   0.0000  15.0000 14.86143795    06
Kuiper-610 758
1 00759U 00000ABC 00001.00000000  .00000000  00000-0  00000+0 0    04
2 00759  42.0000 210.0000 0000001   0.0000  25.0000 14.86143795    08
Kuiper-610 759
1 00760U 00000ABC 00001.00000000  .00000000  00000-0  00000+0 0    06
2 00760  42.0000 210.0000 0000001   0.0000  35.0000 14.86143795    01
Kuiper-610 760
1 00761U 00000ABC 00001.00000000  .00000000  00000-0  00000+0 0    07
2 00761  42.0000 210.0000 0000001   0.0000  45.0000 14.86143795    03
Kuiper-610 761
1 00762U 00000ABC 00001.00000000  .00000000  00000-0  00000+0 0    08
2 00762  42.0000 210.0000 0000001   0.0000  55.0000 14.86143795    05
Kuiper-610 762
1 00763U 00000ABC 00001.00000000  .00000000  00000-0  00000+0 0    09
2 00763  42.0000 210.0000 0000001   0.0000  65.0000 14.86143795    07
Kuiper-610 763
1 00764U 00000ABC 00001.00000000  .00000000  00000-0  00000+0 0    00
2 00764  42.0000 210.0000 0000001   0.0000  75.0000 14.86143795    09
Kuiper-610 764
1 00765U 00000ABC 00001.00000000  .00000000  00000-0  00000+0 0    01
2 00765  42.0000 210.0000 0000001   0.0000  85.0000 14.86143795    01
Kuiper-610 765
1 00766U 00000ABC 00001.00000000  .00000000  00000-0  00000+0 0    02
2 00766  42.0000 210.0000 0000001   0.0000  95.0000 14.86143795    03
Kuiper-610 766
1 00767U 00000ABC 00001.00000000  .00000000  00000-0  00000+0 0    03
2 00767  42.0000 210.0000 0000001   0.0000 105.0000 14.86143795    06
Kuiper-610 767
1 00768U 00000ABC 00001.00000000  .00000000  00000-0  00000+0 0    04
2 00768  42.0000 210.0000 0000001   0.0000 115.0000 14.86143795    08
Kuiper-610 768
1 00769U 00000ABC 00001.00000000  .00000000  00000-0  00000+0 0    05
2 00769  42.0000 210.0000 0000001   0.0000 125.0000 14.86143795    00
Kuiper-610 769
1 00770U 00000ABC 00001.00000000  .00000000  00000-0  00000+0 0    07
2 00770  42.0000 210.0000 0000001   0.0000 135.0000 14.86143795    03
Kuiper-610 770
1 00771U 00000ABC 00001.00000000  .00000000  00000-0  00000+0 0    08
2 00771  42.0000 210.0000 0000001   0.0000 145.0000 14.86143795    05
Kuiper-610 771
1 00772U 00000ABC 00001.00000000  .00000000  00000-0  00000+0 0    09
2 00772  42.0000 210.0000 0000001   0.0000 155.0000 14.86143795    07
Kuiper-610 772
1 00773U 00000ABC 00001.00000000  .00000000  00000-0  00000+0 0    00
2 00773  42.0000 210.0000 0000001   0.0000 165.0000 14.86143795    09
Kuiper-610 773
1 00774U 00000ABC 00001.00000000  .00000000  00000-0  00000+0 0    01
2 00774  42.0000 210.0000 0000001   0.0000 175.0000 14.86143795    01
Kuiper-610 774
1 00775U 00000ABC 00001.00000000  .00000000  00000-0  00000+0 0    02
2 00775  42.0000 210.0000 0000001   0.0000 185.0000 14.86143795    03
Kuiper-610 775
1 00776U 00000ABC 00001.00000000  .00000000  00000-0  00000+0 0    03
2 00776  42.0000 210.0000 0000001   0.0000 195.0000 14.86143795    05
Kuiper-610 776
1 00777U 00000ABC 00001.00000000  .00000000  00000-0  00000+0 0    04
2 00777  42.0000 210.0000 0000001   0.0000 205.0000 14.86143795    08
Kuiper-610 777
1 00778U 00000ABC 00001.00000000  .00000000  00000-0  00000+0 0    05
2 00778  42.0000 210.0000 0000001   0.0000 215.0000 14.86143795    00
Kuiper-610 778
1 00779U 00000ABC 00001.00000000  .00000000  00000-0  00000+0 0    06
2 00779  42.0000 210.0000 0000001   0.0000 225.0000 14.86143795    02
Kuiper-610 779
1 00780U 00000ABC 00001.00000000  .00000000  00000-0  00000+0 0    08
2 00780  42.0000 210.0000 0000001   0.0000 235.0000 14.86143795    05
Kuiper-610 780
1 00781U 00000ABC 00001.00000000  .00000000  00000-0  00000+0 0    09
2 00781  42.0000 210.0000 0000001   0.0000 245.0000 14.86143795    07
Kuiper-610 781
1 00782U 00000ABC 00001.00000000  .00000000  00000-0  00000+0 0    00
2 00782  42.0000 210.0000 0000001   0.0000 255.0000 14.86143795    09
Kuiper-610 782
1 00783U 00000ABC 00001.00000000  .00000000  00000-0  00000+0 0    01
2 00783  42.0000 210.0000 0000001   0.0000 265.0000 14.86143795    01
Kuiper-610 783
1 00784U 00000ABC 00001.00000000  .00000000  00000-0  00000+0 0    02
2 00784  42.0000 210.0000 0000001   0.0000 275.0000 14.86143795    03
Kuiper-610 784
1 00785U 00000ABC 00001.00000000  .00000000  00000-0  00000+0 0    03
2 00785  42.0000 210.0000 0000001   0.0000 285.0000 14.86143795    05
Kuiper-610 785
1 00786U 00000ABC 00001.00000000  .00000000  00000-0  00000+0 0    04
2 00786  42.0000 210.0000 0000001   0.0000 295.0000 14.86143795    07
Kuiper-610 786
1 00787U 00000ABC 00001.00000000  .00000000  00000-0  00000+0 0    05
2 00787  42.0000 210.0000 0000001   0.0000 305.0000 14.86143795    00
Kuiper-610 787
1 00788U 00000ABC 00001.00000000  .00000000  00000-0  00000+0 0    06
2 00788  42.0000 210.0000 0000001   0.0000 315.0000 14.86143795    02
Kuiper-610 788
1 00789U 00000ABC 00001.00000000  .00000000  00000-0  00000+0 0    07
2 00789  42.0000 210.0000 0000001   0.0000 325.0000 14.86143795    04
Kuiper-610 789
1 00790U 00000ABC 00001.00000000  .00000000  00000-0  00000+0 0    09
2 00790  42.0000 210.0000 0000001   0.0000 335.0000 14.86143795    07
Kuiper-610 790
1 00791U 00000ABC 00001.00000000  .00000000  00000-0  00000+0 0    00
2 00791  42.0000 210.0000 0000001   0.0000 345.0000 14.86143795    09
Kuiper-610 791
1 00792U 00000ABC 00001.00000000  .00000000  00000-0  00000+0 0    01
2 00792  42.0000 210.0000 0000001   0.0000 355.0000 14.86143795    01
Kuiper-610 792
1 00793U 00000ABC 00001.00000000  .00000000  00000-0  00000+0 0    02
2 00793  42.0000 220.0000 0000001   0.0000   0.0000 14.86143795    00
Kuiper-610 793
1 00794U 00000ABC 00001.00000000  .00000000  00000-0  00000+0 0    03
2 00794  42.0000 220.0000 0000001   0.0000  10.0000 14.86143795    02
Kuiper-610 794
1 00795U 00000ABC 00001.00000000  .00000000  00000-0  00000+0 0    04
2 00795  42.0000 220.0000 0000001   0.0000  20.0000 14.86143795    04
Kuiper-610 795
1 00796U 00000ABC 00001.00000000  .00000000  00000-0  00000+0 0    05
2 00796  42.0000 220.0000 0000001   0.0000  30.0000 14.86143795    06
Kuiper-610 796
1 00797U 00000ABC 00001.00000000  .00000000  00000-0  00000+0 0    06
2 00797  42.0000 220.0000 0000001   0.0000  40.0000 14.86143795    08
Kuiper-610 797
1 00798U 00000ABC 00001.00000000  .00000000  00000-0  00000+0 0    07
2 00798  42.0000 220.0000 0000001   0.0000  50.0000 14.86143795    00
Kuiper-610 798
1 00799U 00000ABC 00001.00000000  .00000000  00000-0  00000+0 0    08
2 00799  42.0000 220.0000 0000001   0.0000  60.0000 14.86143795    02
Kuiper-610 799
1 00800U 00000ABC 00001.00000000  .00000000  00000-0  00000+0 0    01
2 00800  42.0000 220.0000 0000001   0.0000  70.0000 14.86143795    06
Kuiper-610 800
1 00801U 00000ABC 00001.00000000  .00000000  00000-0  00000+0 0    02
2 00801  42.0000 220.0000 0000001   0.0000  80.0000 14.86143795    08
Kuiper-610 801
1 00802U 00000ABC 00001.00000000  .00000000  00000-0  00000+0 0    03
2 00802  42.0000 220.0000 0000001   0.0000  90.0000 14.86143795    00
Kuiper-610 802
1 00803U 00000ABC 00001.00000000  .00000000  00000-0  00000+0 0    04
2 00803  42.0000 220.0000 0000001   0.0000 100.0000 14.86143795    03
Kuiper-610 803
1 00804U 00000ABC 00001.00000000  .00000000  00000-0  00000+0 0    05
2 00804  42.0000 220.0000 0000001   0.0000 110.0000 14.86143795    05
Kuiper-610 804
1 00805U 00000ABC 00001.00000000  .00000000  00000-0  00000+0 0    06
2 00805  42.0000 220.0000 0000001   0.0000 120.0000 14.86143795    07
Kuiper-610 805
1 00806U 00000ABC 00001.00000000  .00000000  00000-0  00000+0 0    07
2 00806  42.0000 220.0000 0000001   0.0000 130.0000 14.86143795    09
Kuiper-610 806
1 00807U 00000ABC 00001.00000000  .00000000  00000-0  00000+0 0    08
2 00807  42.0000 220.0000 0000001   0.0000 140.0000 14.86143795    01
Kuiper-610 807
1 00808U 00000ABC 00001.00000000  .00000000  00000-0  00000+0 0    09
2 00808  42.0000 220.0000 0000001   0.0000 150.0000 14.86143795    03
Kuiper-610 808
1 00809U 00000ABC 00001.00000000  .00000000  00000-0  00000+0 0    00
2 00809  42.0000 220.0000 0000001   0.0000 160.0000 14.86143795    05
Kuiper-610 809
1 00810U 00000ABC 00001.00000000  .00000000  00000-0  00000+0 0    02
2 00810  42.0000 220.0000 0000001   0.0000 170.0000 14.86143795    08
Kuiper-610 810
1 00811U 00000ABC 00001.00000000  .00000000  00000-0  00000+0 0    03
2 00811  42.0000 220.0000 0000001   0.0000 180.0000 14.86143795    00
Kuiper-610 811
1 00812U 00000ABC 00001.00000000  .00000000  00000-0  00000+0 0    04
2 00812  42.0000 220.0000 0000001   0.0000 190.0000 14.86143795    02
Kuiper-610 812
1 00813U 00000ABC 00001.00000000  .00000000  00000-0  00000+0 0    05
2 00813  42.0000 220.0000 0000001   0.0000 200.0000 14.86143795    05
Kuiper-610 813
1 00814U 00000ABC 00001.00000000  .00000000  00000-0  00000+0 0    06
2 00814  42.0000 220.0000 0000001   0.0000 210.0000 14.86143795    07
Kuiper-610 814
1 00815U 00000ABC 00001.00000000  .00000000  00000-0  00000+0 0    07
2 00815  42.0000 220.0000 0000001   0.0000 220.0000 14.86143795    09
Kuiper-610 815
1 00816U 00000ABC 00001.00000000  .00000000  00000-0  00000+0 0    08
2 00816  42.0000 220.0000 0000001   0.0000 230.0000 14.86143795    01
Kuiper-610 816
1 00817U 00000ABC 00001.00000000  .00000000  00000-0  00000+0 0    09
2 00817  42.0000 220.0000 0000001   0.0000 240.0000 14.86143795    03
Kuiper-610 817
1 00818U 00000ABC 00001.00000000  .00000000  00000-0  00000+0 0    00
2 00818  42.0000 220.0000 0000001   0.0000 250.0000 14.86143795    05
Kuiper-610 818
1 00819U 00000ABC 00001.00000000  .00000000  00000-0  00000+0 0    01
2 00819  42.0000 220.0000 0000001   0.0000 260.0000 14.86143795    07
Kuiper-610 819
1 00820U 00000ABC 00001.00000000  .00000000  00000-0  00000+0 0    03
2 00820  42.0000 220.0000 0000001   0.0000 270.0000 14.86143795    00
Kuiper-610 820
1 00821U 00000ABC 00001.00000000  .00000000  00000-0  00000+0 0    04
2 00821  42.0000 220.0000 0000001   0.0000 280.0000 14.86143795    02
Kuiper-610 821
1 00822U 00000ABC 00001.00000000  .00000000  00000-0  00000+0 0    05
2 00822  42.0000 220.0000 0000001   0.0000 290.0000 14.86143795    04
Kuiper-610 822
1 00823U 00000ABC 00001.00000000  .00000000  00000-0  00000+0 0    06
2 00823  42.0000 220.0000 0000001   0.0000 300.0000 14.86143795    07
Kuiper-610 823
1 00824U 00000ABC 00001.00000000  .00000000  00000-0  00000+0 0    07
2 00824  42.0000 220.0000 0000001   0.0000 310.0000 14.86143795    09
Kuiper-610 824
1 00825U 00000ABC 00001.00000000  .00000000  00000-0  00000+0 0    08
2 00825  42.0000 220.0000 0000001   0.0000 320.0000 14.86143795    01
Kuiper-610 825
1 00826U 00000ABC 00001.00000000  .00000000  00000-0  00000+0 0    09
2 00826  42.0000 220.0000 0000001   0.0000 330.0000 14.86143795    03
Kuiper-610 826
1 00827U 00000ABC 00001.00000000  .00000000  00000-0  00000+0 0    00
2 00827  42.0000 220.0000 0000001   0.0000 340.0000 14.86143795    05
Kuiper-610 827
1 00828U 00000ABC 00001.00000000  .00000000  00000-0  00000+0 0    01
2 00828  42.0000 220.0000 0000001   0.0000 350.0000 14.86143795    07
Kuiper-610 828
1 00829U 00000ABC 00001.00000000  .00000000  00000-0  00000+0 0    02
2 00829  42.0000 230.0000 0000001   0.0000   5.0000 14.86143795    06
Kuiper-610 829
1 00830U 00000ABC 00001.00000000  .00000000  00000-0  00000+0 0    04
2 00830  42.0000 230.0000 0000001   0.0000  15.0000 14.86143795    09
Kuiper-610 830
1 00831U 00000ABC 00001.00000000  .00000000  00000-0  00000+0 0    05
2 00831  42.0000 230.0000 0000001   0.0000  25.0000 14.86143795    01
Kuiper-610 831
1 00832U 00000ABC 00001.00000000  .00000000  00000-0  00000+0 0    06
2 00832  42.0000 230.0000 0000001   0.0000  35.0000 14.86143795    03
Kuiper-610 832
1 00833U 00000ABC 00001.00000000  .00000000  00000-0  00000+0 0    07
2 00833  42.0000 230.0000 0000001   0.0000  45.0000 14.86143795    05
Kuiper-610 833
1 00834U 00000ABC 00001.00000000  .00000000  00000-0  00000+0 0    08
2 00834  42.0000 230.0000 0000001   0.0000  55.0000 14.86143795    07
Kuiper-610 834
1 00835U 00000ABC 00001.00000000  .00000000  00000-0  00000+0 0    09
2 00835  42.0000 230.0000 0000001   0.0000  65.0000 14.86143795    09
Kuiper-610 835
1 00836U 00000ABC 00001.00000000  .00000000  00000-0  00000+0 0    00
2 00836  42.0000 230.0000 0000001   0.0000  75.0000 14.86143795    01
Kuiper-610 836
1 00837U 00000ABC 00001.00000000  .00000000  00000-0  00000+0 0    01
2 00837  42.0000 230.0000 0000001   0.0000  85.0000 14.86143795    03
Kuiper-610 837
1 00838U 00000ABC 00001.00000000  .00000000  00000-0  00000+0 0    02
2 00838  42.0000 230.0000 0000001   0.0000  95.0000 14.86143795    05
Kuiper-610 838
1 00839U 00000ABC 00001.00000000  .00000000  00000-0  00000+0 0    03
2 00839  42.0000 230.0000 0000001   0.0000 105.0000 14.86143795    08
Kuiper-610 839
1 00840U 00000ABC 00001.00000000  .00000000  00000-0  00000+0 0    05
2 00840  42.0000 230.0000 0000001   0.0000 115.0000 14.86143795    01
Kuiper-610 840
1 00841U 00000ABC 00001.00000000  .00000000  00000-0  00000+0 0    06
2 00841  42.0000 230.0000 0000001   0.0000 125.0000 14.86143795    03
Kuiper-610 841
1 00842U 00000ABC 00001.00000000  .00000000  00000-0  00000+0 0    07
2 00842  42.0000 230.0000 0000001   0.0000 135.0000 14.86143795    05
Kuiper-610 842
1 00843U 00000ABC 00001.00000000  .00000000  00000-0  00000+0 0    08
2 00843  42.0000 230.0000 0000001   0.0000 145.0000 14.86143795    07
Kuiper-610 843
1 00844U 00000ABC 00001.00000000  .00000000  00000-0  00000+0 0    09
2 00844  42.0000 230.0000 0000001   0.0000 155.0000 14.86143795    09
Kuiper-610 844
1 00845U 00000ABC 00001.00000000  .00000000  00000-0  00000+0 0    00
2 00845  42.0000 230.0000 0000001   0.0000 165.0000 14.86143795    01
Kuiper-610 845
1 00846U 00000ABC 00001.00000000  .00000000  00000-0  00000+0 0    01
2 00846  42.0000 230.0000 0000001   0.0000 175.0000 14.86143795    03
Kuiper-610 846
1 00847U 00000ABC 00001.00000000  .00000000  00000-0  00000+0 0    02
2 00847  42.0000 230.0000 0000001   0.0000 185.0000 14.86143795    05
Kuiper-610 847
1 00848U 00000ABC 00001.00000000  .00000000  00000-0  00000+0 0    03
2 00848  42.0000 230.0000 0000001   0.0000 195.0000 14.86143795    07
Kuiper-610 848
1 00849U 00000ABC 00001.00000000  .00000000  00000-0  00000+0 0    04
2 00849  42.0000 230.0000 0000001   0.0000 205.0000 14.86143795    00
Kuiper-610 849
1 00850U 00000ABC 00001.00000000  .00000000  00000-0  00000+0 0    06
2 00850  42.0000 230.0000 0000001   0.0000 215.0000 14.86143795    03
Kuiper-610 850
1 00851U 00000ABC 00001.00000000  .00000000  00000-0  00000+0 0    07
2 00851  42.0000 230.0000 0000001   0.0000 225.0000 14.86143795    05
Kuiper-610 851
1 00852U 00000ABC 00001.00000000  .00000000  00000-0  00000+0 0    08
2 00852  42.0000 230.0000 0000001   0.0000 235.0000 14.86143795    07
Kuiper-610 852
1 00853U 00000ABC 00001.00000000  .00000000  00000-0  00000+0 0    09
2 00853  42.0000 230.0000 0000001   0.0000 245.0000 14.86143795    09
Kuiper-610 853
1 00854U 00000ABC 00001.00000000  .00000000  00000-0  00000+0 0    00
2 00854  42.0000 230.0000 0000001   0.0000 255.0000 14.86143795    01
Kuiper-610 854
1 00855U 00000ABC 00001.00000000  .00000000  00000-0  00000+0 0    01
2 00855  42.0000 230.0000 0000001   0.0000 265.0000 14.86143795    03
Kuiper-610 855
1 00856U 00000ABC 00001.00000000  .00000000  00000-0  00000+0 0    02
2 00856  42.0000 230.0000 0000001   0.0000 275.0000 14.86143795    05
Kuiper-610 856
1 00857U 00000ABC 00001.00000000  .00000000  00000-0  00000+0 0    03
2 00857  42.0000 230.0000 0000001   0.0000 285.0000 14.86143795    07
Kuiper-610 857
1 00858U 00000ABC 00001.00000000  .00000000  00000-0  00000+0 0    04
2 00858  42.0000 230.0000 0000001   0.0000 295.0000 14.86143795    09
Kuiper-610 858
1 00859U 00000ABC 00001.00000000  .00000000  00000-0  00000+0 0    05
2 00859  42.0000 230.0000 0000001   0.0000 305.0000 14.86143795    02
Kuiper-610 859
1 00860U 00000ABC 00001.00000000  .00000000  00000-0  00000+0 0    07
2 00860  42.0000 230.0000 0000001   0.0000 315.0000 14.86143795    05
Kuiper-610 860
1 00861U 00000ABC 00001.00000000  .00000000  00000-0  00000+0 0    08
2 00861  42.0000 230.0000 0000001   0.0000 325.0000 14.86143795    07
Kuiper-610 861
1 00862U 00000ABC 00001.00000000  .00000000  00000-0  00000+0 0    09
2 00862  42.0000 230.0000 0000001   0.0000 335.0000 14.86143795    09
Kuiper-610 862
1 00863U 00000ABC 00001.00000000  .00000000  00000-0  00000+0 0    00
2 00863  42.0000 230.0000 0000001   0.0000 345.0000 14.86143795    01
Kuiper-610 863
1 00864U 00000ABC 00001.00000000  .00000000  00000-0  00000+0 0    01
2 00864  42.0000 230.0000 0000001   0.0000 355.0000 14.86143795    03
Kuiper-610 864
1 00865U 00000ABC 00001.00000000  .00000000  00000-0  00000+0 0    02
2 00865  42.0000 240.0000 0000001   0.0000   0.0000 14.86143795    02
Kuiper-610 865
1 00866U 00000ABC 00001.00000000  .00000000  00000-0  00000+0 0    03
2 00866  42.0000 240.0000 0000001   0.0000  10.0000 14.86143795    04
Kuiper-610 866
1 00867U 00000ABC 00001.00000000  .00000000  00000-0  00000+0 0    04
2 00867  42.0000 240.0000 0000001   0.0000  20.0000 14.86143795    06
Kuiper-610 867
1 00868U 00000ABC 00001.00000000  .00000000  00000-0  00000+0 0    05
2 00868  42.0000 240.0000 0000001   0.0000  30.0000 14.86143795    08
Kuiper-610 868
1 00869U 00000ABC 00001.00000000  .00000000  00000-0  00000+0 0    06
2 00869  42.0000 240.0000 0000001   0.0000  40.0000 14.86143795    00
Kuiper-610 869
1 00870U 00000ABC 00001.00000000  .00000000  00000-0  00000+0 0    08
2 00870  42.0000 240.0000 0000001   0.0000  50.0000 14.86143795    03
Kuiper-610 870
1 00871U 00000ABC 00001.00000000  .00000000  00000-0  00000+0 0    09
2 00871  42.0000 240.0000 0000001   0.0000  60.0000 14.86143795    05
Kuiper-610 871
1 00872U 00000ABC 00001.00000000  .00000000  00000-0  00000+0 0    00
2 00872  42.0000 240.0000 0000001   0.0000  70.0000 14.86143795    07
Kuiper-610 872
1 00873U 00000ABC 00001.00000000  .00000000  00000-0  00000+0 0    01
2 00873  42.0000 240.0000 0000001   0.0000  80.0000 14.86143795    09
Kuiper-610 873
1 00874U 00000ABC 00001.00000000  .00000000  00000-0  00000+0 0    02
2 00874  42.0000 240.0000 0000001   0.0000  90.0000 14.86143795    01
Kuiper-610 874
1 00875U 00000ABC 00001.00000000  .00000000  00000-0  00000+0 0    03
2 00875  42.0000 240.0000 0000001   0.0000 100.0000 14.86143795    04
Kuiper-610 875
1 00876U 00000ABC 00001.00000000  .00000000  00000-0  00000+0 0    04
2 00876  42.0000 240.0000 0000001   0.0000 110.0000 14.86143795    06
Kuiper-610 876
1 00877U 00000ABC 00001.00000000  .00000000  00000-0  00000+0 0    05
2 00877  42.0000 240.0000 0000001   0.0000 120.0000 14.86143795    08
Kuiper-610 877
1 00878U 00000ABC 00001.00000000  .00000000  00000-0  00000+0 0    06
2 00878  42.0000 240.0000 0000001   0.0000 130.0000 14.86143795    00
Kuiper-610 878
1 00879U 00000ABC 00001.00000000  .00000000  00000-0  00000+0 0    07
2 00879  42.0000 240.0000 0000001   0.0000 140.0000 14.86143795    02
Kuiper-610 879
1 00880U 00000ABC 00001.00000000  .00000000  00000-0  00000+0 0    09
2 00880  42.0000 240.0000 0000001   0.0000 150.0000 14.86143795    05
Kuiper-610 880
1 00881U 00000ABC 00001.00000000  .00000000  00000-0  00000+0 0    00
2 00881  42.0000 240.0000 0000001   0.0000 160.0000 14.86143795    07
Kuiper-610 881
1 00882U 00000ABC 00001.00000000  .00000000  00000-0  00000+0 0    01
2 00882  42.0000 240.0000 0000001   0.0000 170.0000 14.86143795    09
Kuiper-610 882
1 00883U 00000ABC 00001.00000000  .00000000  00000-0  00000+0 0    02
2 00883  42.0000 240.0000 0000001   0.0000 180.0000 14.86143795    01
Kuiper-610 883
1 00884U 00000ABC 00001.00000000  .00000000  00000-0  00000+0 0    03
2 00884  42.0000 240.0000 0000001   0.0000 190.0000 14.86143795    03
Kuiper-610 884
1 00885U 00000ABC 00001.00000000  .00000000  00000-0  00000+0 0    04
2 00885  42.0000 240.0000 0000001   0.0000 200.0000 14.86143795    06
Kuiper-610 885
1 00886U 00000ABC 00001.00000000  .00000000  00000-0  00000+0 0    05
2 00886  42.0000 240.0000 0000001   0.0000 210.0000 14.86143795    08
Kuiper-610 886
1 00887U 00000ABC 00001.00000000  .00000000  00000-0  00000+0 0    06
2 00887  42.0000 240.0000 0000001   0.0000 220.0000 14.86143795    00
Kuiper-610 887
1 00888U 00000ABC 00001.00000000  .00000000  00000-0  00000+0 0    07
2 00888  42.0000 240.0000 0000001   0.0000 230.0000 14.86143795    02
Kuiper-610 888
1 00889U 00000ABC 00001.00000000  .00000000  00000-0  00000+0 0    08
2 00889  42.0000 240.0000 0000001   0.0000 240.0000 14.86143795    04
Kuiper-610 889
1 00890U 00000ABC 00001.00000000  .00000000  00000-0  00000+0 0    00
2 00890  42.0000 240.0000 0000001   0.0000 250.0000 14.86143795    07
Kuiper-610 890
1 00891U 00000ABC 00001.00000000  .00000000  00000-0  00000+0 0    01
2 00891  42.0000 240.0000 0000001   0.0000 260.0000 14.86143795    09
Kuiper-610 891
1 00892U 00000ABC 00001.00000000  .00000000  00000-0  00000+0 0    02
2 00892  42.0000 240.0000 0000001   0.0000 270.0000 14.86143795    01
Kuiper-610 892
1 00893U 00000ABC 00001.00000000  .00000000  00000-0  00000+0 0    03
2 00893  42.0000 240.0000 0000001   0.0000 280.0000 14.86143795    03
Kuiper-610 893
1 00894U 00000ABC 00001.00000000  .00000000  00000-0  00000+0 0    04
2 00894  42.0000 240.0000 0000001   0.0000 290.0000 14.86143795    05
Kuiper-610 894
1 00895U 00000ABC 00001.00000000  .00000000  00000-0  00000+0 0    05
2 00895  42.0000 240.0000 0000001   0.0000 300.0000 14.86143795    08
Kuiper-610 895
1 00896U 00000ABC 00001.00000000  .00000000  00000-0  00000+0 0    06
2 00896  42.0000 240.0000 0000001   0.0000 310.0000 14.86143795    00
Kuiper-610 896
1 00897U 00000ABC 00001.00000000  .00000000  00000-0  00000+0 0    07
2 00897  42.0000 240.0000 0000001   0.0000 320.0000 14.86143795    02
Kuiper-610 897
1 00898U 00000ABC 00001.00000000  .00000000  00000-0  00000+0 0    08
2 00898  42.0000 240.0000 0000001   0.0000 330.0000 14.86143795    04
Kuiper-610 898
1 00899U 00000ABC 00001.00000000  .00000000  00000-0  00000+0 0    09
2 00899  42.0000 240.0000 0000001   0.0000 340.0000 14.86143795    06
Kuiper-610 899
1 00900U 00000ABC 00001.00000000  .00000000  00000-0  00000+0 0    02
2 00900  42.0000 240.0000 0000001   0.0000 350.0000 14.86143795    00
Kuiper-610 900
1 00901U 00000ABC 00001.00000000  .00000000  00000-0  00000+0 0    03
2 00901  42.0000 250.0000 0000001   0.0000   5.0000 14.86143795    09
Kuiper-610 901
1 00902U 00000ABC 00001.00000000  .00000000  00000-0  00000+0 0    04
2 00902  42.0000 250.0000 0000001   0.0000  15.0000 14.86143795    01
Kuiper-610 902
1 00903U 00000ABC 00001.00000000  .00000000  00000-0  00000+0 0    05
2 00903  42.0000 250.0000 0000001   0.0000  25.0000 14.86143795    03
Kuiper-610 903
1 00904U 00000ABC 00001.00000000  .00000000  00000-0  00000+0 0    06
2 00904  42.0000 250.0000 0000001   0.0000  35.0000 14.86143795    05
Kuiper-610 904
1 00905U 00000ABC 00001.00000000  .00000000  00000-0  00000+0 0    07
2 00905  42.0000 250.0000 0000001   0.0000  45.0000 14.86143795    07
Kuiper-610 905
1 00906U 00000ABC 00001.00000000  .00000000  00000-0  00000+0 0    08
2 00906  42.0000 250.0000 0000001   0.0000  55.0000 14.86143795    09
Kuiper-610 906
1 00907U 00000ABC 00001.00000000  .00000000  00000-0  00000+0 0    09
2 00907  42.0000 250.0000 0000001   0.0000  65.0000 14.86143795    01
Kuiper-610 907
1 00908U 00000ABC 00001.00000000  .00000000  00000-0  00000+0 0    00
2 00908  42.0000 250.0000 0000001   0.0000  75.0000 14.86143795    03
Kuiper-610 908
1 00909U 00000ABC 00001.00000000  .00000000  00000-0  00000+0 0    01
2 00909  42.0000 250.0000 0000001   0.0000  85.0000 14.86143795    05
Kuiper-610 909
1 00910U 00000ABC 00001.00000000  .00000000  00000-0  00000+0 0    03
2 00910  42.0000 250.0000 0000001   0.0000  95.0000 14.86143795    08
Kuiper-610 910
1 00911U 00000ABC 00001.00000000  .00000000  00000-0  00000+0 0    04
2 00911  42.0000 250.0000 0000001   0.0000 105.0000 14.86143795    01
Kuiper-610 911
1 00912U 00000ABC 00001.00000000  .00000000  00000-0  00000+0 0    05
2 00912  42.0000 250.0000 0000001   0.0000 115.0000 14.86143795    03
Kuiper-610 912
1 00913U 00000ABC 00001.00000000  .00000000  00000-0  00000+0 0    06
2 00913  42.0000 250.0000 0000001   0.0000 125.0000 14.86143795    05
Kuiper-610 913
1 00914U 00000ABC 00001.00000000  .00000000  00000-0  00000+0 0    07
2 00914  42.0000 250.0000 0000001   0.0000 135.0000 14.86143795    07
Kuiper-610 914
1 00915U 00000ABC 00001.00000000  .00000000  00000-0  00000+0 0    08
2 00915  42.0000 250.0000 0000001   0.0000 145.0000 14.86143795    09
Kuiper-610 915
1 00916U 00000ABC 00001.00000000  .00000000  00000-0  00000+0 0    09
2 00916  42.0000 250.0000 0000001   0.0000 155.0000 14.86143795    01
Kuiper-610 916
1 00917U 00000ABC 00001.00000000  .00000000  00000-0  00000+0 0    00
2 00917  42.0000 250.0000 0000001   0.0000 165.0000 14.86143795    03
Kuiper-610 917
1 00918U 00000ABC 00001.00000000  .00000000  00000-0  00000+0 0    01
2 00918  42.0000 250.0000 0000001   0.0000 175.0000 14.86143795    05
Kuiper-610 918
1 00919U 00000ABC 00001.00000000  .00000000  00000-0  00000+0 0    02
2 00919  42.0000 250.0000 0000001   0.0000 185.0000 14.86143795    07
Kuiper-610 919
1 00920U 00000ABC 00001.00000000  .00000000  00000-0  00000+0 0    04
2 00920  42.0000 250.0000 0000001   0.0000 195.0000 14.86143795    00
Kuiper-610 920
1 00921U 00000ABC 00001.00000000  .00000000  00000-0  00000+0 0    05
2 00921  42.0000 250.0000 0000001   0.0000 205.0000 14.86143795    03
Kuiper-610 921
1 00922U 00000ABC 00001.00000000  .00000000  00000-0  00000+0 0    06
2 00922  42.0000 250.0000 0000001   0.0000 215.0000 14.86143795    05
Kuiper-610 922
1 00923U 00000ABC 00001.00000000  .00000000  00000-0  00000+0 0    07
2 00923  42.0000 250.0000 0000001   0.0000 225.0000 14.86143795    07
Kuiper-610 923
1 00924U 00000ABC 00001.00000000  .00000000  00000-0  00000+0 0    08
2 00924  42.0000 250.0000 0000001   0.0000 235.0000 14.86143795    09
Kuiper-610 924
1 00925U 00000ABC 00001.00000000  .00000000  00000-0  00000+0 0    09
2 00925  42.0000 250.0000 0000001   0.0000 245.0000 14.86143795    01
Kuiper-610 925
1 00926U 00000ABC 00001.00000000  .00000000  00000-0  00000+0 0    00
2 00926  42.0000 250.0000 0000001   0.0000 255.0000 14.86143795    03
Kuiper-610 926
1 00927U 00000ABC 00001.00000000  .00000000  00000-0  00000+0 0    01
2 00927  42.0000 250.0000 0000001   0.0000 265.0000 14.86143795    05
Kuiper-610 927
1 00928U 00000ABC 00001.00000000  .00000000  00000-0  00000+0 0    02
2 00928  42.0000 250.0000 0000001   0.0000 275.0000 14.86143795    07
Kuiper-610 928
1 00929U 00000ABC 00001.00000000  .00000000  00000-0  00000+0 0    03
2 00929  42.0000 250.0000 0000001   0.0000 285.0000 14.86143795    09
Kuiper-610 929
1 00930U 00000ABC 00001.00000000  .00000000  00000-0  00000+0 0    05
2 00930  42.0000 250.0000 0000001   0.0000 295.0000 14.86143795    02
Kuiper-610 930
1 00931U 00000ABC 00001.00000000  .00000000  00000-0  00000+0 0    06
2 00931  42.0000 250.0000 0000001   0.0000 305.0000 14.86143795    05
Kuiper-610 931
1 00932U 00000ABC 00001.00000000  .00000000  00000-0  00000+0 0    07
2 00932  42.0000 250.0000 0000001   0.0000 315.0000 14.86143795    07
Kuiper-610 932
1 00933U 00000ABC 00001.00000000  .00000000  00000-0  00000+0 0    08
2 00933  42.0000 250.0000 0000001   0.0000 325.0000 14.86143795    09
Kuiper-610 933
1 00934U 00000ABC 00001.00000000  .00000000  00000-0  00000+0 0    09
2 00934  42.0000 250.0000 0000001   0.0000 335.0000 14.86143795    01
Kuiper-610 934
1 00935U 00000ABC 00001.00000000  .00000000  00000-0  00000+0 0    00
2 00935  42.0000 250.0000 0000001   0.0000 345.0000 14.86143795    03
Kuiper-610 935
1 00936U 00000ABC 00001.00000000  .00000000  00000-0  00000+0 0    01
2 00936  42.0000 250.0000 0000001   0.0000 355.0000 14.86143795    05
Kuiper-610 936
1 00937U 00000ABC 00001.00000000  .00000000  00000-0  00000+0 0    02
2 00937  42.0000 260.0000 0000001   0.0000   0.0000 14.86143795    04
Kuiper-610 937
1 00938U 00000ABC 00001.00000000  .00000000  00000-0  00000+0 0    03
2 00938  42.0000 260.0000 0000001   0.0000  10.0000 14.86143795    06
Kuiper-610 938
1 00939U 00000ABC 00001.00000000  .00000000  00000-0  00000+0 0    04
2 00939  42.0000 260.0000 0000001   0.0000  20.0000 14.86143795    08
Kuiper-610 939
1 00940U 00000ABC 00001.00000000  .00000000  00000-0  00000+0 0    06
2 00940  42.0000 260.0000 0000001   0.0000  30.0000 14.86143795    01
Kuiper-610 940
1 00941U 00000ABC 00001.00000000  .00000000  00000-0  00000+0 0    07
2 00941  42.0000 260.0000 0000001   0.0000  40.0000 14.86143795    03
Kuiper-610 941
1 00942U 00000ABC 00001.00000000  .00000000  00000-0  00000+0 0    08
2 00942  42.0000 260.0000 0000001   0.0000  50.0000 14.86143795    05
Kuiper-610 942
1 00943U 00000ABC 00001.00000000  .00000000  00000-0  00000+0 0    09
2 00943  42.0000 260.0000 0000001   0.0000  60.0000 14.86143795    07
Kuiper-610 943
1 00944U 00000ABC 00001.00000000  .00000000  00000-0  00000+0 0    00
2 00944  42.0000 260.0000 0000001   0.0000  70.0000 14.86143795    09
Kuiper-610 944
1 00945U 00000ABC 00001.00000000  .00000000  00000-0  00000+0 0    01
2 00945  42.0000 260.0000 0000001   0.0000  80.0000 14.86143795    01
Kuiper-610 945
1 00946U 00000ABC 00001.00000000  .00000000  00000-0  00000+0 0    02
2 00946  42.0000 260.0000 0000001   0.0000  90.0000 14.86143795    03
Kuiper-610 946
1 00947U 00000ABC 00001.00000000  .00000000  00000-0  00000+0 0    03
2 00947  42.0000 260.0000 0000001   0.0000 100.0000 14.86143795    06
Kuiper-610 947
1 00948U 00000ABC 00001.00000000  .00000000  00000-0  00000+0 0    04
2 00948  42.0000 260.0000 0000001   0.0000 110.0000 14.86143795    08
Kuiper-610 948
1 00949U 00000ABC 00001.00000000  .00000000  00000-0  00000+0 0    05
2 00949  42.0000 260.0000 0000001   0.0000 120.0000 14.86143795    00
Kuiper-610 949
1 00950U 00000ABC 00001.00000000  .00000000  00000-0  00000+0 0    07
2 00950  42.0000 260.0000 0000001   0.0000 130.0000 14.86143795    03
Kuiper-610 950
1 00951U 00000ABC 00001.00000000  .00000000  00000-0  00000+0 0    08
2 00951  42.0000 260.0000 0000001   0.0000 140.0000 14.86143795    05
Kuiper-610 951
1 00952U 00000ABC 00001.00000000  .00000000  00000-0  00000+0 0    09
2 00952  42.0000 260.0000 0000001   0.0000 150.0000 14.86143795    07
Kuiper-610 952
1 00953U 00000ABC 00001.00000000  .00000000  00000-0  00000+0 0    00
2 00953  42.0000 260.0000 0000001   0.0000 160.0000 14.86143795    09
Kuiper-610 953
1 00954U 00000ABC 00001.00000000  .00000000  00000-0  00000+0 0    01
2 00954  42.0000 260.0000 0000001   0.0000 170.0000 14.86143795    01
Kuiper-610 954
1 00955U 00000ABC 00001.00000000  .00000000  00000-0  00000+0 0    02
2 00955  42.0000 260.0000 0000001   0.0000 180.0000 14.86143795    03
Kuiper-610 955
1 00956U 00000ABC 00001.00000000  .00000000  00000-0  00000+0 0    03
2 00956  42.0000 260.0000 0000001   0.0000 190.0000 14.86143795    05
Kuiper-610 956
1 00957U 00000ABC 00001.00000000  .00000000  00000-0  00000+0 0    04
2 00957  42.0000 260.0000 0000001   0.0000 200.0000 14.86143795    08
Kuiper-610 957
1 00958U 00000ABC 00001.00000000  .00000000  00000-0  00000+0 0    05
2 00958  42.0000 260.0000 0000001   0.0000 210.0000 14.86143795    00
Kuiper-610 958
1 00959U 00000ABC 00001.00000000  .00000000  00000-0  00000+0 0    06
2 00959  42.0000 260.0000 0000001   0.0000 220.0000 14.86143795    02
Kuiper-610 959
1 00960U 00000ABC 00001.00000000  .00000000  00000-0  00000+0 0    08
2 00960  42.0000 260.0000 0000001   0.0000 230.0000 14.86143795    05
Kuiper-610 960
1 00961U 00000ABC 00001.00000000  .00000000  00000-0  00000+0 0    09
2 00961  42.0000 260.0000 0000001   0.0000 240.0000 14.86143795    07
Kuiper-610 961
1 00962U 00000ABC 00001.00000000  .00000000  00000-0  00000+0 0    00
2 00962  42.0000 260.0000 0000001   0.0000 250.0000 14.86143795    09
Kuiper-610 962
1 00963U 00000ABC 00001.00000000  .00000000  00000-0  00000+0 0    01
2 00963  42.0000 260.0000 0000001   0.0000 260.0000 14.86143795    01
Kuiper-610 963
1 00964U 00000ABC 00001.00000000  .00000000  00000-0  00000+0 0    02
2 00964  42.0000 260.0000 0000001   0.0000 270.0000 14.86143795    03
Kuiper-610 964
1 00965U 00000ABC 00001.00000000  .00000000  00000-0  00000+0 0    03
2 00965  42.0000 260.0000 0000001   0.0000 280.0000 14.86143795    05
Kuiper-610 965
1 00966U 00000ABC 00001.00000000  .00000000  00000-0  00000+0 0    04
2 00966  42.0000 260.0000 0000001   0.0000 290.0000 14.86143795    07
Kuiper-610 966
1 00967U 00000ABC 00001.00000000  .00000000  00000-0  00000+0 0    05
2 00967  42.0000 260.0000 0000001   0.0000 300.0000 14.86143795    00
Kuiper-610 967
1 00968U 00000ABC 00001.00000000  .00000000  00000-0  00000+0 0    06
2 00968  42.0000 260.0000 0000001   0.0000 310.0000 14.86143795    02
Kuiper-610 968
1 00969U 00000ABC 00001.00000000  .00000000  00000-0  00000+0 0    07
2 00969  42.0000 260.0000 0000001   0.0000 320.0000 14.86143795    04
Kuiper-610 969
1 00970U 00000ABC 00001.00000000  .00000000  00000-0  00000+0 0    09
2 00970  42.0000 260.0000 0000001   0.0000 330.0000 14.86143795    07
Kuiper-610 970
1 00971U 00000ABC 00001.00000000  .00000000  00000-0  00000+0 0    00
2 00971  42.0000 260.0000 0000001   0.0000 340.0000 14.86143795    09
Kuiper-610 971
1 00972U 00000ABC 00001.00000000  .00000000  00000-0  00000+0 0    01
2 00972  42.0000 260.0000 0000001   0.0000 350.0000 14.86143795    01
Kuiper-610 972
1 00973U 00000ABC 00001.00000000  .00000000  00000-0  00000+0 0    02
2 00973  42.0000 270.0000 0000001   0.0000   5.0000 14.86143795    00
Kuiper-610 973
1 00974U 00000ABC 00001.00000000  .00000000  00000-0  00000+0 0    03
2 00974  42.0000 270.0000 0000001   0.0000  15.0000 14.86143795    02
Kuiper-610 974
1 00975U 00000ABC 00001.00000000  .00000000  00000-0  00000+0 0    04
2 00975  42.0000 270.0000 0000001   0.0000  25.0000 14.86143795    04
Kuiper-610 975
1 00976U 00000ABC 00001.00000000  .00000000  00000-0  00000+0 0    05
2 00976  42.0000 270.0000 0000001   0.0000  35.0000 14.86143795    06
Kuiper-610 976
1 00977U 00000ABC 00001.00000000  .00000000  00000-0  00000+0 0    06
2 00977  42.0000 270.0000 0000001   0.0000  45.0000 14.86143795    08
Kuiper-610 977
1 00978U 00000ABC 00001.00000000  .00000000  00000-0  00000+0 0    07
2 00978  42.0000 270.0000 0000001   0.0000  55.0000 14.86143795    00
Kuiper-610 978
1 00979U 00000ABC 00001.00000000  .00000000  00000-0  00000+0 0    08
2 00979  42.0000 270.0000 0000001   0.0000  65.0000 14.86143795    02
Kuiper-610 979
1 00980U 00000ABC 00001.00000000  .00000000  00000-0  00000+0 0    00
2 00980  42.0000 270.0000 0000001   0.0000  75.0000 14.86143795    05
Kuiper-610 980
1 00981U 00000ABC 00001.00000000  .00000000  00000-0  00000+0 0    01
2 00981  42.0000 270.0000 0000001   0.0000  85.0000 14.86143795    07
Kuiper-610 981
1 00982U 00000ABC 00001.00000000  .00000000  00000-0  00000+0 0    02
2 00982  42.0000 270.0000 0000001   0.0000  95.0000 14.86143795    09
Kuiper-610 982
1 00983U 00000ABC 00001.00000000  .00000000  00000-0  00000+0 0    03
2 00983  42.0000 270.0000 0000001   0.0000 105.0000 14.86143795    02
Kuiper-610 983
1 00984U 00000ABC 00001.00000000  .00000000  00000-0  00000+0 0    04
2 00984  42.0000 270.0000 0000001   0.0000 115.0000 14.86143795    04
Kuiper-610 984
1 00985U 00000ABC 00001.00000000  .00000000  00000-0  00000+0 0    05
2 00985  42.0000 270.0000 0000001   0.0000 125.0000 14.86143795    06
Kuiper-610 985
1 00986U 00000ABC 00001.00000000  .00000000  00000-0  00000+0 0    06
2 00986  42.0000 270.0000 0000001   0.0000 135.0000 14.86143795    08
Kuiper-610 986
1 00987U 00000ABC 00001.00000000  .00000000  00000-0  00000+0 0    07
2 00987  42.0000 270.0000 0000001   0.0000 145.0000 14.86143795    00
Kuiper-610 987
1 00988U 00000ABC 00001.00000000  .00000000  00000-0  00000+0 0    08
2 00988  42.0000 270.0000 0000001   0.0000 155.0000 14.86143795    02
Kuiper-610 988
1 00989U 00000ABC 00001.00000000  .00000000  00000-0  00000+0 0    09
2 00989  42.0000 270.0000 0000001   0.0000 165.0000 14.86143795    04
Kuiper-610 989
1 00990U 00000ABC 00001.00000000  .00000000  00000-0  00000+0 0    01
2 00990  42.0000 270.0000 0000001   0.0000 175.0000 14.86143795    07
Kuiper-610 990
1 00991U 00000ABC 00001.00000000  .00000000  00000-0  00000+0 0    02
2 00991  42.0000 270.0000 0000001   0.0000 185.0000 14.86143795    09
Kuiper-610 991
1 00992U 00000ABC 00001.00000000  .00000000  00000-0  00000+0 0    03
2 00992  42.0000 270.0000 0000001   0.0000 195.0000 14.86143795    01
Kuiper-610 992
1 00993U 00000ABC 00001.00000000  .00000000  00000-0  00000+0 0    04
2 00993  42.0000 270.0000 0000001   0.0000 205.0000 14.86143795    04
Kuiper-610 993
1 00994U 00000ABC 00001.00000000  .00000000  00000-0  00000+0 0    05
2 00994  42.0000 270.0000 0000001   0.0000 215.0000 14.86143795    06
Kuiper-610 994
1 00995U 00000ABC 00001.00000000  .00000000  00000-0  00000+0 0    06
2 00995  42.0000 270.0000 0000001   0.0000 225.0000 14.86143795    08
Kuiper-610 995
1 00996U 00000ABC 00001.00000000  .00000000  00000-0  00000+0 0    07
2 00996  42.0000 270.0000 0000001   0.0000 235.0000 14.86143795    00
Kuiper-610 996
1 00997U 00000ABC 00001.00000000  .00000000  00000-0  00000+0 0    08
2 00997  42.0000 270.0000 0000001   0.0000 245.0000 14.86143795    02
Kuiper-610 997
1 00998U 00000ABC 00001.00000000  .00000000  00000-0  00000+0 0    09
2 00998  42.0000 270.0000 0000001   0.0000 255.0000 14.86143795    04
Kuiper-610 998
1 00999U 00000ABC 00001.00000000  .00000000  00000-0  00000+0 0    00
2 00999  42.0000 270.0000 0000001   0.0000 265.0000 14.86143795    06
Kuiper-610 999
1 01000U 00000ABC 00001.00000000  .00000000  00000-0  00000+0 0    04
2 01000  42.0000 270.0000 0000001   0.0000 275.0000 14.86143795    01
Kuiper-610 1000
1 01001U 00000ABC 00001.00000000  .00000000  00000-0  00000+0 0    05
2 01001  42.0000 270.0000 0000001   0.0000 285.0000 14.86143795    03
Kuiper-610 1001
1 01002U 00000ABC 00001.00000000  .00000000  00000-0  00000+0 0    06
2 01002  42.0000 270.0000 0000001   0.0000 295.0000 14.86143795    05
Kuiper-610 1002
1 01003U 00000ABC 00001.00000000  .00000000  00000-0  00000+0 0    07
2 01003  42.0000 270.0000 0000001   0.0000 305.0000 14.86143795    08
Kuiper-610 1003
1 01004U 00000ABC 00001.00000000  .00000000  00000-0  00000+0 0    08
2 01004  42.0000 270.0000 0000001   0.0000 315.0000 14.86143795    00
Kuiper-610 1004
1 01005U 00000ABC 00001.00000000  .00000000  00000-0  00000+0 0    09
2 01005  42.0000 270.0000 0000001   0.0000 325.0000 14.86143795    02
Kuiper-610 1005
1 01006U 00000ABC 00001.00000000  .00000000  00000-0  00000+0 0    00
2 01006  42.0000 270.0000 0000001   0.0000 335.0000 14.86143795    04
Kuiper-610 1006
1 01007U 00000ABC 00001.00000000  .00000000  00000-0  00000+0 0    01
2 01007  42.0000 270.0000 0000001   0.0000 345.0000 14.86143795    06
Kuiper-610 1007
1 01008U 00000ABC 00001.00000000  .00000000  00000-0  00000+0 0    02
2 01008  42.0000 270.0000 0000001   0.0000 355.0000 14.86143795    08
Kuiper-610 1008
1 01009U 00000ABC 00001.00000000  .00000000  00000-0  00000+0 0    03
2 01009  42.0000 280.0000 0000001   0.0000   0.0000 14.86143795    07
Kuiper-610 1009
1 01010U 00000ABC 00001.00000000  .00000000  00000-0  00000+0 0    05
2 01010  42.0000 280.0000 0000001   0.0000  10.0000 14.86143795    00
Kuiper-610 1010
1 01011U 00000ABC 00001.00000000  .00000000  00000-0  00000+0 0    06
2 01011  42.0000 280.0000 0000001   0.0000  20.0000 14.86143795    02
Kuiper-610 1011
1 01012U 00000ABC 00001.00000000  .00000000  00000-0  00000+0 0    07
2 01012  42.0000 280.0000 0000001   0.0000  30.0000 14.86143795    04
Kuiper-610 1012
1 01013U 00000ABC 00001.00000000  .00000000  00000-0  00000+0 0    08
2 01013  42.0000 280.0000 0000001   0.0000  40.0000 14.86143795    06
Kuiper-610 1013
1 01014U 00000ABC 00001.00000000  .00000000  00000-0  00000+0 0    09
2 01014  42.0000 280.0000 0000001   0.0000  50.0000 14.86143795    08
Kuiper-610 1014
1 01015U 00000ABC 00001.00000000  .00000000  00000-0  00000+0 0    00
2 01015  42.0000 280.0000 0000001   0.0000  60.0000 14.86143795    00
Kuiper-610 1015
1 01016U 00000ABC 00001.00000000  .00000000  00000-0  00000+0 0    01
2 01016  42.0000 280.0000 0000001   0.0000  70.0000 14.86143795    02
Kuiper-610 1016
1 01017U 00000ABC 00001.00000000  .00000000  00000-0  00000+0 0    02
2 01017  42.0000 280.0000 0000001   0.0000  80.0000 14.86143795    04
Kuiper-610 1017
1 01018U 00000ABC 00001.00000000  .00000000  00000-0  00000+0 0    03
2 01018  42.0000 280.0000 0000001   0.0000  90.0000 14.86143795    06
Kuiper-610 1018
1 01019U 00000ABC 00001.00000000  .00000000  00000-0  00000+0 0    04
2 01019  42.0000 280.0000 0000001   0.0000 100.0000 14.86143795    09
Kuiper-610 1019
1 01020U 00000ABC 00001.00000000  .00000000  00000-0  00000+0 0    06
2 01020  42.0000 280.0000 0000001   0.0000 110.0000 14.86143795    02
Kuiper-610 1020
1 01021U 00000ABC 00001.00000000  .00000000  00000-0  00000+0 0    07
2 01021  42.0000 280.0000 0000001   0.0000 120.0000 14.86143795    04
Kuiper-610 1021
1 01022U 00000ABC 00001.00000000  .00000000  00000-0  00000+0 0    08
2 01022  42.0000 280.0000 0000001   0.0000 130.0000 14.86143795    06
Kuiper-610 1022
1 01023U 00000ABC 00001.00000000  .00000000  00000-0  00000+0 0    09
2 01023  42.0000 280.0000 0000001   0.0000 140.0000 14.86143795    08
Kuiper-610 1023
1 01024U 00000ABC 00001.00000000  .00000000  00000-0  00000+0 0    00
2 01024  42.0000 280.0000 0000001   0.0000 150.0000 14.86143795    00
Kuiper-610 1024
1 01025U 00000ABC 00001.00000000  .00000000  00000-0  00000+0 0    01
2 01025  42.0000 280.0000 0000001   0.0000 160.0000 14.86143795    02
Kuiper-610 1025
1 01026U 00000ABC 00001.00000000  .00000000  00000-0  00000+0 0    02
2 01026  42.0000 280.0000 0000001   0.0000 170.0000 14.86143795    04
Kuiper-610 1026
1 01027U 00000ABC 00001.00000000  .00000000  00000-0  00000+0 0    03
2 01027  42.0000 280.0000 0000001   0.0000 180.0000 14.86143795    06
Kuiper-610 1027
1 01028U 00000ABC 00001.00000000  .00000000  00000-0  00000+0 0    04
2 01028  42.0000 280.0000 0000001   0.0000 190.0000 14.86143795    08
Kuiper-610 1028
1 01029U 00000ABC 00001.00000000  .00000000  00000-0  00000+0 0    05
2 01029  42.0000 280.0000 0000001   0.0000 200.0000 14.86143795    01
Kuiper-610 1029
1 01030U 00000ABC 00001.00000000  .00000000  00000-0  00000+0 0    07
2 01030  42.0000 280.0000 0000001   0.0000 210.0000 14.86143795    04
Kuiper-610 1030
1 01031U 00000ABC 00001.00000000  .00000000  00000-0  00000+0 0    08
2 01031  42.0000 280.0000 0000001   0.0000 220.0000 14.86143795    06
Kuiper-610 1031
1 01032U 00000ABC 00001.00000000  .00000000  00000-0  00000+0 0    09
2 01032  42.0000 280.0000 0000001   0.0000 230.0000 14.86143795    08
Kuiper-610 1032
1 01033U 00000ABC 00001.00000000  .00000000  00000-0  00000+0 0    00
2 01033  42.0000 280.0000 0000001   0.0000 240.0000 14.86143795    00
Kuiper-610 1033
1 01034U 00000ABC 00001.00000000  .00000000  00000-0  00000+0 0    01
2 01034  42.0000 280.0000 0000001   0.0000 250.0000 14.86143795    02
Kuiper-610 1034
1 01035U 00000ABC 00001.00000000  .00000000  00000-0  00000+0 0    02
2 01035  42.0000 280.0000 0000001   0.0000 260.0000 14.86143795    04
Kuiper-610 1035
1 01036U 00000ABC 00001.00000000  .00000000  00000-0  00000+0 0    03
2 01036  42.0000 280.0000 0000001   0.0000 270.0000 14.86143795    06
Kuiper-610 1036
1 01037U 00000ABC 00001.00000000  .00000000  00000-0  00000+0 0    04
2 01037  42.0000 280.0000 0000001   0.0000 280.0000 14.86143795    08
Kuiper-610 1037
1 01038U 00000ABC 00001.00000000  .00000000  00000-0  00000+0 0    05
2 01038  42.0000 280.0000 0000001   0.0000 290.0000 14.86143795    00
Kuiper-610 1038
1 01039U 00000ABC 00001.00000000  .00000000  00000-0  00000+0 0    06
2 01039  42.0000 280.0000 0000001   0.0000 300.0000 14.86143795    03
Kuiper-610 1039
1 01040U 00000ABC 00001.00000000  .00000000  00000-0  00000+0 0    08
2 01040  42.0000 280.0000 0000001   0.0000 310.0000 14.86143795    06
Kuiper-610 1040
1 01041U 00000ABC 00001.00000000  .00000000  00000-0  00000+0 0    09
2 01041  42.0000 280.0000 0000001   0.0000 320.0000 14.86143795    08
Kuiper-610 1041
1 01042U 00000ABC 00001.00000000  .00000000  00000-0  00000+0 0    00
2 01042  42.0000 280.0000 0000001   0.0000 330.0000 14.86143795    00
Kuiper-610 1042
1 01043U 00000ABC 00001.00000000  .00000000  00000-0  00000+0 0    01
2 01043  42.0000 280.0000 0000001   0.0000 340.0000 14.86143795    02
Kuiper-610 1043
1 01044U 00000ABC 00001.00000000  .00000000  00000-0  00000+0 0    02
2 01044  42.0000 280.0000 0000001   0.0000 350.0000 14.86143795    04
Kuiper-610 1044
1 01045U 00000ABC 00001.00000000  .00000000  00000-0  00000+0 0    03
2 01045  42.0000 290.0000 0000001   0.0000   5.0000 14.86143795    03
Kuiper-610 1045
1 01046U 00000ABC 00001.00000000  .00000000  00000-0  00000+0 0    04
2 01046  42.0000 290.0000 0000001   0.0000  15.0000 14.86143795    05
Kuiper-610 1046
1 01047U 00000ABC 00001.00000000  .00000000  00000-0  00000+0 0    05
2 01047  42.0000 290.0000 0000001   0.0000  25.0000 14.86143795    07
Kuiper-610 1047
1 01048U 00000ABC 00001.00000000  .00000000  00000-0  00000+0 0    06
2 01048  42.0000 290.0000 0000001   0.0000  35.0000 14.86143795    09
Kuiper-610 1048
1 01049U 00000ABC 00001.00000000  .00000000  00000-0  00000+0 0    07
2 01049  42.0000 290.0000 0000001   0.0000  45.0000 14.86143795    01
Kuiper-610 1049
1 01050U 00000ABC 00001.00000000  .00000000  00000-0  00000+0 0    09
2 01050  42.0000 290.0000 0000001   0.0000  55.0000 14.86143795    04
Kuiper-610 1050
1 01051U 00000ABC 00001.00000000  .00000000  00000-0  00000+0 0    00
2 01051  42.0000 290.0000 0000001   0.0000  65.0000 14.86143795    06
Kuiper-610 1051
1 01052U 00000ABC 00001.00000000  .00000000  00000-0  00000+0 0    01
2 01052  42.0000 290.0000 0000001   0.0000  75.0000 14.86143795    08
Kuiper-610 1052
1 01053U 00000ABC 00001.00000000  .00000000  00000-0  00000+0 0    02
2 01053  42.0000 290.0000 0000001   0.0000  85.0000 14.86143795    00
Kuiper-610 1053
1 01054U 00000ABC 00001.00000000  .00000000  00000-0  00000+0 0    03
2 01054  42.0000 290.0000 0000001   0.0000  95.0000 14.86143795    02
Kuiper-610 1054
1 01055U 00000ABC 00001.00000000  .00000000  00000-0  00000+0 0    04
2 01055  42.0000 290.0000 0000001   0.0000 105.0000 14.86143795    05
Kuiper-610 1055
1 01056U 00000ABC 00001.00000000  .00000000  00000-0  00000+0 0    05
2 01056  42.0000 290.0000 0000001   0.0000 115.0000 14.86143795    07
Kuiper-610 1056
1 01057U 00000ABC 00001.00000000  .00000000  00000-0  00000+0 0    06
2 01057  42.0000 290.0000 0000001   0.0000 125.0000 14.86143795    09
Kuiper-610 1057
1 01058U 00000ABC 00001.00000000  .00000000  00000-0  00000+0 0    07
2 01058  42.0000 290.0000 0000001   0.0000 135.0000 14.86143795    01
Kuiper-610 1058
1 01059U 00000ABC 00001.00000000  .00000000  00000-0  00000+0 0    08
2 01059  42.0000 290.0000 0000001   0.0000 145.0000 14.86143795    03
Kuiper-610 1059
1 01060U 00000ABC 00001.00000000  .00000000  00000-0  00000+0 0    00
2 01060  42.0000 290.0000 0000001   0.0000 155.0000 14.86143795    06
Kuiper-610 1060
1 01061U 00000ABC 00001.00000000  .00000000  00000-0  00000+0 0    01
2 01061  42.0000 290.0000 0000001   0.0000 165.0000 14.86143795    08
Kuiper-610 1061
1 01062U 00000ABC 00001.00000000  .00000000  00000-0  00000+0 0    02
2 01062  42.0000 290.0000 0000001   0.0000 175.0000 14.86143795    00
Kuiper-610 1062
1 01063U 00000ABC 00001.00000000  .00000000  00000-0  00000+0 0    03
2 01063  42.0000 290.0000 0000001   0.0000 185.0000 14.86143795    02
Kuiper-610 1063
1 01064U 00000ABC 00001.00000000  .00000000  00000-0  00000+0 0    04
2 01064  42.0000 290.0000 0000001   0.0000 195.0000 14.86143795    04
Kuiper-610 1064
1 01065U 00000ABC 00001.00000000  .00000000  00000-0  00000+0 0    05
2 01065  42.0000 290.0000 0000001   0.0000 205.0000 14.86143795    07
Kuiper-610 1065
1 01066U 00000ABC 00001.00000000  .00000000  00000-0  00000+0 0    06
2 01066  42.0000 290.0000 0000001   0.0000 215.0000 14.86143795    09
Kuiper-610 1066
1 01067U 00000ABC 00001.00000000  .00000000  00000-0  00000+0 0    07
2 01067  42.0000 290.0000 0000001   0.0000 225.0000 14.86143795    01
Kuiper-610 1067
1 01068U 00000ABC 00001.00000000  .00000000  00000-0  00000+0 0    08
2 01068  42.0000 290.0000 0000001   0.0000 235.0000 14.86143795    03
Kuiper-610 1068
1 01069U 00000ABC 00001.00000000  .00000000  00000-0  00000+0 0    09
2 01069  42.0000 290.0000 0000001   0.0000 245.0000 14.86143795    05
Kuiper-610 1069
1 01070U 00000ABC 00001.00000000  .00000000  00000-0  00000+0 0    01
2 01070  42.0000 290.0000 0000001   0.0000 255.0000 14.86143795    08
Kuiper-610 1070
1 01071U 00000ABC 00001.00000000  .00000000  00000-0  00000+0 0    02
2 01071  42.0000 290.0000 0000001   0.0000 265.0000 14.86143795    00
Kuiper-610 1071
1 01072U 00000ABC 00001.00000000  .00000000  00000-0  00000+0 0    03
2 01072  42.0000 290.0000 0000001   0.0000 275.0000 14.86143795    02
Kuiper-610 1072
1 01073U 00000ABC 00001.00000000  .00000000  00000-0  00000+0 0    04
2 01073  42.0000 290.0000 0000001   0.0000 285.0000 14.86143795    04
Kuiper-610 1073
1 01074U 00000ABC 00001.00000000  .00000000  00000-0  00000+0 0    05
2 01074  42.0000 290.0000 0000001   0.0000 295.0000 14.86143795    06
Kuiper-610 1074
1 01075U 00000ABC 00001.00000000  .00000000  00000-0  00000+0 0    06
2 01075  42.0000 290.0000 0000001   0.0000 305.0000 14.86143795    09
Kuiper-610 1075
1 01076U 00000ABC 00001.00000000  .00000000  00000-0  00000+0 0    07
2 01076  42.0000 290.0000 0000001   0.0000 315.0000 14.86143795    01
Kuiper-610 1076
1 01077U 00000ABC 00001.00000000  .00000000  00000-0  00000+0 0    08
2 01077  42.0000 290.0000 0000001   0.0000 325.0000 14.86143795    03
Kuiper-610 1077
1 01078U 00000ABC 00001.00000000  .00000000  00000-0  00000+0 0    09
2 01078  42.0000 290.0000 0000001   0.0000 335.0000 14.86143795    05
Kuiper-610 1078
1 01079U 00000ABC 00001.00000000  .00000000  00000-0  00000+0 0    00
2 01079  42.0000 290.0000 0000001   0.0000 345.0000 14.86143795    07
Kuiper-610 1079
1 01080U 00000ABC 00001.00000000  .00000000  00000-0  00000+0 0    02
2 01080  42.0000 290.0000 0000001   0.0000 355.0000 14.86143795    00
Kuiper-610 1080
1 01081U 00000ABC 00001.00000000  .00000000  00000-0  00000+0 0    03
2 01081  42.0000 300.0000 0000001   0.0000   0.0000 14.86143795    00
Kuiper-610 1081
1 01082U 00000ABC 00001.00000000  .00000000  00000-0  00000+0 0    04
2 01082  42.0000 300.0000 0000001   0.0000  10.0000 14.86143795    02
Kuiper-610 1082
1 01083U 00000ABC 00001.00000000  .00000000  00000-0  00000+0 0    05
2 01083  42.0000 300.0000 0000001   0.0000  20.0000 14.86143795    04
Kuiper-610 1083
1 01084U 00000ABC 00001.00000000  .00000000  00000-0  00000+0 0    06
2 01084  42.0000 300.0000 0000001   0.0000  30.0000 14.86143795    06
Kuiper-610 1084
1 01085U 00000ABC 00001.00000000  .00000000  00000-0  00000+0 0    07
2 01085  42.0000 300.0000 0000001   0.0000  40.0000 14.86143795    08
Kuiper-610 1085
1 01086U 00000ABC 00001.00000000  .00000000  00000-0  00000+0 0    08
2 01086  42.0000 300.0000 0000001   0.0000  50.0000 14.86143795    00
Kuiper-610 1086
1 01087U 00000ABC 00001.00000000  .00000000  00000-0  00000+0 0    09
2 01087  42.0000 300.0000 0000001   0.0000  60.0000 14.86143795    02
Kuiper-610 1087
1 01088U 00000ABC 00001.00000000  .00000000  00000-0  00000+0 0    00
2 01088  42.0000 300.0000 0000001   0.0000  70.0000 14.86143795    04
Kuiper-610 1088
1 01089U 00000ABC 00001.00000000  .00000000  00000-0  00000+0 0    01
2 01089  42.0000 300.0000 0000001   0.0000  80.0000 14.86143795    06
Kuiper-610 1089
1 01090U 00000ABC 00001.00000000  .00000000  00000-0  00000+0 0    03
2 01090  42.0000 300.0000 0000001   0.0000  90.0000 14.86143795    09
Kuiper-610 1090
1 01091U 00000ABC 00001.00000000  .00000000  00000-0  00000+0 0    04
2 01091  42.0000 300.0000 0000001   0.0000 100.0000 14.86143795    02
Kuiper-610 1091
1 01092U 00000ABC 00001.00000000  .00000000  00000-0  00000+0 0    05
2 01092  42.0000 300.0000 0000001   0.0000 110.0000 14.86143795    04
Kuiper-610 1092
1 01093U 00000ABC 00001.00000000  .00000000  00000-0  00000+0 0    06
2 01093  42.0000 300.0000 0000001   0.0000 120.0000 14.86143795    06
Kuiper-610 1093
1 01094U 00000ABC 00001.00000000  .00000000  00000-0  00000+0 0    07
2 01094  42.0000 300.0000 0000001   0.0000 130.0000 14.86143795    08
Kuiper-610 1094
1 01095U 00000ABC 00001.00000000  .00000000  00000-0  00000+0 0    08
2 01095  42.0000 300.0000 0000001   0.0000 140.0000 14.86143795    00
Kuiper-610 1095
1 01096U 00000ABC 00001.00000000  .00000000  00000-0  00000+0 0    09
2 01096  42.0000 300.0000 0000001   0.0000 150.0000 14.86143795    02
Kuiper-610 1096
1 01097U 00000ABC 00001.00000000  .00000000  00000-0  00000+0 0    00
2 01097  42.0000 300.0000 0000001   0.0000 160.0000 14.86143795    04
Kuiper-610 1097
1 01098U 00000ABC 00001.00000000  .00000000  00000-0  00000+0 0    01
2 01098  42.0000 300.0000 0000001   0.0000 170.0000 14.86143795    06
Kuiper-610 1098
1 01099U 00000ABC 00001.00000000  .00000000  00000-0  00000+0 0    02
2 01099  42.0000 300.0000 0000001   0.0000 180.0000 14.86143795    08
Kuiper-610 1099
1 01100U 00000ABC 00001.00000000  .00000000  00000-0  00000+0 0    05
2 01100  42.0000 300.0000 0000001   0.0000 190.0000 14.86143795    02
Kuiper-610 1100
1 01101U 00000ABC 00001.00000000  .00000000  00000-0  00000+0 0    06
2 01101  42.0000 300.0000 0000001   0.0000 200.0000 14.86143795    05
Kuiper-610 1101
1 01102U 00000ABC 00001.00000000  .00000000  00000-0  00000+0 0    07
2 01102  42.0000 300.0000 0000001   0.0000 210.0000 14.86143795    07
Kuiper-610 1102
1 01103U 00000ABC 00001.00000000  .00000000  00000-0  00000+0 0    08
2 01103  42.0000 300.0000 0000001   0.0000 220.0000 14.86143795    09
Kuiper-610 1103
1 01104U 00000ABC 00001.00000000  .00000000  00000-0  00000+0 0    09
2 01104  42.0000 300.0000 0000001   0.0000 230.0000 14.86143795    01
Kuiper-610 1104
1 01105U 00000ABC 00001.00000000  .00000000  00000-0  00000+0 0    00
2 01105  42.0000 300.0000 0000001   0.0000 240.0000 14.86143795    03
Kuiper-610 1105
1 01106U 00000ABC 00001.00000000  .00000000  00000-0  00000+0 0    01
2 01106  42.0000 300.0000 0000001   0.0000 250.0000 14.86143795    05
Kuiper-610 1106
1 01107U 00000ABC 00001.00000000  .00000000  00000-0  00000+0 0    02
2 01107  42.0000 300.0000 0000001   0.0000 260.0000 14.86143795    07
Kuiper-610 1107
1 01108U 00000ABC 00001.00000000  .00000000  00000-0  00000+0 0    03
2 01108  42.0000 300.0000 0000001   0.0000 270.0000 14.86143795    09
Kuiper-610 1108
1 01109U 00000ABC 00001.00000000  .00000000  00000-0  00000+0 0    04
2 01109  42.0000 300.0000 0000001   0.0000 280.0000 14.86143795    01
Kuiper-610 1109
1 01110U 00000ABC 00001.00000000  .00000000  00000-0  00000+0 0    06
2 01110  42.0000 300.0000 0000001   0.0000 290.0000 14.86143795    04
Kuiper-610 1110
1 01111U 00000ABC 00001.00000000  .00000000  00000-0  00000+0 0    07
2 01111  42.0000 300.0000 0000001   0.0000 300.0000 14.86143795    07
Kuiper-610 1111
1 01112U 00000ABC 00001.00000000  .00000000  00000-0  00000+0 0    08
2 01112  42.0000 300.0000 0000001   0.0000 310.0000 14.86143795    09
Kuiper-610 1112
1 01113U 00000ABC 00001.00000000  .00000000  00000-0  00000+0 0    09
2 01113  42.0000 300.0000 0000001   0.0000 320.0000 14.86143795    01
Kuiper-610 1113
1 01114U 00000ABC 00001.00000000  .00000000  00000-0  00000+0 0    00
2 01114  42.0000 300.0000 0000001   0.0000 330.0000 14.86143795    03
Kuiper-610 1114
1 01115U 00000ABC 00001.00000000  .00000000  00000-0  00000+0 0    01
2 01115  42.0000 300.0000 0000001   0.0000 340.0000 14.86143795    05
Kuiper-610 1115
1 01116U 00000ABC 00001.00000000  .00000000  00000-0  00000+0 0    02
2 01116  42.0000 300.0000 0000001   0.0000 350.0000 14.86143795    07
Kuiper-610 1116
1 01117U 00000ABC 00001.00000000  .00000000  00000-0  00000+0 0    03
2 01117  42.0000 310.0000 0000001   0.0000   5.0000 14.86143795    06
Kuiper-610 1117
1 01118U 00000ABC 00001.00000000  .00000000  00000-0  00000+0 0    04
2 01118  42.0000 310.0000 0000001   0.0000  15.0000 14.86143795    08
Kuiper-610 1118
1 01119U 00000ABC 00001.00000000  .00000000  00000-0  00000+0 0    05
2 01119  42.0000 310.0000 0000001   0.0000  25.0000 14.86143795    00
Kuiper-610 1119
1 01120U 00000ABC 00001.00000000  .00000000  00000-0  00000+0 0    07
2 01120  42.0000 310.0000 0000001   0.0000  35.0000 14.86143795    03
Kuiper-610 1120
1 01121U 00000ABC 00001.00000000  .00000000  00000-0  00000+0 0    08
2 01121  42.0000 310.0000 0000001   0.0000  45.0000 14.86143795    05
Kuiper-610 1121
1 01122U 00000ABC 00001.00000000  .00000000  00000-0  00000+0 0    09
2 01122  42.0000 310.0000 0000001   0.0000  55.0000 14.86143795    07
Kuiper-610 1122
1 01123U 00000ABC 00001.00000000  .00000000  00000-0  00000+0 0    00
2 01123  42.0000 310.0000 0000001   0.0000  65.0000 14.86143795    09
Kuiper-610 1123
1 01124U 00000ABC 00001.00000000  .00000000  00000-0  00000+0 0    01
2 01124  42.0000 310.0000 0000001   0.0000  75.0000 14.86143795    01
Kuiper-610 1124
1 01125U 00000ABC 00001.00000000  .00000000  00000-0  00000+0 0    02
2 01125  42.0000 310.0000 0000001   0.0000  85.0000 14.86143795    03
Kuiper-610 1125
1 01126U 00000ABC 00001.00000000  .00000000  00000-0  00000+0 0    03
2 01126  42.0000 310.0000 0000001   0.0000  95.0000 14.86143795    05
Kuiper-610 1126
1 01127U 00000ABC 00001.00000000  .00000000  00000-0  00000+0 0    04
2 01127  42.0000 310.0000 0000001   0.0000 105.0000 14.86143795    08
Kuiper-610 1127
1 01128U 00000ABC 00001.00000000  .00000000  00000-0  00000+0 0    05
2 01128  42.0000 310.0000 0000001   0.0000 115.0000 14.86143795    00
Kuiper-610 1128
1 01129U 00000ABC 00001.00000000  .00000000  00000-0  00000+0 0    06
2 01129  42.0000 310.0000 0000001   0.0000 125.0000 14.86143795    02
Kuiper-610 1129
1 01130U 00000ABC 00001.00000000  .00000000  00000-0  00000+0 0    08
2 01130  42.0000 310.0000 0000001   0.0000 135.0000 14.86143795    05
Kuiper-610 1130
1 01131U 00000ABC 00001.00000000  .00000000  00000-0  00000+0 0    09
2 01131  42.0000 310.0000 0000001   0.0000 145.0000 14.86143795    07
Kuiper-610 1131
1 01132U 00000ABC 00001.00000000  .00000000  00000-0  00000+0 0    00
2 01132  42.0000 310.0000 0000001   0.0000 155.0000 14.86143795    09
Kuiper-610 1132
1 01133U 00000ABC 00001.00000000  .00000000  00000-0  00000+0 0    01
2 01133  42.0000 310.0000 0000001   0.0000 165.0000 14.86143795    01
Kuiper-610 1133
1 01134U 00000ABC 00001.00000000  .00000000  00000-0  00000+0 0    02
2 01134  42.0000 310.0000 0000001   0.0000 175.0000 14.86143795    03
Kuiper-610 1134
1 01135U 00000ABC 00001.00000000  .00000000  00000-0  00000+0 0    03
2 01135  42.0000 310.0000 0000001   0.0000 185.0000 14.86143795    05
Kuiper-610 1135
1 01136U 00000ABC 00001.00000000  .00000000  00000-0  00000+0 0    04
2 01136  42.0000 310.0000 0000001   0.0000 195.0000 14.86143795    07
Kuiper-610 1136
1 01137U 00000ABC 00001.00000000  .00000000  00000-0  00000+0 0    05
2 01137  42.0000 310.0000 0000001   0.0000 205.0000 14.86143795    00
Kuiper-610 1137
1 01138U 00000ABC 00001.00000000  .00000000  00000-0  00000+0 0    06
2 01138  42.0000 310.0000 0000001   0.0000 215.0000 14.86143795    02
Kuiper-610 1138
1 01139U 00000ABC 00001.00000000  .00000000  00000-0  00000+0 0    07
2 01139  42.0000 310.0000 0000001   0.0000 225.0000 14.86143795    04
Kuiper-610 1139
1 01140U 00000ABC 00001.00000000  .00000000  00000-0  00000+0 0    09
2 01140  42.0000 310.0000 0000001   0.0000 235.0000 14.86143795    07
Kuiper-610 1140
1 01141U 00000ABC 00001.00000000  .00000000  00000-0  00000+0 0    00
2 01141  42.0000 310.0000 0000001   0.0000 245.0000 14.86143795    09
Kuiper-610 1141
1 01142U 00000ABC 00001.00000000  .00000000  00000-0  00000+0 0    01
2 01142  42.0000 310.0000 0000001   0.0000 255.0000 14.86143795    01
Kuiper-610 1142
1 01143U 00000ABC 00001.00000000  .00000000  00000-0  00000+0 0    02
2 01143  42.0000 310.0000 0000001   0.0000 265.0000 14.86143795    03
Kuiper-610 1143
1 01144U 00000ABC 00001.00000000  .00000000  00000-0  00000+0 0    03
2 01144  42.0000 310.0000 0000001   0.0000 275.0000 14.86143795    05
Kuiper-610 1144
1 01145U 00000ABC 00001.00000000  .00000000  00000-0  00000+0 0    04
2 01145  42.0000 310.0000 0000001   0.0000 285.0000 14.86143795    07
Kuiper-610 1145
1 01146U 00000ABC 00001.00000000  .00000000  00000-0  00000+0 0    05
2 01146  42.0000 310.0000 0000001   0.0000 295.0000 14.86143795    09
Kuiper-610 1146
1 01147U 00000ABC 00001.00000000  .00000000  00000-0  00000+0 0    06
2 01147  42.0000 310.0000 0000001   0.0000 305.0000 14.86143795    02
Kuiper-610 1147
1 01148U 00000ABC 00001.00000000  .00000000  00000-0  00000+0 0    07
2 01148  42.0000 310.0000 0000001   0.0000 315.0000 14.86143795    04
Kuiper-610 1148
1 01149U 00000ABC 00001.00000000  .00000000  00000-0  00000+0 0    08
2 01149  42.0000 310.0000 0000001   0.0000 325.0000 14.86143795    06
Kuiper-610 1149
1 01150U 00000ABC 00001.00000000  .00000000  00000-0  00000+0 0    00
2 01150  42.0000 310.0000 0000001   0.0000 335.0000 14.86143795    09
Kuiper-610 1150
1 01151U 00000ABC 00001.00000000  .00000000  00000-0  00000+0 0    01
2 01151  42.0000 310.0000 0000001   0.0000 345.0000 14.86143795    01
Kuiper-610 1151
1 01152U 00000ABC 00001.00000000  .00000000  00000-0  00000+0 0    02
2 01152  42.0000 310.0000 0000001   0.0000 355.0000 14.86143795    03
Kuiper-610 1152
1 01153U 00000ABC 00001.00000000  .00000000  00000-0  00000+0 0    03
2 01153  42.0000 320.0000 0000001   0.0000   0.0000 14.86143795    02
Kuiper-610 1153
1 01154U 00000ABC 00001.00000000  .00000000  00000-0  00000+0 0    04
2 01154  42.0000 320.0000 0000001   0.0000  10.0000 14.86143795    04
Kuiper-610 1154
1 01155U 00000ABC 00001.00000000  .00000000  00000-0  00000+0 0    05
2 01155  42.0000 320.0000 0000001   0.0000  20.0000 14.86143795    06
Kuiper-610 1155
1 01156U 00000ABC 00001.00000000  .00000000  00000-0  00000+0 0    06
2 01156  42.0000 320.0000 0000001   0.0000  30.0000 14.86143795    08
Kuiper-610 1156
1 01157U 00000ABC 00001.00000000  .00000000  00000-0  00000+0 0    07
2 01157  42.0000 320.0000 0000001   0.0000  40.0000 14.86143795    00
Kuiper-610 1157
1 01158U 00000ABC 00001.00000000  .00000000  00000-0  00000+0 0    08
2 01158  42.0000 320.0000 0000001   0.0000  50.0000 14.86143795    02
Kuiper-610 1158
1 01159U 00000ABC 00001.00000000  .00000000  00000-0  00000+0 0    09
2 01159  42.0000 320.0000 0000001   0.0000  60.0000 14.86143795    04
Kuiper-610 1159
1 01160U 00000ABC 00001.00000000  .00000000  00000-0  00000+0 0    01
2 01160  42.0000 320.0000 0000001   0.0000  70.0000 14.86143795    07
Kuiper-610 1160
1 01161U 00000ABC 00001.00000000  .00000000  00000-0  00000+0 0    02
2 01161  42.0000 320.0000 0000001   0.0000  80.0000 14.86143795    09
Kuiper-610 1161
1 01162U 00000ABC 00001.00000000  .00000000  00000-0  00000+0 0    03
2 01162  42.0000 320.0000 0000001   0.0000  90.0000 14.86143795    01
Kuiper-610 1162
1 01163U 00000ABC 00001.00000000  .00000000  00000-0  00000+0 0    04
2 01163  42.0000 320.0000 0000001   0.0000 100.0000 14.86143795    04
Kuiper-610 1163
1 01164U 00000ABC 00001.00000000  .00000000  00000-0  00000+0 0    05
2 01164  42.0000 320.0000 0000001   0.0000 110.0000 14.86143795    06
Kuiper-610 1164
1 01165U 00000ABC 00001.00000000  .00000000  00000-0  00000+0 0    06
2 01165  42.0000 320.0000 0000001   0.0000 120.0000 14.86143795    08
Kuiper-610 1165
1 01166U 00000ABC 00001.00000000  .00000000  00000-0  00000+0 0    07
2 01166  42.0000 320.0000 0000001   0.0000 130.0000 14.86143795    00
Kuiper-610 1166
1 01167U 00000ABC 00001.00000000  .00000000  00000-0  00000+0 0    08
2 01167  42.0000 320.0000 0000001   0.0000 140.0000 14.86143795    02
Kuiper-610 1167
1 01168U 00000ABC 00001.00000000  .00000000  00000-0  00000+0 0    09
2 01168  42.0000 320.0000 0000001   0.0000 150.0000 14.86143795    04
Kuiper-610 1168
1 01169U 00000ABC 00001.00000000  .00000000  00000-0  00000+0 0    00
2 01169  42.0000 320.0000 0000001   0.0000 160.0000 14.86143795    06
Kuiper-610 1169
1 01170U 00000ABC 00001.00000000  .00000000  00000-0  00000+0 0    02
2 01170  42.0000 320.0000 0000001   0.0000 170.0000 14.86143795    09
Kuiper-610 1170
1 01171U 00000ABC 00001.00000000  .00000000  00000-0  00000+0 0    03
2 01171  42.0000 320.0000 0000001   0.0000 180.0000 14.86143795    01
Kuiper-610 1171
1 01172U 00000ABC 00001.00000000  .00000000  00000-0  00000+0 0    04
2 01172  42.0000 320.0000 0000001   0.0000 190.0000 14.86143795    03
Kuiper-610 1172
1 01173U 00000ABC 00001.00000000  .00000000  00000-0  00000+0 0    05
2 01173  42.0000 320.0000 0000001   0.0000 200.0000 14.86143795    06
Kuiper-610 1173
1 01174U 00000ABC 00001.00000000  .00000000  00000-0  00000+0 0    06
2 01174  42.0000 320.0000 0000001   0.0000 210.0000 14.86143795    08
Kuiper-610 1174
1 01175U 00000ABC 00001.00000000  .00000000  00000-0  00000+0 0    07
2 01175  42.0000 320.0000 0000001   0.0000 220.0000 14.86143795    00
Kuiper-610 1175
1 01176U 00000ABC 00001.00000000  .00000000  00000-0  00000+0 0    08
2 01176  42.0000 320.0000 0000001   0.0000 230.0000 14.86143795    02
Kuiper-610 1176
1 01177U 00000ABC 00001.00000000  .00000000  00000-0  00000+0 0    09
2 01177  42.0000 320.0000 0000001   0.0000 240.0000 14.86143795    04
Kuiper-610 1177
1 01178U 00000ABC 00001.00000000  .00000000  00000-0  00000+0 0    00
2 01178  42.0000 320.0000 0000001   0.0000 250.0000 14.86143795    06
Kuiper-610 1178
1 01179U 00000ABC 00001.00000000  .00000000  00000-0  00000+0 0    01
2 01179  42.0000 320.0000 0000001   0.0000 260.0000 14.86143795    08
Kuiper-610 1179
1 01180U 00000ABC 00001.00000000  .00000000  00000-0  00000+0 0    03
2 01180  42.0000 320.0000 0000001   0.0000 270.0000 14.86143795    01
Kuiper-610 1180
1 01181U 00000ABC 00001.00000000  .00000000  00000-0  00000+0 0    04
2 01181  42.0000 320.0000 0000001   0.0000 280.0000 14.86143795    03
Kuiper-610 1181
1 01182U 00000ABC 00001.00000000  .00000000  00000-0  00000+0 0    05
2 01182  42.0000 320.0000 0000001   0.0000 290.0000 14.86143795    05
Kuiper-610 1182
1 01183U 00000ABC 00001.00000000  .00000000  00000-0  00000+0 0    06
2 01183  42.0000 320.0000 0000001   0.0000 300.0000 14.86143795    08
Kuiper-610 1183
1 01184U 00000ABC 00001.00000000  .00000000  00000-0  00000+0 0    07
2 01184  42.0000 320.0000 0000001   0.0000 310.0000 14.86143795    00
Kuiper-610 1184
1 01185U 00000ABC 00001.00000000  .00000000  00000-0  00000+0 0    08
2 01185  42.0000 320.0000 0000001   0.0000 320.0000 14.86143795    02
Kuiper-610 1185
1 01186U 00000ABC 00001.00000000  .00000000  00000-0  00000+0 0    09
2 01186  42.0000 320.0000 0000001   0.0000 330.0000 14.86143795    04
Kuiper-610 1186
1 01187U 00000ABC 00001.00000000  .00000000  00000-0  00000+0 0    00
2 01187  42.0000 320.0000 0000001   0.0000 340.0000 14.86143795    06
Kuiper-610 1187
1 01188U 00000ABC 00001.00000000  .00000000  00000-0  00000+0 0    01
2 01188  42.0000 320.0000 0000001   0.0000 350.0000 14.86143795    08
Kuiper-610 1188
1 01189U 00000ABC 00001.00000000  .00000000  00000-0  00000+0 0    02
2 01189  42.0000 330.0000 0000001   0.0000   5.0000 14.86143795    07
Kuiper-610 1189
1 01190U 00000ABC 00001.00000000  .00000000  00000-0  00000+0 0    04
2 01190  42.0000 330.0000 0000001   0.0000  15.0000 14.86143795    00
Kuiper-610 1190
1 01191U 00000ABC 00001.00000000  .00000000  00000-0  00000+0 0    05
2 01191  42.0000 330.0000 0000001   0.0000  25.0000 14.86143795    02
Kuiper-610 1191
1 01192U 00000ABC 00001.00000000  .00000000  00000-0  00000+0 0    06
2 01192  42.0000 330.0000 0000001   0.0000  35.0000 14.86143795    04
Kuiper-610 1192
1 01193U 00000ABC 00001.00000000  .00000000  00000-0  00000+0 0    07
2 01193  42.0000 330.0000 0000001   0.0000  45.0000 14.86143795    06
Kuiper-610 1193
1 01194U 00000ABC 00001.00000000  .00000000  00000-0  00000+0 0    08
2 01194  42.0000 330.0000 0000001   0.0000  55.0000 14.86143795    08
Kuiper-610 1194
1 01195U 00000ABC 00001.00000000  .00000000  00000-0  00000+0 0    09
2 01195  42.0000 330.0000 0000001   0.0000  65.0000 14.86143795    00
Kuiper-610 1195
1 01196U 00000ABC 00001.00000000  .00000000  00000-0  00000+0 0    00
2 01196  42.0000 330.0000 0000001   0.0000  75.0000 14.86143795    02
Kuiper-610 1196
1 01197U 00000ABC 00001.00000000  .00000000  00000-0  00000+0 0    01
2 01197  42.0000 330.0000 0000001   0.0000  85.0000 14.86143795    04
Kuiper-610 1197
1 01198U 00000ABC 00001.00000000  .00000000  00000-0  00000+0 0    02
2 01198  42.0000 330.0000 0000001   0.0000  95.0000 14.86143795    06
Kuiper-610 1198
1 01199U 00000ABC 00001.00000000  .00000000  00000-0  00000+0 0    03
2 01199  42.0000 330.0000 0000001   0.0000 105.0000 14.86143795    09
Kuiper-610 1199
1 01200U 00000ABC 00001.00000000  .00000000  00000-0  00000+0 0    06
2 01200  42.0000 330.0000 0000001   0.0000 115.0000 14.86143795    03
Kuiper-610 1200
1 01201U 00000ABC 00001.00000000  .00000000  00000-0  00000+0 0    07
2 01201  42.0000 330.0000 0000001   0.0000 125.0000 14.86143795    05
Kuiper-610 1201
1 01202U 00000ABC 00001.00000000  .00000000  00000-0  00000+0 0    08
2 01202  42.0000 330.0000 0000001   0.0000 135.0000 14.86143795    07
Kuiper-610 1202
1 01203U 00000ABC 00001.00000000  .00000000  00000-0  00000+0 0    09
2 01203  42.0000 330.0000 0000001   0.0000 145.0000 14.86143795    09
Kuiper-610 1203
1 01204U 00000ABC 00001.00000000  .00000000  00000-0  00000+0 0    00
2 01204  42.0000 330.0000 0000001   0.0000 155.0000 14.86143795    01
Kuiper-610 1204
1 01205U 00000ABC 00001.00000000  .00000000  00000-0  00000+0 0    01
2 01205  42.0000 330.0000 0000001   0.0000 165.0000 14.86143795    03
Kuiper-610 1205
1 01206U 00000ABC 00001.00000000  .00000000  00000-0  00000+0 0    02
2 01206  42.0000 330.0000 0000001   0.0000 175.0000 14.86143795    05
Kuiper-610 1206
1 01207U 00000ABC 00001.00000000  .00000000  00000-0  00000+0 0    03
2 01207  42.0000 330.0000 0000001   0.0000 185.0000 14.86143795    07
Kuiper-610 1207
1 01208U 00000ABC 00001.00000000  .00000000  00000-0  00000+0 0    04
2 01208  42.0000 330.0000 0000001   0.0000 195.0000 14.86143795    09
Kuiper-610 1208
1 01209U 00000ABC 00001.00000000  .00000000  00000-0  00000+0 0    05
2 01209  42.0000 330.0000 0000001   0.0000 205.0000 14.86143795    02
Kuiper-610 1209
1 01210U 00000ABC 00001.00000000  .00000000  00000-0  00000+0 0    07
2 01210  42.0000 330.0000 0000001   0.0000 215.0000 14.86143795    05
Kuiper-610 1210
1 01211U 00000ABC 00001.00000000  .00000000  00000-0  00000+0 0    08
2 01211  42.0000 330.0000 0000001   0.0000 225.0000 14.86143795    07
Kuiper-610 1211
1 01212U 00000ABC 00001.00000000  .00000000  00000-0  00000+0 0    09
2 01212  42.0000 330.0000 0000001   0.0000 235.0000 14.86143795    09
Kuiper-610 1212
1 01213U 00000ABC 00001.00000000  .00000000  00000-0  00000+0 0    00
2 01213  42.0000 330.0000 0000001   0.0000 245.0000 14.86143795    01
Kuiper-610 1213
1 01214U 00000ABC 00001.00000000  .00000000  00000-0  00000+0 0    01
2 01214  42.0000 330.0000 0000001   0.0000 255.0000 14.86143795    03
Kuiper-610 1214
1 01215U 00000ABC 00001.00000000  .00000000  00000-0  00000+0 0    02
2 01215  42.0000 330.0000 0000001   0.0000 265.0000 14.86143795    05
Kuiper-610 1215
1 01216U 00000ABC 00001.00000000  .00000000  00000-0  00000+0 0    03
2 01216  42.0000 330.0000 0000001   0.0000 275.0000 14.86143795    07
Kuiper-610 1216
1 01217U 00000ABC 00001.00000000  .00000000  00000-0  00000+0 0    04
2 01217  42.0000 330.0000 0000001   0.0000 285.0000 14.86143795    09
Kuiper-610 1217
1 01218U 00000ABC 00001.00000000  .00000000  00000-0  00000+0 0    05
2 01218  42.0000 330.0000 0000001   0.0000 295.0000 14.86143795    01
Kuiper-610 1218
1 01219U 00000ABC 00001.00000000  .00000000  00000-0  00000+0 0    06
2 01219  42.0000 330.0000 0000001   0.0000 305.0000 14.86143795    04
Kuiper-610 1219
1 01220U 00000ABC 00001.00000000  .00000000  00000-0  00000+0 0    08
2 01220  42.0000 330.0000 0000001   0.0000 315.0000 14.86143795    07
Kuiper-610 1220
1 01221U 00000ABC 00001.00000000  .00000000  00000-0  00000+0 0    09
2 01221  42.0000 330.0000 0000001   0.0000 325.0000 14.86143795    09
Kuiper-610 1221
1 01222U 00000ABC 00001.00000000  .00000000  00000-0  00000+0 0    00
2 01222  42.0000 330.0000 0000001   0.0000 335.0000 14.86143795    01
Kuiper-610 1222
1 01223U 00000ABC 00001.00000000  .00000000  00000-0  00000+0 0    01
2 01223  42.0000 330.0000 0000001   0.0000 345.0000 14.86143795    03
Kuiper-610 1223
1 01224U 00000ABC 00001.00000000  .00000000  00000-0  00000+0 0    02
2 01224  42.0000 330.0000 0000001   0.0000 355.0000 14.86143795    05
Kuiper-610 1224
1 01225U 00000ABC 00001.00000000  .00000000  00000-0  00000+0 0    03
2 01225  42.0000 340.0000 0000001   0.0000   0.0000 14.86143795    04
Kuiper-610 1225
1 01226U 00000ABC 00001.00000000  .00000000  00000-0  00000+0 0    04
2 01226  42.0000 340.0000 0000001   0.0000  10.0000 14.86143795    06
Kuiper-610 1226
1 01227U 00000ABC 00001.00000000  .00000000  00000-0  00000+0 0    05
2 01227  42.0000 340.0000 0000001   0.0000  20.0000 14.86143795    08
Kuiper-610 1227
1 01228U 00000ABC 00001.00000000  .00000000  00000-0  00000+0 0    06
2 01228  42.0000 340.0000 0000001   0.0000  30.0000 14.86143795    00
Kuiper-610 1228
1 01229U 00000ABC 00001.00000000  .00000000  00000-0  00000+0 0    07
2 01229  42.0000 340.0000 0000001   0.0000  40.0000 14.86143795    02
Kuiper-610 1229
1 01230U 00000ABC 00001.00000000  .00000000  00000-0  00000+0 0    09
2 01230  42.0000 340.0000 0000001   0.0000  50.0000 14.86143795    05
Kuiper-610 1230
1 01231U 00000ABC 00001.00000000  .00000000  00000-0  00000+0 0    00
2 01231  42.0000 340.0000 0000001   0.0000  60.0000 14.86143795    07
Kuiper-610 1231
1 01232U 00000ABC 00001.00000000  .00000000  00000-0  00000+0 0    01
2 01232  42.0000 340.0000 0000001   0.0000  70.0000 14.86143795    09
Kuiper-610 1232
1 01233U 00000ABC 00001.00000000  .00000000  00000-0  00000+0 0    02
2 01233  42.0000 340.0000 0000001   0.0000  80.0000 14.86143795    01
Kuiper-610 1233
1 01234U 00000ABC 00001.00000000  .00000000  00000-0  00000+0 0    03
2 01234  42.0000 340.0000 0000001   0.0000  90.0000 14.86143795    03
Kuiper-610 1234
1 01235U 00000ABC 00001.00000000  .00000000  00000-0  00000+0 0    04
2 01235  42.0000 340.0000 0000001   0.0000 100.0000 14.86143795    06
Kuiper-610 1235
1 01236U 00000ABC 00001.00000000  .00000000  00000-0  00000+0 0    05
2 01236  42.0000 340.0000 0000001   0.0000 110.0000 14.86143795    08
Kuiper-610 1236
1 01237U 00000ABC 00001.00000000  .00000000  00000-0  00000+0 0    06
2 01237  42.0000 340.0000 0000001   0.0000 120.0000 14.86143795    00
Kuiper-610 1237
1 01238U 00000ABC 00001.00000000  .00000000  00000-0  00000+0 0    07
2 01238  42.0000 340.0000 0000001   0.0000 130.0000 14.86143795    02
Kuiper-610 1238
1 01239U 00000ABC 00001.00000000  .00000000  00000-0  00000+0 0    08
2 01239  42.0000 340.0000 0000001   0.0000 140.0000 14.86143795    04
Kuiper-610 1239
1 01240U 00000ABC 00001.00000000  .00000000  00000-0  00000+0 0    00
2 01240  42.0000 340.0000 0000001   0.0000 150.0000 14.86143795    07
Kuiper-610 1240
1 01241U 00000ABC 00001.00000000  .00000000  00000-0  00000+0 0    01
2 01241  42.0000 340.0000 0000001   0.0000 160.0000 14.86143795    09
Kuiper-610 1241
1 01242U 00000ABC 00001.00000000  .00000000  00000-0  00000+0 0    02
2 01242  42.0000 340.0000 0000001   0.0000 170.0000 14.86143795    01
Kuiper-610 1242
1 01243U 00000ABC 00001.00000000  .00000000  00000-0  00000+0 0    03
2 01243  42.0000 340.0000 0000001   0.0000 180.0000 14.86143795    03
Kuiper-610 1243
1 01244U 00000ABC 00001.00000000  .00000000  00000-0  00000+0 0    04
2 01244  42.0000 340.0000 0000001   0.0000 190.0000 14.86143795    05
Kuiper-610 1244
1 01245U 00000ABC 00001.00000000  .00000000  00000-0  00000+0 0    05
2 01245  42.0000 340.0000 0000001   0.0000 200.0000 14.86143795    08
Kuiper-610 1245
1 01246U 00000ABC 00001.00000000  .00000000  00000-0  00000+0 0    06
2 01246  42.0000 340.0000 0000001   0.0000 210.0000 14.86143795    00
Kuiper-610 1246
1 01247U 00000ABC 00001.00000000  .00000000  00000-0  00000+0 0    07
2 01247  42.0000 340.0000 0000001   0.0000 220.0000 14.86143795    02
Kuiper-610 1247
1 01248U 00000ABC 00001.00000000  .00000000  00000-0  00000+0 0    08
2 01248  42.0000 340.0000 0000001   0.0000 230.0000 14.86143795    04
Kuiper-610 1248
1 01249U 00000ABC 00001.00000000  .00000000  00000-0  00000+0 0    09
2 01249  42.0000 340.0000 0000001   0.0000 240.0000 14.86143795    06
Kuiper-610 1249
1 01250U 00000ABC 00001.00000000  .00000000  00000-0  00000+0 0    01
2 01250  42.0000 340.0000 0000001   0.0000 250.0000 14.86143795    09
Kuiper-610 1250
1 01251U 00000ABC 00001.00000000  .00000000  00000-0  00000+0 0    02
2 01251  42.0000 340.0000 0000001   0.0000 260.0000 14.86143795    01
Kuiper-610 1251
1 01252U 00000ABC 00001.00000000  .00000000  00000-0  00000+0 0    03
2 01252  42.0000 340.0000 0000001   0.0000 270.0000 14.86143795    03
Kuiper-610 1252
1 01253U 00000ABC 00001.00000000  .00000000  00000-0  00000+0 0    04
2 01253  42.0000 340.0000 0000001   0.0000 280.0000 14.86143795    05
Kuiper-610 1253
1 01254U 00000ABC 00001.00000000  .00000000  00000-0  00000+0 0    05
2 01254  42.0000 340.0000 0000001   0.0000 290.0000 14.86143795    07
Kuiper-610 1254
1 01255U 00000ABC 00001.00000000  .00000000  00000-0  00000+0 0    06
2 01255  42.0000 340.0000 0000001   0.0000 300.0000 14.86143795    00
Kuiper-610 1255
1 01256U 00000ABC 00001.00000000  .00000000  00000-0  00000+0 0    07
2 01256  42.0000 340.0000 0000001   0.0000 310.0000 14.86143795    02
Kuiper-610 1256
1 01257U 00000ABC 00001.00000000  .00000000  00000-0  00000+0 0    08
2 01257  42.0000 340.0000 0000001   0.0000 320.0000 14.86143795    04
Kuiper-610 1257
1 01258U 00000ABC 00001.00000000  .00000000  00000-0  00000+0 0    09
2 01258  42.0000 340.0000 0000001   0.0000 330.0000 14.86143795    06
Kuiper-610 1258
1 01259U 00000ABC 00001.00000000  .00000000  00000-0  00000+0 0    00
2 01259  42.0000 340.0000 0000001   0.0000 340.0000 14.86143795    08
Kuiper-610 1259
1 01260U 00000ABC 00001.00000000  .00000000  00000-0  00000+0 0    02
2 01260  42.0000 340.0000 0000001   0.0000 350.0000 14.86143795    01
Kuiper-610 1260
1 01261U 00000ABC 00001.00000000  .00000000  00000-0  00000+0 0    03
2 01261  42.0000 350.0000 0000001   0.0000   5.0000 14.86143795    00
Kuiper-610 1261
1 01262U 00000ABC 00001.00000000  .00000000  00000-0  00000+0 0    04
2 01262  42.0000 350.0000 0000001   0.0000  15.0000 14.86143795    02
Kuiper-610 1262
1 01263U 00000ABC 00001.00000000  .00000000  00000-0  00000+0 0    05
2 01263  42.0000 350.0000 0000001   0.0000  25.0000 14.86143795    04
Kuiper-610 1263
1 01264U 00000ABC 00001.00000000  .00000000  00000-0  00000+0 0    06
2 01264  42.0000 350.0000 0000001   0.0000  35.0000 14.86143795    06
Kuiper-610 1264
1 01265U 00000ABC 00001.00000000  .00000000  00000-0  00000+0 0    07
2 01265  42.0000 350.0000 0000001   0.0000  45.0000 14.86143795    08
Kuiper-610 1265
1 01266U 00000ABC 00001.00000000  .00000000  00000-0  00000+0 0    08
2 01266  42.0000 350.0000 0000001   0.0000  55.0000 14.86143795    00
Kuiper-610 1266
1 01267U 00000ABC 00001.00000000  .00000000  00000-0  00000+0 0    09
2 01267  42.0000 350.0000 0000001   0.0000  65.0000 14.86143795    02
Kuiper-610 1267
1 01268U 00000ABC 00001.00000000  .00000000  00000-0  00000+0 0    00
2 01268  42.0000 350.0000 0000001   0.0000  75.0000 14.86143795    04
Kuiper-610 1268
1 01269U 00000ABC 00001.00000000  .00000000  00000-0  00000+0 0    01
2 01269  42.0000 350.0000 0000001   0.0000  85.0000 14.86143795    06
Kuiper-610 1269
1 01270U 00000ABC 00001.00000000  .00000000  00000-0  00000+0 0    03
2 01270  42.0000 350.0000 0000001   0.0000  95.0000 14.86143795    09
Kuiper-610 1270
1 01271U 00000ABC 00001.00000000  .00000000  00000-0  00000+0 0    04
2 01271  42.0000 350.0000 0000001   0.0000 105.0000 14.86143795    02
Kuiper-610 1271
1 01272U 00000ABC 00001.00000000  .00000000  00000-0  00000+0 0    05
2 01272  42.0000 350.0000 0000001   0.0000 115.0000 14.86143795    04
Kuiper-610 1272
1 01273U 00000ABC 00001.00000000  .00000000  00000-0  00000+0 0    06
2 01273  42.0000 350.0000 0000001   0.0000 125.0000 14.86143795    06
Kuiper-610 1273
1 01274U 00000ABC 00001.00000000  .00000000  00000-0  00000+0 0    07
2 01274  42.0000 350.0000 0000001   0.0000 135.0000 14.86143795    08
Kuiper-610 1274
1 01275U 00000ABC 00001.00000000  .00000000  00000-0  00000+0 0    08
2 01275  42.0000 350.0000 0000001   0.0000 145.0000 14.86143795    00
Kuiper-610 1275
1 01276U 00000ABC 00001.00000000  .00000000  00000-0  00000+0 0    09
2 01276  42.0000 350.0000 0000001   0.0000 155.0000 14.86143795    02
Kuiper-610 1276
1 01277U 00000ABC 00001.00000000  .00000000  00000-0  00000+0 0    00
2 01277  42.0000 350.0000 0000001   0.0000 165.0000 14.86143795    04
Kuiper-610 1277
1 01278U 00000ABC 00001.00000000  .00000000  00000-0  00000+0 0    01
2 01278  42.0000 350.0000 0000001   0.0000 175.0000 14.86143795    06
Kuiper-610 1278
1 01279U 00000ABC 00001.00000000  .00000000  00000-0  00000+0 0    02
2 01279  42.0000 350.0000 0000001   0.0000 185.0000 14.86143795    08
Kuiper-610 1279
1 01280U 00000ABC 00001.00000000  .00000000  00000-0  00000+0 0    04
2 01280  42.0000 350.0000 0000001   0.0000 195.0000 14.86143795    01
Kuiper-610 1280
1 01281U 00000ABC 00001.00000000  .00000000  00000-0  00000+0 0    05
2 01281  42.0000 350.0000 0000001   0.0000 205.0000 14.86143795    04
Kuiper-610 1281
1 01282U 00000ABC 00001.00000000  .00000000  00000-0  00000+0 0    06
2 01282  42.0000 350.0000 0000001   0.0000 215.0000 14.86143795    06
Kuiper-610 1282
1 01283U 00000ABC 00001.00000000  .00000000  00000-0  00000+0 0    07
2 01283  42.0000 350.0000 0000001   0.0000 225.0000 14.86143795    08
Kuiper-610 1283
1 01284U 00000ABC 00001.00000000  .00000000  00000-0  00000+0 0    08
2 01284  42.0000 350.0000 0000001   0.0000 235.0000 14.86143795    00
Kuiper-610 1284
1 01285U 00000ABC 00001.00000000  .00000000  00000-0  00000+0 0    09
2 01285  42.0000 350.0000 0000001   0.0000 245.0000 14.86143795    02
Kuiper-610 1285
1 01286U 00000ABC 00001.00000000  .00000000  00000-0  00000+0 0    00
2 01286  42.0000 350.0000 0000001   0.0000 255.0000 14.86143795    04
Kuiper-610 1286
1 01287U 00000ABC 00001.00000000  .00000000  00000-0  00000+0 0    01
2 01287  42.0000 350.0000 0000001   0.0000 265.0000 14.86143795    06
Kuiper-610 1287
1 01288U 00000ABC 00001.00000000  .00000000  00000-0  00000+0 0    02
2 01288  42.0000 350.0000 0000001   0.0000 275.0000 14.86143795    08
Kuiper-610 1288
1 01289U 00000ABC 00001.00000000  .00000000  00000-0  00000+0 0    03
2 01289  42.0000 350.0000 0000001   0.0000 285.0000 14.86143795    00
Kuiper-610 1289
1 01290U 00000ABC 00001.00000000  .00000000  00000-0  00000+0 0    05
2 01290  42.0000 350.0000 0000001   0.0000 295.0000 14.86143795    03
Kuiper-610 1290
1 01291U 00000ABC 00001.00000000  .00000000  00000-0  00000+0 0    06
2 01291  42.0000 350.0000 0000001   0.0000 305.0000 14.86143795    06
Kuiper-610 1291
1 01292U 00000ABC 00001.00000000  .00000000  00000-0  00000+0 0    07
2 01292  42.0000 350.0000 0000001   0.0000 315.0000 14.86143795    08
Kuiper-610 1292
1 01293U 00000ABC 00001.00000000  .00000000  00000-0  00000+0 0    08
2 01293  42.0000 350.0000 0000001   0.0000 325.0000 14.86143795    00
Kuiper-610 1293
1 01294U 00000ABC 00001.00000000  .00000000  00000-0  00000+0 0    09
2 01294  42.0000 350.0000 0000001   0.0000 335.0000 14.86143795    02
Kuiper-610 1294
1 01295U 00000ABC 00001.00000000  .00000000  00000-0  00000+0 0    00
2 01295  42.0000 350.0000 0000001   0.0000 345.0000 14.86143795    04
Kuiper-610 1295
1 01296U 00000ABC 00001.00000000  .00000000  00000-0  00000+0 0    01
2 01296  42.0000 350.0000 0000001   0.0000 355.0000 14.86143795    06
