0 1
0 110
1 2
1 111
2 3
2 112
3 4
3 113
4 5
4 114
5 6
5 115
6 7
6 116
7 8
7 117
8 9
8 118
9 10
9 119
10 11
10 120
11 12
11 121
12 13
12 122
13 14
13 123
14 15
14 124
15 16
15 125
16 17
16 126
17 18
17 127
18 19
18 128
19 20
19 129
20 21
20 130
21 22
21 131
22 23
22 132
23 24
23 133
24 25
24 134
25 26
25 135
26 27
26 136
27 28
27 137
28 29
28 138
29 30
29 139
30 31
30 140
31 32
31 141
32 33
32 142
33 34
33 143
34 35
34 144
35 36
35 145
36 37
36 146
37 38
37 147
38 39
38 148
39 40
39 149
40 41
40 150
41 42
41 151
42 43
42 152
43 44
43 153
44 45
44 154
45 46
45 155
46 47
46 156
47 48
47 157
48 49
48 158
49 50
49 159
50 51
50 160
51 52
51 161
52 53
52 162
53 54
53 163
54 55
54 164
55 56
55 165
56 57
56 166
57 58
57 167
58 59
58 168
59 60
59 169
60 61
60 170
61 62
61 171
62 63
62 172
63 64
63 173
64 65
64 174
65 66
65 175
66 67
66 176
67 68
67 177
68 69
68 178
69 70
69 179
70 71
70 180
71 72
71 181
72 73
72 182
73 74
73 183
74 75
74 184
75 76
75 185
76 77
76 186
77 78
77 187
78 79
78 188
79 80
79 189
80 81
80 190
81 82
81 191
82 83
82 192
83 84
83 193
84 85
84 194
85 86
85 195
86 87
86 196
87 88
87 197
88 89
88 198
89 90
89 199
90 91
90 200
91 92
91 201
92 93
92 202
93 94
93 203
94 95
94 204
95 96
95 205
96 97
96 206
97 98
97 207
98 99
98 208
99 100
99 209
100 101
100 210
101 102
101 211
102 103
102 212
103 104
103 213
104 105
104 214
105 106
105 215
106 107
106 216
107 108
107 217
108 109
108 218
0 109
109 219
110 111
110 220
111 112
111 221
112 113
112 222
113 114
113 223
114 115
114 224
115 116
115 225
116 117
116 226
117 118
117 227
118 119
118 228
119 120
119 229
120 121
120 230
121 122
121 231
122 123
122 232
123 124
123 233
124 125
124 234
125 126
125 235
126 127
126 236
127 128
127 237
128 129
128 238
129 130
129 239
130 131
130 240
131 132
131 241
132 133
132 242
133 134
133 243
134 135
134 244
135 136
135 245
136 137
136 246
137 138
137 247
138 139
138 248
139 140
139 249
140 141
140 250
141 142
141 251
142 143
142 252
143 144
143 253
144 145
144 254
145 146
145 255
146 147
146 256
147 148
147 257
148 149
148 258
149 150
149 259
150 151
150 260
151 152
151 261
152 153
152 262
153 154
153 263
154 155
154 264
155 156
155 265
156 157
156 266
157 158
157 267
158 159
158 268
159 160
159 269
160 161
160 270
161 162
161 271
162 163
162 272
163 164
163 273
164 165
164 274
165 166
165 275
166 167
166 276
167 168
167 277
168 169
168 278
169 170
169 279
170 171
170 280
171 172
171 281
172 173
172 282
173 174
173 283
174 175
174 284
175 176
175 285
176 177
176 286
177 178
177 287
178 179
178 288
179 180
179 289
180 181
180 290
181 182
181 291
182 183
182 292
183 184
183 293
184 185
184 294
185 186
185 295
186 187
186 296
187 188
187 297
188 189
188 298
189 190
189 299
190 191
190 300
191 192
191 301
192 193
192 302
193 194
193 303
194 195
194 304
195 196
195 305
196 197
196 306
197 198
197 307
198 199
198 308
199 200
199 309
200 201
200 310
201 202
201 311
202 203
202 312
203 204
203 313
204 205
204 314
205 206
205 315
206 207
206 316
207 208
207 317
208 209
208 318
209 210
209 319
210 211
210 320
211 212
211 321
212 213
212 322
213 214
213 323
214 215
214 324
215 216
215 325
216 217
216 326
217 218
217 327
218 219
218 328
110 219
219 329
220 221
220 330
221 222
221 331
222 223
222 332
223 224
223 333
224 225
224 334
225 226
225 335
226 227
226 336
227 228
227 337
228 229
228 338
229 230
229 339
230 231
230 340
231 232
231 341
232 233
232 342
233 234
233 343
234 235
234 344
235 236
235 345
236 237
236 346
237 238
237 347
238 239
238 348
239 240
239 349
240 241
240 350
241 242
241 351
242 243
242 352
243 244
243 353
244 245
244 354
245 246
245 355
246 247
246 356
247 248
247 357
248 249
248 358
249 250
249 359
250 251
250 360
251 252
251 361
252 253
252 362
253 254
253 363
254 255
254 364
255 256
255 365
256 257
256 366
257 258
257 367
258 259
258 368
259 260
259 369
260 261
260 370
261 262
261 371
262 263
262 372
263 264
263 373
264 265
264 374
265 266
265 375
266 267
266 376
267 268
267 377
268 269
268 378
269 270
269 379
270 271
270 380
271 272
271 381
272 273
272 382
273 274
273 383
274 275
274 384
275 276
275 385
276 277
276 386
277 278
277 387
278 279
278 388
279 280
279 389
280 281
280 390
281 282
281 391
282 283
282 392
283 284
283 393
284 285
284 394
285 286
285 395
286 287
286 396
287 288
287 397
288 289
288 398
289 290
289 399
290 291
290 400
291 292
291 401
292 293
292 402
293 294
293 403
294 295
294 404
295 296
295 405
296 297
296 406
297 298
297 407
298 299
298 408
299 300
299 409
300 301
300 410
301 302
301 411
302 303
302 412
303 304
303 413
304 305
304 414
305 306
305 415
306 307
306 416
307 308
307 417
308 309
308 418
309 310
309 419
310 311
310 420
311 312
311 421
312 313
312 422
313 314
313 423
314 315
314 424
315 316
315 425
316 317
316 426
317 318
317 427
318 319
318 428
319 320
319 429
320 321
320 430
321 322
321 431
322 323
322 432
323 324
323 433
324 325
324 434
325 326
325 435
326 327
326 436
327 328
327 437
328 329
328 438
220 329
329 439
330 331
330 440
331 332
331 441
332 333
332 442
333 334
333 443
334 335
334 444
335 336
335 445
336 337
336 446
337 338
337 447
338 339
338 448
339 340
339 449
340 341
340 450
341 342
341 451
342 343
342 452
343 344
343 453
344 345
344 454
345 346
345 455
346 347
346 456
347 348
347 457
348 349
348 458
349 350
349 459
350 351
350 460
351 352
351 461
352 353
352 462
353 354
353 463
354 355
354 464
355 356
355 465
356 357
356 466
357 358
357 467
358 359
358 468
359 360
359 469
360 361
360 470
361 362
361 471
362 363
362 472
363 364
363 473
364 365
364 474
365 366
365 475
366 367
366 476
367 368
367 477
368 369
368 478
369 370
369 479
370 371
370 480
371 372
371 481
372 373
372 482
373 374
373 483
374 375
374 484
375 376
375 485
376 377
376 486
377 378
377 487
378 379
378 488
379 380
379 489
380 381
380 490
381 382
381 491
382 383
382 492
383 384
383 493
384 385
384 494
385 386
385 495
386 387
386 496
387 388
387 497
388 389
388 498
389 390
389 499
390 391
390 500
391 392
391 501
392 393
392 502
393 394
393 503
394 395
394 504
395 396
395 505
396 397
396 506
397 398
397 507
398 399
398 508
399 400
399 509
400 401
400 510
401 402
401 511
402 403
402 512
403 404
403 513
404 405
404 514
405 406
405 515
406 407
406 516
407 408
407 517
408 409
408 518
409 410
409 519
410 411
410 520
411 412
411 521
412 413
412 522
413 414
413 523
414 415
414 524
415 416
415 525
416 417
416 526
417 418
417 527
418 419
418 528
419 420
419 529
420 421
420 530
421 422
421 531
422 423
422 532
423 424
423 533
424 425
424 534
425 426
425 535
426 427
426 536
427 428
427 537
428 429
428 538
429 430
429 539
430 431
430 540
431 432
431 541
432 433
432 542
433 434
433 543
434 435
434 544
435 436
435 545
436 437
436 546
437 438
437 547
438 439
438 548
330 439
439 549
440 441
440 550
441 442
441 551
442 443
442 552
443 444
443 553
444 445
444 554
445 446
445 555
446 447
446 556
447 448
447 557
448 449
448 558
449 450
449 559
450 451
450 560
451 452
451 561
452 453
452 562
453 454
453 563
454 455
454 564
455 456
455 565
456 457
456 566
457 458
457 567
458 459
458 568
459 460
459 569
460 461
460 570
461 462
461 571
462 463
462 572
463 464
463 573
464 465
464 574
465 466
465 575
466 467
466 576
467 468
467 577
468 469
468 578
469 470
469 579
470 471
470 580
471 472
471 581
472 473
472 582
473 474
473 583
474 475
474 584
475 476
475 585
476 477
476 586
477 478
477 587
478 479
478 588
479 480
479 589
480 481
480 590
481 482
481 591
482 483
482 592
483 484
483 593
484 485
484 594
485 486
485 595
486 487
486 596
487 488
487 597
488 489
488 598
489 490
489 599
490 491
490 600
491 492
491 601
492 493
492 602
493 494
493 603
494 495
494 604
495 496
495 605
496 497
496 606
497 498
497 607
498 499
498 608
499 500
499 609
500 501
500 610
501 502
501 611
502 503
502 612
503 504
503 613
504 505
504 614
505 506
505 615
506 507
506 616
507 508
507 617
508 509
508 618
509 510
509 619
510 511
510 620
511 512
511 621
512 513
512 622
513 514
513 623
514 515
514 624
515 516
515 625
516 517
516 626
517 518
517 627
518 519
518 628
519 520
519 629
520 521
520 630
521 522
521 631
522 523
522 632
523 524
523 633
524 525
524 634
525 526
525 635
526 527
526 636
527 528
527 637
528 529
528 638
529 530
529 639
530 531
530 640
531 532
531 641
532 533
532 642
533 534
533 643
534 535
534 644
535 536
535 645
536 537
536 646
537 538
537 647
538 539
538 648
539 540
539 649
540 541
540 650
541 542
541 651
542 543
542 652
543 544
543 653
544 545
544 654
545 546
545 655
546 547
546 656
547 548
547 657
548 549
548 658
440 549
549 659
550 551
550 660
551 552
551 661
552 553
552 662
553 554
553 663
554 555
554 664
555 556
555 665
556 557
556 666
557 558
557 667
558 559
558 668
559 560
559 669
560 561
560 670
561 562
561 671
562 563
562 672
563 564
563 673
564 565
564 674
565 566
565 675
566 567
566 676
567 568
567 677
568 569
568 678
569 570
569 679
570 571
570 680
571 572
571 681
572 573
572 682
573 574
573 683
574 575
574 684
575 576
575 685
576 577
576 686
577 578
577 687
578 579
578 688
579 580
579 689
580 581
580 690
581 582
581 691
582 583
582 692
583 584
583 693
584 585
584 694
585 586
585 695
586 587
586 696
587 588
587 697
588 589
588 698
589 590
589 699
590 591
590 700
591 592
591 701
592 593
592 702
593 594
593 703
594 595
594 704
595 596
595 705
596 597
596 706
597 598
597 707
598 599
598 708
599 600
599 709
600 601
600 710
601 602
601 711
602 603
602 712
603 604
603 713
604 605
604 714
605 606
605 715
606 607
606 716
607 608
607 717
608 609
608 718
609 610
609 719
610 611
610 720
611 612
611 721
612 613
612 722
613 614
613 723
614 615
614 724
615 616
615 725
616 617
616 726
617 618
617 727
618 619
618 728
619 620
619 729
620 621
620 730
621 622
621 731
622 623
622 732
623 624
623 733
624 625
624 734
625 626
625 735
626 627
626 736
627 628
627 737
628 629
628 738
629 630
629 739
630 631
630 740
631 632
631 741
632 633
632 742
633 634
633 743
634 635
634 744
635 636
635 745
636 637
636 746
637 638
637 747
638 639
638 748
639 640
639 749
640 641
640 750
641 642
641 751
642 643
642 752
643 644
643 753
644 645
644 754
645 646
645 755
646 647
646 756
647 648
647 757
648 649
648 758
649 650
649 759
650 651
650 760
651 652
651 761
652 653
652 762
653 654
653 763
654 655
654 764
655 656
655 765
656 657
656 766
657 658
657 767
658 659
658 768
550 659
659 769
660 661
660 770
661 662
661 771
662 663
662 772
663 664
663 773
664 665
664 774
665 666
665 775
666 667
666 776
667 668
667 777
668 669
668 778
669 670
669 779
670 671
670 780
671 672
671 781
672 673
672 782
673 674
673 783
674 675
674 784
675 676
675 785
676 677
676 786
677 678
677 787
678 679
678 788
679 680
679 789
680 681
680 790
681 682
681 791
682 683
682 792
683 684
683 793
684 685
684 794
685 686
685 795
686 687
686 796
687 688
687 797
688 689
688 798
689 690
689 799
690 691
690 800
691 692
691 801
692 693
692 802
693 694
693 803
694 695
694 804
695 696
695 805
696 697
696 806
697 698
697 807
698 699
698 808
699 700
699 809
700 701
700 810
701 702
701 811
702 703
702 812
703 704
703 813
704 705
704 814
705 706
705 815
706 707
706 816
707 708
707 817
708 709
708 818
709 710
709 819
710 711
710 820
711 712
711 821
712 713
712 822
713 714
713 823
714 715
714 824
715 716
715 825
716 717
716 826
717 718
717 827
718 719
718 828
719 720
719 829
720 721
720 830
721 722
721 831
722 723
722 832
723 724
723 833
724 725
724 834
725 726
725 835
726 727
726 836
727 728
727 837
728 729
728 838
729 730
729 839
730 731
730 840
731 732
731 841
732 733
732 842
733 734
733 843
734 735
734 844
735 736
735 845
736 737
736 846
737 738
737 847
738 739
738 848
739 740
739 849
740 741
740 850
741 742
741 851
742 743
742 852
743 744
743 853
744 745
744 854
745 746
745 855
746 747
746 856
747 748
747 857
748 749
748 858
749 750
749 859
750 751
750 860
751 752
751 861
752 753
752 862
753 754
753 863
754 755
754 864
755 756
755 865
756 757
756 866
757 758
757 867
758 759
758 868
759 760
759 869
760 761
760 870
761 762
761 871
762 763
762 872
763 764
763 873
764 765
764 874
765 766
765 875
766 767
766 876
767 768
767 877
768 769
768 878
660 769
769 879
770 771
770 880
771 772
771 881
772 773
772 882
773 774
773 883
774 775
774 884
775 776
775 885
776 777
776 886
777 778
777 887
778 779
778 888
779 780
779 889
780 781
780 890
781 782
781 891
782 783
782 892
783 784
783 893
784 785
784 894
785 786
785 895
786 787
786 896
787 788
787 897
788 789
788 898
789 790
789 899
790 791
790 900
791 792
791 901
792 793
792 902
793 794
793 903
794 795
794 904
795 796
795 905
796 797
796 906
797 798
797 907
798 799
798 908
799 800
799 909
800 801
800 910
801 802
801 911
802 803
802 912
803 804
803 913
804 805
804 914
805 806
805 915
806 807
806 916
807 808
807 917
808 809
808 918
809 810
809 919
810 811
810 920
811 812
811 921
812 813
812 922
813 814
813 923
814 815
814 924
815 816
815 925
816 817
816 926
817 818
817 927
818 819
818 928
819 820
819 929
820 821
820 930
821 822
821 931
822 823
822 932
823 824
823 933
824 825
824 934
825 826
825 935
826 827
826 936
827 828
827 937
828 829
828 938
829 830
829 939
830 831
830 940
831 832
831 941
832 833
832 942
833 834
833 943
834 835
834 944
835 836
835 945
836 837
836 946
837 838
837 947
838 839
838 948
839 840
839 949
840 841
840 950
841 842
841 951
842 843
842 952
843 844
843 953
844 845
844 954
845 846
845 955
846 847
846 956
847 848
847 957
848 849
848 958
849 850
849 959
850 851
850 960
851 852
851 961
852 853
852 962
853 854
853 963
854 855
854 964
855 856
855 965
856 857
856 966
857 858
857 967
858 859
858 968
859 860
859 969
860 861
860 970
861 862
861 971
862 863
862 972
863 864
863 973
864 865
864 974
865 866
865 975
866 867
866 976
867 868
867 977
868 869
868 978
869 870
869 979
870 871
870 980
871 872
871 981
872 873
872 982
873 874
873 983
874 875
874 984
875 876
875 985
876 877
876 986
877 878
877 987
878 879
878 988
770 879
879 989
880 881
880 990
881 882
881 991
882 883
882 992
883 884
883 993
884 885
884 994
885 886
885 995
886 887
886 996
887 888
887 997
888 889
888 998
889 890
889 999
890 891
890 1000
891 892
891 1001
892 893
892 1002
893 894
893 1003
894 895
894 1004
895 896
895 1005
896 897
896 1006
897 898
897 1007
898 899
898 1008
899 900
899 1009
900 901
900 1010
901 902
901 1011
902 903
902 1012
903 904
903 1013
904 905
904 1014
905 906
905 1015
906 907
906 1016
907 908
907 1017
908 909
908 1018
909 910
909 1019
910 911
910 1020
911 912
911 1021
912 913
912 1022
913 914
913 1023
914 915
914 1024
915 916
915 1025
916 917
916 1026
917 918
917 1027
918 919
918 1028
919 920
919 1029
920 921
920 1030
921 922
921 1031
922 923
922 1032
923 924
923 1033
924 925
924 1034
925 926
925 1035
926 927
926 1036
927 928
927 1037
928 929
928 1038
929 930
929 1039
930 931
930 1040
931 932
931 1041
932 933
932 1042
933 934
933 1043
934 935
934 1044
935 936
935 1045
936 937
936 1046
937 938
937 1047
938 939
938 1048
939 940
939 1049
940 941
940 1050
941 942
941 1051
942 943
942 1052
943 944
943 1053
944 945
944 1054
945 946
945 1055
946 947
946 1056
947 948
947 1057
948 949
948 1058
949 950
949 1059
950 951
950 1060
951 952
951 1061
952 953
952 1062
953 954
953 1063
954 955
954 1064
955 956
955 1065
956 957
956 1066
957 958
957 1067
958 959
958 1068
959 960
959 1069
960 961
960 1070
961 962
961 1071
962 963
962 1072
963 964
963 1073
964 965
964 1074
965 966
965 1075
966 967
966 1076
967 968
967 1077
968 969
968 1078
969 970
969 1079
970 971
970 1080
971 972
971 1081
972 973
972 1082
973 974
973 1083
974 975
974 1084
975 976
975 1085
976 977
976 1086
977 978
977 1087
978 979
978 1088
979 980
979 1089
980 981
980 1090
981 982
981 1091
982 983
982 1092
983 984
983 1093
984 985
984 1094
985 986
985 1095
986 987
986 1096
987 988
987 1097
988 989
988 1098
880 989
989 1099
990 991
990 1100
991 992
991 1101
992 993
992 1102
993 994
993 1103
994 995
994 1104
995 996
995 1105
996 997
996 1106
997 998
997 1107
998 999
998 1108
999 1000
999 1109
1000 1001
1000 1110
1001 1002
1001 1111
1002 1003
1002 1112
1003 1004
1003 1113
1004 1005
1004 1114
1005 1006
1005 1115
1006 1007
1006 1116
1007 1008
1007 1117
1008 1009
1008 1118
1009 1010
1009 1119
1010 1011
1010 1120
1011 1012
1011 1121
1012 1013
1012 1122
1013 1014
1013 1123
1014 1015
1014 1124
1015 1016
1015 1125
1016 1017
1016 1126
1017 1018
1017 1127
1018 1019
1018 1128
1019 1020
1019 1129
1020 1021
1020 1130
1021 1022
1021 1131
1022 1023
1022 1132
1023 1024
1023 1133
1024 1025
1024 1134
1025 1026
1025 1135
1026 1027
1026 1136
1027 1028
1027 1137
1028 1029
1028 1138
1029 1030
1029 1139
1030 1031
1030 1140
1031 1032
1031 1141
1032 1033
1032 1142
1033 1034
1033 1143
1034 1035
1034 1144
1035 1036
1035 1145
1036 1037
1036 1146
1037 1038
1037 1147
1038 1039
1038 1148
1039 1040
1039 1149
1040 1041
1040 1150
1041 1042
1041 1151
1042 1043
1042 1152
1043 1044
1043 1153
1044 1045
1044 1154
1045 1046
1045 1155
1046 1047
1046 1156
1047 1048
1047 1157
1048 1049
1048 1158
1049 1050
1049 1159
1050 1051
1050 1160
1051 1052
1051 1161
1052 1053
1052 1162
1053 1054
1053 1163
1054 1055
1054 1164
1055 1056
1055 1165
1056 1057
1056 1166
1057 1058
1057 1167
1058 1059
1058 1168
1059 1060
1059 1169
1060 1061
1060 1170
1061 1062
1061 1171
1062 1063
1062 1172
1063 1064
1063 1173
1064 1065
1064 1174
1065 1066
1065 1175
1066 1067
1066 1176
1067 1068
1067 1177
1068 1069
1068 1178
1069 1070
1069 1179
1070 1071
1070 1180
1071 1072
1071 1181
1072 1073
1072 1182
1073 1074
1073 1183
1074 1075
1074 1184
1075 1076
1075 1185
1076 1077
1076 1186
1077 1078
1077 1187
1078 1079
1078 1188
1079 1080
1079 1189
1080 1081
1080 1190
1081 1082
1081 1191
1082 1083
1082 1192
1083 1084
1083 1193
1084 1085
1084 1194
1085 1086
1085 1195
1086 1087
1086 1196
1087 1088
1087 1197
1088 1089
1088 1198
1089 1090
1089 1199
1090 1091
1090 1200
1091 1092
1091 1201
1092 1093
1092 1202
1093 1094
1093 1203
1094 1095
1094 1204
1095 1096
1095 1205
1096 1097
1096 1206
1097 1098
1097 1207
1098 1099
1098 1208
990 1099
1099 1209
1100 1101
1100 1210
1101 1102
1101 1211
1102 1103
1102 1212
1103 1104
1103 1213
1104 1105
1104 1214
1105 1106
1105 1215
1106 1107
1106 1216
1107 1108
1107 1217
1108 1109
1108 1218
1109 1110
1109 1219
1110 1111
1110 1220
1111 1112
1111 1221
1112 1113
1112 1222
1113 1114
1113 1223
1114 1115
1114 1224
1115 1116
1115 1225
1116 1117
1116 1226
1117 1118
1117 1227
1118 1119
1118 1228
1119 1120
1119 1229
1120 1121
1120 1230
1121 1122
1121 1231
1122 1123
1122 1232
1123 1124
1123 1233
1124 1125
1124 1234
1125 1126
1125 1235
1126 1127
1126 1236
1127 1128
1127 1237
1128 1129
1128 1238
1129 1130
1129 1239
1130 1131
1130 1240
1131 1132
1131 1241
1132 1133
1132 1242
1133 1134
1133 1243
1134 1135
1134 1244
1135 1136
1135 1245
1136 1137
1136 1246
1137 1138
1137 1247
1138 1139
1138 1248
1139 1140
1139 1249
1140 1141
1140 1250
1141 1142
1141 1251
1142 1143
1142 1252
1143 1144
1143 1253
1144 1145
1144 1254
1145 1146
1145 1255
1146 1147
1146 1256
1147 1148
1147 1257
1148 1149
1148 1258
1149 1150
1149 1259
1150 1151
1150 1260
1151 1152
1151 1261
1152 1153
1152 1262
1153 1154
1153 1263
1154 1155
1154 1264
1155 1156
1155 1265
1156 1157
1156 1266
1157 1158
1157 1267
1158 1159
1158 1268
1159 1160
1159 1269
1160 1161
1160 1270
1161 1162
1161 1271
1162 1163
1162 1272
1163 1164
1163 1273
1164 1165
1164 1274
1165 1166
1165 1275
1166 1167
1166 1276
1167 1168
1167 1277
1168 1169
1168 1278
1169 1170
1169 1279
1170 1171
1170 1280
1171 1172
1171 1281
1172 1173
1172 1282
1173 1174
1173 1283
1174 1175
1174 1284
1175 1176
1175 1285
1176 1177
1176 1286
1177 1178
1177 1287
1178 1179
1178 1288
1179 1180
1179 1289
1180 1181
1180 1290
1181 1182
1181 1291
1182 1183
1182 1292
1183 1184
1183 1293
1184 1185
1184 1294
1185 1186
1185 1295
1186 1187
1186 1296
1187 1188
1187 1297
1188 1189
1188 1298
1189 1190
1189 1299
1190 1191
1190 1300
1191 1192
1191 1301
1192 1193
1192 1302
1193 1194
1193 1303
1194 1195
1194 1304
1195 1196
1195 1305
1196 1197
1196 1306
1197 1198
1197 1307
1198 1199
1198 1308
1199 1200
1199 1309
1200 1201
1200 1310
1201 1202
1201 1311
1202 1203
1202 1312
1203 1204
1203 1313
1204 1205
1204 1314
1205 1206
1205 1315
1206 1207
1206 1316
1207 1208
1207 1317
1208 1209
1208 1318
1100 1209
1209 1319
1210 1211
1210 1320
1211 1212
1211 1321
1212 1213
1212 1322
1213 1214
1213 1323
1214 1215
1214 1324
1215 1216
1215 1325
1216 1217
1216 1326
1217 1218
1217 1327
1218 1219
1218 1328
1219 1220
1219 1329
1220 1221
1220 1330
1221 1222
1221 1331
1222 1223
1222 1332
1223 1224
1223 1333
1224 1225
1224 1334
1225 1226
1225 1335
1226 1227
1226 1336
1227 1228
1227 1337
1228 1229
1228 1338
1229 1230
1229 1339
1230 1231
1230 1340
1231 1232
1231 1341
1232 1233
1232 1342
1233 1234
1233 1343
1234 1235
1234 1344
1235 1236
1235 1345
1236 1237
1236 1346
1237 1238
1237 1347
1238 1239
1238 1348
1239 1240
1239 1349
1240 1241
1240 1350
1241 1242
1241 1351
1242 1243
1242 1352
1243 1244
1243 1353
1244 1245
1244 1354
1245 1246
1245 1355
1246 1247
1246 1356
1247 1248
1247 1357
1248 1249
1248 1358
1249 1250
1249 1359
1250 1251
1250 1360
1251 1252
1251 1361
1252 1253
1252 1362
1253 1254
1253 1363
1254 1255
1254 1364
1255 1256
1255 1365
1256 1257
1256 1366
1257 1258
1257 1367
1258 1259
1258 1368
1259 1260
1259 1369
1260 1261
1260 1370
1261 1262
1261 1371
1262 1263
1262 1372
1263 1264
1263 1373
1264 1265
1264 1374
1265 1266
1265 1375
1266 1267
1266 1376
1267 1268
1267 1377
1268 1269
1268 1378
1269 1270
1269 1379
1270 1271
1270 1380
1271 1272
1271 1381
1272 1273
1272 1382
1273 1274
1273 1383
1274 1275
1274 1384
1275 1276
1275 1385
1276 1277
1276 1386
1277 1278
1277 1387
1278 1279
1278 1388
1279 1280
1279 1389
1280 1281
1280 1390
1281 1282
1281 1391
1282 1283
1282 1392
1283 1284
1283 1393
1284 1285
1284 1394
1285 1286
1285 1395
1286 1287
1286 1396
1287 1288
1287 1397
1288 1289
1288 1398
1289 1290
1289 1399
1290 1291
1290 1400
1291 1292
1291 1401
1292 1293
1292 1402
1293 1294
1293 1403
1294 1295
1294 1404
1295 1296
1295 1405
1296 1297
1296 1406
1297 1298
1297 1407
1298 1299
1298 1408
1299 1300
1299 1409
1300 1301
1300 1410
1301 1302
1301 1411
1302 1303
1302 1412
1303 1304
1303 1413
1304 1305
1304 1414
1305 1306
1305 1415
1306 1307
1306 1416
1307 1308
1307 1417
1308 1309
1308 1418
1309 1310
1309 1419
1310 1311
1310 1420
1311 1312
1311 1421
1312 1313
1312 1422
1313 1314
1313 1423
1314 1315
1314 1424
1315 1316
1315 1425
1316 1317
1316 1426
1317 1318
1317 1427
1318 1319
1318 1428
1210 1319
1319 1429
1320 1321
1320 1430
1321 1322
1321 1431
1322 1323
1322 1432
1323 1324
1323 1433
1324 1325
1324 1434
1325 1326
1325 1435
1326 1327
1326 1436
1327 1328
1327 1437
1328 1329
1328 1438
1329 1330
1329 1439
1330 1331
1330 1440
1331 1332
1331 1441
1332 1333
1332 1442
1333 1334
1333 1443
1334 1335
1334 1444
1335 1336
1335 1445
1336 1337
1336 1446
1337 1338
1337 1447
1338 1339
1338 1448
1339 1340
1339 1449
1340 1341
1340 1450
1341 1342
1341 1451
1342 1343
1342 1452
1343 1344
1343 1453
1344 1345
1344 1454
1345 1346
1345 1455
1346 1347
1346 1456
1347 1348
1347 1457
1348 1349
1348 1458
1349 1350
1349 1459
1350 1351
1350 1460
1351 1352
1351 1461
1352 1353
1352 1462
1353 1354
1353 1463
1354 1355
1354 1464
1355 1356
1355 1465
1356 1357
1356 1466
1357 1358
1357 1467
1358 1359
1358 1468
1359 1360
1359 1469
1360 1361
1360 1470
1361 1362
1361 1471
1362 1363
1362 1472
1363 1364
1363 1473
1364 1365
1364 1474
1365 1366
1365 1475
1366 1367
1366 1476
1367 1368
1367 1477
1368 1369
1368 1478
1369 1370
1369 1479
1370 1371
1370 1480
1371 1372
1371 1481
1372 1373
1372 1482
1373 1374
1373 1483
1374 1375
1374 1484
1375 1376
1375 1485
1376 1377
1376 1486
1377 1378
1377 1487
1378 1379
1378 1488
1379 1380
1379 1489
1380 1381
1380 1490
1381 1382
1381 1491
1382 1383
1382 1492
1383 1384
1383 1493
1384 1385
1384 1494
1385 1386
1385 1495
1386 1387
1386 1496
1387 1388
1387 1497
1388 1389
1388 1498
1389 1390
1389 1499
1390 1391
1390 1500
1391 1392
1391 1501
1392 1393
1392 1502
1393 1394
1393 1503
1394 1395
1394 1504
1395 1396
1395 1505
1396 1397
1396 1506
1397 1398
1397 1507
1398 1399
1398 1508
1399 1400
1399 1509
1400 1401
1400 1510
1401 1402
1401 1511
1402 1403
1402 1512
1403 1404
1403 1513
1404 1405
1404 1514
1405 1406
1405 1515
1406 1407
1406 1516
1407 1408
1407 1517
1408 1409
1408 1518
1409 1410
1409 1519
1410 1411
1410 1520
1411 1412
1411 1521
1412 1413
1412 1522
1413 1414
1413 1523
1414 1415
1414 1524
1415 1416
1415 1525
1416 1417
1416 1526
1417 1418
1417 1527
1418 1419
1418 1528
1419 1420
1419 1529
1420 1421
1420 1530
1421 1422
1421 1531
1422 1423
1422 1532
1423 1424
1423 1533
1424 1425
1424 1534
1425 1426
1425 1535
1426 1427
1426 1536
1427 1428
1427 1537
1428 1429
1428 1538
1320 1429
1429 1539
1430 1431
1430 1540
1431 1432
1431 1541
1432 1433
1432 1542
1433 1434
1433 1543
1434 1435
1434 1544
1435 1436
1435 1545
1436 1437
1436 1546
1437 1438
1437 1547
1438 1439
1438 1548
1439 1440
1439 1549
1440 1441
1440 1550
1441 1442
1441 1551
1442 1443
1442 1552
1443 1444
1443 1553
1444 1445
1444 1554
1445 1446
1445 1555
1446 1447
1446 1556
1447 1448
1447 1557
1448 1449
1448 1558
1449 1450
1449 1559
1450 1451
1450 1560
1451 1452
1451 1561
1452 1453
1452 1562
1453 1454
1453 1563
1454 1455
1454 1564
1455 1456
1455 1565
1456 1457
1456 1566
1457 1458
1457 1567
1458 1459
1458 1568
1459 1460
1459 1569
1460 1461
1460 1570
1461 1462
1461 1571
1462 1463
1462 1572
1463 1464
1463 1573
1464 1465
1464 1574
1465 1466
1465 1575
1466 1467
1466 1576
1467 1468
1467 1577
1468 1469
1468 1578
1469 1470
1469 1579
1470 1471
1470 1580
1471 1472
1471 1581
1472 1473
1472 1582
1473 1474
1473 1583
1474 1475
1474 1584
1475 1476
1475 1585
1476 1477
1476 1586
1477 1478
1477 1587
1478 1479
1478 1588
1479 1480
1479 1589
1480 1481
1480 1590
1481 1482
1481 1591
1482 1483
1482 1592
1483 1484
1483 1593
1484 1485
1484 1594
1485 1486
1485 1595
1486 1487
1486 1596
1487 1488
1487 1597
1488 1489
1488 1598
1489 1490
1489 1599
1490 1491
1490 1600
1491 1492
1491 1601
1492 1493
1492 1602
1493 1494
1493 1603
1494 1495
1494 1604
1495 1496
1495 1605
1496 1497
1496 1606
1497 1498
1497 1607
1498 1499
1498 1608
1499 1500
1499 1609
1500 1501
1500 1610
1501 1502
1501 1611
1502 1503
1502 1612
1503 1504
1503 1613
1504 1505
1504 1614
1505 1506
1505 1615
1506 1507
1506 1616
1507 1508
1507 1617
1508 1509
1508 1618
1509 1510
1509 1619
1510 1511
1510 1620
1511 1512
1511 1621
1512 1513
1512 1622
1513 1514
1513 1623
1514 1515
1514 1624
1515 1516
1515 1625
1516 1517
1516 1626
1517 1518
1517 1627
1518 1519
1518 1628
1519 1520
1519 1629
1520 1521
1520 1630
1521 1522
1521 1631
1522 1523
1522 1632
1523 1524
1523 1633
1524 1525
1524 1634
1525 1526
1525 1635
1526 1527
1526 1636
1527 1528
1527 1637
1528 1529
1528 1638
1529 1530
1529 1639
1530 1531
1530 1640
1531 1532
1531 1641
1532 1533
1532 1642
1533 1534
1533 1643
1534 1535
1534 1644
1535 1536
1535 1645
1536 1537
1536 1646
1537 1538
1537 1647
1538 1539
1538 1648
1430 1539
1539 1649
1540 1541
1540 1650
1541 1542
1541 1651
1542 1543
1542 1652
1543 1544
1543 1653
1544 1545
1544 1654
1545 1546
1545 1655
1546 1547
1546 1656
1547 1548
1547 1657
1548 1549
1548 1658
1549 1550
1549 1659
1550 1551
1550 1660
1551 1552
1551 1661
1552 1553
1552 1662
1553 1554
1553 1663
1554 1555
1554 1664
1555 1556
1555 1665
1556 1557
1556 1666
1557 1558
1557 1667
1558 1559
1558 1668
1559 1560
1559 1669
1560 1561
1560 1670
1561 1562
1561 1671
1562 1563
1562 1672
1563 1564
1563 1673
1564 1565
1564 1674
1565 1566
1565 1675
1566 1567
1566 1676
1567 1568
1567 1677
1568 1569
1568 1678
1569 1570
1569 1679
1570 1571
1570 1680
1571 1572
1571 1681
1572 1573
1572 1682
1573 1574
1573 1683
1574 1575
1574 1684
1575 1576
1575 1685
1576 1577
1576 1686
1577 1578
1577 1687
1578 1579
1578 1688
1579 1580
1579 1689
1580 1581
1580 1690
1581 1582
1581 1691
1582 1583
1582 1692
1583 1584
1583 1693
1584 1585
1584 1694
1585 1586
1585 1695
1586 1587
1586 1696
1587 1588
1587 1697
1588 1589
1588 1698
1589 1590
1589 1699
1590 1591
1590 1700
1591 1592
1591 1701
1592 1593
1592 1702
1593 1594
1593 1703
1594 1595
1594 1704
1595 1596
1595 1705
1596 1597
1596 1706
1597 1598
1597 1707
1598 1599
1598 1708
1599 1600
1599 1709
1600 1601
1600 1710
1601 1602
1601 1711
1602 1603
1602 1712
1603 1604
1603 1713
1604 1605
1604 1714
1605 1606
1605 1715
1606 1607
1606 1716
1607 1608
1607 1717
1608 1609
1608 1718
1609 1610
1609 1719
1610 1611
1610 1720
1611 1612
1611 1721
1612 1613
1612 1722
1613 1614
1613 1723
1614 1615
1614 1724
1615 1616
1615 1725
1616 1617
1616 1726
1617 1618
1617 1727
1618 1619
1618 1728
1619 1620
1619 1729
1620 1621
1620 1730
1621 1622
1621 1731
1622 1623
1622 1732
1623 1624
1623 1733
1624 1625
1624 1734
1625 1626
1625 1735
1626 1627
1626 1736
1627 1628
1627 1737
1628 1629
1628 1738
1629 1630
1629 1739
1630 1631
1630 1740
1631 1632
1631 1741
1632 1633
1632 1742
1633 1634
1633 1743
1634 1635
1634 1744
1635 1636
1635 1745
1636 1637
1636 1746
1637 1638
1637 1747
1638 1639
1638 1748
1639 1640
1639 1749
1640 1641
1640 1750
1641 1642
1641 1751
1642 1643
1642 1752
1643 1644
1643 1753
1644 1645
1644 1754
1645 1646
1645 1755
1646 1647
1646 1756
1647 1648
1647 1757
1648 1649
1648 1758
1540 1649
1649 1759
1650 1651
1650 1760
1651 1652
1651 1761
1652 1653
1652 1762
1653 1654
1653 1763
1654 1655
1654 1764
1655 1656
1655 1765
1656 1657
1656 1766
1657 1658
1657 1767
1658 1659
1658 1768
1659 1660
1659 1769
1660 1661
1660 1770
1661 1662
1661 1771
1662 1663
1662 1772
1663 1664
1663 1773
1664 1665
1664 1774
1665 1666
1665 1775
1666 1667
1666 1776
1667 1668
1667 1777
1668 1669
1668 1778
1669 1670
1669 1779
1670 1671
1670 1780
1671 1672
1671 1781
1672 1673
1672 1782
1673 1674
1673 1783
1674 1675
1674 1784
1675 1676
1675 1785
1676 1677
1676 1786
1677 1678
1677 1787
1678 1679
1678 1788
1679 1680
1679 1789
1680 1681
1680 1790
1681 1682
1681 1791
1682 1683
1682 1792
1683 1684
1683 1793
1684 1685
1684 1794
1685 1686
1685 1795
1686 1687
1686 1796
1687 1688
1687 1797
1688 1689
1688 1798
1689 1690
1689 1799
1690 1691
1690 1800
1691 1692
1691 1801
1692 1693
1692 1802
1693 1694
1693 1803
1694 1695
1694 1804
1695 1696
1695 1805
1696 1697
1696 1806
1697 1698
1697 1807
1698 1699
1698 1808
1699 1700
1699 1809
1700 1701
1700 1810
1701 1702
1701 1811
1702 1703
1702 1812
1703 1704
1703 1813
1704 1705
1704 1814
1705 1706
1705 1815
1706 1707
1706 1816
1707 1708
1707 1817
1708 1709
1708 1818
1709 1710
1709 1819
1710 1711
1710 1820
1711 1712
1711 1821
1712 1713
1712 1822
1713 1714
1713 1823
1714 1715
1714 1824
1715 1716
1715 1825
1716 1717
1716 1826
1717 1718
1717 1827
1718 1719
1718 1828
1719 1720
1719 1829
1720 1721
1720 1830
1721 1722
1721 1831
1722 1723
1722 1832
1723 1724
1723 1833
1724 1725
1724 1834
1725 1726
1725 1835
1726 1727
1726 1836
1727 1728
1727 1837
1728 1729
1728 1838
1729 1730
1729 1839
1730 1731
1730 1840
1731 1732
1731 1841
1732 1733
1732 1842
1733 1734
1733 1843
1734 1735
1734 1844
1735 1736
1735 1845
1736 1737
1736 1846
1737 1738
1737 1847
1738 1739
1738 1848
1739 1740
1739 1849
1740 1741
1740 1850
1741 1742
1741 1851
1742 1743
1742 1852
1743 1744
1743 1853
1744 1745
1744 1854
1745 1746
1745 1855
1746 1747
1746 1856
1747 1748
1747 1857
1748 1749
1748 1858
1749 1750
1749 1859
1750 1751
1750 1860
1751 1752
1751 1861
1752 1753
1752 1862
1753 1754
1753 1863
1754 1755
1754 1864
1755 1756
1755 1865
1756 1757
1756 1866
1757 1758
1757 1867
1758 1759
1758 1868
1650 1759
1759 1869
1760 1761
1760 1870
1761 1762
1761 1871
1762 1763
1762 1872
1763 1764
1763 1873
1764 1765
1764 1874
1765 1766
1765 1875
1766 1767
1766 1876
1767 1768
1767 1877
1768 1769
1768 1878
1769 1770
1769 1879
1770 1771
1770 1880
1771 1772
1771 1881
1772 1773
1772 1882
1773 1774
1773 1883
1774 1775
1774 1884
1775 1776
1775 1885
1776 1777
1776 1886
1777 1778
1777 1887
1778 1779
1778 1888
1779 1780
1779 1889
1780 1781
1780 1890
1781 1782
1781 1891
1782 1783
1782 1892
1783 1784
1783 1893
1784 1785
1784 1894
1785 1786
1785 1895
1786 1787
1786 1896
1787 1788
1787 1897
1788 1789
1788 1898
1789 1790
1789 1899
1790 1791
1790 1900
1791 1792
1791 1901
1792 1793
1792 1902
1793 1794
1793 1903
1794 1795
1794 1904
1795 1796
1795 1905
1796 1797
1796 1906
1797 1798
1797 1907
1798 1799
1798 1908
1799 1800
1799 1909
1800 1801
1800 1910
1801 1802
1801 1911
1802 1803
1802 1912
1803 1804
1803 1913
1804 1805
1804 1914
1805 1806
1805 1915
1806 1807
1806 1916
1807 1808
1807 1917
1808 1809
1808 1918
1809 1810
1809 1919
1810 1811
1810 1920
1811 1812
1811 1921
1812 1813
1812 1922
1813 1814
1813 1923
1814 1815
1814 1924
1815 1816
1815 1925
1816 1817
1816 1926
1817 1818
1817 1927
1818 1819
1818 1928
1819 1820
1819 1929
1820 1821
1820 1930
1821 1822
1821 1931
1822 1823
1822 1932
1823 1824
1823 1933
1824 1825
1824 1934
1825 1826
1825 1935
1826 1827
1826 1936
1827 1828
1827 1937
1828 1829
1828 1938
1829 1830
1829 1939
1830 1831
1830 1940
1831 1832
1831 1941
1832 1833
1832 1942
1833 1834
1833 1943
1834 1835
1834 1944
1835 1836
1835 1945
1836 1837
1836 1946
1837 1838
1837 1947
1838 1839
1838 1948
1839 1840
1839 1949
1840 1841
1840 1950
1841 1842
1841 1951
1842 1843
1842 1952
1843 1844
1843 1953
1844 1845
1844 1954
1845 1846
1845 1955
1846 1847
1846 1956
1847 1848
1847 1957
1848 1849
1848 1958
1849 1850
1849 1959
1850 1851
1850 1960
1851 1852
1851 1961
1852 1853
1852 1962
1853 1854
1853 1963
1854 1855
1854 1964
1855 1856
1855 1965
1856 1857
1856 1966
1857 1858
1857 1967
1858 1859
1858 1968
1859 1860
1859 1969
1860 1861
1860 1970
1861 1862
1861 1971
1862 1863
1862 1972
1863 1864
1863 1973
1864 1865
1864 1974
1865 1866
1865 1975
1866 1867
1866 1976
1867 1868
1867 1977
1868 1869
1868 1978
1760 1869
1869 1979
1870 1871
1870 1980
1871 1872
1871 1981
1872 1873
1872 1982
1873 1874
1873 1983
1874 1875
1874 1984
1875 1876
1875 1985
1876 1877
1876 1986
1877 1878
1877 1987
1878 1879
1878 1988
1879 1880
1879 1989
1880 1881
1880 1990
1881 1882
1881 1991
1882 1883
1882 1992
1883 1884
1883 1993
1884 1885
1884 1994
1885 1886
1885 1995
1886 1887
1886 1996
1887 1888
1887 1997
1888 1889
1888 1998
1889 1890
1889 1999
1890 1891
1890 2000
1891 1892
1891 2001
1892 1893
1892 2002
1893 1894
1893 2003
1894 1895
1894 2004
1895 1896
1895 2005
1896 1897
1896 2006
1897 1898
1897 2007
1898 1899
1898 2008
1899 1900
1899 2009
1900 1901
1900 2010
1901 1902
1901 2011
1902 1903
1902 2012
1903 1904
1903 2013
1904 1905
1904 2014
1905 1906
1905 2015
1906 1907
1906 2016
1907 1908
1907 2017
1908 1909
1908 2018
1909 1910
1909 2019
1910 1911
1910 2020
1911 1912
1911 2021
1912 1913
1912 2022
1913 1914
1913 2023
1914 1915
1914 2024
1915 1916
1915 2025
1916 1917
1916 2026
1917 1918
1917 2027
1918 1919
1918 2028
1919 1920
1919 2029
1920 1921
1920 2030
1921 1922
1921 2031
1922 1923
1922 2032
1923 1924
1923 2033
1924 1925
1924 2034
1925 1926
1925 2035
1926 1927
1926 2036
1927 1928
1927 2037
1928 1929
1928 2038
1929 1930
1929 2039
1930 1931
1930 2040
1931 1932
1931 2041
1932 1933
1932 2042
1933 1934
1933 2043
1934 1935
1934 2044
1935 1936
1935 2045
1936 1937
1936 2046
1937 1938
1937 2047
1938 1939
1938 2048
1939 1940
1939 2049
1940 1941
1940 2050
1941 1942
1941 2051
1942 1943
1942 2052
1943 1944
1943 2053
1944 1945
1944 2054
1945 1946
1945 2055
1946 1947
1946 2056
1947 1948
1947 2057
1948 1949
1948 2058
1949 1950
1949 2059
1950 1951
1950 2060
1951 1952
1951 2061
1952 1953
1952 2062
1953 1954
1953 2063
1954 1955
1954 2064
1955 1956
1955 2065
1956 1957
1956 2066
1957 1958
1957 2067
1958 1959
1958 2068
1959 1960
1959 2069
1960 1961
1960 2070
1961 1962
1961 2071
1962 1963
1962 2072
1963 1964
1963 2073
1964 1965
1964 2074
1965 1966
1965 2075
1966 1967
1966 2076
1967 1968
1967 2077
1968 1969
1968 2078
1969 1970
1969 2079
1970 1971
1970 2080
1971 1972
1971 2081
1972 1973
1972 2082
1973 1974
1973 2083
1974 1975
1974 2084
1975 1976
1975 2085
1976 1977
1976 2086
1977 1978
1977 2087
1978 1979
1978 2088
1870 1979
1979 2089
1980 1981
1980 2090
1981 1982
1981 2091
1982 1983
1982 2092
1983 1984
1983 2093
1984 1985
1984 2094
1985 1986
1985 2095
1986 1987
1986 2096
1987 1988
1987 2097
1988 1989
1988 2098
1989 1990
1989 2099
1990 1991
1990 2100
1991 1992
1991 2101
1992 1993
1992 2102
1993 1994
1993 2103
1994 1995
1994 2104
1995 1996
1995 2105
1996 1997
1996 2106
1997 1998
1997 2107
1998 1999
1998 2108
1999 2000
1999 2109
2000 2001
2000 2110
2001 2002
2001 2111
2002 2003
2002 2112
2003 2004
2003 2113
2004 2005
2004 2114
2005 2006
2005 2115
2006 2007
2006 2116
2007 2008
2007 2117
2008 2009
2008 2118
2009 2010
2009 2119
2010 2011
2010 2120
2011 2012
2011 2121
2012 2013
2012 2122
2013 2014
2013 2123
2014 2015
2014 2124
2015 2016
2015 2125
2016 2017
2016 2126
2017 2018
2017 2127
2018 2019
2018 2128
2019 2020
2019 2129
2020 2021
2020 2130
2021 2022
2021 2131
2022 2023
2022 2132
2023 2024
2023 2133
2024 2025
2024 2134
2025 2026
2025 2135
2026 2027
2026 2136
2027 2028
2027 2137
2028 2029
2028 2138
2029 2030
2029 2139
2030 2031
2030 2140
2031 2032
2031 2141
2032 2033
2032 2142
2033 2034
2033 2143
2034 2035
2034 2144
2035 2036
2035 2145
2036 2037
2036 2146
2037 2038
2037 2147
2038 2039
2038 2148
2039 2040
2039 2149
2040 2041
2040 2150
2041 2042
2041 2151
2042 2043
2042 2152
2043 2044
2043 2153
2044 2045
2044 2154
2045 2046
2045 2155
2046 2047
2046 2156
2047 2048
2047 2157
2048 2049
2048 2158
2049 2050
2049 2159
2050 2051
2050 2160
2051 2052
2051 2161
2052 2053
2052 2162
2053 2054
2053 2163
2054 2055
2054 2164
2055 2056
2055 2165
2056 2057
2056 2166
2057 2058
2057 2167
2058 2059
2058 2168
2059 2060
2059 2169
2060 2061
2060 2170
2061 2062
2061 2171
2062 2063
2062 2172
2063 2064
2063 2173
2064 2065
2064 2174
2065 2066
2065 2175
2066 2067
2066 2176
2067 2068
2067 2177
2068 2069
2068 2178
2069 2070
2069 2179
2070 2071
2070 2180
2071 2072
2071 2181
2072 2073
2072 2182
2073 2074
2073 2183
2074 2075
2074 2184
2075 2076
2075 2185
2076 2077
2076 2186
2077 2078
2077 2187
2078 2079
2078 2188
2079 2080
2079 2189
2080 2081
2080 2190
2081 2082
2081 2191
2082 2083
2082 2192
2083 2084
2083 2193
2084 2085
2084 2194
2085 2086
2085 2195
2086 2087
2086 2196
2087 2088
2087 2197
2088 2089
2088 2198
1980 2089
2089 2199
2090 2091
2090 2200
2091 2092
2091 2201
2092 2093
2092 2202
2093 2094
2093 2203
2094 2095
2094 2204
2095 2096
2095 2205
2096 2097
2096 2206
2097 2098
2097 2207
2098 2099
2098 2208
2099 2100
2099 2209
2100 2101
2100 2210
2101 2102
2101 2211
2102 2103
2102 2212
2103 2104
2103 2213
2104 2105
2104 2214
2105 2106
2105 2215
2106 2107
2106 2216
2107 2108
2107 2217
2108 2109
2108 2218
2109 2110
2109 2219
2110 2111
2110 2220
2111 2112
2111 2221
2112 2113
2112 2222
2113 2114
2113 2223
2114 2115
2114 2224
2115 2116
2115 2225
2116 2117
2116 2226
2117 2118
2117 2227
2118 2119
2118 2228
2119 2120
2119 2229
2120 2121
2120 2230
2121 2122
2121 2231
2122 2123
2122 2232
2123 2124
2123 2233
2124 2125
2124 2234
2125 2126
2125 2235
2126 2127
2126 2236
2127 2128
2127 2237
2128 2129
2128 2238
2129 2130
2129 2239
2130 2131
2130 2240
2131 2132
2131 2241
2132 2133
2132 2242
2133 2134
2133 2243
2134 2135
2134 2244
2135 2136
2135 2245
2136 2137
2136 2246
2137 2138
2137 2247
2138 2139
2138 2248
2139 2140
2139 2249
2140 2141
2140 2250
2141 2142
2141 2251
2142 2143
2142 2252
2143 2144
2143 2253
2144 2145
2144 2254
2145 2146
2145 2255
2146 2147
2146 2256
2147 2148
2147 2257
2148 2149
2148 2258
2149 2150
2149 2259
2150 2151
2150 2260
2151 2152
2151 2261
2152 2153
2152 2262
2153 2154
2153 2263
2154 2155
2154 2264
2155 2156
2155 2265
2156 2157
2156 2266
2157 2158
2157 2267
2158 2159
2158 2268
2159 2160
2159 2269
2160 2161
2160 2270
2161 2162
2161 2271
2162 2163
2162 2272
2163 2164
2163 2273
2164 2165
2164 2274
2165 2166
2165 2275
2166 2167
2166 2276
2167 2168
2167 2277
2168 2169
2168 2278
2169 2170
2169 2279
2170 2171
2170 2280
2171 2172
2171 2281
2172 2173
2172 2282
2173 2174
2173 2283
2174 2175
2174 2284
2175 2176
2175 2285
2176 2177
2176 2286
2177 2178
2177 2287
2178 2179
2178 2288
2179 2180
2179 2289
2180 2181
2180 2290
2181 2182
2181 2291
2182 2183
2182 2292
2183 2184
2183 2293
2184 2185
2184 2294
2185 2186
2185 2295
2186 2187
2186 2296
2187 2188
2187 2297
2188 2189
2188 2298
2189 2190
2189 2299
2190 2191
2190 2300
2191 2192
2191 2301
2192 2193
2192 2302
2193 2194
2193 2303
2194 2195
2194 2304
2195 2196
2195 2305
2196 2197
2196 2306
2197 2198
2197 2307
2198 2199
2198 2308
2090 2199
2199 2309
2200 2201
2200 2310
2201 2202
2201 2311
2202 2203
2202 2312
2203 2204
2203 2313
2204 2205
2204 2314
2205 2206
2205 2315
2206 2207
2206 2316
2207 2208
2207 2317
2208 2209
2208 2318
2209 2210
2209 2319
2210 2211
2210 2320
2211 2212
2211 2321
2212 2213
2212 2322
2213 2214
2213 2323
2214 2215
2214 2324
2215 2216
2215 2325
2216 2217
2216 2326
2217 2218
2217 2327
2218 2219
2218 2328
2219 2220
2219 2329
2220 2221
2220 2330
2221 2222
2221 2331
2222 2223
2222 2332
2223 2224
2223 2333
2224 2225
2224 2334
2225 2226
2225 2335
2226 2227
2226 2336
2227 2228
2227 2337
2228 2229
2228 2338
2229 2230
2229 2339
2230 2231
2230 2340
2231 2232
2231 2341
2232 2233
2232 2342
2233 2234
2233 2343
2234 2235
2234 2344
2235 2236
2235 2345
2236 2237
2236 2346
2237 2238
2237 2347
2238 2239
2238 2348
2239 2240
2239 2349
2240 2241
2240 2350
2241 2242
2241 2351
2242 2243
2242 2352
2243 2244
2243 2353
2244 2245
2244 2354
2245 2246
2245 2355
2246 2247
2246 2356
2247 2248
2247 2357
2248 2249
2248 2358
2249 2250
2249 2359
2250 2251
2250 2360
2251 2252
2251 2361
2252 2253
2252 2362
2253 2254
2253 2363
2254 2255
2254 2364
2255 2256
2255 2365
2256 2257
2256 2366
2257 2258
2257 2367
2258 2259
2258 2368
2259 2260
2259 2369
2260 2261
2260 2370
2261 2262
2261 2371
2262 2263
2262 2372
2263 2264
2263 2373
2264 2265
2264 2374
2265 2266
2265 2375
2266 2267
2266 2376
2267 2268
2267 2377
2268 2269
2268 2378
2269 2270
2269 2379
2270 2271
2270 2380
2271 2272
2271 2381
2272 2273
2272 2382
2273 2274
2273 2383
2274 2275
2274 2384
2275 2276
2275 2385
2276 2277
2276 2386
2277 2278
2277 2387
2278 2279
2278 2388
2279 2280
2279 2389
2280 2281
2280 2390
2281 2282
2281 2391
2282 2283
2282 2392
2283 2284
2283 2393
2284 2285
2284 2394
2285 2286
2285 2395
2286 2287
2286 2396
2287 2288
2287 2397
2288 2289
2288 2398
2289 2290
2289 2399
2290 2291
2290 2400
2291 2292
2291 2401
2292 2293
2292 2402
2293 2294
2293 2403
2294 2295
2294 2404
2295 2296
2295 2405
2296 2297
2296 2406
2297 2298
2297 2407
2298 2299
2298 2408
2299 2300
2299 2409
2300 2301
2300 2410
2301 2302
2301 2411
2302 2303
2302 2412
2303 2304
2303 2413
2304 2305
2304 2414
2305 2306
2305 2415
2306 2307
2306 2416
2307 2308
2307 2417
2308 2309
2308 2418
2200 2309
2309 2419
2310 2311
2310 2420
2311 2312
2311 2421
2312 2313
2312 2422
2313 2314
2313 2423
2314 2315
2314 2424
2315 2316
2315 2425
2316 2317
2316 2426
2317 2318
2317 2427
2318 2319
2318 2428
2319 2320
2319 2429
2320 2321
2320 2430
2321 2322
2321 2431
2322 2323
2322 2432
2323 2324
2323 2433
2324 2325
2324 2434
2325 2326
2325 2435
2326 2327
2326 2436
2327 2328
2327 2437
2328 2329
2328 2438
2329 2330
2329 2439
2330 2331
2330 2440
2331 2332
2331 2441
2332 2333
2332 2442
2333 2334
2333 2443
2334 2335
2334 2444
2335 2336
2335 2445
2336 2337
2336 2446
2337 2338
2337 2447
2338 2339
2338 2448
2339 2340
2339 2449
2340 2341
2340 2450
2341 2342
2341 2451
2342 2343
2342 2452
2343 2344
2343 2453
2344 2345
2344 2454
2345 2346
2345 2455
2346 2347
2346 2456
2347 2348
2347 2457
2348 2349
2348 2458
2349 2350
2349 2459
2350 2351
2350 2460
2351 2352
2351 2461
2352 2353
2352 2462
2353 2354
2353 2463
2354 2355
2354 2464
2355 2356
2355 2465
2356 2357
2356 2466
2357 2358
2357 2467
2358 2359
2358 2468
2359 2360
2359 2469
2360 2361
2360 2470
2361 2362
2361 2471
2362 2363
2362 2472
2363 2364
2363 2473
2364 2365
2364 2474
2365 2366
2365 2475
2366 2367
2366 2476
2367 2368
2367 2477
2368 2369
2368 2478
2369 2370
2369 2479
2370 2371
2370 2480
2371 2372
2371 2481
2372 2373
2372 2482
2373 2374
2373 2483
2374 2375
2374 2484
2375 2376
2375 2485
2376 2377
2376 2486
2377 2378
2377 2487
2378 2379
2378 2488
2379 2380
2379 2489
2380 2381
2380 2490
2381 2382
2381 2491
2382 2383
2382 2492
2383 2384
2383 2493
2384 2385
2384 2494
2385 2386
2385 2495
2386 2387
2386 2496
2387 2388
2387 2497
2388 2389
2388 2498
2389 2390
2389 2499
2390 2391
2390 2500
2391 2392
2391 2501
2392 2393
2392 2502
2393 2394
2393 2503
2394 2395
2394 2504
2395 2396
2395 2505
2396 2397
2396 2506
2397 2398
2397 2507
2398 2399
2398 2508
2399 2400
2399 2509
2400 2401
2400 2510
2401 2402
2401 2511
2402 2403
2402 2512
2403 2404
2403 2513
2404 2405
2404 2514
2405 2406
2405 2515
2406 2407
2406 2516
2407 2408
2407 2517
2408 2409
2408 2518
2409 2410
2409 2519
2410 2411
2410 2520
2411 2412
2411 2521
2412 2413
2412 2522
2413 2414
2413 2523
2414 2415
2414 2524
2415 2416
2415 2525
2416 2417
2416 2526
2417 2418
2417 2527
2418 2419
2418 2528
2310 2419
2419 2529
2420 2421
2420 2530
2421 2422
2421 2531
2422 2423
2422 2532
2423 2424
2423 2533
2424 2425
2424 2534
2425 2426
2425 2535
2426 2427
2426 2536
2427 2428
2427 2537
2428 2429
2428 2538
2429 2430
2429 2539
2430 2431
2430 2540
2431 2432
2431 2541
2432 2433
2432 2542
2433 2434
2433 2543
2434 2435
2434 2544
2435 2436
2435 2545
2436 2437
2436 2546
2437 2438
2437 2547
2438 2439
2438 2548
2439 2440
2439 2549
2440 2441
2440 2550
2441 2442
2441 2551
2442 2443
2442 2552
2443 2444
2443 2553
2444 2445
2444 2554
2445 2446
2445 2555
2446 2447
2446 2556
2447 2448
2447 2557
2448 2449
2448 2558
2449 2450
2449 2559
2450 2451
2450 2560
2451 2452
2451 2561
2452 2453
2452 2562
2453 2454
2453 2563
2454 2455
2454 2564
2455 2456
2455 2565
2456 2457
2456 2566
2457 2458
2457 2567
2458 2459
2458 2568
2459 2460
2459 2569
2460 2461
2460 2570
2461 2462
2461 2571
2462 2463
2462 2572
2463 2464
2463 2573
2464 2465
2464 2574
2465 2466
2465 2575
2466 2467
2466 2576
2467 2468
2467 2577
2468 2469
2468 2578
2469 2470
2469 2579
2470 2471
2470 2580
2471 2472
2471 2581
2472 2473
2472 2582
2473 2474
2473 2583
2474 2475
2474 2584
2475 2476
2475 2585
2476 2477
2476 2586
2477 2478
2477 2587
2478 2479
2478 2588
2479 2480
2479 2589
2480 2481
2480 2590
2481 2482
2481 2591
2482 2483
2482 2592
2483 2484
2483 2593
2484 2485
2484 2594
2485 2486
2485 2595
2486 2487
2486 2596
2487 2488
2487 2597
2488 2489
2488 2598
2489 2490
2489 2599
2490 2491
2490 2600
2491 2492
2491 2601
2492 2493
2492 2602
2493 2494
2493 2603
2494 2495
2494 2604
2495 2496
2495 2605
2496 2497
2496 2606
2497 2498
2497 2607
2498 2499
2498 2608
2499 2500
2499 2609
2500 2501
2500 2610
2501 2502
2501 2611
2502 2503
2502 2612
2503 2504
2503 2613
2504 2505
2504 2614
2505 2506
2505 2615
2506 2507
2506 2616
2507 2508
2507 2617
2508 2509
2508 2618
2509 2510
2509 2619
2510 2511
2510 2620
2511 2512
2511 2621
2512 2513
2512 2622
2513 2514
2513 2623
2514 2515
2514 2624
2515 2516
2515 2625
2516 2517
2516 2626
2517 2518
2517 2627
2518 2519
2518 2628
2519 2520
2519 2629
2520 2521
2520 2630
2521 2522
2521 2631
2522 2523
2522 2632
2523 2524
2523 2633
2524 2525
2524 2634
2525 2526
2525 2635
2526 2527
2526 2636
2527 2528
2527 2637
2528 2529
2528 2638
2420 2529
2529 2639
2530 2531
2530 2640
2531 2532
2531 2641
2532 2533
2532 2642
2533 2534
2533 2643
2534 2535
2534 2644
2535 2536
2535 2645
2536 2537
2536 2646
2537 2538
2537 2647
2538 2539
2538 2648
2539 2540
2539 2649
2540 2541
2540 2650
2541 2542
2541 2651
2542 2543
2542 2652
2543 2544
2543 2653
2544 2545
2544 2654
2545 2546
2545 2655
2546 2547
2546 2656
2547 2548
2547 2657
2548 2549
2548 2658
2549 2550
2549 2659
2550 2551
2550 2660
2551 2552
2551 2661
2552 2553
2552 2662
2553 2554
2553 2663
2554 2555
2554 2664
2555 2556
2555 2665
2556 2557
2556 2666
2557 2558
2557 2667
2558 2559
2558 2668
2559 2560
2559 2669
2560 2561
2560 2670
2561 2562
2561 2671
2562 2563
2562 2672
2563 2564
2563 2673
2564 2565
2564 2674
2565 2566
2565 2675
2566 2567
2566 2676
2567 2568
2567 2677
2568 2569
2568 2678
2569 2570
2569 2679
2570 2571
2570 2680
2571 2572
2571 2681
2572 2573
2572 2682
2573 2574
2573 2683
2574 2575
2574 2684
2575 2576
2575 2685
2576 2577
2576 2686
2577 2578
2577 2687
2578 2579
2578 2688
2579 2580
2579 2689
2580 2581
2580 2690
2581 2582
2581 2691
2582 2583
2582 2692
2583 2584
2583 2693
2584 2585
2584 2694
2585 2586
2585 2695
2586 2587
2586 2696
2587 2588
2587 2697
2588 2589
2588 2698
2589 2590
2589 2699
2590 2591
2590 2700
2591 2592
2591 2701
2592 2593
2592 2702
2593 2594
2593 2703
2594 2595
2594 2704
2595 2596
2595 2705
2596 2597
2596 2706
2597 2598
2597 2707
2598 2599
2598 2708
2599 2600
2599 2709
2600 2601
2600 2710
2601 2602
2601 2711
2602 2603
2602 2712
2603 2604
2603 2713
2604 2605
2604 2714
2605 2606
2605 2715
2606 2607
2606 2716
2607 2608
2607 2717
2608 2609
2608 2718
2609 2610
2609 2719
2610 2611
2610 2720
2611 2612
2611 2721
2612 2613
2612 2722
2613 2614
2613 2723
2614 2615
2614 2724
2615 2616
2615 2725
2616 2617
2616 2726
2617 2618
2617 2727
2618 2619
2618 2728
2619 2620
2619 2729
2620 2621
2620 2730
2621 2622
2621 2731
2622 2623
2622 2732
2623 2624
2623 2733
2624 2625
2624 2734
2625 2626
2625 2735
2626 2627
2626 2736
2627 2628
2627 2737
2628 2629
2628 2738
2629 2630
2629 2739
2630 2631
2630 2740
2631 2632
2631 2741
2632 2633
2632 2742
2633 2634
2633 2743
2634 2635
2634 2744
2635 2636
2635 2745
2636 2637
2636 2746
2637 2638
2637 2747
2638 2639
2638 2748
2530 2639
2639 2749
2640 2641
2640 2750
2641 2642
2641 2751
2642 2643
2642 2752
2643 2644
2643 2753
2644 2645
2644 2754
2645 2646
2645 2755
2646 2647
2646 2756
2647 2648
2647 2757
2648 2649
2648 2758
2649 2650
2649 2759
2650 2651
2650 2760
2651 2652
2651 2761
2652 2653
2652 2762
2653 2654
2653 2763
2654 2655
2654 2764
2655 2656
2655 2765
2656 2657
2656 2766
2657 2658
2657 2767
2658 2659
2658 2768
2659 2660
2659 2769
2660 2661
2660 2770
2661 2662
2661 2771
2662 2663
2662 2772
2663 2664
2663 2773
2664 2665
2664 2774
2665 2666
2665 2775
2666 2667
2666 2776
2667 2668
2667 2777
2668 2669
2668 2778
2669 2670
2669 2779
2670 2671
2670 2780
2671 2672
2671 2781
2672 2673
2672 2782
2673 2674
2673 2783
2674 2675
2674 2784
2675 2676
2675 2785
2676 2677
2676 2786
2677 2678
2677 2787
2678 2679
2678 2788
2679 2680
2679 2789
2680 2681
2680 2790
2681 2682
2681 2791
2682 2683
2682 2792
2683 2684
2683 2793
2684 2685
2684 2794
2685 2686
2685 2795
2686 2687
2686 2796
2687 2688
2687 2797
2688 2689
2688 2798
2689 2690
2689 2799
2690 2691
2690 2800
2691 2692
2691 2801
2692 2693
2692 2802
2693 2694
2693 2803
2694 2695
2694 2804
2695 2696
2695 2805
2696 2697
2696 2806
2697 2698
2697 2807
2698 2699
2698 2808
2699 2700
2699 2809
2700 2701
2700 2810
2701 2702
2701 2811
2702 2703
2702 2812
2703 2704
2703 2813
2704 2705
2704 2814
2705 2706
2705 2815
2706 2707
2706 2816
2707 2708
2707 2817
2708 2709
2708 2818
2709 2710
2709 2819
2710 2711
2710 2820
2711 2712
2711 2821
2712 2713
2712 2822
2713 2714
2713 2823
2714 2715
2714 2824
2715 2716
2715 2825
2716 2717
2716 2826
2717 2718
2717 2827
2718 2719
2718 2828
2719 2720
2719 2829
2720 2721
2720 2830
2721 2722
2721 2831
2722 2723
2722 2832
2723 2724
2723 2833
2724 2725
2724 2834
2725 2726
2725 2835
2726 2727
2726 2836
2727 2728
2727 2837
2728 2729
2728 2838
2729 2730
2729 2839
2730 2731
2730 2840
2731 2732
2731 2841
2732 2733
2732 2842
2733 2734
2733 2843
2734 2735
2734 2844
2735 2736
2735 2845
2736 2737
2736 2846
2737 2738
2737 2847
2738 2739
2738 2848
2739 2740
2739 2849
2740 2741
2740 2850
2741 2742
2741 2851
2742 2743
2742 2852
2743 2744
2743 2853
2744 2745
2744 2854
2745 2746
2745 2855
2746 2747
2746 2856
2747 2748
2747 2857
2748 2749
2748 2858
2640 2749
2749 2859
2750 2751
2750 2860
2751 2752
2751 2861
2752 2753
2752 2862
2753 2754
2753 2863
2754 2755
2754 2864
2755 2756
2755 2865
2756 2757
2756 2866
2757 2758
2757 2867
2758 2759
2758 2868
2759 2760
2759 2869
2760 2761
2760 2870
2761 2762
2761 2871
2762 2763
2762 2872
2763 2764
2763 2873
2764 2765
2764 2874
2765 2766
2765 2875
2766 2767
2766 2876
2767 2768
2767 2877
2768 2769
2768 2878
2769 2770
2769 2879
2770 2771
2770 2880
2771 2772
2771 2881
2772 2773
2772 2882
2773 2774
2773 2883
2774 2775
2774 2884
2775 2776
2775 2885
2776 2777
2776 2886
2777 2778
2777 2887
2778 2779
2778 2888
2779 2780
2779 2889
2780 2781
2780 2890
2781 2782
2781 2891
2782 2783
2782 2892
2783 2784
2783 2893
2784 2785
2784 2894
2785 2786
2785 2895
2786 2787
2786 2896
2787 2788
2787 2897
2788 2789
2788 2898
2789 2790
2789 2899
2790 2791
2790 2900
2791 2792
2791 2901
2792 2793
2792 2902
2793 2794
2793 2903
2794 2795
2794 2904
2795 2796
2795 2905
2796 2797
2796 2906
2797 2798
2797 2907
2798 2799
2798 2908
2799 2800
2799 2909
2800 2801
2800 2910
2801 2802
2801 2911
2802 2803
2802 2912
2803 2804
2803 2913
2804 2805
2804 2914
2805 2806
2805 2915
2806 2807
2806 2916
2807 2808
2807 2917
2808 2809
2808 2918
2809 2810
2809 2919
2810 2811
2810 2920
2811 2812
2811 2921
2812 2813
2812 2922
2813 2814
2813 2923
2814 2815
2814 2924
2815 2816
2815 2925
2816 2817
2816 2926
2817 2818
2817 2927
2818 2819
2818 2928
2819 2820
2819 2929
2820 2821
2820 2930
2821 2822
2821 2931
2822 2823
2822 2932
2823 2824
2823 2933
2824 2825
2824 2934
2825 2826
2825 2935
2826 2827
2826 2936
2827 2828
2827 2937
2828 2829
2828 2938
2829 2830
2829 2939
2830 2831
2830 2940
2831 2832
2831 2941
2832 2833
2832 2942
2833 2834
2833 2943
2834 2835
2834 2944
2835 2836
2835 2945
2836 2837
2836 2946
2837 2838
2837 2947
2838 2839
2838 2948
2839 2840
2839 2949
2840 2841
2840 2950
2841 2842
2841 2951
2842 2843
2842 2952
2843 2844
2843 2953
2844 2845
2844 2954
2845 2846
2845 2955
2846 2847
2846 2956
2847 2848
2847 2957
2848 2849
2848 2958
2849 2850
2849 2959
2850 2851
2850 2960
2851 2852
2851 2961
2852 2853
2852 2962
2853 2854
2853 2963
2854 2855
2854 2964
2855 2856
2855 2965
2856 2857
2856 2966
2857 2858
2857 2967
2858 2859
2858 2968
2750 2859
2859 2969
2860 2861
2860 2970
2861 2862
2861 2971
2862 2863
2862 2972
2863 2864
2863 2973
2864 2865
2864 2974
2865 2866
2865 2975
2866 2867
2866 2976
2867 2868
2867 2977
2868 2869
2868 2978
2869 2870
2869 2979
2870 2871
2870 2980
2871 2872
2871 2981
2872 2873
2872 2982
2873 2874
2873 2983
2874 2875
2874 2984
2875 2876
2875 2985
2876 2877
2876 2986
2877 2878
2877 2987
2878 2879
2878 2988
2879 2880
2879 2989
2880 2881
2880 2990
2881 2882
2881 2991
2882 2883
2882 2992
2883 2884
2883 2993
2884 2885
2884 2994
2885 2886
2885 2995
2886 2887
2886 2996
2887 2888
2887 2997
2888 2889
2888 2998
2889 2890
2889 2999
2890 2891
2890 3000
2891 2892
2891 3001
2892 2893
2892 3002
2893 2894
2893 3003
2894 2895
2894 3004
2895 2896
2895 3005
2896 2897
2896 3006
2897 2898
2897 3007
2898 2899
2898 3008
2899 2900
2899 3009
2900 2901
2900 3010
2901 2902
2901 3011
2902 2903
2902 3012
2903 2904
2903 3013
2904 2905
2904 3014
2905 2906
2905 3015
2906 2907
2906 3016
2907 2908
2907 3017
2908 2909
2908 3018
2909 2910
2909 3019
2910 2911
2910 3020
2911 2912
2911 3021
2912 2913
2912 3022
2913 2914
2913 3023
2914 2915
2914 3024
2915 2916
2915 3025
2916 2917
2916 3026
2917 2918
2917 3027
2918 2919
2918 3028
2919 2920
2919 3029
2920 2921
2920 3030
2921 2922
2921 3031
2922 2923
2922 3032
2923 2924
2923 3033
2924 2925
2924 3034
2925 2926
2925 3035
2926 2927
2926 3036
2927 2928
2927 3037
2928 2929
2928 3038
2929 2930
2929 3039
2930 2931
2930 3040
2931 2932
2931 3041
2932 2933
2932 3042
2933 2934
2933 3043
2934 2935
2934 3044
2935 2936
2935 3045
2936 2937
2936 3046
2937 2938
2937 3047
2938 2939
2938 3048
2939 2940
2939 3049
2940 2941
2940 3050
2941 2942
2941 3051
2942 2943
2942 3052
2943 2944
2943 3053
2944 2945
2944 3054
2945 2946
2945 3055
2946 2947
2946 3056
2947 2948
2947 3057
2948 2949
2948 3058
2949 2950
2949 3059
2950 2951
2950 3060
2951 2952
2951 3061
2952 2953
2952 3062
2953 2954
2953 3063
2954 2955
2954 3064
2955 2956
2955 3065
2956 2957
2956 3066
2957 2958
2957 3067
2958 2959
2958 3068
2959 2960
2959 3069
2960 2961
2960 3070
2961 2962
2961 3071
2962 2963
2962 3072
2963 2964
2963 3073
2964 2965
2964 3074
2965 2966
2965 3075
2966 2967
2966 3076
2967 2968
2967 3077
2968 2969
2968 3078
2860 2969
2969 3079
2970 2971
2970 3080
2971 2972
2971 3081
2972 2973
2972 3082
2973 2974
2973 3083
2974 2975
2974 3084
2975 2976
2975 3085
2976 2977
2976 3086
2977 2978
2977 3087
2978 2979
2978 3088
2979 2980
2979 3089
2980 2981
2980 3090
2981 2982
2981 3091
2982 2983
2982 3092
2983 2984
2983 3093
2984 2985
2984 3094
2985 2986
2985 3095
2986 2987
2986 3096
2987 2988
2987 3097
2988 2989
2988 3098
2989 2990
2989 3099
2990 2991
2990 3100
2991 2992
2991 3101
2992 2993
2992 3102
2993 2994
2993 3103
2994 2995
2994 3104
2995 2996
2995 3105
2996 2997
2996 3106
2997 2998
2997 3107
2998 2999
2998 3108
2999 3000
2999 3109
3000 3001
3000 3110
3001 3002
3001 3111
3002 3003
3002 3112
3003 3004
3003 3113
3004 3005
3004 3114
3005 3006
3005 3115
3006 3007
3006 3116
3007 3008
3007 3117
3008 3009
3008 3118
3009 3010
3009 3119
3010 3011
3010 3120
3011 3012
3011 3121
3012 3013
3012 3122
3013 3014
3013 3123
3014 3015
3014 3124
3015 3016
3015 3125
3016 3017
3016 3126
3017 3018
3017 3127
3018 3019
3018 3128
3019 3020
3019 3129
3020 3021
3020 3130
3021 3022
3021 3131
3022 3023
3022 3132
3023 3024
3023 3133
3024 3025
3024 3134
3025 3026
3025 3135
3026 3027
3026 3136
3027 3028
3027 3137
3028 3029
3028 3138
3029 3030
3029 3139
3030 3031
3030 3140
3031 3032
3031 3141
3032 3033
3032 3142
3033 3034
3033 3143
3034 3035
3034 3144
3035 3036
3035 3145
3036 3037
3036 3146
3037 3038
3037 3147
3038 3039
3038 3148
3039 3040
3039 3149
3040 3041
3040 3150
3041 3042
3041 3151
3042 3043
3042 3152
3043 3044
3043 3153
3044 3045
3044 3154
3045 3046
3045 3155
3046 3047
3046 3156
3047 3048
3047 3157
3048 3049
3048 3158
3049 3050
3049 3159
3050 3051
3050 3160
3051 3052
3051 3161
3052 3053
3052 3162
3053 3054
3053 3163
3054 3055
3054 3164
3055 3056
3055 3165
3056 3057
3056 3166
3057 3058
3057 3167
3058 3059
3058 3168
3059 3060
3059 3169
3060 3061
3060 3170
3061 3062
3061 3171
3062 3063
3062 3172
3063 3064
3063 3173
3064 3065
3064 3174
3065 3066
3065 3175
3066 3067
3066 3176
3067 3068
3067 3177
3068 3069
3068 3178
3069 3070
3069 3179
3070 3071
3070 3180
3071 3072
3071 3181
3072 3073
3072 3182
3073 3074
3073 3183
3074 3075
3074 3184
3075 3076
3075 3185
3076 3077
3076 3186
3077 3078
3077 3187
3078 3079
3078 3188
2970 3079
3079 3189
3080 3081
3080 3190
3081 3082
3081 3191
3082 3083
3082 3192
3083 3084
3083 3193
3084 3085
3084 3194
3085 3086
3085 3195
3086 3087
3086 3196
3087 3088
3087 3197
3088 3089
3088 3198
3089 3090
3089 3199
3090 3091
3090 3200
3091 3092
3091 3201
3092 3093
3092 3202
3093 3094
3093 3203
3094 3095
3094 3204
3095 3096
3095 3205
3096 3097
3096 3206
3097 3098
3097 3207
3098 3099
3098 3208
3099 3100
3099 3209
3100 3101
3100 3210
3101 3102
3101 3211
3102 3103
3102 3212
3103 3104
3103 3213
3104 3105
3104 3214
3105 3106
3105 3215
3106 3107
3106 3216
3107 3108
3107 3217
3108 3109
3108 3218
3109 3110
3109 3219
3110 3111
3110 3220
3111 3112
3111 3221
3112 3113
3112 3222
3113 3114
3113 3223
3114 3115
3114 3224
3115 3116
3115 3225
3116 3117
3116 3226
3117 3118
3117 3227
3118 3119
3118 3228
3119 3120
3119 3229
3120 3121
3120 3230
3121 3122
3121 3231
3122 3123
3122 3232
3123 3124
3123 3233
3124 3125
3124 3234
3125 3126
3125 3235
3126 3127
3126 3236
3127 3128
3127 3237
3128 3129
3128 3238
3129 3130
3129 3239
3130 3131
3130 3240
3131 3132
3131 3241
3132 3133
3132 3242
3133 3134
3133 3243
3134 3135
3134 3244
3135 3136
3135 3245
3136 3137
3136 3246
3137 3138
3137 3247
3138 3139
3138 3248
3139 3140
3139 3249
3140 3141
3140 3250
3141 3142
3141 3251
3142 3143
3142 3252
3143 3144
3143 3253
3144 3145
3144 3254
3145 3146
3145 3255
3146 3147
3146 3256
3147 3148
3147 3257
3148 3149
3148 3258
3149 3150
3149 3259
3150 3151
3150 3260
3151 3152
3151 3261
3152 3153
3152 3262
3153 3154
3153 3263
3154 3155
3154 3264
3155 3156
3155 3265
3156 3157
3156 3266
3157 3158
3157 3267
3158 3159
3158 3268
3159 3160
3159 3269
3160 3161
3160 3270
3161 3162
3161 3271
3162 3163
3162 3272
3163 3164
3163 3273
3164 3165
3164 3274
3165 3166
3165 3275
3166 3167
3166 3276
3167 3168
3167 3277
3168 3169
3168 3278
3169 3170
3169 3279
3170 3171
3170 3280
3171 3172
3171 3281
3172 3173
3172 3282
3173 3174
3173 3283
3174 3175
3174 3284
3175 3176
3175 3285
3176 3177
3176 3286
3177 3178
3177 3287
3178 3179
3178 3288
3179 3180
3179 3289
3180 3181
3180 3290
3181 3182
3181 3291
3182 3183
3182 3292
3183 3184
3183 3293
3184 3185
3184 3294
3185 3186
3185 3295
3186 3187
3186 3296
3187 3188
3187 3297
3188 3189
3188 3298
3080 3189
3189 3299
3190 3191
3190 3300
3191 3192
3191 3301
3192 3193
3192 3302
3193 3194
3193 3303
3194 3195
3194 3304
3195 3196
3195 3305
3196 3197
3196 3306
3197 3198
3197 3307
3198 3199
3198 3308
3199 3200
3199 3309
3200 3201
3200 3310
3201 3202
3201 3311
3202 3203
3202 3312
3203 3204
3203 3313
3204 3205
3204 3314
3205 3206
3205 3315
3206 3207
3206 3316
3207 3208
3207 3317
3208 3209
3208 3318
3209 3210
3209 3319
3210 3211
3210 3320
3211 3212
3211 3321
3212 3213
3212 3322
3213 3214
3213 3323
3214 3215
3214 3324
3215 3216
3215 3325
3216 3217
3216 3326
3217 3218
3217 3327
3218 3219
3218 3328
3219 3220
3219 3329
3220 3221
3220 3330
3221 3222
3221 3331
3222 3223
3222 3332
3223 3224
3223 3333
3224 3225
3224 3334
3225 3226
3225 3335
3226 3227
3226 3336
3227 3228
3227 3337
3228 3229
3228 3338
3229 3230
3229 3339
3230 3231
3230 3340
3231 3232
3231 3341
3232 3233
3232 3342
3233 3234
3233 3343
3234 3235
3234 3344
3235 3236
3235 3345
3236 3237
3236 3346
3237 3238
3237 3347
3238 3239
3238 3348
3239 3240
3239 3349
3240 3241
3240 3350
3241 3242
3241 3351
3242 3243
3242 3352
3243 3244
3243 3353
3244 3245
3244 3354
3245 3246
3245 3355
3246 3247
3246 3356
3247 3248
3247 3357
3248 3249
3248 3358
3249 3250
3249 3359
3250 3251
3250 3360
3251 3252
3251 3361
3252 3253
3252 3362
3253 3254
3253 3363
3254 3255
3254 3364
3255 3256
3255 3365
3256 3257
3256 3366
3257 3258
3257 3367
3258 3259
3258 3368
3259 3260
3259 3369
3260 3261
3260 3370
3261 3262
3261 3371
3262 3263
3262 3372
3263 3264
3263 3373
3264 3265
3264 3374
3265 3266
3265 3375
3266 3267
3266 3376
3267 3268
3267 3377
3268 3269
3268 3378
3269 3270
3269 3379
3270 3271
3270 3380
3271 3272
3271 3381
3272 3273
3272 3382
3273 3274
3273 3383
3274 3275
3274 3384
3275 3276
3275 3385
3276 3277
3276 3386
3277 3278
3277 3387
3278 3279
3278 3388
3279 3280
3279 3389
3280 3281
3280 3390
3281 3282
3281 3391
3282 3283
3282 3392
3283 3284
3283 3393
3284 3285
3284 3394
3285 3286
3285 3395
3286 3287
3286 3396
3287 3288
3287 3397
3288 3289
3288 3398
3289 3290
3289 3399
3290 3291
3290 3400
3291 3292
3291 3401
3292 3293
3292 3402
3293 3294
3293 3403
3294 3295
3294 3404
3295 3296
3295 3405
3296 3297
3296 3406
3297 3298
3297 3407
3298 3299
3298 3408
3190 3299
3299 3409
3300 3301
3300 3410
3301 3302
3301 3411
3302 3303
3302 3412
3303 3304
3303 3413
3304 3305
3304 3414
3305 3306
3305 3415
3306 3307
3306 3416
3307 3308
3307 3417
3308 3309
3308 3418
3309 3310
3309 3419
3310 3311
3310 3420
3311 3312
3311 3421
3312 3313
3312 3422
3313 3314
3313 3423
3314 3315
3314 3424
3315 3316
3315 3425
3316 3317
3316 3426
3317 3318
3317 3427
3318 3319
3318 3428
3319 3320
3319 3429
3320 3321
3320 3430
3321 3322
3321 3431
3322 3323
3322 3432
3323 3324
3323 3433
3324 3325
3324 3434
3325 3326
3325 3435
3326 3327
3326 3436
3327 3328
3327 3437
3328 3329
3328 3438
3329 3330
3329 3439
3330 3331
3330 3440
3331 3332
3331 3441
3332 3333
3332 3442
3333 3334
3333 3443
3334 3335
3334 3444
3335 3336
3335 3445
3336 3337
3336 3446
3337 3338
3337 3447
3338 3339
3338 3448
3339 3340
3339 3449
3340 3341
3340 3450
3341 3342
3341 3451
3342 3343
3342 3452
3343 3344
3343 3453
3344 3345
3344 3454
3345 3346
3345 3455
3346 3347
3346 3456
3347 3348
3347 3457
3348 3349
3348 3458
3349 3350
3349 3459
3350 3351
3350 3460
3351 3352
3351 3461
3352 3353
3352 3462
3353 3354
3353 3463
3354 3355
3354 3464
3355 3356
3355 3465
3356 3357
3356 3466
3357 3358
3357 3467
3358 3359
3358 3468
3359 3360
3359 3469
3360 3361
3360 3470
3361 3362
3361 3471
3362 3363
3362 3472
3363 3364
3363 3473
3364 3365
3364 3474
3365 3366
3365 3475
3366 3367
3366 3476
3367 3368
3367 3477
3368 3369
3368 3478
3369 3370
3369 3479
3370 3371
3370 3480
3371 3372
3371 3481
3372 3373
3372 3482
3373 3374
3373 3483
3374 3375
3374 3484
3375 3376
3375 3485
3376 3377
3376 3486
3377 3378
3377 3487
3378 3379
3378 3488
3379 3380
3379 3489
3380 3381
3380 3490
3381 3382
3381 3491
3382 3383
3382 3492
3383 3384
3383 3493
3384 3385
3384 3494
3385 3386
3385 3495
3386 3387
3386 3496
3387 3388
3387 3497
3388 3389
3388 3498
3389 3390
3389 3499
3390 3391
3390 3500
3391 3392
3391 3501
3392 3393
3392 3502
3393 3394
3393 3503
3394 3395
3394 3504
3395 3396
3395 3505
3396 3397
3396 3506
3397 3398
3397 3507
3398 3399
3398 3508
3399 3400
3399 3509
3400 3401
3400 3510
3401 3402
3401 3511
3402 3403
3402 3512
3403 3404
3403 3513
3404 3405
3404 3514
3405 3406
3405 3515
3406 3407
3406 3516
3407 3408
3407 3517
3408 3409
3408 3518
3300 3409
3409 3519
3410 3411
3410 3520
3411 3412
3411 3521
3412 3413
3412 3522
3413 3414
3413 3523
3414 3415
3414 3524
3415 3416
3415 3525
3416 3417
3416 3526
3417 3418
3417 3527
3418 3419
3418 3528
3419 3420
3419 3529
3420 3421
3420 3530
3421 3422
3421 3531
3422 3423
3422 3532
3423 3424
3423 3533
3424 3425
3424 3534
3425 3426
3425 3535
3426 3427
3426 3536
3427 3428
3427 3537
3428 3429
3428 3538
3429 3430
3429 3539
3430 3431
3430 3540
3431 3432
3431 3541
3432 3433
3432 3542
3433 3434
3433 3543
3434 3435
3434 3544
3435 3436
3435 3545
3436 3437
3436 3546
3437 3438
3437 3547
3438 3439
3438 3548
3439 3440
3439 3549
3440 3441
3440 3550
3441 3442
3441 3551
3442 3443
3442 3552
3443 3444
3443 3553
3444 3445
3444 3554
3445 3446
3445 3555
3446 3447
3446 3556
3447 3448
3447 3557
3448 3449
3448 3558
3449 3450
3449 3559
3450 3451
3450 3560
3451 3452
3451 3561
3452 3453
3452 3562
3453 3454
3453 3563
3454 3455
3454 3564
3455 3456
3455 3565
3456 3457
3456 3566
3457 3458
3457 3567
3458 3459
3458 3568
3459 3460
3459 3569
3460 3461
3460 3570
3461 3462
3461 3571
3462 3463
3462 3572
3463 3464
3463 3573
3464 3465
3464 3574
3465 3466
3465 3575
3466 3467
3466 3576
3467 3468
3467 3577
3468 3469
3468 3578
3469 3470
3469 3579
3470 3471
3470 3580
3471 3472
3471 3581
3472 3473
3472 3582
3473 3474
3473 3583
3474 3475
3474 3584
3475 3476
3475 3585
3476 3477
3476 3586
3477 3478
3477 3587
3478 3479
3478 3588
3479 3480
3479 3589
3480 3481
3480 3590
3481 3482
3481 3591
3482 3483
3482 3592
3483 3484
3483 3593
3484 3485
3484 3594
3485 3486
3485 3595
3486 3487
3486 3596
3487 3488
3487 3597
3488 3489
3488 3598
3489 3490
3489 3599
3490 3491
3490 3600
3491 3492
3491 3601
3492 3493
3492 3602
3493 3494
3493 3603
3494 3495
3494 3604
3495 3496
3495 3605
3496 3497
3496 3606
3497 3498
3497 3607
3498 3499
3498 3608
3499 3500
3499 3609
3500 3501
3500 3610
3501 3502
3501 3611
3502 3503
3502 3612
3503 3504
3503 3613
3504 3505
3504 3614
3505 3506
3505 3615
3506 3507
3506 3616
3507 3508
3507 3617
3508 3509
3508 3618
3509 3510
3509 3619
3510 3511
3510 3620
3511 3512
3511 3621
3512 3513
3512 3622
3513 3514
3513 3623
3514 3515
3514 3624
3515 3516
3515 3625
3516 3517
3516 3626
3517 3518
3517 3627
3518 3519
3518 3628
3410 3519
3519 3629
3520 3521
3520 3630
3521 3522
3521 3631
3522 3523
3522 3632
3523 3524
3523 3633
3524 3525
3524 3634
3525 3526
3525 3635
3526 3527
3526 3636
3527 3528
3527 3637
3528 3529
3528 3638
3529 3530
3529 3639
3530 3531
3530 3640
3531 3532
3531 3641
3532 3533
3532 3642
3533 3534
3533 3643
3534 3535
3534 3644
3535 3536
3535 3645
3536 3537
3536 3646
3537 3538
3537 3647
3538 3539
3538 3648
3539 3540
3539 3649
3540 3541
3540 3650
3541 3542
3541 3651
3542 3543
3542 3652
3543 3544
3543 3653
3544 3545
3544 3654
3545 3546
3545 3655
3546 3547
3546 3656
3547 3548
3547 3657
3548 3549
3548 3658
3549 3550
3549 3659
3550 3551
3550 3660
3551 3552
3551 3661
3552 3553
3552 3662
3553 3554
3553 3663
3554 3555
3554 3664
3555 3556
3555 3665
3556 3557
3556 3666
3557 3558
3557 3667
3558 3559
3558 3668
3559 3560
3559 3669
3560 3561
3560 3670
3561 3562
3561 3671
3562 3563
3562 3672
3563 3564
3563 3673
3564 3565
3564 3674
3565 3566
3565 3675
3566 3567
3566 3676
3567 3568
3567 3677
3568 3569
3568 3678
3569 3570
3569 3679
3570 3571
3570 3680
3571 3572
3571 3681
3572 3573
3572 3682
3573 3574
3573 3683
3574 3575
3574 3684
3575 3576
3575 3685
3576 3577
3576 3686
3577 3578
3577 3687
3578 3579
3578 3688
3579 3580
3579 3689
3580 3581
3580 3690
3581 3582
3581 3691
3582 3583
3582 3692
3583 3584
3583 3693
3584 3585
3584 3694
3585 3586
3585 3695
3586 3587
3586 3696
3587 3588
3587 3697
3588 3589
3588 3698
3589 3590
3589 3699
3590 3591
3590 3700
3591 3592
3591 3701
3592 3593
3592 3702
3593 3594
3593 3703
3594 3595
3594 3704
3595 3596
3595 3705
3596 3597
3596 3706
3597 3598
3597 3707
3598 3599
3598 3708
3599 3600
3599 3709
3600 3601
3600 3710
3601 3602
3601 3711
3602 3603
3602 3712
3603 3604
3603 3713
3604 3605
3604 3714
3605 3606
3605 3715
3606 3607
3606 3716
3607 3608
3607 3717
3608 3609
3608 3718
3609 3610
3609 3719
3610 3611
3610 3720
3611 3612
3611 3721
3612 3613
3612 3722
3613 3614
3613 3723
3614 3615
3614 3724
3615 3616
3615 3725
3616 3617
3616 3726
3617 3618
3617 3727
3618 3619
3618 3728
3619 3620
3619 3729
3620 3621
3620 3730
3621 3622
3621 3731
3622 3623
3622 3732
3623 3624
3623 3733
3624 3625
3624 3734
3625 3626
3625 3735
3626 3627
3626 3736
3627 3628
3627 3737
3628 3629
3628 3738
3520 3629
3629 3739
3630 3631
3630 3740
3631 3632
3631 3741
3632 3633
3632 3742
3633 3634
3633 3743
3634 3635
3634 3744
3635 3636
3635 3745
3636 3637
3636 3746
3637 3638
3637 3747
3638 3639
3638 3748
3639 3640
3639 3749
3640 3641
3640 3750
3641 3642
3641 3751
3642 3643
3642 3752
3643 3644
3643 3753
3644 3645
3644 3754
3645 3646
3645 3755
3646 3647
3646 3756
3647 3648
3647 3757
3648 3649
3648 3758
3649 3650
3649 3759
3650 3651
3650 3760
3651 3652
3651 3761
3652 3653
3652 3762
3653 3654
3653 3763
3654 3655
3654 3764
3655 3656
3655 3765
3656 3657
3656 3766
3657 3658
3657 3767
3658 3659
3658 3768
3659 3660
3659 3769
3660 3661
3660 3770
3661 3662
3661 3771
3662 3663
3662 3772
3663 3664
3663 3773
3664 3665
3664 3774
3665 3666
3665 3775
3666 3667
3666 3776
3667 3668
3667 3777
3668 3669
3668 3778
3669 3670
3669 3779
3670 3671
3670 3780
3671 3672
3671 3781
3672 3673
3672 3782
3673 3674
3673 3783
3674 3675
3674 3784
3675 3676
3675 3785
3676 3677
3676 3786
3677 3678
3677 3787
3678 3679
3678 3788
3679 3680
3679 3789
3680 3681
3680 3790
3681 3682
3681 3791
3682 3683
3682 3792
3683 3684
3683 3793
3684 3685
3684 3794
3685 3686
3685 3795
3686 3687
3686 3796
3687 3688
3687 3797
3688 3689
3688 3798
3689 3690
3689 3799
3690 3691
3690 3800
3691 3692
3691 3801
3692 3693
3692 3802
3693 3694
3693 3803
3694 3695
3694 3804
3695 3696
3695 3805
3696 3697
3696 3806
3697 3698
3697 3807
3698 3699
3698 3808
3699 3700
3699 3809
3700 3701
3700 3810
3701 3702
3701 3811
3702 3703
3702 3812
3703 3704
3703 3813
3704 3705
3704 3814
3705 3706
3705 3815
3706 3707
3706 3816
3707 3708
3707 3817
3708 3709
3708 3818
3709 3710
3709 3819
3710 3711
3710 3820
3711 3712
3711 3821
3712 3713
3712 3822
3713 3714
3713 3823
3714 3715
3714 3824
3715 3716
3715 3825
3716 3717
3716 3826
3717 3718
3717 3827
3718 3719
3718 3828
3719 3720
3719 3829
3720 3721
3720 3830
3721 3722
3721 3831
3722 3723
3722 3832
3723 3724
3723 3833
3724 3725
3724 3834
3725 3726
3725 3835
3726 3727
3726 3836
3727 3728
3727 3837
3728 3729
3728 3838
3729 3730
3729 3839
3730 3731
3730 3840
3731 3732
3731 3841
3732 3733
3732 3842
3733 3734
3733 3843
3734 3735
3734 3844
3735 3736
3735 3845
3736 3737
3736 3846
3737 3738
3737 3847
3738 3739
3738 3848
3630 3739
3739 3849
3740 3741
3740 3850
3741 3742
3741 3851
3742 3743
3742 3852
3743 3744
3743 3853
3744 3745
3744 3854
3745 3746
3745 3855
3746 3747
3746 3856
3747 3748
3747 3857
3748 3749
3748 3858
3749 3750
3749 3859
3750 3751
3750 3860
3751 3752
3751 3861
3752 3753
3752 3862
3753 3754
3753 3863
3754 3755
3754 3864
3755 3756
3755 3865
3756 3757
3756 3866
3757 3758
3757 3867
3758 3759
3758 3868
3759 3760
3759 3869
3760 3761
3760 3870
3761 3762
3761 3871
3762 3763
3762 3872
3763 3764
3763 3873
3764 3765
3764 3874
3765 3766
3765 3875
3766 3767
3766 3876
3767 3768
3767 3877
3768 3769
3768 3878
3769 3770
3769 3879
3770 3771
3770 3880
3771 3772
3771 3881
3772 3773
3772 3882
3773 3774
3773 3883
3774 3775
3774 3884
3775 3776
3775 3885
3776 3777
3776 3886
3777 3778
3777 3887
3778 3779
3778 3888
3779 3780
3779 3889
3780 3781
3780 3890
3781 3782
3781 3891
3782 3783
3782 3892
3783 3784
3783 3893
3784 3785
3784 3894
3785 3786
3785 3895
3786 3787
3786 3896
3787 3788
3787 3897
3788 3789
3788 3898
3789 3790
3789 3899
3790 3791
3790 3900
3791 3792
3791 3901
3792 3793
3792 3902
3793 3794
3793 3903
3794 3795
3794 3904
3795 3796
3795 3905
3796 3797
3796 3906
3797 3798
3797 3907
3798 3799
3798 3908
3799 3800
3799 3909
3800 3801
3800 3910
3801 3802
3801 3911
3802 3803
3802 3912
3803 3804
3803 3913
3804 3805
3804 3914
3805 3806
3805 3915
3806 3807
3806 3916
3807 3808
3807 3917
3808 3809
3808 3918
3809 3810
3809 3919
3810 3811
3810 3920
3811 3812
3811 3921
3812 3813
3812 3922
3813 3814
3813 3923
3814 3815
3814 3924
3815 3816
3815 3925
3816 3817
3816 3926
3817 3818
3817 3927
3818 3819
3818 3928
3819 3820
3819 3929
3820 3821
3820 3930
3821 3822
3821 3931
3822 3823
3822 3932
3823 3824
3823 3933
3824 3825
3824 3934
3825 3826
3825 3935
3826 3827
3826 3936
3827 3828
3827 3937
3828 3829
3828 3938
3829 3830
3829 3939
3830 3831
3830 3940
3831 3832
3831 3941
3832 3833
3832 3942
3833 3834
3833 3943
3834 3835
3834 3944
3835 3836
3835 3945
3836 3837
3836 3946
3837 3838
3837 3947
3838 3839
3838 3948
3839 3840
3839 3949
3840 3841
3840 3950
3841 3842
3841 3951
3842 3843
3842 3952
3843 3844
3843 3953
3844 3845
3844 3954
3845 3846
3845 3955
3846 3847
3846 3956
3847 3848
3847 3957
3848 3849
3848 3958
3740 3849
3849 3959
3850 3851
3850 3960
3851 3852
3851 3961
3852 3853
3852 3962
3853 3854
3853 3963
3854 3855
3854 3964
3855 3856
3855 3965
3856 3857
3856 3966
3857 3858
3857 3967
3858 3859
3858 3968
3859 3860
3859 3969
3860 3861
3860 3970
3861 3862
3861 3971
3862 3863
3862 3972
3863 3864
3863 3973
3864 3865
3864 3974
3865 3866
3865 3975
3866 3867
3866 3976
3867 3868
3867 3977
3868 3869
3868 3978
3869 3870
3869 3979
3870 3871
3870 3980
3871 3872
3871 3981
3872 3873
3872 3982
3873 3874
3873 3983
3874 3875
3874 3984
3875 3876
3875 3985
3876 3877
3876 3986
3877 3878
3877 3987
3878 3879
3878 3988
3879 3880
3879 3989
3880 3881
3880 3990
3881 3882
3881 3991
3882 3883
3882 3992
3883 3884
3883 3993
3884 3885
3884 3994
3885 3886
3885 3995
3886 3887
3886 3996
3887 3888
3887 3997
3888 3889
3888 3998
3889 3890
3889 3999
3890 3891
3890 4000
3891 3892
3891 4001
3892 3893
3892 4002
3893 3894
3893 4003
3894 3895
3894 4004
3895 3896
3895 4005
3896 3897
3896 4006
3897 3898
3897 4007
3898 3899
3898 4008
3899 3900
3899 4009
3900 3901
3900 4010
3901 3902
3901 4011
3902 3903
3902 4012
3903 3904
3903 4013
3904 3905
3904 4014
3905 3906
3905 4015
3906 3907
3906 4016
3907 3908
3907 4017
3908 3909
3908 4018
3909 3910
3909 4019
3910 3911
3910 4020
3911 3912
3911 4021
3912 3913
3912 4022
3913 3914
3913 4023
3914 3915
3914 4024
3915 3916
3915 4025
3916 3917
3916 4026
3917 3918
3917 4027
3918 3919
3918 4028
3919 3920
3919 4029
3920 3921
3920 4030
3921 3922
3921 4031
3922 3923
3922 4032
3923 3924
3923 4033
3924 3925
3924 4034
3925 3926
3925 4035
3926 3927
3926 4036
3927 3928
3927 4037
3928 3929
3928 4038
3929 3930
3929 4039
3930 3931
3930 4040
3931 3932
3931 4041
3932 3933
3932 4042
3933 3934
3933 4043
3934 3935
3934 4044
3935 3936
3935 4045
3936 3937
3936 4046
3937 3938
3937 4047
3938 3939
3938 4048
3939 3940
3939 4049
3940 3941
3940 4050
3941 3942
3941 4051
3942 3943
3942 4052
3943 3944
3943 4053
3944 3945
3944 4054
3945 3946
3945 4055
3946 3947
3946 4056
3947 3948
3947 4057
3948 3949
3948 4058
3949 3950
3949 4059
3950 3951
3950 4060
3951 3952
3951 4061
3952 3953
3952 4062
3953 3954
3953 4063
3954 3955
3954 4064
3955 3956
3955 4065
3956 3957
3956 4066
3957 3958
3957 4067
3958 3959
3958 4068
3850 3959
3959 4069
3960 3961
3960 4070
3961 3962
3961 4071
3962 3963
3962 4072
3963 3964
3963 4073
3964 3965
3964 4074
3965 3966
3965 4075
3966 3967
3966 4076
3967 3968
3967 4077
3968 3969
3968 4078
3969 3970
3969 4079
3970 3971
3970 4080
3971 3972
3971 4081
3972 3973
3972 4082
3973 3974
3973 4083
3974 3975
3974 4084
3975 3976
3975 4085
3976 3977
3976 4086
3977 3978
3977 4087
3978 3979
3978 4088
3979 3980
3979 4089
3980 3981
3980 4090
3981 3982
3981 4091
3982 3983
3982 4092
3983 3984
3983 4093
3984 3985
3984 4094
3985 3986
3985 4095
3986 3987
3986 4096
3987 3988
3987 4097
3988 3989
3988 4098
3989 3990
3989 4099
3990 3991
3990 4100
3991 3992
3991 4101
3992 3993
3992 4102
3993 3994
3993 4103
3994 3995
3994 4104
3995 3996
3995 4105
3996 3997
3996 4106
3997 3998
3997 4107
3998 3999
3998 4108
3999 4000
3999 4109
4000 4001
4000 4110
4001 4002
4001 4111
4002 4003
4002 4112
4003 4004
4003 4113
4004 4005
4004 4114
4005 4006
4005 4115
4006 4007
4006 4116
4007 4008
4007 4117
4008 4009
4008 4118
4009 4010
4009 4119
4010 4011
4010 4120
4011 4012
4011 4121
4012 4013
4012 4122
4013 4014
4013 4123
4014 4015
4014 4124
4015 4016
4015 4125
4016 4017
4016 4126
4017 4018
4017 4127
4018 4019
4018 4128
4019 4020
4019 4129
4020 4021
4020 4130
4021 4022
4021 4131
4022 4023
4022 4132
4023 4024
4023 4133
4024 4025
4024 4134
4025 4026
4025 4135
4026 4027
4026 4136
4027 4028
4027 4137
4028 4029
4028 4138
4029 4030
4029 4139
4030 4031
4030 4140
4031 4032
4031 4141
4032 4033
4032 4142
4033 4034
4033 4143
4034 4035
4034 4144
4035 4036
4035 4145
4036 4037
4036 4146
4037 4038
4037 4147
4038 4039
4038 4148
4039 4040
4039 4149
4040 4041
4040 4150
4041 4042
4041 4151
4042 4043
4042 4152
4043 4044
4043 4153
4044 4045
4044 4154
4045 4046
4045 4155
4046 4047
4046 4156
4047 4048
4047 4157
4048 4049
4048 4158
4049 4050
4049 4159
4050 4051
4050 4160
4051 4052
4051 4161
4052 4053
4052 4162
4053 4054
4053 4163
4054 4055
4054 4164
4055 4056
4055 4165
4056 4057
4056 4166
4057 4058
4057 4167
4058 4059
4058 4168
4059 4060
4059 4169
4060 4061
4060 4170
4061 4062
4061 4171
4062 4063
4062 4172
4063 4064
4063 4173
4064 4065
4064 4174
4065 4066
4065 4175
4066 4067
4066 4176
4067 4068
4067 4177
4068 4069
4068 4178
3960 4069
4069 4179
4070 4071
4070 4180
4071 4072
4071 4181
4072 4073
4072 4182
4073 4074
4073 4183
4074 4075
4074 4184
4075 4076
4075 4185
4076 4077
4076 4186
4077 4078
4077 4187
4078 4079
4078 4188
4079 4080
4079 4189
4080 4081
4080 4190
4081 4082
4081 4191
4082 4083
4082 4192
4083 4084
4083 4193
4084 4085
4084 4194
4085 4086
4085 4195
4086 4087
4086 4196
4087 4088
4087 4197
4088 4089
4088 4198
4089 4090
4089 4199
4090 4091
4090 4200
4091 4092
4091 4201
4092 4093
4092 4202
4093 4094
4093 4203
4094 4095
4094 4204
4095 4096
4095 4205
4096 4097
4096 4206
4097 4098
4097 4207
4098 4099
4098 4208
4099 4100
4099 4209
4100 4101
4100 4210
4101 4102
4101 4211
4102 4103
4102 4212
4103 4104
4103 4213
4104 4105
4104 4214
4105 4106
4105 4215
4106 4107
4106 4216
4107 4108
4107 4217
4108 4109
4108 4218
4109 4110
4109 4219
4110 4111
4110 4220
4111 4112
4111 4221
4112 4113
4112 4222
4113 4114
4113 4223
4114 4115
4114 4224
4115 4116
4115 4225
4116 4117
4116 4226
4117 4118
4117 4227
4118 4119
4118 4228
4119 4120
4119 4229
4120 4121
4120 4230
4121 4122
4121 4231
4122 4123
4122 4232
4123 4124
4123 4233
4124 4125
4124 4234
4125 4126
4125 4235
4126 4127
4126 4236
4127 4128
4127 4237
4128 4129
4128 4238
4129 4130
4129 4239
4130 4131
4130 4240
4131 4132
4131 4241
4132 4133
4132 4242
4133 4134
4133 4243
4134 4135
4134 4244
4135 4136
4135 4245
4136 4137
4136 4246
4137 4138
4137 4247
4138 4139
4138 4248
4139 4140
4139 4249
4140 4141
4140 4250
4141 4142
4141 4251
4142 4143
4142 4252
4143 4144
4143 4253
4144 4145
4144 4254
4145 4146
4145 4255
4146 4147
4146 4256
4147 4148
4147 4257
4148 4149
4148 4258
4149 4150
4149 4259
4150 4151
4150 4260
4151 4152
4151 4261
4152 4153
4152 4262
4153 4154
4153 4263
4154 4155
4154 4264
4155 4156
4155 4265
4156 4157
4156 4266
4157 4158
4157 4267
4158 4159
4158 4268
4159 4160
4159 4269
4160 4161
4160 4270
4161 4162
4161 4271
4162 4163
4162 4272
4163 4164
4163 4273
4164 4165
4164 4274
4165 4166
4165 4275
4166 4167
4166 4276
4167 4168
4167 4277
4168 4169
4168 4278
4169 4170
4169 4279
4170 4171
4170 4280
4171 4172
4171 4281
4172 4173
4172 4282
4173 4174
4173 4283
4174 4175
4174 4284
4175 4176
4175 4285
4176 4177
4176 4286
4177 4178
4177 4287
4178 4179
4178 4288
4070 4179
4179 4289
4180 4181
4180 4290
4181 4182
4181 4291
4182 4183
4182 4292
4183 4184
4183 4293
4184 4185
4184 4294
4185 4186
4185 4295
4186 4187
4186 4296
4187 4188
4187 4297
4188 4189
4188 4298
4189 4190
4189 4299
4190 4191
4190 4300
4191 4192
4191 4301
4192 4193
4192 4302
4193 4194
4193 4303
4194 4195
4194 4304
4195 4196
4195 4305
4196 4197
4196 4306
4197 4198
4197 4307
4198 4199
4198 4308
4199 4200
4199 4309
4200 4201
4200 4310
4201 4202
4201 4311
4202 4203
4202 4312
4203 4204
4203 4313
4204 4205
4204 4314
4205 4206
4205 4315
4206 4207
4206 4316
4207 4208
4207 4317
4208 4209
4208 4318
4209 4210
4209 4319
4210 4211
4210 4320
4211 4212
4211 4321
4212 4213
4212 4322
4213 4214
4213 4323
4214 4215
4214 4324
4215 4216
4215 4325
4216 4217
4216 4326
4217 4218
4217 4327
4218 4219
4218 4328
4219 4220
4219 4329
4220 4221
4220 4330
4221 4222
4221 4331
4222 4223
4222 4332
4223 4224
4223 4333
4224 4225
4224 4334
4225 4226
4225 4335
4226 4227
4226 4336
4227 4228
4227 4337
4228 4229
4228 4338
4229 4230
4229 4339
4230 4231
4230 4340
4231 4232
4231 4341
4232 4233
4232 4342
4233 4234
4233 4343
4234 4235
4234 4344
4235 4236
4235 4345
4236 4237
4236 4346
4237 4238
4237 4347
4238 4239
4238 4348
4239 4240
4239 4349
4240 4241
4240 4350
4241 4242
4241 4351
4242 4243
4242 4352
4243 4244
4243 4353
4244 4245
4244 4354
4245 4246
4245 4355
4246 4247
4246 4356
4247 4248
4247 4357
4248 4249
4248 4358
4249 4250
4249 4359
4250 4251
4250 4360
4251 4252
4251 4361
4252 4253
4252 4362
4253 4254
4253 4363
4254 4255
4254 4364
4255 4256
4255 4365
4256 4257
4256 4366
4257 4258
4257 4367
4258 4259
4258 4368
4259 4260
4259 4369
4260 4261
4260 4370
4261 4262
4261 4371
4262 4263
4262 4372
4263 4264
4263 4373
4264 4265
4264 4374
4265 4266
4265 4375
4266 4267
4266 4376
4267 4268
4267 4377
4268 4269
4268 4378
4269 4270
4269 4379
4270 4271
4270 4380
4271 4272
4271 4381
4272 4273
4272 4382
4273 4274
4273 4383
4274 4275
4274 4384
4275 4276
4275 4385
4276 4277
4276 4386
4277 4278
4277 4387
4278 4279
4278 4388
4279 4280
4279 4389
4280 4281
4280 4390
4281 4282
4281 4391
4282 4283
4282 4392
4283 4284
4283 4393
4284 4285
4284 4394
4285 4286
4285 4395
4286 4287
4286 4396
4287 4288
4287 4397
4288 4289
4288 4398
4180 4289
4289 4399
4290 4291
4290 4400
4291 4292
4291 4401
4292 4293
4292 4402
4293 4294
4293 4403
4294 4295
4294 4404
4295 4296
4295 4405
4296 4297
4296 4406
4297 4298
4297 4407
4298 4299
4298 4408
4299 4300
4299 4409
4300 4301
4300 4410
4301 4302
4301 4411
4302 4303
4302 4412
4303 4304
4303 4413
4304 4305
4304 4414
4305 4306
4305 4415
4306 4307
4306 4416
4307 4308
4307 4417
4308 4309
4308 4418
4309 4310
4309 4419
4310 4311
4310 4420
4311 4312
4311 4421
4312 4313
4312 4422
4313 4314
4313 4423
4314 4315
4314 4424
4315 4316
4315 4425
4316 4317
4316 4426
4317 4318
4317 4427
4318 4319
4318 4428
4319 4320
4319 4429
4320 4321
4320 4430
4321 4322
4321 4431
4322 4323
4322 4432
4323 4324
4323 4433
4324 4325
4324 4434
4325 4326
4325 4435
4326 4327
4326 4436
4327 4328
4327 4437
4328 4329
4328 4438
4329 4330
4329 4439
4330 4331
4330 4440
4331 4332
4331 4441
4332 4333
4332 4442
4333 4334
4333 4443
4334 4335
4334 4444
4335 4336
4335 4445
4336 4337
4336 4446
4337 4338
4337 4447
4338 4339
4338 4448
4339 4340
4339 4449
4340 4341
4340 4450
4341 4342
4341 4451
4342 4343
4342 4452
4343 4344
4343 4453
4344 4345
4344 4454
4345 4346
4345 4455
4346 4347
4346 4456
4347 4348
4347 4457
4348 4349
4348 4458
4349 4350
4349 4459
4350 4351
4350 4460
4351 4352
4351 4461
4352 4353
4352 4462
4353 4354
4353 4463
4354 4355
4354 4464
4355 4356
4355 4465
4356 4357
4356 4466
4357 4358
4357 4467
4358 4359
4358 4468
4359 4360
4359 4469
4360 4361
4360 4470
4361 4362
4361 4471
4362 4363
4362 4472
4363 4364
4363 4473
4364 4365
4364 4474
4365 4366
4365 4475
4366 4367
4366 4476
4367 4368
4367 4477
4368 4369
4368 4478
4369 4370
4369 4479
4370 4371
4370 4480
4371 4372
4371 4481
4372 4373
4372 4482
4373 4374
4373 4483
4374 4375
4374 4484
4375 4376
4375 4485
4376 4377
4376 4486
4377 4378
4377 4487
4378 4379
4378 4488
4379 4380
4379 4489
4380 4381
4380 4490
4381 4382
4381 4491
4382 4383
4382 4492
4383 4384
4383 4493
4384 4385
4384 4494
4385 4386
4385 4495
4386 4387
4386 4496
4387 4388
4387 4497
4388 4389
4388 4498
4389 4390
4389 4499
4390 4391
4390 4500
4391 4392
4391 4501
4392 4393
4392 4502
4393 4394
4393 4503
4394 4395
4394 4504
4395 4396
4395 4505
4396 4397
4396 4506
4397 4398
4397 4507
4398 4399
4398 4508
4290 4399
4399 4509
4400 4401
4400 4510
4401 4402
4401 4511
4402 4403
4402 4512
4403 4404
4403 4513
4404 4405
4404 4514
4405 4406
4405 4515
4406 4407
4406 4516
4407 4408
4407 4517
4408 4409
4408 4518
4409 4410
4409 4519
4410 4411
4410 4520
4411 4412
4411 4521
4412 4413
4412 4522
4413 4414
4413 4523
4414 4415
4414 4524
4415 4416
4415 4525
4416 4417
4416 4526
4417 4418
4417 4527
4418 4419
4418 4528
4419 4420
4419 4529
4420 4421
4420 4530
4421 4422
4421 4531
4422 4423
4422 4532
4423 4424
4423 4533
4424 4425
4424 4534
4425 4426
4425 4535
4426 4427
4426 4536
4427 4428
4427 4537
4428 4429
4428 4538
4429 4430
4429 4539
4430 4431
4430 4540
4431 4432
4431 4541
4432 4433
4432 4542
4433 4434
4433 4543
4434 4435
4434 4544
4435 4436
4435 4545
4436 4437
4436 4546
4437 4438
4437 4547
4438 4439
4438 4548
4439 4440
4439 4549
4440 4441
4440 4550
4441 4442
4441 4551
4442 4443
4442 4552
4443 4444
4443 4553
4444 4445
4444 4554
4445 4446
4445 4555
4446 4447
4446 4556
4447 4448
4447 4557
4448 4449
4448 4558
4449 4450
4449 4559
4450 4451
4450 4560
4451 4452
4451 4561
4452 4453
4452 4562
4453 4454
4453 4563
4454 4455
4454 4564
4455 4456
4455 4565
4456 4457
4456 4566
4457 4458
4457 4567
4458 4459
4458 4568
4459 4460
4459 4569
4460 4461
4460 4570
4461 4462
4461 4571
4462 4463
4462 4572
4463 4464
4463 4573
4464 4465
4464 4574
4465 4466
4465 4575
4466 4467
4466 4576
4467 4468
4467 4577
4468 4469
4468 4578
4469 4470
4469 4579
4470 4471
4470 4580
4471 4472
4471 4581
4472 4473
4472 4582
4473 4474
4473 4583
4474 4475
4474 4584
4475 4476
4475 4585
4476 4477
4476 4586
4477 4478
4477 4587
4478 4479
4478 4588
4479 4480
4479 4589
4480 4481
4480 4590
4481 4482
4481 4591
4482 4483
4482 4592
4483 4484
4483 4593
4484 4485
4484 4594
4485 4486
4485 4595
4486 4487
4486 4596
4487 4488
4487 4597
4488 4489
4488 4598
4489 4490
4489 4599
4490 4491
4490 4600
4491 4492
4491 4601
4492 4493
4492 4602
4493 4494
4493 4603
4494 4495
4494 4604
4495 4496
4495 4605
4496 4497
4496 4606
4497 4498
4497 4607
4498 4499
4498 4608
4499 4500
4499 4609
4500 4501
4500 4610
4501 4502
4501 4611
4502 4503
4502 4612
4503 4504
4503 4613
4504 4505
4504 4614
4505 4506
4505 4615
4506 4507
4506 4616
4507 4508
4507 4617
4508 4509
4508 4618
4400 4509
4509 4619
4510 4511
4510 4620
4511 4512
4511 4621
4512 4513
4512 4622
4513 4514
4513 4623
4514 4515
4514 4624
4515 4516
4515 4625
4516 4517
4516 4626
4517 4518
4517 4627
4518 4519
4518 4628
4519 4520
4519 4629
4520 4521
4520 4630
4521 4522
4521 4631
4522 4523
4522 4632
4523 4524
4523 4633
4524 4525
4524 4634
4525 4526
4525 4635
4526 4527
4526 4636
4527 4528
4527 4637
4528 4529
4528 4638
4529 4530
4529 4639
4530 4531
4530 4640
4531 4532
4531 4641
4532 4533
4532 4642
4533 4534
4533 4643
4534 4535
4534 4644
4535 4536
4535 4645
4536 4537
4536 4646
4537 4538
4537 4647
4538 4539
4538 4648
4539 4540
4539 4649
4540 4541
4540 4650
4541 4542
4541 4651
4542 4543
4542 4652
4543 4544
4543 4653
4544 4545
4544 4654
4545 4546
4545 4655
4546 4547
4546 4656
4547 4548
4547 4657
4548 4549
4548 4658
4549 4550
4549 4659
4550 4551
4550 4660
4551 4552
4551 4661
4552 4553
4552 4662
4553 4554
4553 4663
4554 4555
4554 4664
4555 4556
4555 4665
4556 4557
4556 4666
4557 4558
4557 4667
4558 4559
4558 4668
4559 4560
4559 4669
4560 4561
4560 4670
4561 4562
4561 4671
4562 4563
4562 4672
4563 4564
4563 4673
4564 4565
4564 4674
4565 4566
4565 4675
4566 4567
4566 4676
4567 4568
4567 4677
4568 4569
4568 4678
4569 4570
4569 4679
4570 4571
4570 4680
4571 4572
4571 4681
4572 4573
4572 4682
4573 4574
4573 4683
4574 4575
4574 4684
4575 4576
4575 4685
4576 4577
4576 4686
4577 4578
4577 4687
4578 4579
4578 4688
4579 4580
4579 4689
4580 4581
4580 4690
4581 4582
4581 4691
4582 4583
4582 4692
4583 4584
4583 4693
4584 4585
4584 4694
4585 4586
4585 4695
4586 4587
4586 4696
4587 4588
4587 4697
4588 4589
4588 4698
4589 4590
4589 4699
4590 4591
4590 4700
4591 4592
4591 4701
4592 4593
4592 4702
4593 4594
4593 4703
4594 4595
4594 4704
4595 4596
4595 4705
4596 4597
4596 4706
4597 4598
4597 4707
4598 4599
4598 4708
4599 4600
4599 4709
4600 4601
4600 4710
4601 4602
4601 4711
4602 4603
4602 4712
4603 4604
4603 4713
4604 4605
4604 4714
4605 4606
4605 4715
4606 4607
4606 4716
4607 4608
4607 4717
4608 4609
4608 4718
4609 4610
4609 4719
4610 4611
4610 4720
4611 4612
4611 4721
4612 4613
4612 4722
4613 4614
4613 4723
4614 4615
4614 4724
4615 4616
4615 4725
4616 4617
4616 4726
4617 4618
4617 4727
4618 4619
4618 4728
4510 4619
4619 4729
4620 4621
4620 4730
4621 4622
4621 4731
4622 4623
4622 4732
4623 4624
4623 4733
4624 4625
4624 4734
4625 4626
4625 4735
4626 4627
4626 4736
4627 4628
4627 4737
4628 4629
4628 4738
4629 4630
4629 4739
4630 4631
4630 4740
4631 4632
4631 4741
4632 4633
4632 4742
4633 4634
4633 4743
4634 4635
4634 4744
4635 4636
4635 4745
4636 4637
4636 4746
4637 4638
4637 4747
4638 4639
4638 4748
4639 4640
4639 4749
4640 4641
4640 4750
4641 4642
4641 4751
4642 4643
4642 4752
4643 4644
4643 4753
4644 4645
4644 4754
4645 4646
4645 4755
4646 4647
4646 4756
4647 4648
4647 4757
4648 4649
4648 4758
4649 4650
4649 4759
4650 4651
4650 4760
4651 4652
4651 4761
4652 4653
4652 4762
4653 4654
4653 4763
4654 4655
4654 4764
4655 4656
4655 4765
4656 4657
4656 4766
4657 4658
4657 4767
4658 4659
4658 4768
4659 4660
4659 4769
4660 4661
4660 4770
4661 4662
4661 4771
4662 4663
4662 4772
4663 4664
4663 4773
4664 4665
4664 4774
4665 4666
4665 4775
4666 4667
4666 4776
4667 4668
4667 4777
4668 4669
4668 4778
4669 4670
4669 4779
4670 4671
4670 4780
4671 4672
4671 4781
4672 4673
4672 4782
4673 4674
4673 4783
4674 4675
4674 4784
4675 4676
4675 4785
4676 4677
4676 4786
4677 4678
4677 4787
4678 4679
4678 4788
4679 4680
4679 4789
4680 4681
4680 4790
4681 4682
4681 4791
4682 4683
4682 4792
4683 4684
4683 4793
4684 4685
4684 4794
4685 4686
4685 4795
4686 4687
4686 4796
4687 4688
4687 4797
4688 4689
4688 4798
4689 4690
4689 4799
4690 4691
4690 4800
4691 4692
4691 4801
4692 4693
4692 4802
4693 4694
4693 4803
4694 4695
4694 4804
4695 4696
4695 4805
4696 4697
4696 4806
4697 4698
4697 4807
4698 4699
4698 4808
4699 4700
4699 4809
4700 4701
4700 4810
4701 4702
4701 4811
4702 4703
4702 4812
4703 4704
4703 4813
4704 4705
4704 4814
4705 4706
4705 4815
4706 4707
4706 4816
4707 4708
4707 4817
4708 4709
4708 4818
4709 4710
4709 4819
4710 4711
4710 4820
4711 4712
4711 4821
4712 4713
4712 4822
4713 4714
4713 4823
4714 4715
4714 4824
4715 4716
4715 4825
4716 4717
4716 4826
4717 4718
4717 4827
4718 4719
4718 4828
4719 4720
4719 4829
4720 4721
4720 4830
4721 4722
4721 4831
4722 4723
4722 4832
4723 4724
4723 4833
4724 4725
4724 4834
4725 4726
4725 4835
4726 4727
4726 4836
4727 4728
4727 4837
4728 4729
4728 4838
4620 4729
4729 4839
4730 4731
4730 4840
4731 4732
4731 4841
4732 4733
4732 4842
4733 4734
4733 4843
4734 4735
4734 4844
4735 4736
4735 4845
4736 4737
4736 4846
4737 4738
4737 4847
4738 4739
4738 4848
4739 4740
4739 4849
4740 4741
4740 4850
4741 4742
4741 4851
4742 4743
4742 4852
4743 4744
4743 4853
4744 4745
4744 4854
4745 4746
4745 4855
4746 4747
4746 4856
4747 4748
4747 4857
4748 4749
4748 4858
4749 4750
4749 4859
4750 4751
4750 4860
4751 4752
4751 4861
4752 4753
4752 4862
4753 4754
4753 4863
4754 4755
4754 4864
4755 4756
4755 4865
4756 4757
4756 4866
4757 4758
4757 4867
4758 4759
4758 4868
4759 4760
4759 4869
4760 4761
4760 4870
4761 4762
4761 4871
4762 4763
4762 4872
4763 4764
4763 4873
4764 4765
4764 4874
4765 4766
4765 4875
4766 4767
4766 4876
4767 4768
4767 4877
4768 4769
4768 4878
4769 4770
4769 4879
4770 4771
4770 4880
4771 4772
4771 4881
4772 4773
4772 4882
4773 4774
4773 4883
4774 4775
4774 4884
4775 4776
4775 4885
4776 4777
4776 4886
4777 4778
4777 4887
4778 4779
4778 4888
4779 4780
4779 4889
4780 4781
4780 4890
4781 4782
4781 4891
4782 4783
4782 4892
4783 4784
4783 4893
4784 4785
4784 4894
4785 4786
4785 4895
4786 4787
4786 4896
4787 4788
4787 4897
4788 4789
4788 4898
4789 4790
4789 4899
4790 4791
4790 4900
4791 4792
4791 4901
4792 4793
4792 4902
4793 4794
4793 4903
4794 4795
4794 4904
4795 4796
4795 4905
4796 4797
4796 4906
4797 4798
4797 4907
4798 4799
4798 4908
4799 4800
4799 4909
4800 4801
4800 4910
4801 4802
4801 4911
4802 4803
4802 4912
4803 4804
4803 4913
4804 4805
4804 4914
4805 4806
4805 4915
4806 4807
4806 4916
4807 4808
4807 4917
4808 4809
4808 4918
4809 4810
4809 4919
4810 4811
4810 4920
4811 4812
4811 4921
4812 4813
4812 4922
4813 4814
4813 4923
4814 4815
4814 4924
4815 4816
4815 4925
4816 4817
4816 4926
4817 4818
4817 4927
4818 4819
4818 4928
4819 4820
4819 4929
4820 4821
4820 4930
4821 4822
4821 4931
4822 4823
4822 4932
4823 4824
4823 4933
4824 4825
4824 4934
4825 4826
4825 4935
4826 4827
4826 4936
4827 4828
4827 4937
4828 4829
4828 4938
4829 4830
4829 4939
4830 4831
4830 4940
4831 4832
4831 4941
4832 4833
4832 4942
4833 4834
4833 4943
4834 4835
4834 4944
4835 4836
4835 4945
4836 4837
4836 4946
4837 4838
4837 4947
4838 4839
4838 4948
4730 4839
4839 4949
4840 4841
4840 4950
4841 4842
4841 4951
4842 4843
4842 4952
4843 4844
4843 4953
4844 4845
4844 4954
4845 4846
4845 4955
4846 4847
4846 4956
4847 4848
4847 4957
4848 4849
4848 4958
4849 4850
4849 4959
4850 4851
4850 4960
4851 4852
4851 4961
4852 4853
4852 4962
4853 4854
4853 4963
4854 4855
4854 4964
4855 4856
4855 4965
4856 4857
4856 4966
4857 4858
4857 4967
4858 4859
4858 4968
4859 4860
4859 4969
4860 4861
4860 4970
4861 4862
4861 4971
4862 4863
4862 4972
4863 4864
4863 4973
4864 4865
4864 4974
4865 4866
4865 4975
4866 4867
4866 4976
4867 4868
4867 4977
4868 4869
4868 4978
4869 4870
4869 4979
4870 4871
4870 4980
4871 4872
4871 4981
4872 4873
4872 4982
4873 4874
4873 4983
4874 4875
4874 4984
4875 4876
4875 4985
4876 4877
4876 4986
4877 4878
4877 4987
4878 4879
4878 4988
4879 4880
4879 4989
4880 4881
4880 4990
4881 4882
4881 4991
4882 4883
4882 4992
4883 4884
4883 4993
4884 4885
4884 4994
4885 4886
4885 4995
4886 4887
4886 4996
4887 4888
4887 4997
4888 4889
4888 4998
4889 4890
4889 4999
4890 4891
4890 5000
4891 4892
4891 5001
4892 4893
4892 5002
4893 4894
4893 5003
4894 4895
4894 5004
4895 4896
4895 5005
4896 4897
4896 5006
4897 4898
4897 5007
4898 4899
4898 5008
4899 4900
4899 5009
4900 4901
4900 5010
4901 4902
4901 5011
4902 4903
4902 5012
4903 4904
4903 5013
4904 4905
4904 5014
4905 4906
4905 5015
4906 4907
4906 5016
4907 4908
4907 5017
4908 4909
4908 5018
4909 4910
4909 5019
4910 4911
4910 5020
4911 4912
4911 5021
4912 4913
4912 5022
4913 4914
4913 5023
4914 4915
4914 5024
4915 4916
4915 5025
4916 4917
4916 5026
4917 4918
4917 5027
4918 4919
4918 5028
4919 4920
4919 5029
4920 4921
4920 5030
4921 4922
4921 5031
4922 4923
4922 5032
4923 4924
4923 5033
4924 4925
4924 5034
4925 4926
4925 5035
4926 4927
4926 5036
4927 4928
4927 5037
4928 4929
4928 5038
4929 4930
4929 5039
4930 4931
4930 5040
4931 4932
4931 5041
4932 4933
4932 5042
4933 4934
4933 5043
4934 4935
4934 5044
4935 4936
4935 5045
4936 4937
4936 5046
4937 4938
4937 5047
4938 4939
4938 5048
4939 4940
4939 5049
4940 4941
4940 5050
4941 4942
4941 5051
4942 4943
4942 5052
4943 4944
4943 5053
4944 4945
4944 5054
4945 4946
4945 5055
4946 4947
4946 5056
4947 4948
4947 5057
4948 4949
4948 5058
4840 4949
4949 5059
4950 4951
4950 5060
4951 4952
4951 5061
4952 4953
4952 5062
4953 4954
4953 5063
4954 4955
4954 5064
4955 4956
4955 5065
4956 4957
4956 5066
4957 4958
4957 5067
4958 4959
4958 5068
4959 4960
4959 5069
4960 4961
4960 5070
4961 4962
4961 5071
4962 4963
4962 5072
4963 4964
4963 5073
4964 4965
4964 5074
4965 4966
4965 5075
4966 4967
4966 5076
4967 4968
4967 5077
4968 4969
4968 5078
4969 4970
4969 5079
4970 4971
4970 5080
4971 4972
4971 5081
4972 4973
4972 5082
4973 4974
4973 5083
4974 4975
4974 5084
4975 4976
4975 5085
4976 4977
4976 5086
4977 4978
4977 5087
4978 4979
4978 5088
4979 4980
4979 5089
4980 4981
4980 5090
4981 4982
4981 5091
4982 4983
4982 5092
4983 4984
4983 5093
4984 4985
4984 5094
4985 4986
4985 5095
4986 4987
4986 5096
4987 4988
4987 5097
4988 4989
4988 5098
4989 4990
4989 5099
4990 4991
4990 5100
4991 4992
4991 5101
4992 4993
4992 5102
4993 4994
4993 5103
4994 4995
4994 5104
4995 4996
4995 5105
4996 4997
4996 5106
4997 4998
4997 5107
4998 4999
4998 5108
4999 5000
4999 5109
5000 5001
5000 5110
5001 5002
5001 5111
5002 5003
5002 5112
5003 5004
5003 5113
5004 5005
5004 5114
5005 5006
5005 5115
5006 5007
5006 5116
5007 5008
5007 5117
5008 5009
5008 5118
5009 5010
5009 5119
5010 5011
5010 5120
5011 5012
5011 5121
5012 5013
5012 5122
5013 5014
5013 5123
5014 5015
5014 5124
5015 5016
5015 5125
5016 5017
5016 5126
5017 5018
5017 5127
5018 5019
5018 5128
5019 5020
5019 5129
5020 5021
5020 5130
5021 5022
5021 5131
5022 5023
5022 5132
5023 5024
5023 5133
5024 5025
5024 5134
5025 5026
5025 5135
5026 5027
5026 5136
5027 5028
5027 5137
5028 5029
5028 5138
5029 5030
5029 5139
5030 5031
5030 5140
5031 5032
5031 5141
5032 5033
5032 5142
5033 5034
5033 5143
5034 5035
5034 5144
5035 5036
5035 5145
5036 5037
5036 5146
5037 5038
5037 5147
5038 5039
5038 5148
5039 5040
5039 5149
5040 5041
5040 5150
5041 5042
5041 5151
5042 5043
5042 5152
5043 5044
5043 5153
5044 5045
5044 5154
5045 5046
5045 5155
5046 5047
5046 5156
5047 5048
5047 5157
5048 5049
5048 5158
5049 5050
5049 5159
5050 5051
5050 5160
5051 5052
5051 5161
5052 5053
5052 5162
5053 5054
5053 5163
5054 5055
5054 5164
5055 5056
5055 5165
5056 5057
5056 5166
5057 5058
5057 5167
5058 5059
5058 5168
4950 5059
5059 5169
5060 5061
5060 5170
5061 5062
5061 5171
5062 5063
5062 5172
5063 5064
5063 5173
5064 5065
5064 5174
5065 5066
5065 5175
5066 5067
5066 5176
5067 5068
5067 5177
5068 5069
5068 5178
5069 5070
5069 5179
5070 5071
5070 5180
5071 5072
5071 5181
5072 5073
5072 5182
5073 5074
5073 5183
5074 5075
5074 5184
5075 5076
5075 5185
5076 5077
5076 5186
5077 5078
5077 5187
5078 5079
5078 5188
5079 5080
5079 5189
5080 5081
5080 5190
5081 5082
5081 5191
5082 5083
5082 5192
5083 5084
5083 5193
5084 5085
5084 5194
5085 5086
5085 5195
5086 5087
5086 5196
5087 5088
5087 5197
5088 5089
5088 5198
5089 5090
5089 5199
5090 5091
5090 5200
5091 5092
5091 5201
5092 5093
5092 5202
5093 5094
5093 5203
5094 5095
5094 5204
5095 5096
5095 5205
5096 5097
5096 5206
5097 5098
5097 5207
5098 5099
5098 5208
5099 5100
5099 5209
5100 5101
5100 5210
5101 5102
5101 5211
5102 5103
5102 5212
5103 5104
5103 5213
5104 5105
5104 5214
5105 5106
5105 5215
5106 5107
5106 5216
5107 5108
5107 5217
5108 5109
5108 5218
5109 5110
5109 5219
5110 5111
5110 5220
5111 5112
5111 5221
5112 5113
5112 5222
5113 5114
5113 5223
5114 5115
5114 5224
5115 5116
5115 5225
5116 5117
5116 5226
5117 5118
5117 5227
5118 5119
5118 5228
5119 5120
5119 5229
5120 5121
5120 5230
5121 5122
5121 5231
5122 5123
5122 5232
5123 5124
5123 5233
5124 5125
5124 5234
5125 5126
5125 5235
5126 5127
5126 5236
5127 5128
5127 5237
5128 5129
5128 5238
5129 5130
5129 5239
5130 5131
5130 5240
5131 5132
5131 5241
5132 5133
5132 5242
5133 5134
5133 5243
5134 5135
5134 5244
5135 5136
5135 5245
5136 5137
5136 5246
5137 5138
5137 5247
5138 5139
5138 5248
5139 5140
5139 5249
5140 5141
5140 5250
5141 5142
5141 5251
5142 5143
5142 5252
5143 5144
5143 5253
5144 5145
5144 5254
5145 5146
5145 5255
5146 5147
5146 5256
5147 5148
5147 5257
5148 5149
5148 5258
5149 5150
5149 5259
5150 5151
5150 5260
5151 5152
5151 5261
5152 5153
5152 5262
5153 5154
5153 5263
5154 5155
5154 5264
5155 5156
5155 5265
5156 5157
5156 5266
5157 5158
5157 5267
5158 5159
5158 5268
5159 5160
5159 5269
5160 5161
5160 5270
5161 5162
5161 5271
5162 5163
5162 5272
5163 5164
5163 5273
5164 5165
5164 5274
5165 5166
5165 5275
5166 5167
5166 5276
5167 5168
5167 5277
5168 5169
5168 5278
5060 5169
5169 5279
5170 5171
0 5170
5171 5172
1 5171
5172 5173
2 5172
5173 5174
3 5173
5174 5175
4 5174
5175 5176
5 5175
5176 5177
6 5176
5177 5178
7 5177
5178 5179
8 5178
5179 5180
9 5179
5180 5181
10 5180
5181 5182
11 5181
5182 5183
12 5182
5183 5184
13 5183
5184 5185
14 5184
5185 5186
15 5185
5186 5187
16 5186
5187 5188
17 5187
5188 5189
18 5188
5189 5190
19 5189
5190 5191
20 5190
5191 5192
21 5191
5192 5193
22 5192
5193 5194
23 5193
5194 5195
24 5194
5195 5196
25 5195
5196 5197
26 5196
5197 5198
27 5197
5198 5199
28 5198
5199 5200
29 5199
5200 5201
30 5200
5201 5202
31 5201
5202 5203
32 5202
5203 5204
33 5203
5204 5205
34 5204
5205 5206
35 5205
5206 5207
36 5206
5207 5208
37 5207
5208 5209
38 5208
5209 5210
39 5209
5210 5211
40 5210
5211 5212
41 5211
5212 5213
42 5212
5213 5214
43 5213
5214 5215
44 5214
5215 5216
45 5215
5216 5217
46 5216
5217 5218
47 5217
5218 5219
48 5218
5219 5220
49 5219
5220 5221
50 5220
5221 5222
51 5221
5222 5223
52 5222
5223 5224
53 5223
5224 5225
54 5224
5225 5226
55 5225
5226 5227
56 5226
5227 5228
57 5227
5228 5229
58 5228
5229 5230
59 5229
5230 5231
60 5230
5231 5232
61 5231
5232 5233
62 5232
5233 5234
63 5233
5234 5235
64 5234
5235 5236
65 5235
5236 5237
66 5236
5237 5238
67 5237
5238 5239
68 5238
5239 5240
69 5239
5240 5241
70 5240
5241 5242
71 5241
5242 5243
72 5242
5243 5244
73 5243
5244 5245
74 5244
5245 5246
75 5245
5246 5247
76 5246
5247 5248
77 5247
5248 5249
78 5248
5249 5250
79 5249
5250 5251
80 5250
5251 5252
81 5251
5252 5253
82 5252
5253 5254
83 5253
5254 5255
84 5254
5255 5256
85 5255
5256 5257
86 5256
5257 5258
87 5257
5258 5259
88 5258
5259 5260
89 5259
5260 5261
90 5260
5261 5262
91 5261
5262 5263
92 5262
5263 5264
93 5263
5264 5265
94 5264
5265 5266
95 5265
5266 5267
96 5266
5267 5268
97 5267
5268 5269
98 5268
5269 5270
99 5269
5270 5271
100 5270
5271 5272
101 5271
5272 5273
102 5272
5273 5274
103 5273
5274 5275
104 5274
5275 5276
105 5275
5276 5277
106 5276
5277 5278
107 5277
5278 5279
108 5278
5170 5279
109 5279
