48 110
Starlink-340 0
1 00001U 00000ABC 00001.00000000  .00000000  00000-0  00000+0 0    04
2 00001  53.0000   0.0000 0000001   0.0000   0.0000 15.76629586    07
Starlink-340 1
1 00002U 00000ABC 00001.00000000  .00000000  00000-0  00000+0 0    05
2 00002  53.0000   0.0000 0000001   0.0000   3.2727 15.76629586    09
Starlink-340 2
1 00003U 00000ABC 00001.00000000  .00000000  00000-0  00000+0 0    06
2 00003  53.0000   0.0000 0000001   0.0000   6.5455 15.76629586    04
Starlink-340 3
1 00004U 00000ABC 00001.00000000  .00000000  00000-0  00000+0 0    07
2 00004  53.0000   0.0000 0000001   0.0000   9.8182 15.76629586    08
Starlink-340 4
1 00005U 00000ABC 00001.00000000  .00000000  00000-0  00000+0 0    08
2 00005  53.0000   0.0000 0000001   0.0000  13.0909 15.76629586    03
Starlink-340 5
1 00006U 00000ABC 00001.00000000  .00000000  00000-0  00000+0 0    09
2 00006  53.0000   0.0000 0000001   0.0000  16.3636 15.76629586    07
Starlink-340 6
1 00007U 00000ABC 00001.00000000  .00000000  00000-0  00000+0 0    00
2 00007  53.0000   0.0000 0000001   0.0000  19.6364 15.76629586    02
Starlink-340 7
1 00008U 00000ABC 00001.00000000  .00000000  00000-0  00000+0 0    01
2 00008  53.0000   0.0000 0000001   0.0000  22.9091 15.76629586    07
Starlink-340 8
1 00009U 00000ABC 00001.00000000  .00000000  00000-0  00000+0 0    02
2 00009  53.0000   0.0000 0000001   0.0000  26.1818 15.76629586    01
Starlink-340 9
1 00010U 00000ABC 00001.00000000  .00000000  00000-0  00000+0 0    04
2 00010  53.0000   0.0000 0000001   0.0000  29.4545 15.76629586    06
Starlink-340 10
1 00011U 00000ABC 00001.00000000  .00000000  00000-0  00000+0 0    05
2 00011  53.0000   0.0000 0000001   0.0000  32.7273 15.76629586    02
Starlink-340 11
1 00012U 00000ABC 00001.00000000  .00000000  00000-0  00000+0 0    06
2 00012  53.0000   0.0000 0000001   0.0000  36.0000 15.76629586    08
Starlink-340 12
1 00013U 00000ABC 00001.00000000  .00000000  00000-0  00000+0 0    07
2 00013  53.0000   0.0000 0000001   0.0000  39.2727 15.76629586    00
Starlink-340 13
1 00014U 00000ABC 00001.00000000  .00000000  00000-0  00000+0 0    08
2 00014  53.0000   0.0000 0000001   0.0000  42.5455 15.76629586    06
Starlink-340 14
1 00015U 00000ABC 00001.00000000  .00000000  00000-0  00000+0 0    09
2 00015  53.0000   0.0000 0000001   0.0000  45.8182 15.76629586    00
Starlink-340 15
1 00016U 00000ABC 00001.00000000  .00000000  00000-0  00000+0 0    00
2 00016  53.0000   0.0000 0000001   0.0000  49.0909 15.76629586    04
Starlink-340 16
1 00017U 00000ABC 00001.00000000  .00000000  00000-0  00000+0 0    01
2 00017  53.0000   0.0000 0000001   0.0000  52.3636 15.76629586    09
Starlink-340 17
1 00018U 00000ABC 00001.00000000  .00000000  00000-0  00000+0 0    02
2 00018  53.0000   0.0000 0000001   0.0000  55.6364 15.76629586    04
Starlink-340 18
1 00019U 00000ABC 00001.00000000  .00000000  00000-0  00000+0 0    03
2 00019  53.0000   0.0000 0000001   0.0000  58.9091 15.76629586    08
Starlink-340 19
1 00020U 00000ABC 00001.00000000  .00000000  00000-0  00000+0 0    05
2 00020  53.0000   0.0000 0000001   0.0000  62.1818 15.76629586    04
Starlink-340 20
1 00021U 00000ABC 00001.00000000  .00000000  00000-0  00000+0 0    06
2 00021  53.0000   0.0000 0000001   0.0000  65.4545 15.76629586    08
Starlink-340 21
1 00022U 00000ABC 00001.00000000  .00000000  00000-0  00000+0 0    07
2 00022  53.0000   0.0000 0000001   0.0000  68.7273 15.76629586    03
Starlink-340 22
1 00023U 00000ABC 00001.00000000  .00000000  00000-0  00000+0 0    08
2 00023  53.0000   0.0000 0000001   0.0000  72.0000 15.76629586    00
Starlink-340 23
1 00024U 00000ABC 00001.00000000  .00000000  00000-0  00000+0 0    09
2 00024  53.0000   0.0000 0000001   0.0000  75.2727 15.76629586    02
Starlink-340 24
1 00025U 00000ABC 00001.00000000  .00000000  00000-0  00000+0 0    00
2 00025  53.0000   0.0000 0000001   0.0000  78.5455 15.76629586    07
Starlink-340 25
1 00026U 00000ABC 00001.00000000  .00000000  00000-0  00000+0 0    01
2 00026  53.0000   0.0000 0000001   0.0000  81.8182 15.76629586    02
Starlink-340 26
1 00027U 00000ABC 00001.00000000  .00000000  00000-0  00000+0 0    02
2 00027  53.0000   0.0000 0000001   0.0000  85.0909 15.76629586    06
Starlink-340 27
1 00028U 00000ABC 00001.00000000  .00000000  00000-0  00000+0 0    03
2 00028  53.0000   0.0000 0000001   0.0000  88.3636 15.76629586    00
Starlink-340 28
1 00029U 00000ABC 00001.00000000  .00000000  00000-0  00000+0 0    04
2 00029  53.0000   0.0000 0000001   0.0000  91.6364 15.76629586    06
Starlink-340 29
1 00030U 00000ABC 00001.00000000  .00000000  00000-0  00000+0 0    06
2 00030  53.0000   0.0000 0000001   0.0000  94.9091 15.76629586    01
Starlink-340 30
1 00031U 00000ABC 00001.00000000  .00000000  00000-0  00000+0 0    07
2 00031  53.0000   0.0000 0000001   0.0000  98.1818 15.76629586    05
Starlink-340 31
1 00032U 00000ABC 00001.00000000  .00000000  00000-0  00000+0 0    08
2 00032  53.0000   0.0000 0000001   0.0000 101.4545 15.76629586    01
Starlink-340 32
1 00033U 00000ABC 00001.00000000  .00000000  00000-0  00000+0 0    09
2 00033  53.0000   0.0000 0000001   0.0000 104.7273 15.76629586    06
Starlink-340 33
1 00034U 00000ABC 00001.00000000  .00000000  00000-0  00000+0 0    00
2 00034  53.0000   0.0000 0000001   0.0000 108.0000 15.76629586    02
Starlink-340 34
1 00035U 00000ABC 00001.00000000  .00000000  00000-0  00000+0 0    01
2 00035  53.0000   0.0000 0000001   0.0000 111.2727 15.76629586    05
Starlink-340 35
1 00036U 00000ABC 00001.00000000  .00000000  00000-0  00000+0 0    02
2 00036  53.0000   0.0000 0000001   0.0000 114.5455 15.76629586    00
Starlink-340 36
1 00037U 00000ABC 00001.00000000  .00000000  00000-0  00000+0 0    03
2 00037  53.0000   0.0000 0000001   0.0000 117.8182 15.76629586    04
Starlink-340 37
1 00038U 00000ABC 00001.00000000  .00000000  00000-0  00000+0 0    04
2 00038  53.0000   0.0000 0000001   0.0000 121.0909 15.76629586    09
Starlink-340 38
1 00039U 00000ABC 00001.00000000  .00000000  00000-0  00000+0 0    05
2 00039  53.0000   0.0000 0000001   0.0000 124.3636 15.76629586    03
Starlink-340 39
1 00040U 00000ABC 00001.00000000  .00000000  00000-0  00000+0 0    07
2 00040  53.0000   0.0000 0000001   0.0000 127.6364 15.76629586    09
Starlink-340 40
1 00041U 00000ABC 00001.00000000  .00000000  00000-0  00000+0 0    08
2 00041  53.0000   0.0000 0000001   0.0000 130.9091 15.76629586    04
Starlink-340 41
1 00042U 00000ABC 00001.00000000  .00000000  00000-0  00000+0 0    09
2 00042  53.0000   0.0000 0000001   0.0000 134.1818 15.76629586    08
Starlink-340 42
1 00043U 00000ABC 00001.00000000  .00000000  00000-0  00000+0 0    00
2 00043  53.0000   0.0000 0000001   0.0000 137.4545 15.76629586    02
Starlink-340 43
1 00044U 00000ABC 00001.00000000  .00000000  00000-0  00000+0 0    01
2 00044  53.0000   0.0000 0000001   0.0000 140.7273 15.76629586    08
Starlink-340 44
1 00045U 00000ABC 00001.00000000  .00000000  00000-0  00000+0 0    02
2 00045  53.0000   0.0000 0000001   0.0000 144.0000 15.76629586    04
Starlink-340 45
1 00046U 00000ABC 00001.00000000  .00000000  00000-0  00000+0 0    03
2 00046  53.0000   0.0000 0000001   0.0000 147.2727 15.76629586    06
Starlink-340 46
1 00047U 00000ABC 00001.00000000  .00000000  00000-0  00000+0 0    04
2 00047  53.0000   0.0000 0000001   0.0000 150.5455 15.76629586    02
Starlink-340 47
1 00048U 00000ABC 00001.00000000  .00000000  00000-0  00000+0 0    05
2 00048  53.0000   0.0000 0000001   0.0000 153.8182 15.76629586    06
Starlink-340 48
1 00049U 00000ABC 00001.00000000  .00000000  00000-0  00000+0 0    06
2 00049  53.0000   0.0000 0000001   0.0000 157.0909 15.76629586    00
Starlink-340 49
1 00050U 00000ABC 00001.00000000  .00000000  00000-0  00000+0 0    08
2 00050  53.0000   0.0000 0000001   0.0000 160.3636 15.76629586    06
Starlink-340 50
1 00051U 00000ABC 00001.00000000  .00000000  00000-0  00000+0 0    09
2 00051  53.0000   0.0000 0000001   0.0000 163.6364 15.76629586    01
Starlink-340 51
1 00052U 00000ABC 00001.00000000  .00000000  00000-0  00000+0 0    00
2 00052  53.0000   0.0000 0000001   0.0000 166.9091 15.76629586    05
Starlink-340 52
1 00053U 00000ABC 00001.00000000  .00000000  00000-0  00000+0 0    01
2 00053  53.0000   0.0000 0000001   0.0000 170.1818 15.76629586    00
Starlink-340 53
1 00054U 00000ABC 00001.00000000  .00000000  00000-0  00000+0 0    02
2 00054  53.0000   0.0000 0000001   0.0000 173.4545 15.76629586    04
Starlink-340 54
1 00055U 00000ABC 00001.00000000  .00000000  00000-0  00000+0 0    03
2 00055  53.0000   0.0000 0000001   0.0000 176.7273 15.76629586    09
Starlink-340 55
1 00056U 00000ABC 00001.00000000  .00000000  00000-0  00000+0 0    04
2 00056  53.0000   0.0000 0000001   0.0000 180.0000 15.76629586    06
Starlink-340 56
1 00057U 00000ABC 00001.00000000  .00000000  00000-0  00000+0 0    05
2 00057  53.0000   0.0000 0000001   0.0000 183.2727 15.76629586    08
Starlink-340 57
1 00058U 00000ABC 00001.00000000  .00000000  00000-0  00000+0 0    06
2 00058  53.0000   0.0000 0000001   0.0000 186.5455 15.76629586    03
Starlink-340 58
1 00059U 00000ABC 00001.00000000  .00000000  00000-0  00000+0 0    07
2 00059  53.0000   0.0000 0000001   0.0000 189.8182 15.76629586    07
Starlink-340 59
1 00060U 00000ABC 00001.00000000  .00000000  00000-0  00000+0 0    09
2 00060  53.0000   0.0000 0000001   0.0000 193.0909 15.76629586    03
Starlink-340 60
1 00061U 00000ABC 00001.00000000  .00000000  00000-0  00000+0 0    00
2 00061  53.0000   0.0000 0000001   0.0000 196.3636 15.76629586    07
Starlink-340 61
1 00062U 00000ABC 00001.00000000  .00000000  00000-0  00000+0 0    01
2 00062  53.0000   0.0000 0000001   0.0000 199.6364 15.76629586    02
Starlink-340 62
1 00063U 00000ABC 00001.00000000  .00000000  00000-0  00000+0 0    02
2 00063  53.0000   0.0000 0000001   0.0000 202.9091 15.76629586    08
Starlink-340 63
1 00064U 00000ABC 00001.00000000  .00000000  00000-0  00000+0 0    03
2 00064  53.0000   0.0000 0000001   0.0000 206.1818 15.76629586    02
Starlink-340 64
1 00065U 00000ABC 00001.00000000  .00000000  00000-0  00000+0 0    04
2 00065  53.0000   0.0000 0000001   0.0000 209.4545 15.76629586    06
Starlink-340 65
1 00066U 00000ABC 00001.00000000  .00000000  00000-0  00000+0 0    05
2 00066  53.0000   0.0000 0000001   0.0000 212.7273 15.76629586    02
Starlink-340 66
1 00067U 00000ABC 00001.00000000  .00000000  00000-0  00000+0 0    06
2 00067  53.0000   0.0000 0000001   0.0000 216.0000 15.76629586    08
Starlink-340 67
1 00068U 00000ABC 00001.00000000  .00000000  00000-0  00000+0 0    07
2 00068  53.0000   0.0000 0000001   0.0000 219.2727 15.76629586    00
Starlink-340 68
1 00069U 00000ABC 00001.00000000  .00000000  00000-0  00000+0 0    08
2 00069  53.0000   0.0000 0000001   0.0000 222.5455 15.76629586    06
Starlink-340 69
1 00070U 00000ABC 00001.00000000  .00000000  00000-0  00000+0 0    00
2 00070  53.0000   0.0000 0000001   0.0000 225.8182 15.76629586    01
Starlink-340 70
1 00071U 00000ABC 00001.00000000  .00000000  00000-0  00000+0 0    01
2 00071  53.0000   0.0000 0000001   0.0000 229.0909 15.76629586    05
Starlink-340 71
1 00072U 00000ABC 00001.00000000  .00000000  00000-0  00000+0 0    02
2 00072  53.0000   0.0000 0000001   0.0000 232.3636 15.76629586    00
Starlink-340 72
1 00073U 00000ABC 00001.00000000  .00000000  00000-0  00000+0 0    03
2 00073  53.0000   0.0000 0000001   0.0000 235.6364 15.76629586    05
Starlink-340 73
1 00074U 00000ABC 00001.00000000  .00000000  00000-0  00000+0 0    04
2 00074  53.0000   0.0000 0000001   0.0000 238.9091 15.76629586    09
Starlink-340 74
1 00075U 00000ABC 00001.00000000  .00000000  00000-0  00000+0 0    05
2 00075  53.0000   0.0000 0000001   0.0000 242.1818 15.76629586    04
Starlink-340 75
1 00076U 00000ABC 00001.00000000  .00000000  00000-0  00000+0 0    06
2 00076  53.0000   0.0000 0000001   0.0000 245.4545 15.76629586    08
Starlink-340 76
1 00077U 00000ABC 00001.00000000  .00000000  00000-0  00000+0 0    07
2 00077  53.0000   0.0000 0000001   0.0000 248.7273 15.76629586    03
Starlink-340 77
1 00078U 00000ABC 00001.00000000  .00000000  00000-0  00000+0 0    08
2 00078  53.0000   0.0000 0000001   0.0000 252.0000 15.76629586    00
Starlink-340 78
1 00079U 00000ABC 00001.00000000  .00000000  00000-0  00000+0 0    09
2 00079  53.0000   0.0000 0000001   0.0000 255.2727 15.76629586    02
Starlink-340 79
1 00080U 00000ABC 00001.00000000  .00000000  00000-0  00000+0 0    01
2 00080  53.0000   0.0000 0000001   0.0000 258.5455 15.76629586    08
Starlink-340 80
1 00081U 00000ABC 00001.00000000  .00000000  00000-0  00000+0 0    02
2 00081  53.0000   0.0000 0000001   0.0000 261.8182 15.76629586    03
Starlink-340 81
1 00082U 00000ABC 00001.00000000  .00000000  00000-0  00000+0 0    03
2 00082  53.0000   0.0000 0000001   0.0000 265.0909 15.76629586    07
Starlink-340 82
1 00083U 00000ABC 00001.00000000  .00000000  00000-0  00000+0 0    04
2 00083  53.0000   0.0000 0000001   0.0000 268.3636 15.76629586    01
Starlink-340 83
1 00084U 00000ABC 00001.00000000  .00000000  00000-0  00000+0 0    05
2 00084  53.0000   0.0000 0000001   0.0000 271.6364 15.76629586    07
Starlink-340 84
1 00085U 00000ABC 00001.00000000  .00000000  00000-0  00000+0 0    06
2 00085  53.0000   0.0000 0000001   0.0000 274.9091 15.76629586    01
Starlink-340 85
1 00086U 00000ABC 00001.00000000  .00000000  00000-0  00000+0 0    07
2 00086  53.0000   0.0000 0000001   0.0000 278.1818 15.76629586    05
Starlink-340 86
1 00087U 00000ABC 00001.00000000  .00000000  00000-0  00000+0 0    08
2 00087  53.0000   0.0000 0000001   0.0000 281.4545 15.76629586    00
Starlink-340 87
1 00088U 00000ABC 00001.00000000  .00000000  00000-0  00000+0 0    09
2 00088  53.0000   0.0000 0000001   0.0000 284.7273 15.76629586    05
Starlink-340 88
1 00089U 00000ABC 00001.00000000  .00000000  00000-0  00000+0 0    00
2 00089  53.0000   0.0000 0000001   0.0000 288.0000 15.76629586    01
Starlink-340 89
1 00090U 00000ABC 00001.00000000  .00000000  00000-0  00000+0 0    02
2 00090  53.0000   0.0000 0000001   0.0000 291.2727 15.76629586    05
Starlink-340 90
1 00091U 00000ABC 00001.00000000  .00000000  00000-0  00000+0 0    03
2 00091  53.0000   0.0000 0000001   0.0000 294.5455 15.76629586    00
Starlink-340 91
1 00092U 00000ABC 00001.00000000  .00000000  00000-0  00000+0 0    04
2 00092  53.0000   0.0000 0000001   0.0000 297.8182 15.76629586    04
Starlink-340 92
1 00093U 00000ABC 00001.00000000  .00000000  00000-0  00000+0 0    05
2 00093  53.0000   0.0000 0000001   0.0000 301.0909 15.76629586    00
Starlink-340 93
1 00094U 00000ABC 00001.00000000  .00000000  00000-0  00000+0 0    06
2 00094  53.0000   0.0000 0000001   0.0000 304.3636 15.76629586    04
Starlink-340 94
1 00095U 00000ABC 00001.00000000  .00000000  00000-0  00000+0 0    07
2 00095  53.0000   0.0000 0000001   0.0000 307.6364 15.76629586    09
Starlink-340 95
1 00096U 00000ABC 00001.00000000  .00000000  00000-0  00000+0 0    08
2 00096  53.0000   0.0000 0000001   0.0000 310.9091 15.76629586    04
Starlink-340 96
1 00097U 00000ABC 00001.00000000  .00000000  00000-0  00000+0 0    09
2 00097  53.0000   0.0000 0000001   0.0000 314.1818 15.76629586    08
Starlink-340 97
1 00098U 00000ABC 00001.00000000  .00000000  00000-0  00000+0 0    00
2 00098  53.0000   0.0000 0000001   0.0000 317.4545 15.76629586    02
Starlink-340 98
1 00099U 00000ABC 00001.00000000  .00000000  00000-0  00000+0 0    01
2 00099  53.0000   0.0000 0000001   0.0000 320.7273 15.76629586    08
Starlink-340 99
1 00100U 00000ABC 00001.00000000  .00000000  00000-0  00000+0 0    04
2 00100  53.0000   0.0000 0000001   0.0000 324.0000 15.76629586    06
Starlink-340 100
1 00101U 00000ABC 00001.00000000  .00000000  00000-0  00000+0 0    05
2 00101  53.0000   0.0000 0000001   0.0000 327.2727 15.76629586    08
Starlink-340 101
1 00102U 00000ABC 00001.00000000  .00000000  00000-0  00000+0 0    06
2 00102  53.0000   0.0000 0000001   0.0000 330.5455 15.76629586    04
Starlink-340 102
1 00103U 00000ABC 00001.00000000  .00000000  00000-0  00000+0 0    07
2 00103  53.0000   0.0000 0000001   0.0000 333.8182 15.76629586    08
Starlink-340 103
1 00104U 00000ABC 00001.00000000  .00000000  00000-0  00000+0 0    08
2 00104  53.0000   0.0000 0000001   0.0000 337.0909 15.76629586    02
Starlink-340 104
1 00105U 00000ABC 00001.00000000  .00000000  00000-0  00000+0 0    09
2 00105  53.0000   0.0000 0000001   0.0000 340.3636 15.76629586    07
Starlink-340 105
1 00106U 00000ABC 00001.00000000  .00000000  00000-0  00000+0 0    00
2 00106  53.0000   0.0000 0000001   0.0000 343.6364 15.76629586    02
Starlink-340 106
1 00107U 00000ABC 00001.00000000  .00000000  00000-0  00000+0 0    01
2 00107  53.0000   0.0000 0000001   0.0000 346.9091 15.76629586    06
Starlink-340 107
1 00108U 00000ABC 00001.00000000  .00000000  00000-0  00000+0 0    02
2 00108  53.0000   0.0000 0000001   0.0000 350.1818 15.76629586    01
Starlink-340 108
1 00109U 00000ABC 00001.00000000  .00000000  00000-0  00000+0 0    03
2 00109  53.0000   0.0000 0000001   0.0000 353.4545 15.76629586    05
Starlink-340 109
1 00110U 00000ABC 00001.00000000  .00000000  00000-0  00000+0 0    05
2 00110  53.0000   0.0000 0000001   0.0000 356.7273 15.76629586    01
Starlink-340 110
1 00111U 00000ABC 00001.00000000  .00000000  00000-0  00000+0 0    06
2 00111  53.0000   7.5000 0000001   0.0000   1.6364 15.76629586    01
Starlink-340 111
1 00112U 00000ABC 00001.00000000  .00000000  00000-0  00000+0 0    07
2 00112  53.0000   7.5000 0000001   0.0000   4.9091 15.76629586    05
Starlink-340 112
1 00113U 00000ABC 00001.00000000  .00000000  00000-0  00000+0 0    08
2 00113  53.0000   7.5000 0000001   0.0000   8.1818 15.76629586    09
Starlink-340 113
1 00114U 00000ABC 00001.00000000  .00000000  00000-0  00000+0 0    09
2 00114  53.0000   7.5000 0000001   0.0000  11.4545 15.76629586    04
Starlink-340 114
1 00115U 00000ABC 00001.00000000  .00000000  00000-0  00000+0 0    00
2 00115  53.0000   7.5000 0000001   0.0000  14.7273 15.76629586    09
Starlink-340 115
1 00116U 00000ABC 00001.00000000  .00000000  00000-0  00000+0 0    01
2 00116  53.0000   7.5000 0000001   0.0000  18.0000 15.76629586    05
Starlink-340 116
1 00117U 00000ABC 00001.00000000  .00000000  00000-0  00000+0 0    02
2 00117  53.0000   7.5000 0000001   0.0000  21.2727 15.76629586    08
Starlink-340 117
1 00118U 00000ABC 00001.00000000  .00000000  00000-0  00000+0 0    03
2 00118  53.0000   7.5000 0000001   0.0000  24.5455 15.76629586    03
Starlink-340 118
1 00119U 00000ABC 00001.00000000  .00000000  00000-0  00000+0 0    04
2 00119  53.0000   7.5000 0000001   0.0000  27.8182 15.76629586    07
Starlink-340 119
1 00120U 00000ABC 00001.00000000  .00000000  00000-0  00000+0 0    06
2 00120  53.0000   7.5000 0000001   0.0000  31.0909 15.76629586    03
Starlink-340 120
1 00121U 00000ABC 00001.00000000  .00000000  00000-0  00000+0 0    07
2 00121  53.0000   7.5000 0000001   0.0000  34.3636 15.76629586    07
Starlink-340 121
1 00122U 00000ABC 00001.00000000  .00000000  00000-0  00000+0 0    08
2 00122  53.0000   7.5000 0000001   0.0000  37.6364 15.76629586    02
Starlink-340 122
1 00123U 00000ABC 00001.00000000  .00000000  00000-0  00000+0 0    09
2 00123  53.0000   7.5000 0000001   0.0000  40.9091 15.76629586    07
Starlink-340 123
1 00124U 00000ABC 00001.00000000  .00000000  00000-0  00000+0 0    00
2 00124  53.0000   7.5000 0000001   0.0000  44.1818 15.76629586    01
Starlink-340 124
1 00125U 00000ABC 00001.00000000  .00000000  00000-0  00000+0 0    01
2 00125  53.0000   7.5000 0000001   0.0000  47.4545 15.76629586    05
Starlink-340 125
1 00126U 00000ABC 00001.00000000  .00000000  00000-0  00000+0 0    02
2 00126  53.0000   7.5000 0000001   0.0000  50.7273 15.76629586    01
Starlink-340 126
1 00127U 00000ABC 00001.00000000  .00000000  00000-0  00000+0 0    03
2 00127  53.0000   7.5000 0000001   0.0000  54.0000 15.76629586    07
Starlink-340 127
1 00128U 00000ABC 00001.00000000  .00000000  00000-0  00000+0 0    04
2 00128  53.0000   7.5000 0000001   0.0000  57.2727 15.76629586    09
Starlink-340 128
1 00129U 00000ABC 00001.00000000  .00000000  00000-0  00000+0 0    05
2 00129  53.0000   7.5000 0000001   0.0000  60.5455 15.76629586    05
Starlink-340 129
1 00130U 00000ABC 00001.00000000  .00000000  00000-0  00000+0 0    07
2 00130  53.0000   7.5000 0000001   0.0000  63.8182 15.76629586    00
Starlink-340 130
1 00131U 00000ABC 00001.00000000  .00000000  00000-0  00000+0 0    08
2 00131  53.0000   7.5000 0000001   0.0000  67.0909 15.76629586    04
Starlink-340 131
1 00132U 00000ABC 00001.00000000  .00000000  00000-0  00000+0 0    09
2 00132  53.0000   7.5000 0000001   0.0000  70.3636 15.76629586    09
Starlink-340 132
1 00133U 00000ABC 00001.00000000  .00000000  00000-0  00000+0 0    00
2 00133  53.0000   7.5000 0000001   0.0000  73.6364 15.76629586    04
Starlink-340 133
1 00134U 00000ABC 00001.00000000  .00000000  00000-0  00000+0 0    01
2 00134  53.0000   7.5000 0000001   0.0000  76.9091 15.76629586    08
Starlink-340 134
1 00135U 00000ABC 00001.00000000  .00000000  00000-0  00000+0 0    02
2 00135  53.0000   7.5000 0000001   0.0000  80.1818 15.76629586    03
Starlink-340 135
1 00136U 00000ABC 00001.00000000  .00000000  00000-0  00000+0 0    03
2 00136  53.0000   7.5000 0000001   0.0000  83.4545 15.76629586    07
Starlink-340 136
1 00137U 00000ABC 00001.00000000  .00000000  00000-0  00000+0 0    04
2 00137  53.0000   7.5000 0000001   0.0000  86.7273 15.76629586    02
Starlink-340 137
1 00138U 00000ABC 00001.00000000  .00000000  00000-0  00000+0 0    05
2 00138  53.0000   7.5000 0000001   0.0000  90.0000 15.76629586    09
Starlink-340 138
1 00139U 00000ABC 00001.00000000  .00000000  00000-0  00000+0 0    06
2 00139  53.0000   7.5000 0000001   0.0000  93.2727 15.76629586    01
Starlink-340 139
1 00140U 00000ABC 00001.00000000  .00000000  00000-0  00000+0 0    08
2 00140  53.0000   7.5000 0000001   0.0000  96.5455 15.76629586    07
Starlink-340 140
1 00141U 00000ABC 00001.00000000  .00000000  00000-0  00000+0 0    09
2 00141  53.0000   7.5000 0000001   0.0000  99.8182 15.76629586    01
Starlink-340 141
1 00142U 00000ABC 00001.00000000  .00000000  00000-0  00000+0 0    00
2 00142  53.0000   7.5000 0000001   0.0000 103.0909 15.76629586    07
Starlink-340 142
1 00143U 00000ABC 00001.00000000  .00000000  00000-0  00000+0 0    01
2 00143  53.0000   7.5000 0000001   0.0000 106.3636 15.76629586    01
Starlink-340 143
1 00144U 00000ABC 00001.00000000  .00000000  00000-0  00000+0 0    02
2 00144  53.0000   7.5000 0000001   0.0000 109.6364 15.76629586    06
Starlink-340 144
1 00145U 00000ABC 00001.00000000  .00000000  00000-0  00000+0 0    03
2 00145  53.0000   7.5000 0000001   0.0000 112.9091 15.76629586    01
Starlink-340 145
1 00146U 00000ABC 00001.00000000  .00000000  00000-0  00000+0 0    04
2 00146  53.0000   7.5000 0000001   0.0000 116.1818 15.76629586    05
Starlink-340 146
1 00147U 00000ABC 00001.00000000  .00000000  00000-0  00000+0 0    05
2 00147  53.0000   7.5000 0000001   0.0000 119.4545 15.76629586    09
Starlink-340 147
1 00148U 00000ABC 00001.00000000  .00000000  00000-0  00000+0 0    06
2 00148  53.0000   7.5000 0000001   0.0000 122.7273 15.76629586    05
Starlink-340 148
1 00149U 00000ABC 00001.00000000  .00000000  00000-0  00000+0 0    07
2 00149  53.0000   7.5000 0000001   0.0000 126.0000 15.76629586    01
Starlink-340 149
1 00150U 00000ABC 00001.00000000  .00000000  00000-0  00000+0 0    09
2 00150  53.0000   7.5000 0000001   0.0000 129.2727 15.76629586    04
Starlink-340 150
1 00151U 00000ABC 00001.00000000  .00000000  00000-0  00000+0 0    00
2 00151  53.0000   7.5000 0000001   0.0000 132.5455 15.76629586    00
Starlink-340 151
1 00152U 00000ABC 00001.00000000  .00000000  00000-0  00000+0 0    01
2 00152  53.0000   7.5000 0000001   0.0000 135.8182 15.76629586    04
Starlink-340 152
1 00153U 00000ABC 00001.00000000  .00000000  00000-0  00000+0 0    02
2 00153  53.0000   7.5000 0000001   0.0000 139.0909 15.76629586    08
Starlink-340 153
1 00154U 00000ABC 00001.00000000  .00000000  00000-0  00000+0 0    03
2 00154  53.0000   7.5000 0000001   0.0000 142.3636 15.76629586    03
Starlink-340 154
1 00155U 00000ABC 00001.00000000  .00000000  00000-0  00000+0 0    04
2 00155  53.0000   7.5000 0000001   0.0000 145.6364 15.76629586    08
Starlink-340 155
1 00156U 00000ABC 00001.00000000  .00000000  00000-0  00000+0 0    05
2 00156  53.0000   7.5000 0000001   0.0000 148.9091 15.76629586    02
Starlink-340 156
1 00157U 00000ABC 00001.00000000  .00000000  00000-0  00000+0 0    06
2 00157  53.0000   7.5000 0000001   0.0000 152.1818 15.76629586    07
Starlink-340 157
1 00158U 00000ABC 00001.00000000  .00000000  00000-0  00000+0 0    07
2 00158  53.0000   7.5000 0000001   0.0000 155.4545 15.76629586    01
Starlink-340 158
1 00159U 00000ABC 00001.00000000  .00000000  00000-0  00000+0 0    08
2 00159  53.0000   7.5000 0000001   0.0000 158.7273 15.76629586    06
Starlink-340 159
1 00160U 00000ABC 00001.00000000  .00000000  00000-0  00000+0 0    00
2 00160  53.0000   7.5000 0000001   0.0000 162.0000 15.76629586    04
Starlink-340 160
1 00161U 00000ABC 00001.00000000  .00000000  00000-0  00000+0 0    01
2 00161  53.0000   7.5000 0000001   0.0000 165.2727 15.76629586    06
Starlink-340 161
1 00162U 00000ABC 00001.00000000  .00000000  00000-0  00000+0 0    02
2 00162  53.0000   7.5000 0000001   0.0000 168.5455 15.76629586    01
Starlink-340 162
1 00163U 00000ABC 00001.00000000  .00000000  00000-0  00000+0 0    03
2 00163  53.0000   7.5000 0000001   0.0000 171.8182 15.76629586    06
Starlink-340 163
1 00164U 00000ABC 00001.00000000  .00000000  00000-0  00000+0 0    04
2 00164  53.0000   7.5000 0000001   0.0000 175.0909 15.76629586    00
Starlink-340 164
1 00165U 00000ABC 00001.00000000  .00000000  00000-0  00000+0 0    05
2 00165  53.0000   7.5000 0000001   0.0000 178.3636 15.76629586    04
Starlink-340 165
1 00166U 00000ABC 00001.00000000  .00000000  00000-0  00000+0 0    06
2 00166  53.0000   7.5000 0000001   0.0000 181.6364 15.76629586    00
Starlink-340 166
1 00167U 00000ABC 00001.00000000  .00000000  00000-0  00000+0 0    07
2 00167  53.0000   7.5000 0000001   0.0000 184.9091 15.76629586    04
Starlink-340 167
1 00168U 00000ABC 00001.00000000  .00000000  00000-0  00000+0 0    08
2 00168  53.0000   7.5000 0000001   0.0000 188.1818 15.76629586    08
Starlink-340 168
1 00169U 00000ABC 00001.00000000  .00000000  00000-0  00000+0 0    09
2 00169  53.0000   7.5000 0000001   0.0000 191.4545 15.76629586    03
Starlink-340 169
1 00170U 00000ABC 00001.00000000  .00000000  00000-0  00000+0 0    01
2 00170  53.0000   7.5000 0000001   0.0000 194.7273 15.76629586    09
Starlink-340 170
1 00171U 00000ABC 00001.00000000  .00000000  00000-0  00000+0 0    02
2 00171  53.0000   7.5000 0000001   0.0000 198.0000 15.76629586    05
Starlink-340 171
1 00172U 00000ABC 00001.00000000  .00000000  00000-0  00000+0 0    03
2 00172  53.0000   7.5000 0000001   0.0000 201.2727 15.76629586    09
Starlink-340 172
1 00173U 00000ABC 00001.00000000  .00000000  00000-0  00000+0 0    04
2 00173  53.0000   7.5000 0000001   0.0000 204.5455 15.76629586    04
Starlink-340 173
1 00174U 00000ABC 00001.00000000  .00000000  00000-0  00000+0 0    05
2 00174  53.0000   7.5000 0000001   0.0000 207.8182 15.76629586    08
Starlink-340 174
1 00175U 00000ABC 00001.00000000  .00000000  00000-0  00000+0 0    06
2 00175  53.0000   7.5000 0000001   0.0000 211.0909 15.76629586    03
Starlink-340 175
1 00176U 00000ABC 00001.00000000  .00000000  00000-0  00000+0 0    07
2 00176  53.0000   7.5000 0000001   0.0000 214.3636 15.76629586    07
Starlink-340 176
1 00177U 00000ABC 00001.00000000  .00000000  00000-0  00000+0 0    08
2 00177  53.0000   7.5000 0000001   0.0000 217.6364 15.76629586    02
Starlink-340 177
1 00178U 00000ABC 00001.00000000  .00000000  00000-0  00000+0 0    09
2 00178  53.0000   7.5000 0000001   0.0000 220.9091 15.76629586    07
Starlink-340 178
1 00179U 00000ABC 00001.00000000  .00000000  00000-0  00000+0 0    00
2 00179  53.0000   7.5000 0000001   0.0000 224.1818 15.76629586    01
Starlink-340 179
1 00180U 00000ABC 00001.00000000  .00000000  00000-0  00000+0 0    02
2 00180  53.0000   7.5000 0000001   0.0000 227.4545 15.76629586    06
Starlink-340 180
1 00181U 00000ABC 00001.00000000  .00000000  00000-0  00000+0 0    03
2 00181  53.0000   7.5000 0000001   0.0000 230.7273 15.76629586    02
Starlink-340 181
1 00182U 00000ABC 00001.00000000  .00000000  00000-0  00000+0 0    04
2 00182  53.0000   7.5000 0000001   0.0000 234.0000 15.76629586    08
Starlink-340 182
1 00183U 00000ABC 00001.00000000  .00000000  00000-0  00000+0 0    05
2 00183  53.0000   7.5000 0000001   0.0000 237.2727 15.76629586    00
Starlink-340 183
1 00184U 00000ABC 00001.00000000  .00000000  00000-0  00000+0 0    06
2 00184  53.0000   7.5000 0000001   0.0000 240.5455 15.76629586    06
Starlink-340 184
1 00185U 00000ABC 00001.00000000  .00000000  00000-0  00000+0 0    07
2 00185  53.0000   7.5000 0000001   0.0000 243.8182 15.76629586    00
Starlink-340 185
1 00186U 00000ABC 00001.00000000  .00000000  00000-0  00000+0 0    08
2 00186  53.0000   7.5000 0000001   0.0000 247.0909 15.76629586    04
Starlink-340 186
1 00187U 00000ABC 00001.00000000  .00000000  00000-0  00000+0 0    09
2 00187  53.0000   7.5000 0000001   0.0000 250.3636 15.76629586    09
Starlink-340 187
1 00188U 00000ABC 00001.00000000  .00000000  00000-0  00000+0 0    00
2 00188  53.0000   7.5000 0000001   0.0000 253.6364 15.76629586    04
Starlink-340 188
1 00189U 00000ABC 00001.00000000  .00000000  00000-0  00000+0 0    01
2 00189  53.0000   7.5000 0000001   0.0000 256.9091 15.76629586    08
Starlink-340 189
1 00190U 00000ABC 00001.00000000  .00000000  00000-0  00000+0 0    03
2 00190  53.0000   7.5000 0000001   0.0000 260.1818 15.76629586    04
Starlink-340 190
1 00191U 00000ABC 00001.00000000  .00000000  00000-0  00000+0 0    04
2 00191  53.0000   7.5000 0000001   0.0000 263.4545 15.76629586    08
Starlink-340 191
1 00192U 00000ABC 00001.00000000  .00000000  00000-0  00000+0 0    05
2 00192  53.0000   7.5000 0000001   0.0000 266.7273 15.76629586    03
Starlink-340 192
1 00193U 00000ABC 00001.00000000  .00000000  00000-0  00000+0 0    06
2 00193  53.0000   7.5000 0000001   0.0000 270.0000 15.76629586    00
Starlink-340 193
1 00194U 00000ABC 00001.00000000  .00000000  00000-0  00000+0 0    07
2 00194  53.0000   7.5000 0000001   0.0000 273.2727 15.76629586    02
Starlink-340 194
1 00195U 00000ABC 00001.00000000  .00000000  00000-0  00000+0 0    08
2 00195  53.0000   7.5000 0000001   0.0000 276.5455 15.76629586    07
Starlink-340 195
1 00196U 00000ABC 00001.00000000  .00000000  00000-0  00000+0 0    09
2 00196  53.0000   7.5000 0000001   0.0000 279.8182 15.76629586    01
Starlink-340 196
1 00197U 00000ABC 00001.00000000  .00000000  00000-0  00000+0 0    00
2 00197  53.0000   7.5000 0000001   0.0000 283.0909 15.76629586    06
Starlink-340 197
1 00198U 00000ABC 00001.00000000  .00000000  00000-0  00000+0 0    01
2 00198  53.0000   7.5000 0000001   0.0000 286.3636 15.76629586    00
Starlink-340 198
1 00199U 00000ABC 00001.00000000  .00000000  00000-0  00000+0 0    02
2 00199  53.0000   7.5000 0000001   0.0000 289.6364 15.76629586    05
Starlink-340 199
1 00200U 00000ABC 00001.00000000  .00000000  00000-0  00000+0 0    05
2 00200  53.0000   7.5000 0000001   0.0000 292.9091 15.76629586    02
Starlink-340 200
1 00201U 00000ABC 00001.00000000  .00000000  00000-0  00000+0 0    06
2 00201  53.0000   7.5000 0000001   0.0000 296.1818 15.76629586    06
Starlink-340 201
1 00202U 00000ABC 00001.00000000  .00000000  00000-0  00000+0 0    07
2 00202  53.0000   7.5000 0000001   0.0000 299.4545 15.76629586    00
Starlink-340 202
1 00203U 00000ABC 00001.00000000  .00000000  00000-0  00000+0 0    08
2 00203  53.0000   7.5000 0000001   0.0000 302.7273 15.76629586    07
Starlink-340 203
1 00204U 00000ABC 00001.00000000  .00000000  00000-0  00000+0 0    09
2 00204  53.0000   7.5000 0000001   0.0000 306.0000 15.76629586    03
Starlink-340 204
1 00205U 00000ABC 00001.00000000  .00000000  00000-0  00000+0 0    00
2 00205  53.0000   7.5000 0000001   0.0000 309.2727 15.76629586    05
Starlink-340 205
1 00206U 00000ABC 00001.00000000  .00000000  00000-0  00000+0 0    01
2 00206  53.0000   7.5000 0000001   0.0000 312.5455 15.76629586    01
Starlink-340 206
1 00207U 00000ABC 00001.00000000  .00000000  00000-0  00000+0 0    02
2 00207  53.0000   7.5000 0000001   0.0000 315.8182 15.76629586    05
Starlink-340 207
1 00208U 00000ABC 00001.00000000  .00000000  00000-0  00000+0 0    03
2 00208  53.0000   7.5000 0000001   0.0000 319.0909 15.76629586    09
Starlink-340 208
1 00209U 00000ABC 00001.00000000  .00000000  00000-0  00000+0 0    04
2 00209  53.0000   7.5000 0000001   0.0000 322.3636 15.76629586    04
Starlink-340 209
1 00210U 00000ABC 00001.00000000  .00000000  00000-0  00000+0 0    06
2 00210  53.0000   7.5000 0000001   0.0000 325.6364 15.76629586    00
Starlink-340 210
1 00211U 00000ABC 00001.00000000  .00000000  00000-0  00000+0 0    07
2 00211  53.0000   7.5000 0000001   0.0000 328.9091 15.76629586    04
Starlink-340 211
1 00212U 00000ABC 00001.00000000  .00000000  00000-0  00000+0 0    08
2 00212  53.0000   7.5000 0000001   0.0000 332.1818 15.76629586    09
Starlink-340 212
1 00213U 00000ABC 00001.00000000  .00000000  00000-0  00000+0 0    09
2 00213  53.0000   7.5000 0000001   0.0000 335.4545 15.76629586    03
Starlink-340 213
1 00214U 00000ABC 00001.00000000  .00000000  00000-0  00000+0 0    00
2 00214  53.0000   7.5000 0000001   0.0000 338.7273 15.76629586    08
Starlink-340 214
1 00215U 00000ABC 00001.00000000  .00000000  00000-0  00000+0 0    01
2 00215  53.0000   7.5000 0000001   0.0000 342.0000 15.76629586    05
Starlink-340 215
1 00216U 00000ABC 00001.00000000  .00000000  00000-0  00000+0 0    02
2 00216  53.0000   7.5000 0000001   0.0000 345.2727 15.76629586    07
Starlink-340 216
1 00217U 00000ABC 00001.00000000  .00000000  00000-0  00000+0 0    03
2 00217  53.0000   7.5000 0000001   0.0000 348.5455 15.76629586    02
Starlink-340 217
1 00218U 00000ABC 00001.00000000  .00000000  00000-0  00000+0 0    04
2 00218  53.0000   7.5000 0000001   0.0000 351.8182 15.76629586    07
Starlink-340 218
1 00219U 00000ABC 00001.00000000  .00000000  00000-0  00000+0 0    05
2 00219  53.0000   7.5000 0000001   0.0000 355.0909 15.76629586    01
Starlink-340 219
1 00220U 00000ABC 00001.00000000  .00000000  00000-0  00000+0 0    07
2 00220  53.0000   7.5000 0000001   0.0000 358.3636 15.76629586    06
Starlink-340 220
1 00221U 00000ABC 00001.00000000  .00000000  00000-0  00000+0 0    08
2 00221  53.0000  15.0000 0000001   0.0000   0.0000 15.76629586    07
Starlink-340 221
1 00222U 00000ABC 00001.00000000  .00000000  00000-0  00000+0 0    09
2 00222  53.0000  15.0000 0000001   0.0000   3.2727 15.76629586    09
Starlink-340 222
1 00223U 00000ABC 00001.00000000  .00000000  00000-0  00000+0 0    00
2 00223  53.0000  15.0000 0000001   0.0000   6.5455 15.76629586    04
Starlink-340 223
1 00224U 00000ABC 00001.00000000  .00000000  00000-0  00000+0 0    01
2 00224  53.0000  15.0000 0000001   0.0000   9.8182 15.76629586    08
Starlink-340 224
1 00225U 00000ABC 00001.00000000  .00000000  00000-0  00000+0 0    02
2 00225  53.0000  15.0000 0000001   0.0000  13.0909 15.76629586    03
Starlink-340 225
1 00226U 00000ABC 00001.00000000  .00000000  00000-0  00000+0 0    03
2 00226  53.0000  15.0000 0000001   0.0000  16.3636 15.76629586    07
Starlink-340 226
1 00227U 00000ABC 00001.00000000  .00000000  00000-0  00000+0 0    04
2 00227  53.0000  15.0000 0000001   0.0000  19.6364 15.76629586    02
Starlink-340 227
1 00228U 00000ABC 00001.00000000  .00000000  00000-0  00000+0 0    05
2 00228  53.0000  15.0000 0000001   0.0000  22.9091 15.76629586    07
Starlink-340 228
1 00229U 00000ABC 00001.00000000  .00000000  00000-0  00000+0 0    06
2 00229  53.0000  15.0000 0000001   0.0000  26.1818 15.76629586    01
Starlink-340 229
1 00230U 00000ABC 00001.00000000  .00000000  00000-0  00000+0 0    08
2 00230  53.0000  15.0000 0000001   0.0000  29.4545 15.76629586    06
Starlink-340 230
1 00231U 00000ABC 00001.00000000  .00000000  00000-0  00000+0 0    09
2 00231  53.0000  15.0000 0000001   0.0000  32.7273 15.76629586    02
Starlink-340 231
1 00232U 00000ABC 00001.00000000  .00000000  00000-0  00000+0 0    00
2 00232  53.0000  15.0000 0000001   0.0000  36.0000 15.76629586    08
Starlink-340 232
1 00233U 00000ABC 00001.00000000  .00000000  00000-0  00000+0 0    01
2 00233  53.0000  15.0000 0000001   0.0000  39.2727 15.76629586    00
Starlink-340 233
1 00234U 00000ABC 00001.00000000  .00000000  00000-0  00000+0 0    02
2 00234  53.0000  15.0000 0000001   0.0000  42.5455 15.76629586    06
Starlink-340 234
1 00235U 00000ABC 00001.00000000  .00000000  00000-0  00000+0 0    03
2 00235  53.0000  15.0000 0000001   0.0000  45.8182 15.76629586    00
Starlink-340 235
1 00236U 00000ABC 00001.00000000  .00000000  00000-0  00000+0 0    04
2 00236  53.0000  15.0000 0000001   0.0000  49.0909 15.76629586    04
Starlink-340 236
1 00237U 00000ABC 00001.00000000  .00000000  00000-0  00000+0 0    05
2 00237  53.0000  15.0000 0000001   0.0000  52.3636 15.76629586    09
Starlink-340 237
1 00238U 00000ABC 00001.00000000  .00000000  00000-0  00000+0 0    06
2 00238  53.0000  15.0000 0000001   0.0000  55.6364 15.76629586    04
Starlink-340 238
1 00239U 00000ABC 00001.00000000  .00000000  00000-0  00000+0 0    07
2 00239  53.0000  15.0000 0000001   0.0000  58.9091 15.76629586    08
Starlink-340 239
1 00240U 00000ABC 00001.00000000  .00000000  00000-0  00000+0 0    09
2 00240  53.0000  15.0000 0000001   0.0000  62.1818 15.76629586    04
Starlink-340 240
1 00241U 00000ABC 00001.00000000  .00000000  00000-0  00000+0 0    00
2 00241  53.0000  15.0000 0000001   0.0000  65.4545 15.76629586    08
Starlink-340 241
1 00242U 00000ABC 00001.00000000  .00000000  00000-0  00000+0 0    01
2 00242  53.0000  15.0000 0000001   0.0000  68.7273 15.76629586    03
Starlink-340 242
1 00243U 00000ABC 00001.00000000  .00000000  00000-0  00000+0 0    02
2 00243  53.0000  15.0000 0000001   0.0000  72.0000 15.76629586    00
Starlink-340 243
1 00244U 00000ABC 00001.00000000  .00000000  00000-0  00000+0 0    03
2 00244  53.0000  15.0000 0000001   0.0000  75.2727 15.76629586    02
Starlink-340 244
1 00245U 00000ABC 00001.00000000  .00000000  00000-0  00000+0 0    04
2 00245  53.0000  15.0000 0000001   0.0000  78.5455 15.76629586    07
Starlink-340 245
1 00246U 00000ABC 00001.00000000  .00000000  00000-0  00000+0 0    05
2 00246  53.0000  15.0000 0000001   0.0000  81.8182 15.76629586    02
Starlink-340 246
1 00247U 00000ABC 00001.00000000  .00000000  00000-0  00000+0 0    06
2 00247  53.0000  15.0000 0000001   0.0000  85.0909 15.76629586    06
Starlink-340 247
1 00248U 00000ABC 00001.00000000  .00000000  00000-0  00000+0 0    07
2 00248  53.0000  15.0000 0000001   0.0000  88.3636 15.76629586    00
Starlink-340 248
1 00249U 00000ABC 00001.00000000  .00000000  00000-0  00000+0 0    08
2 00249  53.0000  15.0000 0000001   0.0000  91.6364 15.76629586    06
Starlink-340 249
1 00250U 00000ABC 00001.00000000  .00000000  00000-0  00000+0 0    00
2 00250  53.0000  15.0000 0000001   0.0000  94.9091 15.76629586    01
Starlink-340 250
1 00251U 00000ABC 00001.00000000  .00000000  00000-0  00000+0 0    01
2 00251  53.0000  15.0000 0000001   0.0000  98.1818 15.76629586    05
Starlink-340 251
1 00252U 00000ABC 00001.00000000  .00000000  00000-0  00000+0 0    02
2 00252  53.0000  15.0000 0000001   0.0000 101.4545 15.76629586    01
Starlink-340 252
1 00253U 00000ABC 00001.00000000  .00000000  00000-0  00000+0 0    03
2 00253  53.0000  15.0000 0000001   0.0000 104.7273 15.76629586    06
Starlink-340 253
1 00254U 00000ABC 00001.00000000  .00000000  00000-0  00000+0 0    04
2 00254  53.0000  15.0000 0000001   0.0000 108.0000 15.76629586    02
Starlink-340 254
1 00255U 00000ABC 00001.00000000  .00000000  00000-0  00000+0 0    05
2 00255  53.0000  15.0000 0000001   0.0000 111.2727 15.76629586    05
Starlink-340 255
1 00256U 00000ABC 00001.00000000  .00000000  00000-0  00000+0 0    06
2 00256  53.0000  15.0000 0000001   0.0000 114.5455 15.76629586    00
Starlink-340 256
1 00257U 00000ABC 00001.00000000  .00000000  00000-0  00000+0 0    07
2 00257  53.0000  15.0000 0000001   0.0000 117.8182 15.76629586    04
Starlink-340 257
1 00258U 00000ABC 00001.00000000  .00000000  00000-0  00000+0 0    08
2 00258  53.0000  15.0000 0000001   0.0000 121.0909 15.76629586    09
Starlink-340 258
1 00259U 00000ABC 00001.00000000  .00000000  00000-0  00000+0 0    09
2 00259  53.0000  15.0000 0000001   0.0000 124.3636 15.76629586    03
Starlink-340 259
1 00260U 00000ABC 00001.00000000  .00000000  00000-0  00000+0 0    01
2 00260  53.0000  15.0000 0000001   0.0000 127.6364 15.76629586    09
Starlink-340 260
1 00261U 00000ABC 00001.00000000  .00000000  00000-0  00000+0 0    02
2 00261  53.0000  15.0000 0000001   0.0000 130.9091 15.76629586    04
Starlink-340 261
1 00262U 00000ABC 00001.00000000  .00000000  00000-0  00000+0 0    03
2 00262  53.0000  15.0000 0000001   0.0000 134.1818 15.76629586    08
Starlink-340 262
1 00263U 00000ABC 00001.00000000  .00000000  00000-0  00000+0 0    04
2 00263  53.0000  15.0000 0000001   0.0000 137.4545 15.76629586    02
Starlink-340 263
1 00264U 00000ABC 00001.00000000  .00000000  00000-0  00000+0 0    05
2 00264  53.0000  15.0000 0000001   0.0000 140.7273 15.76629586    08
Starlink-340 264
1 00265U 00000ABC 00001.00000000  .00000000  00000-0  00000+0 0    06
2 00265  53.0000  15.0000 0000001   0.0000 144.0000 15.76629586    04
Starlink-340 265
1 00266U 00000ABC 00001.00000000  .00000000  00000-0  00000+0 0    07
2 00266  53.0000  15.0000 0000001   0.0000 147.2727 15.76629586    06
Starlink-340 266
1 00267U 00000ABC 00001.00000000  .00000000  00000-0  00000+0 0    08
2 00267  53.0000  15.0000 0000001   0.0000 150.5455 15.76629586    02
Starlink-340 267
1 00268U 00000ABC 00001.00000000  .00000000  00000-0  00000+0 0    09
2 00268  53.0000  15.0000 0000001   0.0000 153.8182 15.76629586    06
Starlink-340 268
1 00269U 00000ABC 00001.00000000  .00000000  00000-0  00000+0 0    00
2 00269  53.0000  15.0000 0000001   0.0000 157.0909 15.76629586    00
Starlink-340 269
1 00270U 00000ABC 00001.00000000  .00000000  00000-0  00000+0 0    02
2 00270  53.0000  15.0000 0000001   0.0000 160.3636 15.76629586    06
Starlink-340 270
1 00271U 00000ABC 00001.00000000  .00000000  00000-0  00000+0 0    03
2 00271  53.0000  15.0000 0000001   0.0000 163.6364 15.76629586    01
Starlink-340 271
1 00272U 00000ABC 00001.00000000  .00000000  00000-0  00000+0 0    04
2 00272  53.0000  15.0000 0000001   0.0000 166.9091 15.76629586    05
Starlink-340 272
1 00273U 00000ABC 00001.00000000  .00000000  00000-0  00000+0 0    05
2 00273  53.0000  15.0000 0000001   0.0000 170.1818 15.76629586    00
Starlink-340 273
1 00274U 00000ABC 00001.00000000  .00000000  00000-0  00000+0 0    06
2 00274  53.0000  15.0000 0000001   0.0000 173.4545 15.76629586    04
Starlink-340 274
1 00275U 00000ABC 00001.00000000  .00000000  00000-0  00000+0 0    07
2 00275  53.0000  15.0000 0000001   0.0000 176.7273 15.76629586    09
Starlink-340 275
1 00276U 00000ABC 00001.00000000  .00000000  00000-0  00000+0 0    08
2 00276  53.0000  15.0000 0000001   0.0000 180.0000 15.76629586    06
Starlink-340 276
1 00277U 00000ABC 00001.00000000  .00000000  00000-0  00000+0 0    09
2 00277  53.0000  15.0000 0000001   0.0000 183.2727 15.76629586    08
Starlink-340 277
1 00278U 00000ABC 00001.00000000  .00000000  00000-0  00000+0 0    00
2 00278  53.0000  15.0000 0000001   0.0000 186.5455 15.76629586    03
Starlink-340 278
1 00279U 00000ABC 00001.00000000  .00000000  00000-0  00000+0 0    01
2 00279  53.0000  15.0000 0000001   0.0000 189.8182 15.76629586    07
Starlink-340 279
1 00280U 00000ABC 00001.00000000  .00000000  00000-0  00000+0 0    03
2 00280  53.0000  15.0000 0000001   0.0000 193.0909 15.76629586    03
Starlink-340 280
1 00281U 00000ABC 00001.00000000  .00000000  00000-0  00000+0 0    04
2 00281  53.0000  15.0000 0000001   0.0000 196.3636 15.76629586    07
Starlink-340 281
1 00282U 00000ABC 00001.00000000  .00000000  00000-0  00000+0 0    05
2 00282  53.0000  15.0000 0000001   0.0000 199.6364 15.76629586    02
Starlink-340 282
1 00283U 00000ABC 00001.00000000  .00000000  00000-0  00000+0 0    06
2 00283  53.0000  15.0000 0000001   0.0000 202.9091 15.76629586    08
Starlink-340 283
1 00284U 00000ABC 00001.00000000  .00000000  00000-0  00000+0 0    07
2 00284  53.0000  15.0000 0000001   0.0000 206.1818 15.76629586    02
Starlink-340 284
1 00285U 00000ABC 00001.00000000  .00000000  00000-0  00000+0 0    08
2 00285  53.0000  15.0000 0000001   0.0000 209.4545 15.76629586    06
Starlink-340 285
1 00286U 00000ABC 00001.00000000  .00000000  00000-0  00000+0 0    09
2 00286  53.0000  15.0000 0000001   0.0000 212.7273 15.76629586    02
Starlink-340 286
1 00287U 00000ABC 00001.00000000  .00000000  00000-0  00000+0 0    00
2 00287  53.0000  15.0000 0000001   0.0000 216.0000 15.76629586    08
Starlink-340 287
1 00288U 00000ABC 00001.00000000  .00000000  00000-0  00000+0 0    01
2 00288  53.0000  15.0000 0000001   0.0000 219.2727 15.76629586    00
Starlink-340 288
1 00289U 00000ABC 00001.00000000  .00000000  00000-0  00000+0 0    02
2 00289  53.0000  15.0000 0000001   0.0000 222.5455 15.76629586    06
Starlink-340 289
1 00290U 00000ABC 00001.00000000  .00000000  00000-0  00000+0 0    04
2 00290  53.0000  15.0000 0000001   0.0000 225.8182 15.76629586    01
Starlink-340 290
1 00291U 00000ABC 00001.00000000  .00000000  00000-0  00000+0 0    05
2 00291  53.0000  15.0000 0000001   0.0000 229.0909 15.76629586    05
Starlink-340 291
1 00292U 00000ABC 00001.00000000  .00000000  00000-0  00000+0 0    06
2 00292  53.0000  15.0000 0000001   0.0000 232.3636 15.76629586    00
Starlink-340 292
1 00293U 00000ABC 00001.00000000  .00000000  00000-0  00000+0 0    07
2 00293  53.0000  15.0000 0000001   0.0000 235.6364 15.76629586    05
Starlink-340 293
1 00294U 00000ABC 00001.00000000  .00000000  00000-0  00000+0 0    08
2 00294  53.0000  15.0000 0000001   0.0000 238.9091 15.76629586    09
Starlink-340 294
1 00295U 00000ABC 00001.00000000  .00000000  00000-0  00000+0 0    09
2 00295  53.0000  15.0000 0000001   0.0000 242.1818 15.76629586    04
Starlink-340 295
1 00296U 00000ABC 00001.00000000  .00000000  00000-0  00000+0 0    00
2 00296  53.0000  15.0000 0000001   0.0000 245.4545 15.76629586    08
Starlink-340 296
1 00297U 00000ABC 00001.00000000  .00000000  00000-0  00000+0 0    01
2 00297  53.0000  15.0000 0000001   0.0000 248.7273 15.76629586    03
Starlink-340 297
1 00298U 00000ABC 00001.00000000  .00000000  00000-0  00000+0 0    02
2 00298  53.0000  15.0000 0000001   0.0000 252.0000 15.76629586    00
Starlink-340 298
1 00299U 00000ABC 00001.00000000  .00000000  00000-0  00000+0 0    03
2 00299  53.0000  15.0000 0000001   0.0000 255.2727 15.76629586    02
Starlink-340 299
1 00300U 00000ABC 00001.00000000  .00000000  00000-0  00000+0 0    06
2 00300  53.0000  15.0000 0000001   0.0000 258.5455 15.76629586    09
Starlink-340 300
1 00301U 00000ABC 00001.00000000  .00000000  00000-0  00000+0 0    07
2 00301  53.0000  15.0000 0000001   0.0000 261.8182 15.76629586    04
Starlink-340 301
1 00302U 00000ABC 00001.00000000  .00000000  00000-0  00000+0 0    08
2 00302  53.0000  15.0000 0000001   0.0000 265.0909 15.76629586    08
Starlink-340 302
1 00303U 00000ABC 00001.00000000  .00000000  00000-0  00000+0 0    09
2 00303  53.0000  15.0000 0000001   0.0000 268.3636 15.76629586    02
Starlink-340 303
1 00304U 00000ABC 00001.00000000  .00000000  00000-0  00000+0 0    00
2 00304  53.0000  15.0000 0000001   0.0000 271.6364 15.76629586    08
Starlink-340 304
1 00305U 00000ABC 00001.00000000  .00000000  00000-0  00000+0 0    01
2 00305  53.0000  15.0000 0000001   0.0000 274.9091 15.76629586    02
Starlink-340 305
1 00306U 00000ABC 00001.00000000  .00000000  00000-0  00000+0 0    02
2 00306  53.0000  15.0000 0000001   0.0000 278.1818 15.76629586    06
Starlink-340 306
1 00307U 00000ABC 00001.00000000  .00000000  00000-0  00000+0 0    03
2 00307  53.0000  15.0000 0000001   0.0000 281.4545 15.76629586    01
Starlink-340 307
1 00308U 00000ABC 00001.00000000  .00000000  00000-0  00000+0 0    04
2 00308  53.0000  15.0000 0000001   0.0000 284.7273 15.76629586    06
Starlink-340 308
1 00309U 00000ABC 00001.00000000  .00000000  00000-0  00000+0 0    05
2 00309  53.0000  15.0000 0000001   0.0000 288.0000 15.76629586    02
Starlink-340 309
1 00310U 00000ABC 00001.00000000  .00000000  00000-0  00000+0 0    07
2 00310  53.0000  15.0000 0000001   0.0000 291.2727 15.76629586    06
Starlink-340 310
1 00311U 00000ABC 00001.00000000  .00000000  00000-0  00000+0 0    08
2 00311  53.0000  15.0000 0000001   0.0000 294.5455 15.76629586    01
Starlink-340 311
1 00312U 00000ABC 00001.00000000  .00000000  00000-0  00000+0 0    09
2 00312  53.0000  15.0000 0000001   0.0000 297.8182 15.76629586    05
Starlink-340 312
1 00313U 00000ABC 00001.00000000  .00000000  00000-0  00000+0 0    00
2 00313  53.0000  15.0000 0000001   0.0000 301.0909 15.76629586    01
Starlink-340 313
1 00314U 00000ABC 00001.00000000  .00000000  00000-0  00000+0 0    01
2 00314  53.0000  15.0000 0000001   0.0000 304.3636 15.76629586    05
Starlink-340 314
1 00315U 00000ABC 00001.00000000  .00000000  00000-0  00000+0 0    02
2 00315  53.0000  15.0000 0000001   0.0000 307.6364 15.76629586    00
Starlink-340 315
1 00316U 00000ABC 00001.00000000  .00000000  00000-0  00000+0 0    03
2 00316  53.0000  15.0000 0000001   0.0000 310.9091 15.76629586    05
Starlink-340 316
1 00317U 00000ABC 00001.00000000  .00000000  00000-0  00000+0 0    04
2 00317  53.0000  15.0000 0000001   0.0000 314.1818 15.76629586    09
Starlink-340 317
1 00318U 00000ABC 00001.00000000  .00000000  00000-0  00000+0 0    05
2 00318  53.0000  15.0000 0000001   0.0000 317.4545 15.76629586    03
Starlink-340 318
1 00319U 00000ABC 00001.00000000  .00000000  00000-0  00000+0 0    06
2 00319  53.0000  15.0000 0000001   0.0000 320.7273 15.76629586    09
Starlink-340 319
1 00320U 00000ABC 00001.00000000  .00000000  00000-0  00000+0 0    08
2 00320  53.0000  15.0000 0000001   0.0000 324.0000 15.76629586    06
Starlink-340 320
1 00321U 00000ABC 00001.00000000  .00000000  00000-0  00000+0 0    09
2 00321  53.0000  15.0000 0000001   0.0000 327.2727 15.76629586    08
Starlink-340 321
1 00322U 00000ABC 00001.00000000  .00000000  00000-0  00000+0 0    00
2 00322  53.0000  15.0000 0000001   0.0000 330.5455 15.76629586    04
Starlink-340 322
1 00323U 00000ABC 00001.00000000  .00000000  00000-0  00000+0 0    01
2 00323  53.0000  15.0000 0000001   0.0000 333.8182 15.76629586    08
Starlink-340 323
1 00324U 00000ABC 00001.00000000  .00000000  00000-0  00000+0 0    02
2 00324  53.0000  15.0000 0000001   0.0000 337.0909 15.76629586    02
Starlink-340 324
1 00325U 00000ABC 00001.00000000  .00000000  00000-0  00000+0 0    03
2 00325  53.0000  15.0000 0000001   0.0000 340.3636 15.76629586    07
Starlink-340 325
1 00326U 00000ABC 00001.00000000  .00000000  00000-0  00000+0 0    04
2 00326  53.0000  15.0000 0000001   0.0000 343.6364 15.76629586    02
Starlink-340 326
1 00327U 00000ABC 00001.00000000  .00000000  00000-0  00000+0 0    05
2 00327  53.0000  15.0000 0000001   0.0000 346.9091 15.76629586    06
Starlink-340 327
1 00328U 00000ABC 00001.00000000  .00000000  00000-0  00000+0 0    06
2 00328  53.0000  15.0000 0000001   0.0000 350.1818 15.76629586    01
Starlink-340 328
1 00329U 00000ABC 00001.00000000  .00000000  00000-0  00000+0 0    07
2 00329  53.0000  15.0000 0000001   0.0000 353.4545 15.76629586    05
Starlink-340 329
1 00330U 00000ABC 00001.00000000  .00000000  00000-0  00000+0 0    09
2 00330  53.0000  15.0000 0000001   0.0000 356.7273 15.76629586    01
Starlink-340 330
1 00331U 00000ABC 00001.00000000  .00000000  00000-0  00000+0 0    00
2 00331  53.0000  22.5000 0000001   0.0000   1.6364 15.76629586    02
Starlink-340 331
1 00332U 00000ABC 00001.00000000  .00000000  00000-0  00000+0 0    01
2 00332  53.0000  22.5000 0000001   0.0000   4.9091 15.76629586    06
Starlink-340 332
1 00333U 00000ABC 00001.00000000  .00000000  00000-0  00000+0 0    02
2 00333  53.0000  22.5000 0000001   0.0000   8.1818 15.76629586    00
Starlink-340 333
1 00334U 00000ABC 00001.00000000  .00000000  00000-0  00000+0 0    03
2 00334  53.0000  22.5000 0000001   0.0000  11.4545 15.76629586    05
Starlink-340 334
1 00335U 00000ABC 00001.00000000  .00000000  00000-0  00000+0 0    04
2 00335  53.0000  22.5000 0000001   0.0000  14.7273 15.76629586    00
Starlink-340 335
1 00336U 00000ABC 00001.00000000  .00000000  00000-0  00000+0 0    05
2 00336  53.0000  22.5000 0000001   0.0000  18.0000 15.76629586    06
Starlink-340 336
1 00337U 00000ABC 00001.00000000  .00000000  00000-0  00000+0 0    06
2 00337  53.0000  22.5000 0000001   0.0000  21.2727 15.76629586    09
Starlink-340 337
1 00338U 00000ABC 00001.00000000  .00000000  00000-0  00000+0 0    07
2 00338  53.0000  22.5000 0000001   0.0000  24.5455 15.76629586    04
Starlink-340 338
1 00339U 00000ABC 00001.00000000  .00000000  00000-0  00000+0 0    08
2 00339  53.0000  22.5000 0000001   0.0000  27.8182 15.76629586    08
Starlink-340 339
1 00340U 00000ABC 00001.00000000  .00000000  00000-0  00000+0 0    00
2 00340  53.0000  22.5000 0000001   0.0000  31.0909 15.76629586    04
Starlink-340 340
1 00341U 00000ABC 00001.00000000  .00000000  00000-0  00000+0 0    01
2 00341  53.0000  22.5000 0000001   0.0000  34.3636 15.76629586    08
Starlink-340 341
1 00342U 00000ABC 00001.00000000  .00000000  00000-0  00000+0 0    02
2 00342  53.0000  22.5000 0000001   0.0000  37.6364 15.76629586    03
Starlink-340 342
1 00343U 00000ABC 00001.00000000  .00000000  00000-0  00000+0 0    03
2 00343  53.0000  22.5000 0000001   0.0000  40.9091 15.76629586    08
Starlink-340 343
1 00344U 00000ABC 00001.00000000  .00000000  00000-0  00000+0 0    04
2 00344  53.0000  22.5000 0000001   0.0000  44.1818 15.76629586    02
Starlink-340 344
1 00345U 00000ABC 00001.00000000  .00000000  00000-0  00000+0 0    05
2 00345  53.0000  22.5000 0000001   0.0000  47.4545 15.76629586    06
Starlink-340 345
1 00346U 00000ABC 00001.00000000  .00000000  00000-0  00000+0 0    06
2 00346  53.0000  22.5000 0000001   0.0000  50.7273 15.76629586    02
Starlink-340 346
1 00347U 00000ABC 00001.00000000  .00000000  00000-0  00000+0 0    07
2 00347  53.0000  22.5000 0000001   0.0000  54.0000 15.76629586    08
Starlink-340 347
1 00348U 00000ABC 00001.00000000  .00000000  00000-0  00000+0 0    08
2 00348  53.0000  22.5000 0000001   0.0000  57.2727 15.76629586    00
Starlink-340 348
1 00349U 00000ABC 00001.00000000  .00000000  00000-0  00000+0 0    09
2 00349  53.0000  22.5000 0000001   0.0000  60.5455 15.76629586    06
Starlink-340 349
1 00350U 00000ABC 00001.00000000  .00000000  00000-0  00000+0 0    01
2 00350  53.0000  22.5000 0000001   0.0000  63.8182 15.76629586    01
Starlink-340 350
1 00351U 00000ABC 00001.00000000  .00000000  00000-0  00000+0 0    02
2 00351  53.0000  22.5000 0000001   0.0000  67.0909 15.76629586    05
Starlink-340 351
1 00352U 00000ABC 00001.00000000  .00000000  00000-0  00000+0 0    03
2 00352  53.0000  22.5000 0000001   0.0000  70.3636 15.76629586    00
Starlink-340 352
1 00353U 00000ABC 00001.00000000  .00000000  00000-0  00000+0 0    04
2 00353  53.0000  22.5000 0000001   0.0000  73.6364 15.76629586    05
Starlink-340 353
1 00354U 00000ABC 00001.00000000  .00000000  00000-0  00000+0 0    05
2 00354  53.0000  22.5000 0000001   0.0000  76.9091 15.76629586    09
Starlink-340 354
1 00355U 00000ABC 00001.00000000  .00000000  00000-0  00000+0 0    06
2 00355  53.0000  22.5000 0000001   0.0000  80.1818 15.76629586    04
Starlink-340 355
1 00356U 00000ABC 00001.00000000  .00000000  00000-0  00000+0 0    07
2 00356  53.0000  22.5000 0000001   0.0000  83.4545 15.76629586    08
Starlink-340 356
1 00357U 00000ABC 00001.00000000  .00000000  00000-0  00000+0 0    08
2 00357  53.0000  22.5000 0000001   0.0000  86.7273 15.76629586    03
Starlink-340 357
1 00358U 00000ABC 00001.00000000  .00000000  00000-0  00000+0 0    09
2 00358  53.0000  22.5000 0000001   0.0000  90.0000 15.76629586    00
Starlink-340 358
1 00359U 00000ABC 00001.00000000  .00000000  00000-0  00000+0 0    00
2 00359  53.0000  22.5000 0000001   0.0000  93.2727 15.76629586    02
Starlink-340 359
1 00360U 00000ABC 00001.00000000  .00000000  00000-0  00000+0 0    02
2 00360  53.0000  22.5000 0000001   0.0000  96.5455 15.76629586    08
Starlink-340 360
1 00361U 00000ABC 00001.00000000  .00000000  00000-0  00000+0 0    03
2 00361  53.0000  22.5000 0000001   0.0000  99.8182 15.76629586    02
Starlink-340 361
1 00362U 00000ABC 00001.00000000  .00000000  00000-0  00000+0 0    04
2 00362  53.0000  22.5000 0000001   0.0000 103.0909 15.76629586    08
Starlink-340 362
1 00363U 00000ABC 00001.00000000  .00000000  00000-0  00000+0 0    05
2 00363  53.0000  22.5000 0000001   0.0000 106.3636 15.76629586    02
Starlink-340 363
1 00364U 00000ABC 00001.00000000  .00000000  00000-0  00000+0 0    06
2 00364  53.0000  22.5000 0000001   0.0000 109.6364 15.76629586    07
Starlink-340 364
1 00365U 00000ABC 00001.00000000  .00000000  00000-0  00000+0 0    07
2 00365  53.0000  22.5000 0000001   0.0000 112.9091 15.76629586    02
Starlink-340 365
1 00366U 00000ABC 00001.00000000  .00000000  00000-0  00000+0 0    08
2 00366  53.0000  22.5000 0000001   0.0000 116.1818 15.76629586    06
Starlink-340 366
1 00367U 00000ABC 00001.00000000  .00000000  00000-0  00000+0 0    09
2 00367  53.0000  22.5000 0000001   0.0000 119.4545 15.76629586    00
Starlink-340 367
1 00368U 00000ABC 00001.00000000  .00000000  00000-0  00000+0 0    00
2 00368  53.0000  22.5000 0000001   0.0000 122.7273 15.76629586    06
Starlink-340 368
1 00369U 00000ABC 00001.00000000  .00000000  00000-0  00000+0 0    01
2 00369  53.0000  22.5000 0000001   0.0000 126.0000 15.76629586    02
Starlink-340 369
1 00370U 00000ABC 00001.00000000  .00000000  00000-0  00000+0 0    03
2 00370  53.0000  22.5000 0000001   0.0000 129.2727 15.76629586    05
Starlink-340 370
1 00371U 00000ABC 00001.00000000  .00000000  00000-0  00000+0 0    04
2 00371  53.0000  22.5000 0000001   0.0000 132.5455 15.76629586    01
Starlink-340 371
1 00372U 00000ABC 00001.00000000  .00000000  00000-0  00000+0 0    05
2 00372  53.0000  22.5000 0000001   0.0000 135.8182 15.76629586    05
Starlink-340 372
1 00373U 00000ABC 00001.00000000  .00000000  00000-0  00000+0 0    06
2 00373  53.0000  22.5000 0000001   0.0000 139.0909 15.76629586    09
Starlink-340 373
1 00374U 00000ABC 00001.00000000  .00000000  00000-0  00000+0 0    07
2 00374  53.0000  22.5000 0000001   0.0000 142.3636 15.76629586    04
Starlink-340 374
1 00375U 00000ABC 00001.00000000  .00000000  00000-0  00000+0 0    08
2 00375  53.0000  22.5000 0000001   0.0000 145.6364 15.76629586    09
Starlink-340 375
1 00376U 00000ABC 00001.00000000  .00000000  00000-0  00000+0 0    09
2 00376  53.0000  22.5000 0000001   0.0000 148.9091 15.76629586    03
Starlink-340 376
1 00377U 00000ABC 00001.00000000  .00000000  00000-0  00000+0 0    00
2 00377  53.0000  22.5000 0000001   0.0000 152.1818 15.76629586    08
Starlink-340 377
1 00378U 00000ABC 00001.00000000  .00000000  00000-0  00000+0 0    01
2 00378  53.0000  22.5000 0000001   0.0000 155.4545 15.76629586    02
Starlink-340 378
1 00379U 00000ABC 00001.00000000  .00000000  00000-0  00000+0 0    02
2 00379  53.0000  22.5000 0000001   0.0000 158.7273 15.76629586    07
Starlink-340 379
1 00380U 00000ABC 00001.00000000  .00000000  00000-0  00000+0 0    04
2 00380  53.0000  22.5000 0000001   0.0000 162.0000 15.76629586    05
Starlink-340 380
1 00381U 00000ABC 00001.00000000  .00000000  00000-0  00000+0 0    05
2 00381  53.0000  22.5000 0000001   0.0000 165.2727 15.76629586    07
Starlink-340 381
1 00382U 00000ABC 00001.00000000  .00000000  00000-0  00000+0 0    06
2 00382  53.0000  22.5000 0000001   0.0000 168.5455 15.76629586    02
Starlink-340 382
1 00383U 00000ABC 00001.00000000  .00000000  00000-0  00000+0 0    07
2 00383  53.0000  22.5000 0000001   0.0000 171.8182 15.76629586    07
Starlink-340 383
1 00384U 00000ABC 00001.00000000  .00000000  00000-0  00000+0 0    08
2 00384  53.0000  22.5000 0000001   0.0000 175.0909 15.76629586    01
Starlink-340 384
1 00385U 00000ABC 00001.00000000  .00000000  00000-0  00000+0 0    09
2 00385  53.0000  22.5000 0000001   0.0000 178.3636 15.76629586    05
Starlink-340 385
1 00386U 00000ABC 00001.00000000  .00000000  00000-0  00000+0 0    00
2 00386  53.0000  22.5000 0000001   0.0000 181.6364 15.76629586    01
Starlink-340 386
1 00387U 00000ABC 00001.00000000  .00000000  00000-0  00000+0 0    01
2 00387  53.0000  22.5000 0000001   0.0000 184.9091 15.76629586    05
Starlink-340 387
1 00388U 00000ABC 00001.00000000  .00000000  00000-0  00000+0 0    02
2 00388  53.0000  22.5000 0000001   0.0000 188.1818 15.76629586    09
Starlink-340 388
1 00389U 00000ABC 00001.00000000  .00000000  00000-0  00000+0 0    03
2 00389  53.0000  22.5000 0000001   0.0000 191.4545 15.76629586    04
Starlink-340 389
1 00390U 00000ABC 00001.00000000  .00000000  00000-0  00000+0 0    05
2 00390  53.0000  22.5000 0000001   0.0000 194.7273 15.76629586    00
Starlink-340 390
1 00391U 00000ABC 00001.00000000  .00000000  00000-0  00000+0 0    06
2 00391  53.0000  22.5000 0000001   0.0000 198.0000 15.76629586    06
Starlink-340 391
1 00392U 00000ABC 00001.00000000  .00000000  00000-0  00000+0 0    07
2 00392  53.0000  22.5000 0000001   0.0000 201.2727 15.76629586    00
Starlink-340 392
1 00393U 00000ABC 00001.00000000  .00000000  00000-0  00000+0 0    08
2 00393  53.0000  22.5000 0000001   0.0000 204.5455 15.76629586    05
Starlink-340 393
1 00394U 00000ABC 00001.00000000  .00000000  00000-0  00000+0 0    09
2 00394  53.0000  22.5000 0000001   0.0000 207.8182 15.76629586    09
Starlink-340 394
1 00395U 00000ABC 00001.00000000  .00000000  00000-0  00000+0 0    00
2 00395  53.0000  22.5000 0000001   0.0000 211.0909 15.76629586    04
Starlink-340 395
1 00396U 00000ABC 00001.00000000  .00000000  00000-0  00000+0 0    01
2 00396  53.0000  22.5000 0000001   0.0000 214.3636 15.76629586    08
Starlink-340 396
1 00397U 00000ABC 00001.00000000  .00000000  00000-0  00000+0 0    02
2 00397  53.0000  22.5000 0000001   0.0000 217.6364 15.76629586    03
Starlink-340 397
1 00398U 00000ABC 00001.00000000  .00000000  00000-0  00000+0 0    03
2 00398  53.0000  22.5000 0000001   0.0000 220.9091 15.76629586    08
Starlink-340 398
1 00399U 00000ABC 00001.00000000  .00000000  00000-0  00000+0 0    04
2 00399  53.0000  22.5000 0000001   0.0000 224.1818 15.76629586    02
Starlink-340 399
1 00400U 00000ABC 00001.00000000  .00000000  00000-0  00000+0 0    07
2 00400  53.0000  22.5000 0000001   0.0000 227.4545 15.76629586    08
Starlink-340 400
1 00401U 00000ABC 00001.00000000  .00000000  00000-0  00000+0 0    08
2 00401  53.0000  22.5000 0000001   0.0000 230.7273 15.76629586    04
Starlink-340 401
1 00402U 00000ABC 00001.00000000  .00000000  00000-0  00000+0 0    09
2 00402  53.0000  22.5000 0000001   0.0000 234.0000 15.76629586    00
Starlink-340 402
1 00403U 00000ABC 00001.00000000  .00000000  00000-0  00000+0 0    00
2 00403  53.0000  22.5000 0000001   0.0000 237.2727 15.76629586    02
Starlink-340 403
1 00404U 00000ABC 00001.00000000  .00000000  00000-0  00000+0 0    01
2 00404  53.0000  22.5000 0000001   0.0000 240.5455 15.76629586    08
Starlink-340 404
1 00405U 00000ABC 00001.00000000  .00000000  00000-0  00000+0 0    02
2 00405  53.0000  22.5000 0000001   0.0000 243.8182 15.76629586    02
Starlink-340 405
1 00406U 00000ABC 00001.00000000  .00000000  00000-0  00000+0 0    03
2 00406  53.0000  22.5000 0000001   0.0000 247.0909 15.76629586    06
Starlink-340 406
1 00407U 00000ABC 00001.00000000  .00000000  00000-0  00000+0 0    04
2 00407  53.0000  22.5000 0000001   0.0000 250.3636 15.76629586    01
Starlink-340 407
1 00408U 00000ABC 00001.00000000  .00000000  00000-0  00000+0 0    05
2 00408  53.0000  22.5000 0000001   0.0000 253.6364 15.76629586    06
Starlink-340 408
1 00409U 00000ABC 00001.00000000  .00000000  00000-0  00000+0 0    06
2 00409  53.0000  22.5000 0000001   0.0000 256.9091 15.76629586    00
Starlink-340 409
1 00410U 00000ABC 00001.00000000  .00000000  00000-0  00000+0 0    08
2 00410  53.0000  22.5000 0000001   0.0000 260.1818 15.76629586    06
Starlink-340 410
1 00411U 00000ABC 00001.00000000  .00000000  00000-0  00000+0 0    09
2 00411  53.0000  22.5000 0000001   0.0000 263.4545 15.76629586    00
Starlink-340 411
1 00412U 00000ABC 00001.00000000  .00000000  00000-0  00000+0 0    00
2 00412  53.0000  22.5000 0000001   0.0000 266.7273 15.76629586    05
Starlink-340 412
1 00413U 00000ABC 00001.00000000  .00000000  00000-0  00000+0 0    01
2 00413  53.0000  22.5000 0000001   0.0000 270.0000 15.76629586    02
Starlink-340 413
1 00414U 00000ABC 00001.00000000  .00000000  00000-0  00000+0 0    02
2 00414  53.0000  22.5000 0000001   0.0000 273.2727 15.76629586    04
Starlink-340 414
1 00415U 00000ABC 00001.00000000  .00000000  00000-0  00000+0 0    03
2 00415  53.0000  22.5000 0000001   0.0000 276.5455 15.76629586    09
Starlink-340 415
1 00416U 00000ABC 00001.00000000  .00000000  00000-0  00000+0 0    04
2 00416  53.0000  22.5000 0000001   0.0000 279.8182 15.76629586    03
Starlink-340 416
1 00417U 00000ABC 00001.00000000  .00000000  00000-0  00000+0 0    05
2 00417  53.0000  22.5000 0000001   0.0000 283.0909 15.76629586    08
Starlink-340 417
1 00418U 00000ABC 00001.00000000  .00000000  00000-0  00000+0 0    06
2 00418  53.0000  22.5000 0000001   0.0000 286.3636 15.76629586    02
Starlink-340 418
1 00419U 00000ABC 00001.00000000  .00000000  00000-0  00000+0 0    07
2 00419  53.0000  22.5000 0000001   0.0000 289.6364 15.76629586    07
Starlink-340 419
1 00420U 00000ABC 00001.00000000  .00000000  00000-0  00000+0 0    09
2 00420  53.0000  22.5000 0000001   0.0000 292.9091 15.76629586    03
Starlink-340 420
1 00421U 00000ABC 00001.00000000  .00000000  00000-0  00000+0 0    00
2 00421  53.0000  22.5000 0000001   0.0000 296.1818 15.76629586    07
Starlink-340 421
1 00422U 00000ABC 00001.00000000  .00000000  00000-0  00000+0 0    01
2 00422  53.0000  22.5000 0000001   0.0000 299.4545 15.76629586    01
Starlink-340 422
1 00423U 00000ABC 00001.00000000  .00000000  00000-0  00000+0 0    02
2 00423  53.0000  22.5000 0000001   0.0000 302.7273 15.76629586    08
Starlink-340 423
1 00424U 00000ABC 00001.00000000  .00000000  00000-0  00000+0 0    03
2 00424  53.0000  22.5000 0000001   0.0000 306.0000 15.76629586    04
Starlink-340 424
1 00425U 00000ABC 00001.00000000  .00000000  00000-0  00000+0 0    04
2 00425  53.0000  22.5000 0000001   0.0000 309.2727 15.76629586    06
Starlink-340 425
1 00426U 00000ABC 00001.00000000  .00000000  00000-0  00000+0 0    05
2 00426  53.0000  22.5000 0000001   0.0000 312.5455 15.76629586    02
Starlink-340 426
1 00427U 00000ABC 00001.00000000  .00000000  00000-0  00000+0 0    06
2 00427  53.0000  22.5000 0000001   0.0000 315.8182 15.76629586    06
Starlink-340 427
1 00428U 00000ABC 00001.00000000  .00000000  00000-0  00000+0 0    07
2 00428  53.0000  22.5000 0000001   0.0000 319.0909 15.76629586    00
Starlink-340 428
1 00429U 00000ABC 00001.00000000  .00000000  00000-0  00000+0 0    08
2 00429  53.0000  22.5000 0000001   0.0000 322.3636 15.76629586    05
Starlink-340 429
1 00430U 00000ABC 00001.00000000  .00000000  00000-0  00000+0 0    00
2 00430  53.0000  22.5000 0000001   0.0000 325.6364 15.76629586    01
Starlink-340 430
1 00431U 00000ABC 00001.00000000  .00000000  00000-0  00000+0 0    01
2 00431  53.0000  22.5000 0000001   0.0000 328.9091 15.76629586    05
Starlink-340 431
1 00432U 00000ABC 00001.00000000  .00000000  00000-0  00000+0 0    02
2 00432  53.0000  22.5000 0000001   0.0000 332.1818 15.76629586    00
Starlink-340 432
1 00433U 00000ABC 00001.00000000  .00000000  00000-0  00000+0 0    03
2 00433  53.0000  22.5000 0000001   0.0000 335.4545 15.76629586    04
Starlink-340 433
1 00434U 00000ABC 00001.00000000  .00000000  00000-0  00000+0 0    04
2 00434  53.0000  22.5000 0000001   0.0000 338.7273 15.76629586    09
Starlink-340 434
1 00435U 00000ABC 00001.00000000  .00000000  00000-0  00000+0 0    05
2 00435  53.0000  22.5000 0000001   0.0000 342.0000 15.76629586    06
Starlink-340 435
1 00436U 00000ABC 00001.00000000  .00000000  00000-0  00000+0 0    06
2 00436  53.0000  22.5000 0000001   0.0000 345.2727 15.76629586    08
Starlink-340 436
1 00437U 00000ABC 00001.00000000  .00000000  00000-0  00000+0 0    07
2 00437  53.0000  22.5000 0000001   0.0000 348.5455 15.76629586    03
Starlink-340 437
1 00438U 00000ABC 00001.00000000  .00000000  00000-0  00000+0 0    08
2 00438  53.0000  22.5000 0000001   0.0000 351.8182 15.76629586    08
Starlink-340 438
1 00439U 00000ABC 00001.00000000  .00000000  00000-0  00000+0 0    09
2 00439  53.0000  22.5000 0000001   0.0000 355.0909 15.76629586    02
Starlink-340 439
1 00440U 00000ABC 00001.00000000  .00000000  00000-0  00000+0 0    01
2 00440  53.0000  22.5000 0000001   0.0000 358.3636 15.76629586    07
Starlink-340 440
1 00441U 00000ABC 00001.00000000  .00000000  00000-0  00000+0 0    02
2 00441  53.0000  30.0000 0000001   0.0000   0.0000 15.76629586    08
Starlink-340 441
1 00442U 00000ABC 00001.00000000  .00000000  00000-0  00000+0 0    03
2 00442  53.0000  30.0000 0000001   0.0000   3.2727 15.76629586    00
Starlink-340 442
1 00443U 00000ABC 00001.00000000  .00000000  00000-0  00000+0 0    04
2 00443  53.0000  30.0000 0000001   0.0000   6.5455 15.76629586    05
Starlink-340 443
1 00444U 00000ABC 00001.00000000  .00000000  00000-0  00000+0 0    05
2 00444  53.0000  30.0000 0000001   0.0000   9.8182 15.76629586    09
Starlink-340 444
1 00445U 00000ABC 00001.00000000  .00000000  00000-0  00000+0 0    06
2 00445  53.0000  30.0000 0000001   0.0000  13.0909 15.76629586    04
Starlink-340 445
1 00446U 00000ABC 00001.00000000  .00000000  00000-0  00000+0 0    07
2 00446  53.0000  30.0000 0000001   0.0000  16.3636 15.76629586    08
Starlink-340 446
1 00447U 00000ABC 00001.00000000  .00000000  00000-0  00000+0 0    08
2 00447  53.0000  30.0000 0000001   0.0000  19.6364 15.76629586    03
Starlink-340 447
1 00448U 00000ABC 00001.00000000  .00000000  00000-0  00000+0 0    09
2 00448  53.0000  30.0000 0000001   0.0000  22.9091 15.76629586    08
Starlink-340 448
1 00449U 00000ABC 00001.00000000  .00000000  00000-0  00000+0 0    00
2 00449  53.0000  30.0000 0000001   0.0000  26.1818 15.76629586    02
Starlink-340 449
1 00450U 00000ABC 00001.00000000  .00000000  00000-0  00000+0 0    02
2 00450  53.0000  30.0000 0000001   0.0000  29.4545 15.76629586    07
Starlink-340 450
1 00451U 00000ABC 00001.00000000  .00000000  00000-0  00000+0 0    03
2 00451  53.0000  30.0000 0000001   0.0000  32.7273 15.76629586    03
Starlink-340 451
1 00452U 00000ABC 00001.00000000  .00000000  00000-0  00000+0 0    04
2 00452  53.0000  30.0000 0000001   0.0000  36.0000 15.76629586    09
Starlink-340 452
1 00453U 00000ABC 00001.00000000  .00000000  00000-0  00000+0 0    05
2 00453  53.0000  30.0000 0000001   0.0000  39.2727 15.76629586    01
Starlink-340 453
1 00454U 00000ABC 00001.00000000  .00000000  00000-0  00000+0 0    06
2 00454  53.0000  30.0000 0000001   0.0000  42.5455 15.76629586    07
Starlink-340 454
1 00455U 00000ABC 00001.00000000  .00000000  00000-0  00000+0 0    07
2 00455  53.0000  30.0000 0000001   0.0000  45.8182 15.76629586    01
Starlink-340 455
1 00456U 00000ABC 00001.00000000  .00000000  00000-0  00000+0 0    08
2 00456  53.0000  30.0000 0000001   0.0000  49.0909 15.76629586    05
Starlink-340 456
1 00457U 00000ABC 00001.00000000  .00000000  00000-0  00000+0 0    09
2 00457  53.0000  30.0000 0000001   0.0000  52.3636 15.76629586    00
Starlink-340 457
1 00458U 00000ABC 00001.00000000  .00000000  00000-0  00000+0 0    00
2 00458  53.0000  30.0000 0000001   0.0000  55.6364 15.76629586    05
Starlink-340 458
1 00459U 00000ABC 00001.00000000  .00000000  00000-0  00000+0 0    01
2 00459  53.0000  30.0000 0000001   0.0000  58.9091 15.76629586    09
Starlink-340 459
1 00460U 00000ABC 00001.00000000  .00000000  00000-0  00000+0 0    03
2 00460  53.0000  30.0000 0000001   0.0000  62.1818 15.76629586    05
Starlink-340 460
1 00461U 00000ABC 00001.00000000  .00000000  00000-0  00000+0 0    04
2 00461  53.0000  30.0000 0000001   0.0000  65.4545 15.76629586    09
Starlink-340 461
1 00462U 00000ABC 00001.00000000  .00000000  00000-0  00000+0 0    05
2 00462  53.0000  30.0000 0000001   0.0000  68.7273 15.76629586    04
Starlink-340 462
1 00463U 00000ABC 00001.00000000  .00000000  00000-0  00000+0 0    06
2 00463  53.0000  30.0000 0000001   0.0000  72.0000 15.76629586    01
Starlink-340 463
1 00464U 00000ABC 00001.00000000  .00000000  00000-0  00000+0 0    07
2 00464  53.0000  30.0000 0000001   0.0000  75.2727 15.76629586    03
Starlink-340 464
1 00465U 00000ABC 00001.00000000  .00000000  00000-0  00000+0 0    08
2 00465  53.0000  30.0000 0000001   0.0000  78.5455 15.76629586    08
Starlink-340 465
1 00466U 00000ABC 00001.00000000  .00000000  00000-0  00000+0 0    09
2 00466  53.0000  30.0000 0000001   0.0000  81.8182 15.76629586    03
Starlink-340 466
1 00467U 00000ABC 00001.00000000  .00000000  00000-0  00000+0 0    00
2 00467  53.0000  30.0000 0000001   0.0000  85.0909 15.76629586    07
Starlink-340 467
1 00468U 00000ABC 00001.00000000  .00000000  00000-0  00000+0 0    01
2 00468  53.0000  30.0000 0000001   0.0000  88.3636 15.76629586    01
Starlink-340 468
1 00469U 00000ABC 00001.00000000  .00000000  00000-0  00000+0 0    02
2 00469  53.0000  30.0000 0000001   0.0000  91.6364 15.76629586    07
Starlink-340 469
1 00470U 00000ABC 00001.00000000  .00000000  00000-0  00000+0 0    04
2 00470  53.0000  30.0000 0000001   0.0000  94.9091 15.76629586    02
Starlink-340 470
1 00471U 00000ABC 00001.00000000  .00000000  00000-0  00000+0 0    05
2 00471  53.0000  30.0000 0000001   0.0000  98.1818 15.76629586    06
Starlink-340 471
1 00472U 00000ABC 00001.00000000  .00000000  00000-0  00000+0 0    06
2 00472  53.0000  30.0000 0000001   0.0000 101.4545 15.76629586    02
Starlink-340 472
1 00473U 00000ABC 00001.00000000  .00000000  00000-0  00000+0 0    07
2 00473  53.0000  30.0000 0000001   0.0000 104.7273 15.76629586    07
Starlink-340 473
1 00474U 00000ABC 00001.00000000  .00000000  00000-0  00000+0 0    08
2 00474  53.0000  30.0000 0000001   0.0000 108.0000 15.76629586    03
Starlink-340 474
1 00475U 00000ABC 00001.00000000  .00000000  00000-0  00000+0 0    09
2 00475  53.0000  30.0000 0000001   0.0000 111.2727 15.76629586    06
Starlink-340 475
1 00476U 00000ABC 00001.00000000  .00000000  00000-0  00000+0 0    00
2 00476  53.0000  30.0000 0000001   0.0000 114.5455 15.76629586    01
Starlink-340 476
1 00477U 00000ABC 00001.00000000  .00000000  00000-0  00000+0 0    01
2 00477  53.0000  30.0000 0000001   0.0000 117.8182 15.76629586    05
Starlink-340 477
1 00478U 00000ABC 00001.00000000  .00000000  00000-0  00000+0 0    02
2 00478  53.0000  30.0000 0000001   0.0000 121.0909 15.76629586    00
Starlink-340 478
1 00479U 00000ABC 00001.00000000  .00000000  00000-0  00000+0 0    03
2 00479  53.0000  30.0000 0000001   0.0000 124.3636 15.76629586    04
Starlink-340 479
1 00480U 00000ABC 00001.00000000  .00000000  00000-0  00000+0 0    05
2 00480  53.0000  30.0000 0000001   0.0000 127.6364 15.76629586    00
Starlink-340 480
1 00481U 00000ABC 00001.00000000  .00000000  00000-0  00000+0 0    06
2 00481  53.0000  30.0000 0000001   0.0000 130.9091 15.76629586    05
Starlink-340 481
1 00482U 00000ABC 00001.00000000  .00000000  00000-0  00000+0 0    07
2 00482  53.0000  30.0000 0000001   0.0000 134.1818 15.76629586    09
Starlink-340 482
1 00483U 00000ABC 00001.00000000  .00000000  00000-0  00000+0 0    08
2 00483  53.0000  30.0000 0000001   0.0000 137.4545 15.76629586    03
Starlink-340 483
1 00484U 00000ABC 00001.00000000  .00000000  00000-0  00000+0 0    09
2 00484  53.0000  30.0000 0000001   0.0000 140.7273 15.76629586    09
Starlink-340 484
1 00485U 00000ABC 00001.00000000  .00000000  00000-0  00000+0 0    00
2 00485  53.0000  30.0000 0000001   0.0000 144.0000 15.76629586    05
Starlink-340 485
1 00486U 00000ABC 00001.00000000  .00000000  00000-0  00000+0 0    01
2 00486  53.0000  30.0000 0000001   0.0000 147.2727 15.76629586    07
Starlink-340 486
1 00487U 00000ABC 00001.00000000  .00000000  00000-0  00000+0 0    02
2 00487  53.0000  30.0000 0000001   0.0000 150.5455 15.76629586    03
Starlink-340 487
1 00488U 00000ABC 00001.00000000  .00000000  00000-0  00000+0 0    03
2 00488  53.0000  30.0000 0000001   0.0000 153.8182 15.76629586    07
Starlink-340 488
1 00489U 00000ABC 00001.00000000  .00000000  00000-0  00000+0 0    04
2 00489  53.0000  30.0000 0000001   0.0000 157.0909 15.76629586    01
Starlink-340 489
1 00490U 00000ABC 00001.00000000  .00000000  00000-0  00000+0 0    06
2 00490  53.0000  30.0000 0000001   0.0000 160.3636 15.76629586    07
Starlink-340 490
1 00491U 00000ABC 00001.00000000  .00000000  00000-0  00000+0 0    07
2 00491  53.0000  30.0000 0000001   0.0000 163.6364 15.76629586    02
Starlink-340 491
1 00492U 00000ABC 00001.00000000  .00000000  00000-0  00000+0 0    08
2 00492  53.0000  30.0000 0000001   0.0000 166.9091 15.76629586    06
Starlink-340 492
1 00493U 00000ABC 00001.00000000  .00000000  00000-0  00000+0 0    09
2 00493  53.0000  30.0000 0000001   0.0000 170.1818 15.76629586    01
Starlink-340 493
1 00494U 00000ABC 00001.00000000  .00000000  00000-0  00000+0 0    00
2 00494  53.0000  30.0000 0000001   0.0000 173.4545 15.76629586    05
Starlink-340 494
1 00495U 00000ABC 00001.00000000  .00000000  00000-0  00000+0 0    01
2 00495  53.0000  30.0000 0000001   0.0000 176.7273 15.76629586    00
Starlink-340 495
1 00496U 00000ABC 00001.00000000  .00000000  00000-0  00000+0 0    02
2 00496  53.0000  30.0000 0000001   0.0000 180.0000 15.76629586    07
Starlink-340 496
1 00497U 00000ABC 00001.00000000  .00000000  00000-0  00000+0 0    03
2 00497  53.0000  30.0000 0000001   0.0000 183.2727 15.76629586    09
Starlink-340 497
1 00498U 00000ABC 00001.00000000  .00000000  00000-0  00000+0 0    04
2 00498  53.0000  30.0000 0000001   0.0000 186.5455 15.76629586    04
Starlink-340 498
1 00499U 00000ABC 00001.00000000  .00000000  00000-0  00000+0 0    05
2 00499  53.0000  30.0000 0000001   0.0000 189.8182 15.76629586    08
Starlink-340 499
1 00500U 00000ABC 00001.00000000  .00000000  00000-0  00000+0 0    08
2 00500  53.0000  30.0000 0000001   0.0000 193.0909 15.76629586    05
Starlink-340 500
1 00501U 00000ABC 00001.00000000  .00000000  00000-0  00000+0 0    09
2 00501  53.0000  30.0000 0000001   0.0000 196.3636 15.76629586    09
Starlink-340 501
1 00502U 00000ABC 00001.00000000  .00000000  00000-0  00000+0 0    00
2 00502  53.0000  30.0000 0000001   0.0000 199.6364 15.76629586    04
Starlink-340 502
1 00503U 00000ABC 00001.00000000  .00000000  00000-0  00000+0 0    01
2 00503  53.0000  30.0000 0000001   0.0000 202.9091 15.76629586    00
Starlink-340 503
1 00504U 00000ABC 00001.00000000  .00000000  00000-0  00000+0 0    02
2 00504  53.0000  30.0000 0000001   0.0000 206.1818 15.76629586    04
Starlink-340 504
1 00505U 00000ABC 00001.00000000  .00000000  00000-0  00000+0 0    03
2 00505  53.0000  30.0000 0000001   0.0000 209.4545 15.76629586    08
Starlink-340 505
1 00506U 00000ABC 00001.00000000  .00000000  00000-0  00000+0 0    04
2 00506  53.0000  30.0000 0000001   0.0000 212.7273 15.76629586    04
Starlink-340 506
1 00507U 00000ABC 00001.00000000  .00000000  00000-0  00000+0 0    05
2 00507  53.0000  30.0000 0000001   0.0000 216.0000 15.76629586    00
Starlink-340 507
1 00508U 00000ABC 00001.00000000  .00000000  00000-0  00000+0 0    06
2 00508  53.0000  30.0000 0000001   0.0000 219.2727 15.76629586    02
Starlink-340 508
1 00509U 00000ABC 00001.00000000  .00000000  00000-0  00000+0 0    07
2 00509  53.0000  30.0000 0000001   0.0000 222.5455 15.76629586    08
Starlink-340 509
1 00510U 00000ABC 00001.00000000  .00000000  00000-0  00000+0 0    09
2 00510  53.0000  30.0000 0000001   0.0000 225.8182 15.76629586    03
Starlink-340 510
1 00511U 00000ABC 00001.00000000  .00000000  00000-0  00000+0 0    00
2 00511  53.0000  30.0000 0000001   0.0000 229.0909 15.76629586    07
Starlink-340 511
1 00512U 00000ABC 00001.00000000  .00000000  00000-0  00000+0 0    01
2 00512  53.0000  30.0000 0000001   0.0000 232.3636 15.76629586    02
Starlink-340 512
1 00513U 00000ABC 00001.00000000  .00000000  00000-0  00000+0 0    02
2 00513  53.0000  30.0000 0000001   0.0000 235.6364 15.76629586    07
Starlink-340 513
1 00514U 00000ABC 00001.00000000  .00000000  00000-0  00000+0 0    03
2 00514  53.0000  30.0000 0000001   0.0000 238.9091 15.76629586    01
Starlink-340 514
1 00515U 00000ABC 00001.00000000  .00000000  00000-0  00000+0 0    04
2 00515  53.0000  30.0000 0000001   0.0000 242.1818 15.76629586    06
Starlink-340 515
1 00516U 00000ABC 00001.00000000  .00000000  00000-0  00000+0 0    05
2 00516  53.0000  30.0000 0000001   0.0000 245.4545 15.76629586    00
Starlink-340 516
1 00517U 00000ABC 00001.00000000  .00000000  00000-0  00000+0 0    06
2 00517  53.0000  30.0000 0000001   0.0000 248.7273 15.76629586    05
Starlink-340 517
1 00518U 00000ABC 00001.00000000  .00000000  00000-0  00000+0 0    07
2 00518  53.0000  30.0000 0000001   0.0000 252.0000 15.76629586    02
Starlink-340 518
1 00519U 00000ABC 00001.00000000  .00000000  00000-0  00000+0 0    08
2 00519  53.0000  30.0000 0000001   0.0000 255.2727 15.76629586    04
Starlink-340 519
1 00520U 00000ABC 00001.00000000  .00000000  00000-0  00000+0 0    00
2 00520  53.0000  30.0000 0000001   0.0000 258.5455 15.76629586    00
Starlink-340 520
1 00521U 00000ABC 00001.00000000  .00000000  00000-0  00000+0 0    01
2 00521  53.0000  30.0000 0000001   0.0000 261.8182 15.76629586    05
Starlink-340 521
1 00522U 00000ABC 00001.00000000  .00000000  00000-0  00000+0 0    02
2 00522  53.0000  30.0000 0000001   0.0000 265.0909 15.76629586    09
Starlink-340 522
1 00523U 00000ABC 00001.00000000  .00000000  00000-0  00000+0 0    03
2 00523  53.0000  30.0000 0000001   0.0000 268.3636 15.76629586    03
Starlink-340 523
1 00524U 00000ABC 00001.00000000  .00000000  00000-0  00000+0 0    04
2 00524  53.0000  30.0000 0000001   0.0000 271.6364 15.76629586    09
Starlink-340 524
1 00525U 00000ABC 00001.00000000  .00000000  00000-0  00000+0 0    05
2 00525  53.0000  30.0000 0000001   0.0000 274.9091 15.76629586    03
Starlink-340 525
1 00526U 00000ABC 00001.00000000  .00000000  00000-0  00000+0 0    06
2 00526  53.0000  30.0000 0000001   0.0000 278.1818 15.76629586    07
Starlink-340 526
1 00527U 00000ABC 00001.00000000  .00000000  00000-0  00000+0 0    07
2 00527  53.0000  30.0000 0000001   0.0000 281.4545 15.76629586    02
Starlink-340 527
1 00528U 00000ABC 00001.00000000  .00000000  00000-0  00000+0 0    08
2 00528  53.0000  30.0000 0000001   0.0000 284.7273 15.76629586    07
Starlink-340 528
1 00529U 00000ABC 00001.00000000  .00000000  00000-0  00000+0 0    09
2 00529  53.0000  30.0000 0000001   0.0000 288.0000 15.76629586    03
Starlink-340 529
1 00530U 00000ABC 00001.00000000  .00000000  00000-0  00000+0 0    01
2 00530  53.0000  30.0000 0000001   0.0000 291.2727 15.76629586    07
Starlink-340 530
1 00531U 00000ABC 00001.00000000  .00000000  00000-0  00000+0 0    02
2 00531  53.0000  30.0000 0000001   0.0000 294.5455 15.76629586    02
Starlink-340 531
1 00532U 00000ABC 00001.00000000  .00000000  00000-0  00000+0 0    03
2 00532  53.0000  30.0000 0000001   0.0000 297.8182 15.76629586    06
Starlink-340 532
1 00533U 00000ABC 00001.00000000  .00000000  00000-0  00000+0 0    04
2 00533  53.0000  30.0000 0000001   0.0000 301.0909 15.76629586    02
Starlink-340 533
1 00534U 00000ABC 00001.00000000  .00000000  00000-0  00000+0 0    05
2 00534  53.0000  30.0000 0000001   0.0000 304.3636 15.76629586    06
Starlink-340 534
1 00535U 00000ABC 00001.00000000  .00000000  00000-0  00000+0 0    06
2 00535  53.0000  30.0000 0000001   0.0000 307.6364 15.76629586    01
Starlink-340 535
1 00536U 00000ABC 00001.00000000  .00000000  00000-0  00000+0 0    07
2 00536  53.0000  30.0000 0000001   0.0000 310.9091 15.76629586    06
Starlink-340 536
1 00537U 00000ABC 00001.00000000  .00000000  00000-0  00000+0 0    08
2 00537  53.0000  30.0000 0000001   0.0000 314.1818 15.76629586    00
Starlink-340 537
1 00538U 00000ABC 00001.00000000  .00000000  00000-0  00000+0 0    09
2 00538  53.0000  30.0000 0000001   0.0000 317.4545 15.76629586    04
Starlink-340 538
1 00539U 00000ABC 00001.00000000  .00000000  00000-0  00000+0 0    00
2 00539  53.0000  30.0000 0000001   0.0000 320.7273 15.76629586    00
Starlink-340 539
1 00540U 00000ABC 00001.00000000  .00000000  00000-0  00000+0 0    02
2 00540  53.0000  30.0000 0000001   0.0000 324.0000 15.76629586    07
Starlink-340 540
1 00541U 00000ABC 00001.00000000  .00000000  00000-0  00000+0 0    03
2 00541  53.0000  30.0000 0000001   0.0000 327.2727 15.76629586    09
Starlink-340 541
1 00542U 00000ABC 00001.00000000  .00000000  00000-0  00000+0 0    04
2 00542  53.0000  30.0000 0000001   0.0000 330.5455 15.76629586    05
Starlink-340 542
1 00543U 00000ABC 00001.00000000  .00000000  00000-0  00000+0 0    05
2 00543  53.0000  30.0000 0000001   0.0000 333.8182 15.76629586    09
Starlink-340 543
1 00544U 00000ABC 00001.00000000  .00000000  00000-0  00000+0 0    06
2 00544  53.0000  30.0000 0000001   0.0000 337.0909 15.76629586    03
Starlink-340 544
1 00545U 00000ABC 00001.00000000  .00000000  00000-0  00000+0 0    07
2 00545  53.0000  30.0000 0000001   0.0000 340.3636 15.76629586    08
Starlink-340 545
1 00546U 00000ABC 00001.00000000  .00000000  00000-0  00000+0 0    08
2 00546  53.0000  30.0000 0000001   0.0000 343.6364 15.76629586    03
Starlink-340 546
1 00547U 00000ABC 00001.00000000  .00000000  00000-0  00000+0 0    09
2 00547  53.0000  30.0000 0000001   0.0000 346.9091 15.76629586    07
Starlink-340 547
1 00548U 00000ABC 00001.00000000  .00000000  00000-0  00000+0 0    00
2 00548  53.0000  30.0000 0000001   0.0000 350.1818 15.76629586    02
Starlink-340 548
1 00549U 00000ABC 00001.00000000  .00000000  00000-0  00000+0 0    01
2 00549  53.0000  30.0000 0000001   0.0000 353.4545 15.76629586    06
Starlink-340 549
1 00550U 00000ABC 00001.00000000  .00000000  00000-0  00000+0 0    03
2 00550  53.0000  30.0000 0000001   0.0000 356.7273 15.76629586    02
Starlink-340 550
1 00551U 00000ABC 00001.00000000  .00000000  00000-0  00000+0 0    04
2 00551  53.0000  37.5000 0000001   0.0000   1.6364 15.76629586    02
Starlink-340 551
1 00552U 00000ABC 00001.00000000  .00000000  00000-0  00000+0 0    05
2 00552  53.0000  37.5000 0000001   0.0000   4.9091 15.76629586    06
Starlink-340 552
1 00553U 00000ABC 00001.00000000  .00000000  00000-0  00000+0 0    06
2 00553  53.0000  37.5000 0000001   0.0000   8.1818 15.76629586    00
Starlink-340 553
1 00554U 00000ABC 00001.00000000  .00000000  00000-0  00000+0 0    07
2 00554  53.0000  37.5000 0000001   0.0000  11.4545 15.76629586    05
Starlink-340 554
1 00555U 00000ABC 00001.00000000  .00000000  00000-0  00000+0 0    08
2 00555  53.0000  37.5000 0000001   0.0000  14.7273 15.76629586    00
Starlink-340 555
1 00556U 00000ABC 00001.00000000  .00000000  00000-0  00000+0 0    09
2 00556  53.0000  37.5000 0000001   0.0000  18.0000 15.76629586    06
Starlink-340 556
1 00557U 00000ABC 00001.00000000  .00000000  00000-0  00000+0 0    00
2 00557  53.0000  37.5000 0000001   0.0000  21.2727 15.76629586    09
Starlink-340 557
1 00558U 00000ABC 00001.00000000  .00000000  00000-0  00000+0 0    01
2 00558  53.0000  37.5000 0000001   0.0000  24.5455 15.76629586    04
Starlink-340 558
1 00559U 00000ABC 00001.00000000  .00000000  00000-0  00000+0 0    02
2 00559  53.0000  37.5000 0000001   0.0000  27.8182 15.76629586    08
Starlink-340 559
1 00560U 00000ABC 00001.00000000  .00000000  00000-0  00000+0 0    04
2 00560  53.0000  37.5000 0000001   0.0000  31.0909 15.76629586    04
Starlink-340 560
1 00561U 00000ABC 00001.00000000  .00000000  00000-0  00000+0 0    05
2 00561  53.0000  37.5000 0000001   0.0000  34.3636 15.76629586    08
Starlink-340 561
1 00562U 00000ABC 00001.00000000  .00000000  00000-0  00000+0 0    06
2 00562  53.0000  37.5000 0000001   0.0000  37.6364 15.76629586    03
Starlink-340 562
1 00563U 00000ABC 00001.00000000  .00000000  00000-0  00000+0 0    07
2 00563  53.0000  37.5000 0000001   0.0000  40.9091 15.76629586    08
Starlink-340 563
1 00564U 00000ABC 00001.00000000  .00000000  00000-0  00000+0 0    08
2 00564  53.0000  37.5000 0000001   0.0000  44.1818 15.76629586    02
Starlink-340 564
1 00565U 00000ABC 00001.00000000  .00000000  00000-0  00000+0 0    09
2 00565  53.0000  37.5000 0000001   0.0000  47.4545 15.76629586    06
Starlink-340 565
1 00566U 00000ABC 00001.00000000  .00000000  00000-0  00000+0 0    00
2 00566  53.0000  37.5000 0000001   0.0000  50.7273 15.76629586    02
Starlink-340 566
1 00567U 00000ABC 00001.00000000  .00000000  00000-0  00000+0 0    01
2 00567  53.0000  37.5000 0000001   0.0000  54.0000 15.76629586    08
Starlink-340 567
1 00568U 00000ABC 00001.00000000  .00000000  00000-0  00000+0 0    02
2 00568  53.0000  37.5000 0000001   0.0000  57.2727 15.76629586    00
Starlink-340 568
1 00569U 00000ABC 00001.00000000  .00000000  00000-0  00000+0 0    03
2 00569  53.0000  37.5000 0000001   0.0000  60.5455 15.76629586    06
Starlink-340 569
1 00570U 00000ABC 00001.00000000  .00000000  00000-0  00000+0 0    05
2 00570  53.0000  37.5000 0000001   0.0000  63.8182 15.76629586    01
Starlink-340 570
1 00571U 00000ABC 00001.00000000  .00000000  00000-0  00000+0 0    06
2 00571  53.0000  37.5000 0000001   0.0000  67.0909 15.76629586    05
Starlink-340 571
1 00572U 00000ABC 00001.00000000  .00000000  00000-0  00000+0 0    07
2 00572  53.0000  37.5000 0000001   0.0000  70.3636 15.76629586    00
Starlink-340 572
1 00573U 00000ABC 00001.00000000  .00000000  00000-0  00000+0 0    08
2 00573  53.0000  37.5000 0000001   0.0000  73.6364 15.76629586    05
Starlink-340 573
1 00574U 00000ABC 00001.00000000  .00000000  00000-0  00000+0 0    09
2 00574  53.0000  37.5000 0000001   0.0000  76.9091 15.76629586    09
Starlink-340 574
1 00575U 00000ABC 00001.00000000  .00000000  00000-0  00000+0 0    00
2 00575  53.0000  37.5000 0000001   0.0000  80.1818 15.76629586    04
Starlink-340 575
1 00576U 00000ABC 00001.00000000  .00000000  00000-0  00000+0 0    01
2 00576  53.0000  37.5000 0000001   0.0000  83.4545 15.76629586    08
Starlink-340 576
1 00577U 00000ABC 00001.00000000  .00000000  00000-0  00000+0 0    02
2 00577  53.0000  37.5000 0000001   0.0000  86.7273 15.76629586    03
Starlink-340 577
1 00578U 00000ABC 00001.00000000  .00000000  00000-0  00000+0 0    03
2 00578  53.0000  37.5000 0000001   0.0000  90.0000 15.76629586    00
Starlink-340 578
1 00579U 00000ABC 00001.00000000  .00000000  00000-0  00000+0 0    04
2 00579  53.0000  37.5000 0000001   0.0000  93.2727 15.76629586    02
Starlink-340 579
1 00580U 00000ABC 00001.00000000  .00000000  00000-0  00000+0 0    06
2 00580  53.0000  37.5000 0000001   0.0000  96.5455 15.76629586    08
Starlink-340 580
1 00581U 00000ABC 00001.00000000  .00000000  00000-0  00000+0 0    07
2 00581  53.0000  37.5000 0000001   0.0000  99.8182 15.76629586    02
Starlink-340 581
1 00582U 00000ABC 00001.00000000  .00000000  00000-0  00000+0 0    08
2 00582  53.0000  37.5000 0000001   0.0000 103.0909 15.76629586    08
Starlink-340 582
1 00583U 00000ABC 00001.00000000  .00000000  00000-0  00000+0 0    09
2 00583  53.0000  37.5000 0000001   0.0000 106.3636 15.76629586    02
Starlink-340 583
1 00584U 00000ABC 00001.00000000  .00000000  00000-0  00000+0 0    00
2 00584  53.0000  37.5000 0000001   0.0000 109.6364 15.76629586    07
Starlink-340 584
1 00585U 00000ABC 00001.00000000  .00000000  00000-0  00000+0 0    01
2 00585  53.0000  37.5000 0000001   0.0000 112.9091 15.76629586    02
Starlink-340 585
1 00586U 00000ABC 00001.00000000  .00000000  00000-0  00000+0 0    02
2 00586  53.0000  37.5000 0000001   0.0000 116.1818 15.76629586    06
Starlink-340 586
1 00587U 00000ABC 00001.00000000  .00000000  00000-0  00000+0 0    03
2 00587  53.0000  37.5000 0000001   0.0000 119.4545 15.76629586    00
Starlink-340 587
1 00588U 00000ABC 00001.00000000  .00000000  00000-0  00000+0 0    04
2 00588  53.0000  37.5000 0000001   0.0000 122.7273 15.76629586    06
Starlink-340 588
1 00589U 00000ABC 00001.00000000  .00000000  00000-0  00000+0 0    05
2 00589  53.0000  37.5000 0000001   0.0000 126.0000 15.76629586    02
Starlink-340 589
1 00590U 00000ABC 00001.00000000  .00000000  00000-0  00000+0 0    07
2 00590  53.0000  37.5000 0000001   0.0000 129.2727 15.76629586    05
Starlink-340 590
1 00591U 00000ABC 00001.00000000  .00000000  00000-0  00000+0 0    08
2 00591  53.0000  37.5000 0000001   0.0000 132.5455 15.76629586    01
Starlink-340 591
1 00592U 00000ABC 00001.00000000  .00000000  00000-0  00000+0 0    09
2 00592  53.0000  37.5000 0000001   0.0000 135.8182 15.76629586    05
Starlink-340 592
1 00593U 00000ABC 00001.00000000  .00000000  00000-0  00000+0 0    00
2 00593  53.0000  37.5000 0000001   0.0000 139.0909 15.76629586    09
Starlink-340 593
1 00594U 00000ABC 00001.00000000  .00000000  00000-0  00000+0 0    01
2 00594  53.0000  37.5000 0000001   0.0000 142.3636 15.76629586    04
Starlink-340 594
1 00595U 00000ABC 00001.00000000  .00000000  00000-0  00000+0 0    02
2 00595  53.0000  37.5000 0000001   0.0000 145.6364 15.76629586    09
Starlink-340 595
1 00596U 00000ABC 00001.00000000  .00000000  00000-0  00000+0 0    03
2 00596  53.0000  37.5000 0000001   0.0000 148.9091 15.76629586    03
Starlink-340 596
1 00597U 00000ABC 00001.00000000  .00000000  00000-0  00000+0 0    04
2 00597  53.0000  37.5000 0000001   0.0000 152.1818 15.76629586    08
Starlink-340 597
1 00598U 00000ABC 00001.00000000  .00000000  00000-0  00000+0 0    05
2 00598  53.0000  37.5000 0000001   0.0000 155.4545 15.76629586    02
Starlink-340 598
1 00599U 00000ABC 00001.00000000  .00000000  00000-0  00000+0 0    06
2 00599  53.0000  37.5000 0000001   0.0000 158.7273 15.76629586    07
Starlink-340 599
1 00600U 00000ABC 00001.00000000  .00000000  00000-0  00000+0 0    09
2 00600  53.0000  37.5000 0000001   0.0000 162.0000 15.76629586    06
Starlink-340 600
1 00601U 00000ABC 00001.00000000  .00000000  00000-0  00000+0 0    00
2 00601  53.0000  37.5000 0000001   0.0000 165.2727 15.76629586    08
Starlink-340 601
1 00602U 00000ABC 00001.00000000  .00000000  00000-0  00000+0 0    01
2 00602  53.0000  37.5000 0000001   0.0000 168.5455 15.76629586    03
Starlink-340 602
1 00603U 00000ABC 00001.00000000  .00000000  00000-0  00000+0 0    02
2 00603  53.0000  37.5000 0000001   0.0000 171.8182 15.76629586    08
Starlink-340 603
1 00604U 00000ABC 00001.00000000  .00000000  00000-0  00000+0 0    03
2 00604  53.0000  37.5000 0000001   0.0000 175.0909 15.76629586    02
Starlink-340 604
1 00605U 00000ABC 00001.00000000  .00000000  00000-0  00000+0 0    04
2 00605  53.0000  37.5000 0000001   0.0000 178.3636 15.76629586    06
Starlink-340 605
1 00606U 00000ABC 00001.00000000  .00000000  00000-0  00000+0 0    05
2 00606  53.0000  37.5000 0000001   0.0000 181.6364 15.76629586    02
Starlink-340 606
1 00607U 00000ABC 00001.00000000  .00000000  00000-0  00000+0 0    06
2 00607  53.0000  37.5000 0000001   0.0000 184.9091 15.76629586    06
Starlink-340 607
1 00608U 00000ABC 00001.00000000  .00000000  00000-0  00000+0 0    07
2 00608  53.0000  37.5000 0000001   0.0000 188.1818 15.76629586    00
Starlink-340 608
1 00609U 00000ABC 00001.00000000  .00000000  00000-0  00000+0 0    08
2 00609  53.0000  37.5000 0000001   0.0000 191.4545 15.76629586    05
Starlink-340 609
1 00610U 00000ABC 00001.00000000  .00000000  00000-0  00000+0 0    00
2 00610  53.0000  37.5000 0000001   0.0000 194.7273 15.76629586    01
Starlink-340 610
1 00611U 00000ABC 00001.00000000  .00000000  00000-0  00000+0 0    01
2 00611  53.0000  37.5000 0000001   0.0000 198.0000 15.76629586    07
Starlink-340 611
1 00612U 00000ABC 00001.00000000  .00000000  00000-0  00000+0 0    02
2 00612  53.0000  37.5000 0000001   0.0000 201.2727 15.76629586    01
Starlink-340 612
1 00613U 00000ABC 00001.00000000  .00000000  00000-0  00000+0 0    03
2 00613  53.0000  37.5000 0000001   0.0000 204.5455 15.76629586    06
Starlink-340 613
1 00614U 00000ABC 00001.00000000  .00000000  00000-0  00000+0 0    04
2 00614  53.0000  37.5000 0000001   0.0000 207.8182 15.76629586    00
Starlink-340 614
1 00615U 00000ABC 00001.00000000  .00000000  00000-0  00000+0 0    05
2 00615  53.0000  37.5000 0000001   0.0000 211.0909 15.76629586    05
Starlink-340 615
1 00616U 00000ABC 00001.00000000  .00000000  00000-0  00000+0 0    06
2 00616  53.0000  37.5000 0000001   0.0000 214.3636 15.76629586    09
Starlink-340 616
1 00617U 00000ABC 00001.00000000  .00000000  00000-0  00000+0 0    07
2 00617  53.0000  37.5000 0000001   0.0000 217.6364 15.76629586    04
Starlink-340 617
1 00618U 00000ABC 00001.00000000  .00000000  00000-0  00000+0 0    08
2 00618  53.0000  37.5000 0000001   0.0000 220.9091 15.76629586    09
Starlink-340 618
1 00619U 00000ABC 00001.00000000  .00000000  00000-0  00000+0 0    09
2 00619  53.0000  37.5000 0000001   0.0000 224.1818 15.76629586    03
Starlink-340 619
1 00620U 00000ABC 00001.00000000  .00000000  00000-0  00000+0 0    01
2 00620  53.0000  37.5000 0000001   0.0000 227.4545 15.76629586    08
Starlink-340 620
1 00621U 00000ABC 00001.00000000  .00000000  00000-0  00000+0 0    02
2 00621  53.0000  37.5000 0000001   0.0000 230.7273 15.76629586    04
Starlink-340 621
1 00622U 00000ABC 00001.00000000  .00000000  00000-0  00000+0 0    03
2 00622  53.0000  37.5000 0000001   0.0000 234.0000 15.76629586    00
Starlink-340 622
1 00623U 00000ABC 00001.00000000  .00000000  00000-0  00000+0 0    04
2 00623  53.0000  37.5000 0000001   0.0000 237.2727 15.76629586    02
Starlink-340 623
1 00624U 00000ABC 00001.00000000  .00000000  00000-0  00000+0 0    05
2 00624  53.0000  37.5000 0000001   0.0000 240.5455 15.76629586    08
Starlink-340 624
1 00625U 00000ABC 00001.00000000  .00000000  00000-0  00000+0 0    06
2 00625  53.0000  37.5000 0000001   0.0000 243.8182 15.76629586    02
Starlink-340 625
1 00626U 00000ABC 00001.00000000  .00000000  00000-0  00000+0 0    07
2 00626  53.0000  37.5000 0000001   0.0000 247.0909 15.76629586    06
Starlink-340 626
1 00627U 00000ABC 00001.00000000  .00000000  00000-0  00000+0 0    08
2 00627  53.0000  37.5000 0000001   0.0000 250.3636 15.76629586    01
Starlink-340 627
1 00628U 00000ABC 00001.00000000  .00000000  00000-0  00000+0 0    09
2 00628  53.0000  37.5000 0000001   0.0000 253.6364 15.76629586    06
Starlink-340 628
1 00629U 00000ABC 00001.00000000  .00000000  00000-0  00000+0 0    00
2 00629  53.0000  37.5000 0000001   0.0000 256.9091 15.76629586    00
Starlink-340 629
1 00630U 00000ABC 00001.00000000  .00000000  00000-0  00000+0 0    02
2 00630  53.0000  37.5000 0000001   0.0000 260.1818 15.76629586    06
Starlink-340 630
1 00631U 00000ABC 00001.00000000  .00000000  00000-0  00000+0 0    03
2 00631  53.0000  37.5000 0000001   0.0000 263.4545 15.76629586    00
Starlink-340 631
1 00632U 00000ABC 00001.00000000  .00000000  00000-0  00000+0 0    04
2 00632  53.0000  37.5000 0000001   0.0000 266.7273 15.76629586    05
Starlink-340 632
1 00633U 00000ABC 00001.00000000  .00000000  00000-0  00000+0 0    05
2 00633  53.0000  37.5000 0000001   0.0000 270.0000 15.76629586    02
Starlink-340 633
1 00634U 00000ABC 00001.00000000  .00000000  00000-0  00000+0 0    06
2 00634  53.0000  37.5000 0000001   0.0000 273.2727 15.76629586    04
Starlink-340 634
1 00635U 00000ABC 00001.00000000  .00000000  00000-0  00000+0 0    07
2 00635  53.0000  37.5000 0000001   0.0000 276.5455 15.76629586    09
Starlink-340 635
1 00636U 00000ABC 00001.00000000  .00000000  00000-0  00000+0 0    08
2 00636  53.0000  37.5000 0000001   0.0000 279.8182 15.76629586    03
Starlink-340 636
1 00637U 00000ABC 00001.00000000  .00000000  00000-0  00000+0 0    09
2 00637  53.0000  37.5000 0000001   0.0000 283.0909 15.76629586    08
Starlink-340 637
1 00638U 00000ABC 00001.00000000  .00000000  00000-0  00000+0 0    00
2 00638  53.0000  37.5000 0000001   0.0000 286.3636 15.76629586    02
Starlink-340 638
1 00639U 00000ABC 00001.00000000  .00000000  00000-0  00000+0 0    01
2 00639  53.0000  37.5000 0000001   0.0000 289.6364 15.76629586    07
Starlink-340 639
1 00640U 00000ABC 00001.00000000  .00000000  00000-0  00000+0 0    03
2 00640  53.0000  37.5000 0000001   0.0000 292.9091 15.76629586    03
Starlink-340 640
1 00641U 00000ABC 00001.00000000  .00000000  00000-0  00000+0 0    04
2 00641  53.0000  37.5000 0000001   0.0000 296.1818 15.76629586    07
Starlink-340 641
1 00642U 00000ABC 00001.00000000  .00000000  00000-0  00000+0 0    05
2 00642  53.0000  37.5000 0000001   0.0000 299.4545 15.76629586    01
Starlink-340 642
1 00643U 00000ABC 00001.00000000  .00000000  00000-0  00000+0 0    06
2 00643  53.0000  37.5000 0000001   0.0000 302.7273 15.76629586    08
Starlink-340 643
1 00644U 00000ABC 00001.00000000  .00000000  00000-0  00000+0 0    07
2 00644  53.0000  37.5000 0000001   0.0000 306.0000 15.76629586    04
Starlink-340 644
1 00645U 00000ABC 00001.00000000  .00000000  00000-0  00000+0 0    08
2 00645  53.0000  37.5000 0000001   0.0000 309.2727 15.76629586    06
Starlink-340 645
1 00646U 00000ABC 00001.00000000  .00000000  00000-0  00000+0 0    09
2 00646  53.0000  37.5000 0000001   0.0000 312.5455 15.76629586    02
Starlink-340 646
1 00647U 00000ABC 00001.00000000  .00000000  00000-0  00000+0 0    00
2 00647  53.0000  37.5000 0000001   0.0000 315.8182 15.76629586    06
Starlink-340 647
1 00648U 00000ABC 00001.00000000  .00000000  00000-0  00000+0 0    01
2 00648  53.0000  37.5000 0000001   0.0000 319.0909 15.76629586    00
Starlink-340 648
1 00649U 00000ABC 00001.00000000  .00000000  00000-0  00000+0 0    02
2 00649  53.0000  37.5000 0000001   0.0000 322.3636 15.76629586    05
Starlink-340 649
1 00650U 00000ABC 00001.00000000  .00000000  00000-0  00000+0 0    04
2 00650  53.0000  37.5000 0000001   0.0000 325.6364 15.76629586    01
Starlink-340 650
1 00651U 00000ABC 00001.00000000  .00000000  00000-0  00000+0 0    05
2 00651  53.0000  37.5000 0000001   0.0000 328.9091 15.76629586    05
Starlink-340 651
1 00652U 00000ABC 00001.00000000  .00000000  00000-0  00000+0 0    06
2 00652  53.0000  37.5000 0000001   0.0000 332.1818 15.76629586    00
Starlink-340 652
1 00653U 00000ABC 00001.00000000  .00000000  00000-0  00000+0 0    07
2 00653  53.0000  37.5000 0000001   0.0000 335.4545 15.76629586    04
Starlink-340 653
1 00654U 00000ABC 00001.00000000  .00000000  00000-0  00000+0 0    08
2 00654  53.0000  37.5000 0000001   0.0000 338.7273 15.76629586    09
Starlink-340 654
1 00655U 00000ABC 00001.00000000  .00000000  00000-0  00000+0 0    09
2 00655  53.0000  37.5000 0000001   0.0000 342.0000 15.76629586    06
Starlink-340 655
1 00656U 00000ABC 00001.00000000  .00000000  00000-0  00000+0 0    00
2 00656  53.0000  37.5000 0000001   0.0000 345.2727 15.76629586    08
Starlink-340 656
1 00657U 00000ABC 00001.00000000  .00000000  00000-0  00000+0 0    01
2 00657  53.0000  37.5000 0000001   0.0000 348.5455 15.76629586    03
Starlink-340 657
1 00658U 00000ABC 00001.00000000  .00000000  00000-0  00000+0 0    02
2 00658  53.0000  37.5000 0000001   0.0000 351.8182 15.76629586    08
Starlink-340 658
1 00659U 00000ABC 00001.00000000  .00000000  00000-0  00000+0 0    03
2 00659  53.0000  37.5000 0000001   0.0000 355.0909 15.76629586    02
Starlink-340 659
1 00660U 00000ABC 00001.00000000  .00000000  00000-0  00000+0 0    05
2 00660  53.0000  37.5000 0000001   0.0000 358.3636 15.76629586    07
Starlink-340 660
1 00661U 00000ABC 00001.00000000  .00000000  00000-0  00000+0 0    06
2 00661  53.0000  45.0000 0000001   0.0000   0.0000 15.76629586    08
Starlink-340 661
1 00662U 00000ABC 00001.00000000  .00000000  00000-0  00000+0 0    07
2 00662  53.0000  45.0000 0000001   0.0000   3.2727 15.76629586    00
Starlink-340 662
1 00663U 00000ABC 00001.00000000  .00000000  00000-0  00000+0 0    08
2 00663  53.0000  45.0000 0000001   0.0000   6.5455 15.76629586    05
Starlink-340 663
1 00664U 00000ABC 00001.00000000  .00000000  00000-0  00000+0 0    09
2 00664  53.0000  45.0000 0000001   0.0000   9.8182 15.76629586    09
Starlink-340 664
1 00665U 00000ABC 00001.00000000  .00000000  00000-0  00000+0 0    00
2 00665  53.0000  45.0000 0000001   0.0000  13.0909 15.76629586    04
Starlink-340 665
1 00666U 00000ABC 00001.00000000  .00000000  00000-0  00000+0 0    01
2 00666  53.0000  45.0000 0000001   0.0000  16.3636 15.76629586    08
Starlink-340 666
1 00667U 00000ABC 00001.00000000  .00000000  00000-0  00000+0 0    02
2 00667  53.0000  45.0000 0000001   0.0000  19.6364 15.76629586    03
Starlink-340 667
1 00668U 00000ABC 00001.00000000  .00000000  00000-0  00000+0 0    03
2 00668  53.0000  45.0000 0000001   0.0000  22.9091 15.76629586    08
Starlink-340 668
1 00669U 00000ABC 00001.00000000  .00000000  00000-0  00000+0 0    04
2 00669  53.0000  45.0000 0000001   0.0000  26.1818 15.76629586    02
Starlink-340 669
1 00670U 00000ABC 00001.00000000  .00000000  00000-0  00000+0 0    06
2 00670  53.0000  45.0000 0000001   0.0000  29.4545 15.76629586    07
Starlink-340 670
1 00671U 00000ABC 00001.00000000  .00000000  00000-0  00000+0 0    07
2 00671  53.0000  45.0000 0000001   0.0000  32.7273 15.76629586    03
Starlink-340 671
1 00672U 00000ABC 00001.00000000  .00000000  00000-0  00000+0 0    08
2 00672  53.0000  45.0000 0000001   0.0000  36.0000 15.76629586    09
Starlink-340 672
1 00673U 00000ABC 00001.00000000  .00000000  00000-0  00000+0 0    09
2 00673  53.0000  45.0000 0000001   0.0000  39.2727 15.76629586    01
Starlink-340 673
1 00674U 00000ABC 00001.00000000  .00000000  00000-0  00000+0 0    00
2 00674  53.0000  45.0000 0000001   0.0000  42.5455 15.76629586    07
Starlink-340 674
1 00675U 00000ABC 00001.00000000  .00000000  00000-0  00000+0 0    01
2 00675  53.0000  45.0000 0000001   0.0000  45.8182 15.76629586    01
Starlink-340 675
1 00676U 00000ABC 00001.00000000  .00000000  00000-0  00000+0 0    02
2 00676  53.0000  45.0000 0000001   0.0000  49.0909 15.76629586    05
Starlink-340 676
1 00677U 00000ABC 00001.00000000  .00000000  00000-0  00000+0 0    03
2 00677  53.0000  45.0000 0000001   0.0000  52.3636 15.76629586    00
Starlink-340 677
1 00678U 00000ABC 00001.00000000  .00000000  00000-0  00000+0 0    04
2 00678  53.0000  45.0000 0000001   0.0000  55.6364 15.76629586    05
Starlink-340 678
1 00679U 00000ABC 00001.00000000  .00000000  00000-0  00000+0 0    05
2 00679  53.0000  45.0000 0000001   0.0000  58.9091 15.76629586    09
Starlink-340 679
1 00680U 00000ABC 00001.00000000  .00000000  00000-0  00000+0 0    07
2 00680  53.0000  45.0000 0000001   0.0000  62.1818 15.76629586    05
Starlink-340 680
1 00681U 00000ABC 00001.00000000  .00000000  00000-0  00000+0 0    08
2 00681  53.0000  45.0000 0000001   0.0000  65.4545 15.76629586    09
Starlink-340 681
1 00682U 00000ABC 00001.00000000  .00000000  00000-0  00000+0 0    09
2 00682  53.0000  45.0000 0000001   0.0000  68.7273 15.76629586    04
Starlink-340 682
1 00683U 00000ABC 00001.00000000  .00000000  00000-0  00000+0 0    00
2 00683  53.0000  45.0000 0000001   0.0000  72.0000 15.76629586    01
Starlink-340 683
1 00684U 00000ABC 00001.00000000  .00000000  00000-0  00000+0 0    01
2 00684  53.0000  45.0000 0000001   0.0000  75.2727 15.76629586    03
Starlink-340 684
1 00685U 00000ABC 00001.00000000  .00000000  00000-0  00000+0 0    02
2 00685  53.0000  45.0000 0000001   0.0000  78.5455 15.76629586    08
Starlink-340 685
1 00686U 00000ABC 00001.00000000  .00000000  00000-0  00000+0 0    03
2 00686  53.0000  45.0000 0000001   0.0000  81.8182 15.76629586    03
Starlink-340 686
1 00687U 00000ABC 00001.00000000  .00000000  00000-0  00000+0 0    04
2 00687  53.0000  45.0000 0000001   0.0000  85.0909 15.76629586    07
Starlink-340 687
1 00688U 00000ABC 00001.00000000  .00000000  00000-0  00000+0 0    05
2 00688  53.0000  45.0000 0000001   0.0000  88.3636 15.76629586    01
Starlink-340 688
1 00689U 00000ABC 00001.00000000  .00000000  00000-0  00000+0 0    06
2 00689  53.0000  45.0000 0000001   0.0000  91.6364 15.76629586    07
Starlink-340 689
1 00690U 00000ABC 00001.00000000  .00000000  00000-0  00000+0 0    08
2 00690  53.0000  45.0000 0000001   0.0000  94.9091 15.76629586    02
Starlink-340 690
1 00691U 00000ABC 00001.00000000  .00000000  00000-0  00000+0 0    09
2 00691  53.0000  45.0000 0000001   0.0000  98.1818 15.76629586    06
Starlink-340 691
1 00692U 00000ABC 00001.00000000  .00000000  00000-0  00000+0 0    00
2 00692  53.0000  45.0000 0000001   0.0000 101.4545 15.76629586    02
Starlink-340 692
1 00693U 00000ABC 00001.00000000  .00000000  00000-0  00000+0 0    01
2 00693  53.0000  45.0000 0000001   0.0000 104.7273 15.76629586    07
Starlink-340 693
1 00694U 00000ABC 00001.00000000  .00000000  00000-0  00000+0 0    02
2 00694  53.0000  45.0000 0000001   0.0000 108.0000 15.76629586    03
Starlink-340 694
1 00695U 00000ABC 00001.00000000  .00000000  00000-0  00000+0 0    03
2 00695  53.0000  45.0000 0000001   0.0000 111.2727 15.76629586    06
Starlink-340 695
1 00696U 00000ABC 00001.00000000  .00000000  00000-0  00000+0 0    04
2 00696  53.0000  45.0000 0000001   0.0000 114.5455 15.76629586    01
Starlink-340 696
1 00697U 00000ABC 00001.00000000  .00000000  00000-0  00000+0 0    05
2 00697  53.0000  45.0000 0000001   0.0000 117.8182 15.76629586    05
Starlink-340 697
1 00698U 00000ABC 00001.00000000  .00000000  00000-0  00000+0 0    06
2 00698  53.0000  45.0000 0000001   0.0000 121.0909 15.76629586    00
Starlink-340 698
1 00699U 00000ABC 00001.00000000  .00000000  00000-0  00000+0 0    07
2 00699  53.0000  45.0000 0000001   0.0000 124.3636 15.76629586    04
Starlink-340 699
1 00700U 00000ABC 00001.00000000  .00000000  00000-0  00000+0 0    00
2 00700  53.0000  45.0000 0000001   0.0000 127.6364 15.76629586    01
Starlink-340 700
1 00701U 00000ABC 00001.00000000  .00000000  00000-0  00000+0 0    01
2 00701  53.0000  45.0000 0000001   0.0000 130.9091 15.76629586    06
Starlink-340 701
1 00702U 00000ABC 00001.00000000  .00000000  00000-0  00000+0 0    02
2 00702  53.0000  45.0000 0000001   0.0000 134.1818 15.76629586    00
Starlink-340 702
1 00703U 00000ABC 00001.00000000  .00000000  00000-0  00000+0 0    03
2 00703  53.0000  45.0000 0000001   0.0000 137.4545 15.76629586    04
Starlink-340 703
1 00704U 00000ABC 00001.00000000  .00000000  00000-0  00000+0 0    04
2 00704  53.0000  45.0000 0000001   0.0000 140.7273 15.76629586    00
Starlink-340 704
1 00705U 00000ABC 00001.00000000  .00000000  00000-0  00000+0 0    05
2 00705  53.0000  45.0000 0000001   0.0000 144.0000 15.76629586    06
Starlink-340 705
1 00706U 00000ABC 00001.00000000  .00000000  00000-0  00000+0 0    06
2 00706  53.0000  45.0000 0000001   0.0000 147.2727 15.76629586    08
Starlink-340 706
1 00707U 00000ABC 00001.00000000  .00000000  00000-0  00000+0 0    07
2 00707  53.0000  45.0000 0000001   0.0000 150.5455 15.76629586    04
Starlink-340 707
1 00708U 00000ABC 00001.00000000  .00000000  00000-0  00000+0 0    08
2 00708  53.0000  45.0000 0000001   0.0000 153.8182 15.76629586    08
Starlink-340 708
1 00709U 00000ABC 00001.00000000  .00000000  00000-0  00000+0 0    09
2 00709  53.0000  45.0000 0000001   0.0000 157.0909 15.76629586    02
Starlink-340 709
1 00710U 00000ABC 00001.00000000  .00000000  00000-0  00000+0 0    01
2 00710  53.0000  45.0000 0000001   0.0000 160.3636 15.76629586    08
Starlink-340 710
1 00711U 00000ABC 00001.00000000  .00000000  00000-0  00000+0 0    02
2 00711  53.0000  45.0000 0000001   0.0000 163.6364 15.76629586    03
Starlink-340 711
1 00712U 00000ABC 00001.00000000  .00000000  00000-0  00000+0 0    03
2 00712  53.0000  45.0000 0000001   0.0000 166.9091 15.76629586    07
Starlink-340 712
1 00713U 00000ABC 00001.00000000  .00000000  00000-0  00000+0 0    04
2 00713  53.0000  45.0000 0000001   0.0000 170.1818 15.76629586    02
Starlink-340 713
1 00714U 00000ABC 00001.00000000  .00000000  00000-0  00000+0 0    05
2 00714  53.0000  45.0000 0000001   0.0000 173.4545 15.76629586    06
Starlink-340 714
1 00715U 00000ABC 00001.00000000  .00000000  00000-0  00000+0 0    06
2 00715  53.0000  45.0000 0000001   0.0000 176.7273 15.76629586    01
Starlink-340 715
1 00716U 00000ABC 00001.00000000  .00000000  00000-0  00000+0 0    07
2 00716  53.0000  45.0000 0000001   0.0000 180.0000 15.76629586    08
Starlink-340 716
1 00717U 00000ABC 00001.00000000  .00000000  00000-0  00000+0 0    08
2 00717  53.0000  45.0000 0000001   0.0000 183.2727 15.76629586    00
Starlink-340 717
1 00718U 00000ABC 00001.00000000  .00000000  00000-0  00000+0 0    09
2 00718  53.0000  45.0000 0000001   0.0000 186.5455 15.76629586    05
Starlink-340 718
1 00719U 00000ABC 00001.00000000  .00000000  00000-0  00000+0 0    00
2 00719  53.0000  45.0000 0000001   0.0000 189.8182 15.76629586    09
Starlink-340 719
1 00720U 00000ABC 00001.00000000  .00000000  00000-0  00000+0 0    02
2 00720  53.0000  45.0000 0000001   0.0000 193.0909 15.76629586    05
Starlink-340 720
1 00721U 00000ABC 00001.00000000  .00000000  00000-0  00000+0 0    03
2 00721  53.0000  45.0000 0000001   0.0000 196.3636 15.76629586    09
Starlink-340 721
1 00722U 00000ABC 00001.00000000  .00000000  00000-0  00000+0 0    04
2 00722  53.0000  45.0000 0000001   0.0000 199.6364 15.76629586    04
Starlink-340 722
1 00723U 00000ABC 00001.00000000  .00000000  00000-0  00000+0 0    05
2 00723  53.0000  45.0000 0000001   0.0000 202.9091 15.76629586    00
Starlink-340 723
1 00724U 00000ABC 00001.00000000  .00000000  00000-0  00000+0 0    06
2 00724  53.0000  45.0000 0000001   0.0000 206.1818 15.76629586    04
Starlink-340 724
1 00725U 00000ABC 00001.00000000  .00000000  00000-0  00000+0 0    07
2 00725  53.0000  45.0000 0000001   0.0000 209.4545 15.76629586    08
Starlink-340 725
1 00726U 00000ABC 00001.00000000  .00000000  00000-0  00000+0 0    08
2 00726  53.0000  45.0000 0000001   0.0000 212.7273 15.76629586    04
Starlink-340 726
1 00727U 00000ABC 00001.00000000  .00000000  00000-0  00000+0 0    09
2 00727  53.0000  45.0000 0000001   0.0000 216.0000 15.76629586    00
Starlink-340 727
1 00728U 00000ABC 00001.00000000  .00000000  00000-0  00000+0 0    00
2 00728  53.0000  45.0000 0000001   0.0000 219.2727 15.76629586    02
Starlink-340 728
1 00729U 00000ABC 00001.00000000  .00000000  00000-0  00000+0 0    01
2 00729  53.0000  45.0000 0000001   0.0000 222.5455 15.76629586    08
Starlink-340 729
1 00730U 00000ABC 00001.00000000  .00000000  00000-0  00000+0 0    03
2 00730  53.0000  45.0000 0000001   0.0000 225.8182 15.76629586    03
Starlink-340 730
1 00731U 00000ABC 00001.00000000  .00000000  00000-0  00000+0 0    04
2 00731  53.0000  45.0000 0000001   0.0000 229.0909 15.76629586    07
Starlink-340 731
1 00732U 00000ABC 00001.00000000  .00000000  00000-0  00000+0 0    05
2 00732  53.0000  45.0000 0000001   0.0000 232.3636 15.76629586    02
Starlink-340 732
1 00733U 00000ABC 00001.00000000  .00000000  00000-0  00000+0 0    06
2 00733  53.0000  45.0000 0000001   0.0000 235.6364 15.76629586    07
Starlink-340 733
1 00734U 00000ABC 00001.00000000  .00000000  00000-0  00000+0 0    07
2 00734  53.0000  45.0000 0000001   0.0000 238.9091 15.76629586    01
Starlink-340 734
1 00735U 00000ABC 00001.00000000  .00000000  00000-0  00000+0 0    08
2 00735  53.0000  45.0000 0000001   0.0000 242.1818 15.76629586    06
Starlink-340 735
1 00736U 00000ABC 00001.00000000  .00000000  00000-0  00000+0 0    09
2 00736  53.0000  45.0000 0000001   0.0000 245.4545 15.76629586    00
Starlink-340 736
1 00737U 00000ABC 00001.00000000  .00000000  00000-0  00000+0 0    00
2 00737  53.0000  45.0000 0000001   0.0000 248.7273 15.76629586    05
Starlink-340 737
1 00738U 00000ABC 00001.00000000  .00000000  00000-0  00000+0 0    01
2 00738  53.0000  45.0000 0000001   0.0000 252.0000 15.76629586    02
Starlink-340 738
1 00739U 00000ABC 00001.00000000  .00000000  00000-0  00000+0 0    02
2 00739  53.0000  45.0000 0000001   0.0000 255.2727 15.76629586    04
Starlink-340 739
1 00740U 00000ABC 00001.00000000  .00000000  00000-0  00000+0 0    04
2 00740  53.0000  45.0000 0000001   0.0000 258.5455 15.76629586    00
Starlink-340 740
1 00741U 00000ABC 00001.00000000  .00000000  00000-0  00000+0 0    05
2 00741  53.0000  45.0000 0000001   0.0000 261.8182 15.76629586    05
Starlink-340 741
1 00742U 00000ABC 00001.00000000  .00000000  00000-0  00000+0 0    06
2 00742  53.0000  45.0000 0000001   0.0000 265.0909 15.76629586    09
Starlink-340 742
1 00743U 00000ABC 00001.00000000  .00000000  00000-0  00000+0 0    07
2 00743  53.0000  45.0000 0000001   0.0000 268.3636 15.76629586    03
Starlink-340 743
1 00744U 00000ABC 00001.00000000  .00000000  00000-0  00000+0 0    08
2 00744  53.0000  45.0000 0000001   0.0000 271.6364 15.76629586    09
Starlink-340 744
1 00745U 00000ABC 00001.00000000  .00000000  00000-0  00000+0 0    09
2 00745  53.0000  45.0000 0000001   0.0000 274.9091 15.76629586    03
Starlink-340 745
1 00746U 00000ABC 00001.00000000  .00000000  00000-0  00000+0 0    00
2 00746  53.0000  45.0000 0000001   0.0000 278.1818 15.76629586    07
Starlink-340 746
1 00747U 00000ABC 00001.00000000  .00000000  00000-0  00000+0 0    01
2 00747  53.0000  45.0000 0000001   0.0000 281.4545 15.76629586    02
Starlink-340 747
1 00748U 00000ABC 00001.00000000  .00000000  00000-0  00000+0 0    02
2 00748  53.0000  45.0000 0000001   0.0000 284.7273 15.76629586    07
Starlink-340 748
1 00749U 00000ABC 00001.00000000  .00000000  00000-0  00000+0 0    03
2 00749  53.0000  45.0000 0000001   0.0000 288.0000 15.76629586    03
Starlink-340 749
1 00750U 00000ABC 00001.00000000  .00000000  00000-0  00000+0 0    05
2 00750  53.0000  45.0000 0000001   0.0000 291.2727 15.76629586    07
Starlink-340 750
1 00751U 00000ABC 00001.00000000  .00000000  00000-0  00000+0 0    06
2 00751  53.0000  45.0000 0000001   0.0000 294.5455 15.76629586    02
Starlink-340 751
1 00752U 00000ABC 00001.00000000  .00000000  00000-0  00000+0 0    07
2 00752  53.0000  45.0000 0000001   0.0000 297.8182 15.76629586    06
Starlink-340 752
1 00753U 00000ABC 00001.00000000  .00000000  00000-0  00000+0 0    08
2 00753  53.0000  45.0000 0000001   0.0000 301.0909 15.76629586    02
Starlink-340 753
1 00754U 00000ABC 00001.00000000  .00000000  00000-0  00000+0 0    09
2 00754  53.0000  45.0000 0000001   0.0000 304.3636 15.76629586    06
Starlink-340 754
1 00755U 00000ABC 00001.00000000  .00000000  00000-0  00000+0 0    00
2 00755  53.0000  45.0000 0000001   0.0000 307.6364 15.76629586    01
Starlink-340 755
1 00756U 00000ABC 00001.00000000  .00000000  00000-0  00000+0 0    01
2 00756  53.0000  45.0000 0000001   0.0000 310.9091 15.76629586    06
Starlink-340 756
1 00757U 00000ABC 00001.00000000  .00000000  00000-0  00000+0 0    02
2 00757  53.0000  45.0000 0000001   0.0000 314.1818 15.76629586    00
Starlink-340 757
1 00758U 00000ABC 00001.00000000  .00000000  00000-0  00000+0 0    03
2 00758  53.0000  45.0000 0000001   0.0000 317.4545 15.76629586    04
Starlink-340 758
1 00759U 00000ABC 00001.00000000  .00000000  00000-0  00000+0 0    04
2 00759  53.0000  45.0000 0000001   0.0000 320.7273 15.76629586    00
Starlink-340 759
1 00760U 00000ABC 00001.00000000  .00000000  00000-0  00000+0 0    06
2 00760  53.0000  45.0000 0000001   0.0000 324.0000 15.76629586    07
Starlink-340 760
1 00761U 00000ABC 00001.00000000  .00000000  00000-0  00000+0 0    07
2 00761  53.0000  45.0000 0000001   0.0000 327.2727 15.76629586    09
Starlink-340 761
1 00762U 00000ABC 00001.00000000  .00000000  00000-0  00000+0 0    08
2 00762  53.0000  45.0000 0000001   0.0000 330.5455 15.76629586    05
Starlink-340 762
1 00763U 00000ABC 00001.00000000  .00000000  00000-0  00000+0 0    09
2 00763  53.0000  45.0000 0000001   0.0000 333.8182 15.76629586    09
Starlink-340 763
1 00764U 00000ABC 00001.00000000  .00000000  00000-0  00000+0 0    00
2 00764  53.0000  45.0000 0000001   0.0000 337.0909 15.76629586    03
Starlink-340 764
1 00765U 00000ABC 00001.00000000  .00000000  00000-0  00000+0 0    01
2 00765  53.0000  45.0000 0000001   0.0000 340.3636 15.76629586    08
Starlink-340 765
1 00766U 00000ABC 00001.00000000  .00000000  00000-0  00000+0 0    02
2 00766  53.0000  45.0000 0000001   0.0000 343.6364 15.76629586    03
Starlink-340 766
1 00767U 00000ABC 00001.00000000  .00000000  00000-0  00000+0 0    03
2 00767  53.0000  45.0000 0000001   0.0000 346.9091 15.76629586    07
Starlink-340 767
1 00768U 00000ABC 00001.00000000  .00000000  00000-0  00000+0 0    04
2 00768  53.0000  45.0000 0000001   0.0000 350.1818 15.76629586    02
Starlink-340 768
1 00769U 00000ABC 00001.00000000  .00000000  00000-0  00000+0 0    05
2 00769  53.0000  45.0000 0000001   0.0000 353.4545 15.76629586    06
Starlink-340 769
1 00770U 00000ABC 00001.00000000  .00000000  00000-0  00000+0 0    07
2 00770  53.0000  45.0000 0000001   0.0000 356.7273 15.76629586    02
Starlink-340 770
1 00771U 00000ABC 00001.00000000  .00000000  00000-0  00000+0 0    08
2 00771  53.0000  52.5000 0000001   0.0000   1.6364 15.76629586    03
Starlink-340 771
1 00772U 00000ABC 00001.00000000  .00000000  00000-0  00000+0 0    09
2 00772  53.0000  52.5000 0000001   0.0000   4.9091 15.76629586    07
Starlink-340 772
1 00773U 00000ABC 00001.00000000  .00000000  00000-0  00000+0 0    00
2 00773  53.0000  52.5000 0000001   0.0000   8.1818 15.76629586    01
Starlink-340 773
1 00774U 00000ABC 00001.00000000  .00000000  00000-0  00000+0 0    01
2 00774  53.0000  52.5000 0000001   0.0000  11.4545 15.76629586    06
Starlink-340 774
1 00775U 00000ABC 00001.00000000  .00000000  00000-0  00000+0 0    02
2 00775  53.0000  52.5000 0000001   0.0000  14.7273 15.76629586    01
Starlink-340 775
1 00776U 00000ABC 00001.00000000  .00000000  00000-0  00000+0 0    03
2 00776  53.0000  52.5000 0000001   0.0000  18.0000 15.76629586    07
Starlink-340 776
1 00777U 00000ABC 00001.00000000  .00000000  00000-0  00000+0 0    04
2 00777  53.0000  52.5000 0000001   0.0000  21.2727 15.76629586    00
Starlink-340 777
1 00778U 00000ABC 00001.00000000  .00000000  00000-0  00000+0 0    05
2 00778  53.0000  52.5000 0000001   0.0000  24.5455 15.76629586    05
Starlink-340 778
1 00779U 00000ABC 00001.00000000  .00000000  00000-0  00000+0 0    06
2 00779  53.0000  52.5000 0000001   0.0000  27.8182 15.76629586    09
Starlink-340 779
1 00780U 00000ABC 00001.00000000  .00000000  00000-0  00000+0 0    08
2 00780  53.0000  52.5000 0000001   0.0000  31.0909 15.76629586    05
Starlink-340 780
1 00781U 00000ABC 00001.00000000  .00000000  00000-0  00000+0 0    09
2 00781  53.0000  52.5000 0000001   0.0000  34.3636 15.76629586    09
Starlink-340 781
1 00782U 00000ABC 00001.00000000  .00000000  00000-0  00000+0 0    00
2 00782  53.0000  52.5000 0000001   0.0000  37.6364 15.76629586    04
Starlink-340 782
1 00783U 00000ABC 00001.00000000  .00000000  00000-0  00000+0 0    01
2 00783  53.0000  52.5000 0000001   0.0000  40.9091 15.76629586    09
Starlink-340 783
1 00784U 00000ABC 00001.00000000  .00000000  00000-0  00000+0 0    02
2 00784  53.0000  52.5000 0000001   0.0000  44.1818 15.76629586    03
Starlink-340 784
1 00785U 00000ABC 00001.00000000  .00000000  00000-0  00000+0 0    03
2 00785  53.0000  52.5000 0000001   0.0000  47.4545 15.76629586    07
Starlink-340 785
1 00786U 00000ABC 00001.00000000  .00000000  00000-0  00000+0 0    04
2 00786  53.0000  52.5000 0000001   0.0000  50.7273 15.76629586    03
Starlink-340 786
1 00787U 00000ABC 00001.00000000  .00000000  00000-0  00000+0 0    05
2 00787  53.0000  52.5000 0000001   0.0000  54.0000 15.76629586    09
Starlink-340 787
1 00788U 00000ABC 00001.00000000  .00000000  00000-0  00000+0 0    06
2 00788  53.0000  52.5000 0000001   0.0000  57.2727 15.76629586    01
Starlink-340 788
1 00789U 00000ABC 00001.00000000  .00000000  00000-0  00000+0 0    07
2 00789  53.0000  52.5000 0000001   0.0000  60.5455 15.76629586    07
Starlink-340 789
1 00790U 00000ABC 00001.00000000  .00000000  00000-0  00000+0 0    09
2 00790  53.0000  52.5000 0000001   0.0000  63.8182 15.76629586    02
Starlink-340 790
1 00791U 00000ABC 00001.00000000  .00000000  00000-0  00000+0 0    00
2 00791  53.0000  52.5000 0000001   0.0000  67.0909 15.76629586    06
Starlink-340 791
1 00792U 00000ABC 00001.00000000  .00000000  00000-0  00000+0 0    01
2 00792  53.0000  52.5000 0000001   0.0000  70.3636 15.76629586    01
Starlink-340 792
1 00793U 00000ABC 00001.00000000  .00000000  00000-0  00000+0 0    02
2 00793  53.0000  52.5000 0000001   0.0000  73.6364 15.76629586    06
Starlink-340 793
1 00794U 00000ABC 00001.00000000  .00000000  00000-0  00000+0 0    03
2 00794  53.0000  52.5000 0000001   0.0000  76.9091 15.76629586    00
Starlink-340 794
1 00795U 00000ABC 00001.00000000  .00000000  00000-0  00000+0 0    04
2 00795  53.0000  52.5000 0000001   0.0000  80.1818 15.76629586    05
Starlink-340 795
1 00796U 00000ABC 00001.00000000  .00000000  00000-0  00000+0 0    05
2 00796  53.0000  52.5000 0000001   0.0000  83.4545 15.76629586    09
Starlink-340 796
1 00797U 00000ABC 00001.00000000  .00000000  00000-0  00000+0 0    06
2 00797  53.0000  52.5000 0000001   0.0000  86.7273 15.76629586    04
Starlink-340 797
1 00798U 00000ABC 00001.00000000  .00000000  00000-0  00000+0 0    07
2 00798  53.0000  52.5000 0000001   0.0000  90.0000 15.76629586    01
Starlink-340 798
1 00799U 00000ABC 00001.00000000  .00000000  00000-0  00000+0 0    08
2 00799  53.0000  52.5000 0000001   0.0000  93.2727 15.76629586    03
Starlink-340 799
1 00800U 00000ABC 00001.00000000  .00000000  00000-0  00000+0 0    01
2 00800  53.0000  52.5000 0000001   0.0000  96.5455 15.76629586    00
Starlink-340 800
1 00801U 00000ABC 00001.00000000  .00000000  00000-0  00000+0 0    02
2 00801  53.0000  52.5000 0000001   0.0000  99.8182 15.76629586    04
Starlink-340 801
1 00802U 00000ABC 00001.00000000  .00000000  00000-0  00000+0 0    03
2 00802  53.0000  52.5000 0000001   0.0000 103.0909 15.76629586    00
Starlink-340 802
1 00803U 00000ABC 00001.00000000  .00000000  00000-0  00000+0 0    04
2 00803  53.0000  52.5000 0000001   0.0000 106.3636 15.76629586    04
Starlink-340 803
1 00804U 00000ABC 00001.00000000  .00000000  00000-0  00000+0 0    05
2 00804  53.0000  52.5000 0000001   0.0000 109.6364 15.76629586    09
Starlink-340 804
1 00805U 00000ABC 00001.00000000  .00000000  00000-0  00000+0 0    06
2 00805  53.0000  52.5000 0000001   0.0000 112.9091 15.76629586    04
Starlink-340 805
1 00806U 00000ABC 00001.00000000  .00000000  00000-0  00000+0 0    07
2 00806  53.0000  52.5000 0000001   0.0000 116.1818 15.76629586    08
Starlink-340 806
1 00807U 00000ABC 00001.00000000  .00000000  00000-0  00000+0 0    08
2 00807  53.0000  52.5000 0000001   0.0000 119.4545 15.76629586    02
Starlink-340 807
1 00808U 00000ABC 00001.00000000  .00000000  00000-0  00000+0 0    09
2 00808  53.0000  52.5000 0000001   0.0000 122.7273 15.76629586    08
Starlink-340 808
1 00809U 00000ABC 00001.00000000  .00000000  00000-0  00000+0 0    00
2 00809  53.0000  52.5000 0000001   0.0000 126.0000 15.76629586    04
Starlink-340 809
1 00810U 00000ABC 00001.00000000  .00000000  00000-0  00000+0 0    02
2 00810  53.0000  52.5000 0000001   0.0000 129.2727 15.76629586    07
Starlink-340 810
1 00811U 00000ABC 00001.00000000  .00000000  00000-0  00000+0 0    03
2 00811  53.0000  52.5000 0000001   0.0000 132.5455 15.76629586    03
Starlink-340 811
1 00812U 00000ABC 00001.00000000  .00000000  00000-0  00000+0 0    04
2 00812  53.0000  52.5000 0000001   0.0000 135.8182 15.76629586    07
Starlink-340 812
1 00813U 00000ABC 00001.00000000  .00000000  00000-0  00000+0 0    05
2 00813  53.0000  52.5000 0000001   0.0000 139.0909 15.76629586    01
Starlink-340 813
1 00814U 00000ABC 00001.00000000  .00000000  00000-0  00000+0 0    06
2 00814  53.0000  52.5000 0000001   0.0000 142.3636 15.76629586    06
Starlink-340 814
1 00815U 00000ABC 00001.00000000  .00000000  00000-0  00000+0 0    07
2 00815  53.0000  52.5000 0000001   0.0000 145.6364 15.76629586    01
Starlink-340 815
1 00816U 00000ABC 00001.00000000  .00000000  00000-0  00000+0 0    08
2 00816  53.0000  52.5000 0000001   0.0000 148.9091 15.76629586    05
Starlink-340 816
1 00817U 00000ABC 00001.00000000  .00000000  00000-0  00000+0 0    09
2 00817  53.0000  52.5000 0000001   0.0000 152.1818 15.76629586    00
Starlink-340 817
1 00818U 00000ABC 00001.00000000  .00000000  00000-0  00000+0 0    00
2 00818  53.0000  52.5000 0000001   0.0000 155.4545 15.76629586    04
Starlink-340 818
1 00819U 00000ABC 00001.00000000  .00000000  00000-0  00000+0 0    01
2 00819  53.0000  52.5000 0000001   0.0000 158.7273 15.76629586    09
Starlink-340 819
1 00820U 00000ABC 00001.00000000  .00000000  00000-0  00000+0 0    03
2 00820  53.0000  52.5000 0000001   0.0000 162.0000 15.76629586    07
Starlink-340 820
1 00821U 00000ABC 00001.00000000  .00000000  00000-0  00000+0 0    04
2 00821  53.0000  52.5000 0000001   0.0000 165.2727 15.76629586    09
Starlink-340 821
1 00822U 00000ABC 00001.00000000  .00000000  00000-0  00000+0 0    05
2 00822  53.0000  52.5000 0000001   0.0000 168.5455 15.76629586    04
Starlink-340 822
1 00823U 00000ABC 00001.00000000  .00000000  00000-0  00000+0 0    06
2 00823  53.0000  52.5000 0000001   0.0000 171.8182 15.76629586    09
Starlink-340 823
1 00824U 00000ABC 00001.00000000  .00000000  00000-0  00000+0 0    07
2 00824  53.0000  52.5000 0000001   0.0000 175.0909 15.76629586    03
Starlink-340 824
1 00825U 00000ABC 00001.00000000  .00000000  00000-0  00000+0 0    08
2 00825  53.0000  52.5000 0000001   0.0000 178.3636 15.76629586    07
Starlink-340 825
1 00826U 00000ABC 00001.00000000  .00000000  00000-0  00000+0 0    09
2 00826  53.0000  52.5000 0000001   0.0000 181.6364 15.76629586    03
Starlink-340 826
1 00827U 00000ABC 00001.00000000  .00000000  00000-0  00000+0 0    00
2 00827  53.0000  52.5000 0000001   0.0000 184.9091 15.76629586    07
Starlink-340 827
1 00828U 00000ABC 00001.00000000  .00000000  00000-0  00000+0 0    01
2 00828  53.0000  52.5000 0000001   0.0000 188.1818 15.76629586    01
Starlink-340 828
1 00829U 00000ABC 00001.00000000  .00000000  00000-0  00000+0 0    02
2 00829  53.0000  52.5000 0000001   0.0000 191.4545 15.76629586    06
Starlink-340 829
1 00830U 00000ABC 00001.00000000  .00000000  00000-0  00000+0 0    04
2 00830  53.0000  52.5000 0000001   0.0000 194.7273 15.76629586    02
Starlink-340 830
1 00831U 00000ABC 00001.00000000  .00000000  00000-0  00000+0 0    05
2 00831  53.0000  52.5000 0000001   0.0000 198.0000 15.76629586    08
Starlink-340 831
1 00832U 00000ABC 00001.00000000  .00000000  00000-0  00000+0 0    06
2 00832  53.0000  52.5000 0000001   0.0000 201.2727 15.76629586    02
Starlink-340 832
1 00833U 00000ABC 00001.00000000  .00000000  00000-0  00000+0 0    07
2 00833  53.0000  52.5000 0000001   0.0000 204.5455 15.76629586    07
Starlink-340 833
1 00834U 00000ABC 00001.00000000  .00000000  00000-0  00000+0 0    08
2 00834  53.0000  52.5000 0000001   0.0000 207.8182 15.76629586    01
Starlink-340 834
1 00835U 00000ABC 00001.00000000  .00000000  00000-0  00000+0 0    09
2 00835  53.0000  52.5000 0000001   0.0000 211.0909 15.76629586    06
Starlink-340 835
1 00836U 00000ABC 00001.00000000  .00000000  00000-0  00000+0 0    00
2 00836  53.0000  52.5000 0000001   0.0000 214.3636 15.76629586    00
Starlink-340 836
1 00837U 00000ABC 00001.00000000  .00000000  00000-0  00000+0 0    01
2 00837  53.0000  52.5000 0000001   0.0000 217.6364 15.76629586    05
Starlink-340 837
1 00838U 00000ABC 00001.00000000  .00000000  00000-0  00000+0 0    02
2 00838  53.0000  52.5000 0000001   0.0000 220.9091 15.76629586    00
Starlink-340 838
1 00839U 00000ABC 00001.00000000  .00000000  00000-0  00000+0 0    03
2 00839  53.0000  52.5000 0000001   0.0000 224.1818 15.76629586    04
Starlink-340 839
1 00840U 00000ABC 00001.00000000  .00000000  00000-0  00000+0 0    05
2 00840  53.0000  52.5000 0000001   0.0000 227.4545 15.76629586    09
Starlink-340 840
1 00841U 00000ABC 00001.00000000  .00000000  00000-0  00000+0 0    06
2 00841  53.0000  52.5000 0000001   0.0000 230.7273 15.76629586    05
Starlink-340 841
1 00842U 00000ABC 00001.00000000  .00000000  00000-0  00000+0 0    07
2 00842  53.0000  52.5000 0000001   0.0000 234.0000 15.76629586    01
Starlink-340 842
1 00843U 00000ABC 00001.00000000  .00000000  00000-0  00000+0 0    08
2 00843  53.0000  52.5000 0000001   0.0000 237.2727 15.76629586    03
Starlink-340 843
1 00844U 00000ABC 00001.00000000  .00000000  00000-0  00000+0 0    09
2 00844  53.0000  52.5000 0000001   0.0000 240.5455 15.76629586    09
Starlink-340 844
1 00845U 00000ABC 00001.00000000  .00000000  00000-0  00000+0 0    00
2 00845  53.0000  52.5000 0000001   0.0000 243.8182 15.76629586    03
Starlink-340 845
1 00846U 00000ABC 00001.00000000  .00000000  00000-0  00000+0 0    01
2 00846  53.0000  52.5000 0000001   0.0000 247.0909 15.76629586    07
Starlink-340 846
1 00847U 00000ABC 00001.00000000  .00000000  00000-0  00000+0 0    02
2 00847  53.0000  52.5000 0000001   0.0000 250.3636 15.76629586    02
Starlink-340 847
1 00848U 00000ABC 00001.00000000  .00000000  00000-0  00000+0 0    03
2 00848  53.0000  52.5000 0000001   0.0000 253.6364 15.76629586    07
Starlink-340 848
1 00849U 00000ABC 00001.00000000  .00000000  00000-0  00000+0 0    04
2 00849  53.0000  52.5000 0000001   0.0000 256.9091 15.76629586    01
Starlink-340 849
1 00850U 00000ABC 00001.00000000  .00000000  00000-0  00000+0 0    06
2 00850  53.0000  52.5000 0000001   0.0000 260.1818 15.76629586    07
Starlink-340 850
1 00851U 00000ABC 00001.00000000  .00000000  00000-0  00000+0 0    07
2 00851  53.0000  52.5000 0000001   0.0000 263.4545 15.76629586    01
Starlink-340 851
1 00852U 00000ABC 00001.00000000  .00000000  00000-0  00000+0 0    08
2 00852  53.0000  52.5000 0000001   0.0000 266.7273 15.76629586    06
Starlink-340 852
1 00853U 00000ABC 00001.00000000  .00000000  00000-0  00000+0 0    09
2 00853  53.0000  52.5000 0000001   0.0000 270.0000 15.76629586    03
Starlink-340 853
1 00854U 00000ABC 00001.00000000  .00000000  00000-0  00000+0 0    00
2 00854  53.0000  52.5000 0000001   0.0000 273.2727 15.76629586    05
Starlink-340 854
1 00855U 00000ABC 00001.00000000  .00000000  00000-0  00000+0 0    01
2 00855  53.0000  52.5000 0000001   0.0000 276.5455 15.76629586    00
Starlink-340 855
1 00856U 00000ABC 00001.00000000  .00000000  00000-0  00000+0 0    02
2 00856  53.0000  52.5000 0000001   0.0000 279.8182 15.76629586    04
Starlink-340 856
1 00857U 00000ABC 00001.00000000  .00000000  00000-0  00000+0 0    03
2 00857  53.0000  52.5000 0000001   0.0000 283.0909 15.76629586    09
Starlink-340 857
1 00858U 00000ABC 00001.00000000  .00000000  00000-0  00000+0 0    04
2 00858  53.0000  52.5000 0000001   0.0000 286.3636 15.76629586    03
Starlink-340 858
1 00859U 00000ABC 00001.00000000  .00000000  00000-0  00000+0 0    05
2 00859  53.0000  52.5000 0000001   0.0000 289.6364 15.76629586    08
Starlink-340 859
1 00860U 00000ABC 00001.00000000  .00000000  00000-0  00000+0 0    07
2 00860  53.0000  52.5000 0000001   0.0000 292.9091 15.76629586    04
Starlink-340 860
1 00861U 00000ABC 00001.00000000  .00000000  00000-0  00000+0 0    08
2 00861  53.0000  52.5000 0000001   0.0000 296.1818 15.76629586    08
Starlink-340 861
1 00862U 00000ABC 00001.00000000  .00000000  00000-0  00000+0 0    09
2 00862  53.0000  52.5000 0000001   0.0000 299.4545 15.76629586    02
Starlink-340 862
1 00863U 00000ABC 00001.00000000  .00000000  00000-0  00000+0 0    00
2 00863  53.0000  52.5000 0000001   0.0000 302.7273 15.76629586    09
Starlink-340 863
1 00864U 00000ABC 00001.00000000  .00000000  00000-0  00000+0 0    01
2 00864  53.0000  52.5000 0000001   0.0000 306.0000 15.76629586    05
Starlink-340 864
1 00865U 00000ABC 00001.00000000  .00000000  00000-0  00000+0 0    02
2 00865  53.0000  52.5000 0000001   0.0000 309.2727 15.76629586    07
Starlink-340 865
1 00866U 00000ABC 00001.00000000  .00000000  00000-0  00000+0 0    03
2 00866  53.0000  52.5000 0000001   0.0000 312.5455 15.76629586    03
Starlink-340 866
1 00867U 00000ABC 00001.00000000  .00000000  00000-0  00000+0 0    04
2 00867  53.0000  52.5000 0000001   0.0000 315.8182 15.76629586    07
Starlink-340 867
1 00868U 00000ABC 00001.00000000  .00000000  00000-0  00000+0 0    05
2 00868  53.0000  52.5000 0000001   0.0000 319.0909 15.76629586    01
Starlink-340 868
1 00869U 00000ABC 00001.00000000  .00000000  00000-0  00000+0 0    06
2 00869  53.0000  52.5000 0000001   0.0000 322.3636 15.76629586    06
Starlink-340 869
1 00870U 00000ABC 00001.00000000  .00000000  00000-0  00000+0 0    08
2 00870  53.0000  52.5000 0000001   0.0000 325.6364 15.76629586    02
Starlink-340 870
1 00871U 00000ABC 00001.00000000  .00000000  00000-0  00000+0 0    09
2 00871  53.0000  52.5000 0000001   0.0000 328.9091 15.76629586    06
Starlink-340 871
1 00872U 00000ABC 00001.00000000  .00000000  00000-0  00000+0 0    00
2 00872  53.0000  52.5000 0000001   0.0000 332.1818 15.76629586    01
Starlink-340 872
1 00873U 00000ABC 00001.00000000  .00000000  00000-0  00000+0 0    01
2 00873  53.0000  52.5000 0000001   0.0000 335.4545 15.76629586    05
Starlink-340 873
1 00874U 00000ABC 00001.00000000  .00000000  00000-0  00000+0 0    02
2 00874  53.0000  52.5000 0000001   0.0000 338.7273 15.76629586    00
Starlink-340 874
1 00875U 00000ABC 00001.00000000  .00000000  00000-0  00000+0 0    03
2 00875  53.0000  52.5000 0000001   0.0000 342.0000 15.76629586    07
Starlink-340 875
1 00876U 00000ABC 00001.00000000  .00000000  00000-0  00000+0 0    04
2 00876  53.0000  52.5000 0000001   0.0000 345.2727 15.76629586    09
Starlink-340 876
1 00877U 00000ABC 00001.00000000  .00000000  00000-0  00000+0 0    05
2 00877  53.0000  52.5000 0000001   0.0000 348.5455 15.76629586    04
Starlink-340 877
1 00878U 00000ABC 00001.00000000  .00000000  00000-0  00000+0 0    06
2 00878  53.0000  52.5000 0000001   0.0000 351.8182 15.76629586    09
Starlink-340 878
1 00879U 00000ABC 00001.00000000  .00000000  00000-0  00000+0 0    07
2 00879  53.0000  52.5000 0000001   0.0000 355.0909 15.76629586    03
Starlink-340 879
1 00880U 00000ABC 00001.00000000  .00000000  00000-0  00000+0 0    09
2 00880  53.0000  52.5000 0000001   0.0000 358.3636 15.76629586    08
Starlink-340 880
1 00881U 00000ABC 00001.00000000  .00000000  00000-0  00000+0 0    00
2 00881  53.0000  60.0000 0000001   0.0000   0.0000 15.76629586    09
Starlink-340 881
1 00882U 00000ABC 00001.00000000  .00000000  00000-0  00000+0 0    01
2 00882  53.0000  60.0000 0000001   0.0000   3.2727 15.76629586    01
Starlink-340 882
1 00883U 00000ABC 00001.00000000  .00000000  00000-0  00000+0 0    02
2 00883  53.0000  60.0000 0000001   0.0000   6.5455 15.76629586    06
Starlink-340 883
1 00884U 00000ABC 00001.00000000  .00000000  00000-0  00000+0 0    03
2 00884  53.0000  60.0000 0000001   0.0000   9.8182 15.76629586    00
Starlink-340 884
1 00885U 00000ABC 00001.00000000  .00000000  00000-0  00000+0 0    04
2 00885  53.0000  60.0000 0000001   0.0000  13.0909 15.76629586    05
Starlink-340 885
1 00886U 00000ABC 00001.00000000  .00000000  00000-0  00000+0 0    05
2 00886  53.0000  60.0000 0000001   0.0000  16.3636 15.76629586    09
Starlink-340 886
1 00887U 00000ABC 00001.00000000  .00000000  00000-0  00000+0 0    06
2 00887  53.0000  60.0000 0000001   0.0000  19.6364 15.76629586    04
Starlink-340 887
1 00888U 00000ABC 00001.00000000  .00000000  00000-0  00000+0 0    07
2 00888  53.0000  60.0000 0000001   0.0000  22.9091 15.76629586    09
Starlink-340 888
1 00889U 00000ABC 00001.00000000  .00000000  00000-0  00000+0 0    08
2 00889  53.0000  60.0000 0000001   0.0000  26.1818 15.76629586    03
Starlink-340 889
1 00890U 00000ABC 00001.00000000  .00000000  00000-0  00000+0 0    00
2 00890  53.0000  60.0000 0000001   0.0000  29.4545 15.76629586    08
Starlink-340 890
1 00891U 00000ABC 00001.00000000  .00000000  00000-0  00000+0 0    01
2 00891  53.0000  60.0000 0000001   0.0000  32.7273 15.76629586    04
Starlink-340 891
1 00892U 00000ABC 00001.00000000  .00000000  00000-0  00000+0 0    02
2 00892  53.0000  60.0000 0000001   0.0000  36.0000 15.76629586    00
Starlink-340 892
1 00893U 00000ABC 00001.00000000  .00000000  00000-0  00000+0 0    03
2 00893  53.0000  60.0000 0000001   0.0000  39.2727 15.76629586    02
Starlink-340 893
1 00894U 00000ABC 00001.00000000  .00000000  00000-0  00000+0 0    04
2 00894  53.0000  60.0000 0000001   0.0000  42.5455 15.76629586    08
Starlink-340 894
1 00895U 00000ABC 00001.00000000  .00000000  00000-0  00000+0 0    05
2 00895  53.0000  60.0000 0000001   0.0000  45.8182 15.76629586    02
Starlink-340 895
1 00896U 00000ABC 00001.00000000  .00000000  00000-0  00000+0 0    06
2 00896  53.0000  60.0000 0000001   0.0000  49.0909 15.76629586    06
Starlink-340 896
1 00897U 00000ABC 00001.00000000  .00000000  00000-0  00000+0 0    07
2 00897  53.0000  60.0000 0000001   0.0000  52.3636 15.76629586    01
Starlink-340 897
1 00898U 00000ABC 00001.00000000  .00000000  00000-0  00000+0 0    08
2 00898  53.0000  60.0000 0000001   0.0000  55.6364 15.76629586    06
Starlink-340 898
1 00899U 00000ABC 00001.00000000  .00000000  00000-0  00000+0 0    09
2 00899  53.0000  60.0000 0000001   0.0000  58.9091 15.76629586    00
Starlink-340 899
1 00900U 00000ABC 00001.00000000  .00000000  00000-0  00000+0 0    02
2 00900  53.0000  60.0000 0000001   0.0000  62.1818 15.76629586    07
Starlink-340 900
1 00901U 00000ABC 00001.00000000  .00000000  00000-0  00000+0 0    03
2 00901  53.0000  60.0000 0000001   0.0000  65.4545 15.76629586    01
Starlink-340 901
1 00902U 00000ABC 00001.00000000  .00000000  00000-0  00000+0 0    04
2 00902  53.0000  60.0000 0000001   0.0000  68.7273 15.76629586    06
Starlink-340 902
1 00903U 00000ABC 00001.00000000  .00000000  00000-0  00000+0 0    05
2 00903  53.0000  60.0000 0000001   0.0000  72.0000 15.76629586    03
Starlink-340 903
1 00904U 00000ABC 00001.00000000  .00000000  00000-0  00000+0 0    06
2 00904  53.0000  60.0000 0000001   0.0000  75.2727 15.76629586    05
Starlink-340 904
1 00905U 00000ABC 00001.00000000  .00000000  00000-0  00000+0 0    07
2 00905  53.0000  60.0000 0000001   0.0000  78.5455 15.76629586    00
Starlink-340 905
1 00906U 00000ABC 00001.00000000  .00000000  00000-0  00000+0 0    08
2 00906  53.0000  60.0000 0000001   0.0000  81.8182 15.76629586    05
Starlink-340 906
1 00907U 00000ABC 00001.00000000  .00000000  00000-0  00000+0 0    09
2 00907  53.0000  60.0000 0000001   0.0000  85.0909 15.76629586    09
Starlink-340 907
1 00908U 00000ABC 00001.00000000  .00000000  00000-0  00000+0 0    00
2 00908  53.0000  60.0000 0000001   0.0000  88.3636 15.76629586    03
Starlink-340 908
1 00909U 00000ABC 00001.00000000  .00000000  00000-0  00000+0 0    01
2 00909  53.0000  60.0000 0000001   0.0000  91.6364 15.76629586    09
Starlink-340 909
1 00910U 00000ABC 00001.00000000  .00000000  00000-0  00000+0 0    03
2 00910  53.0000  60.0000 0000001   0.0000  94.9091 15.76629586    04
Starlink-340 910
1 00911U 00000ABC 00001.00000000  .00000000  00000-0  00000+0 0    04
2 00911  53.0000  60.0000 0000001   0.0000  98.1818 15.76629586    08
Starlink-340 911
1 00912U 00000ABC 00001.00000000  .00000000  00000-0  00000+0 0    05
2 00912  53.0000  60.0000 0000001   0.0000 101.4545 15.76629586    04
Starlink-340 912
1 00913U 00000ABC 00001.00000000  .00000000  00000-0  00000+0 0    06
2 00913  53.0000  60.0000 0000001   0.0000 104.7273 15.76629586    09
Starlink-340 913
1 00914U 00000ABC 00001.00000000  .00000000  00000-0  00000+0 0    07
2 00914  53.0000  60.0000 0000001   0.0000 108.0000 15.76629586    05
Starlink-340 914
1 00915U 00000ABC 00001.00000000  .00000000  00000-0  00000+0 0    08
2 00915  53.0000  60.0000 0000001   0.0000 111.2727 15.76629586    08
Starlink-340 915
1 00916U 00000ABC 00001.00000000  .00000000  00000-0  00000+0 0    09
2 00916  53.0000  60.0000 0000001   0.0000 114.5455 15.76629586    03
Starlink-340 916
1 00917U 00000ABC 00001.00000000  .00000000  00000-0  00000+0 0    00
2 00917  53.0000  60.0000 0000001   0.0000 117.8182 15.76629586    07
Starlink-340 917
1 00918U 00000ABC 00001.00000000  .00000000  00000-0  00000+0 0    01
2 00918  53.0000  60.0000 0000001   0.0000 121.0909 15.76629586    02
Starlink-340 918
1 00919U 00000ABC 00001.00000000  .00000000  00000-0  00000+0 0    02
2 00919  53.0000  60.0000 0000001   0.0000 124.3636 15.76629586    06
Starlink-340 919
1 00920U 00000ABC 00001.00000000  .00000000  00000-0  00000+0 0    04
2 00920  53.0000  60.0000 0000001   0.0000 127.6364 15.76629586    02
Starlink-340 920
1 00921U 00000ABC 00001.00000000  .00000000  00000-0  00000+0 0    05
2 00921  53.0000  60.0000 0000001   0.0000 130.9091 15.76629586    07
Starlink-340 921
1 00922U 00000ABC 00001.00000000  .00000000  00000-0  00000+0 0    06
2 00922  53.0000  60.0000 0000001   0.0000 134.1818 15.76629586    01
Starlink-340 922
1 00923U 00000ABC 00001.00000000  .00000000  00000-0  00000+0 0    07
2 00923  53.0000  60.0000 0000001   0.0000 137.4545 15.76629586    05
Starlink-340 923
1 00924U 00000ABC 00001.00000000  .00000000  00000-0  00000+0 0    08
2 00924  53.0000  60.0000 0000001   0.0000 140.7273 15.76629586    01
Starlink-340 924
1 00925U 00000ABC 00001.00000000  .00000000  00000-0  00000+0 0    09
2 00925  53.0000  60.0000 0000001   0.0000 144.0000 15.76629586    07
Starlink-340 925
1 00926U 00000ABC 00001.00000000  .00000000  00000-0  00000+0 0    00
2 00926  53.0000  60.0000 0000001   0.0000 147.2727 15.76629586    09
Starlink-340 926
1 00927U 00000ABC 00001.00000000  .00000000  00000-0  00000+0 0    01
2 00927  53.0000  60.0000 0000001   0.0000 150.5455 15.76629586    05
Starlink-340 927
1 00928U 00000ABC 00001.00000000  .00000000  00000-0  00000+0 0    02
2 00928  53.0000  60.0000 0000001   0.0000 153.8182 15.76629586    09
Starlink-340 928
1 00929U 00000ABC 00001.00000000  .00000000  00000-0  00000+0 0    03
2 00929  53.0000  60.0000 0000001   0.0000 157.0909 15.76629586    03
Starlink-340 929
1 00930U 00000ABC 00001.00000000  .00000000  00000-0  00000+0 0    05
2 00930  53.0000  60.0000 0000001   0.0000 160.3636 15.76629586    09
Starlink-340 930
1 00931U 00000ABC 00001.00000000  .00000000  00000-0  00000+0 0    06
2 00931  53.0000  60.0000 0000001   0.0000 163.6364 15.76629586    04
Starlink-340 931
1 00932U 00000ABC 00001.00000000  .00000000  00000-0  00000+0 0    07
2 00932  53.0000  60.0000 0000001   0.0000 166.9091 15.76629586    08
Starlink-340 932
1 00933U 00000ABC 00001.00000000  .00000000  00000-0  00000+0 0    08
2 00933  53.0000  60.0000 0000001   0.0000 170.1818 15.76629586    03
Starlink-340 933
1 00934U 00000ABC 00001.00000000  .00000000  00000-0  00000+0 0    09
2 00934  53.0000  60.0000 0000001   0.0000 173.4545 15.76629586    07
Starlink-340 934
1 00935U 00000ABC 00001.00000000  .00000000  00000-0  00000+0 0    00
2 00935  53.0000  60.0000 0000001   0.0000 176.7273 15.76629586    02
Starlink-340 935
1 00936U 00000ABC 00001.00000000  .00000000  00000-0  00000+0 0    01
2 00936  53.0000  60.0000 0000001   0.0000 180.0000 15.76629586    09
Starlink-340 936
1 00937U 00000ABC 00001.00000000  .00000000  00000-0  00000+0 0    02
2 00937  53.0000  60.0000 0000001   0.0000 183.2727 15.76629586    01
Starlink-340 937
1 00938U 00000ABC 00001.00000000  .00000000  00000-0  00000+0 0    03
2 00938  53.0000  60.0000 0000001   0.0000 186.5455 15.76629586    06
Starlink-340 938
1 00939U 00000ABC 00001.00000000  .00000000  00000-0  00000+0 0    04
2 00939  53.0000  60.0000 0000001   0.0000 189.8182 15.76629586    00
Starlink-340 939
1 00940U 00000ABC 00001.00000000  .00000000  00000-0  00000+0 0    06
2 00940  53.0000  60.0000 0000001   0.0000 193.0909 15.76629586    06
Starlink-340 940
1 00941U 00000ABC 00001.00000000  .00000000  00000-0  00000+0 0    07
2 00941  53.0000  60.0000 0000001   0.0000 196.3636 15.76629586    00
Starlink-340 941
1 00942U 00000ABC 00001.00000000  .00000000  00000-0  00000+0 0    08
2 00942  53.0000  60.0000 0000001   0.0000 199.6364 15.76629586    05
Starlink-340 942
1 00943U 00000ABC 00001.00000000  .00000000  00000-0  00000+0 0    09
2 00943  53.0000  60.0000 0000001   0.0000 202.9091 15.76629586    01
Starlink-340 943
1 00944U 00000ABC 00001.00000000  .00000000  00000-0  00000+0 0    00
2 00944  53.0000  60.0000 0000001   0.0000 206.1818 15.76629586    05
Starlink-340 944
1 00945U 00000ABC 00001.00000000  .00000000  00000-0  00000+0 0    01
2 00945  53.0000  60.0000 0000001   0.0000 209.4545 15.76629586    09
Starlink-340 945
1 00946U 00000ABC 00001.00000000  .00000000  00000-0  00000+0 0    02
2 00946  53.0000  60.0000 0000001   0.0000 212.7273 15.76629586    05
Starlink-340 946
1 00947U 00000ABC 00001.00000000  .00000000  00000-0  00000+0 0    03
2 00947  53.0000  60.0000 0000001   0.0000 216.0000 15.76629586    01
Starlink-340 947
1 00948U 00000ABC 00001.00000000  .00000000  00000-0  00000+0 0    04
2 00948  53.0000  60.0000 0000001   0.0000 219.2727 15.76629586    03
Starlink-340 948
1 00949U 00000ABC 00001.00000000  .00000000  00000-0  00000+0 0    05
2 00949  53.0000  60.0000 0000001   0.0000 222.5455 15.76629586    09
Starlink-340 949
1 00950U 00000ABC 00001.00000000  .00000000  00000-0  00000+0 0    07
2 00950  53.0000  60.0000 0000001   0.0000 225.8182 15.76629586    04
Starlink-340 950
1 00951U 00000ABC 00001.00000000  .00000000  00000-0  00000+0 0    08
2 00951  53.0000  60.0000 0000001   0.0000 229.0909 15.76629586    08
Starlink-340 951
1 00952U 00000ABC 00001.00000000  .00000000  00000-0  00000+0 0    09
2 00952  53.0000  60.0000 0000001   0.0000 232.3636 15.76629586    03
Starlink-340 952
1 00953U 00000ABC 00001.00000000  .00000000  00000-0  00000+0 0    00
2 00953  53.0000  60.0000 0000001   0.0000 235.6364 15.76629586    08
Starlink-340 953
1 00954U 00000ABC 00001.00000000  .00000000  00000-0  00000+0 0    01
2 00954  53.0000  60.0000 0000001   0.0000 238.9091 15.76629586    02
Starlink-340 954
1 00955U 00000ABC 00001.00000000  .00000000  00000-0  00000+0 0    02
2 00955  53.0000  60.0000 0000001   0.0000 242.1818 15.76629586    07
Starlink-340 955
1 00956U 00000ABC 00001.00000000  .00000000  00000-0  00000+0 0    03
2 00956  53.0000  60.0000 0000001   0.0000 245.4545 15.76629586    01
Starlink-340 956
1 00957U 00000ABC 00001.00000000  .00000000  00000-0  00000+0 0    04
2 00957  53.0000  60.0000 0000001   0.0000 248.7273 15.76629586    06
Starlink-340 957
1 00958U 00000ABC 00001.00000000  .00000000  00000-0  00000+0 0    05
2 00958  53.0000  60.0000 0000001   0.0000 252.0000 15.76629586    03
Starlink-340 958
1 00959U 00000ABC 00001.00000000  .00000000  00000-0  00000+0 0    06
2 00959  53.0000  60.0000 0000001   0.0000 255.2727 15.76629586    05
Starlink-340 959
1 00960U 00000ABC 00001.00000000  .00000000  00000-0  00000+0 0    08
2 00960  53.0000  60.0000 0000001   0.0000 258.5455 15.76629586    01
Starlink-340 960
1 00961U 00000ABC 00001.00000000  .00000000  00000-0  00000+0 0    09
2 00961  53.0000  60.0000 0000001   0.0000 261.8182 15.76629586    06
Starlink-340 961
1 00962U 00000ABC 00001.00000000  .00000000  00000-0  00000+0 0    00
2 00962  53.0000  60.0000 0000001   0.0000 265.0909 15.76629586    00
Starlink-340 962
1 00963U 00000ABC 00001.00000000  .00000000  00000-0  00000+0 0    01
2 00963  53.0000  60.0000 0000001   0.0000 268.3636 15.76629586    04
Starlink-340 963
1 00964U 00000ABC 00001.00000000  .00000000  00000-0  00000+0 0    02
2 00964  53.0000  60.0000 0000001   0.0000 271.6364 15.76629586    00
Starlink-340 964
1 00965U 00000ABC 00001.00000000  .00000000  00000-0  00000+0 0    03
2 00965  53.0000  60.0000 0000001   0.0000 274.9091 15.76629586    04
Starlink-340 965
1 00966U 00000ABC 00001.00000000  .00000000  00000-0  00000+0 0    04
2 00966  53.0000  60.0000 0000001   0.0000 278.1818 15.76629586    08
Starlink-340 966
1 00967U 00000ABC 00001.00000000  .00000000  00000-0  00000+0 0    05
2 00967  53.0000  60.0000 0000001   0.0000 281.4545 15.76629586    03
Starlink-340 967
1 00968U 00000ABC 00001.00000000  .00000000  00000-0  00000+0 0    06
2 00968  53.0000  60.0000 0000001   0.0000 284.7273 15.76629586    08
Starlink-340 968
1 00969U 00000ABC 00001.00000000  .00000000  00000-0  00000+0 0    07
2 00969  53.0000  60.0000 0000001   0.0000 288.0000 15.76629586    04
Starlink-340 969
1 00970U 00000ABC 00001.00000000  .00000000  00000-0  00000+0 0    09
2 00970  53.0000  60.0000 0000001   0.0000 291.2727 15.76629586    08
Starlink-340 970
1 00971U 00000ABC 00001.00000000  .00000000  00000-0  00000+0 0    00
2 00971  53.0000  60.0000 0000001   0.0000 294.5455 15.76629586    03
Starlink-340 971
1 00972U 00000ABC 00001.00000000  .00000000  00000-0  00000+0 0    01
2 00972  53.0000  60.0000 0000001   0.0000 297.8182 15.76629586    07
Starlink-340 972
1 00973U 00000ABC 00001.00000000  .00000000  00000-0  00000+0 0    02
2 00973  53.0000  60.0000 0000001   0.0000 301.0909 15.76629586    03
Starlink-340 973
1 00974U 00000ABC 00001.00000000  .00000000  00000-0  00000+0 0    03
2 00974  53.0000  60.0000 0000001   0.0000 304.3636 15.76629586    07
Starlink-340 974
1 00975U 00000ABC 00001.00000000  .00000000  00000-0  00000+0 0    04
2 00975  53.0000  60.0000 0000001   0.0000 307.6364 15.76629586    02
Starlink-340 975
1 00976U 00000ABC 00001.00000000  .00000000  00000-0  00000+0 0    05
2 00976  53.0000  60.0000 0000001   0.0000 310.9091 15.76629586    07
Starlink-340 976
1 00977U 00000ABC 00001.00000000  .00000000  00000-0  00000+0 0    06
2 00977  53.0000  60.0000 0000001   0.0000 314.1818 15.76629586    01
Starlink-340 977
1 00978U 00000ABC 00001.00000000  .00000000  00000-0  00000+0 0    07
2 00978  53.0000  60.0000 0000001   0.0000 317.4545 15.76629586    05
Starlink-340 978
1 00979U 00000ABC 00001.00000000  .00000000  00000-0  00000+0 0    08
2 00979  53.0000  60.0000 0000001   0.0000 320.7273 15.76629586    01
Starlink-340 979
1 00980U 00000ABC 00001.00000000  .00000000  00000-0  00000+0 0    00
2 00980  53.0000  60.0000 0000001   0.0000 324.0000 15.76629586    08
Starlink-340 980
1 00981U 00000ABC 00001.00000000  .00000000  00000-0  00000+0 0    01
2 00981  53.0000  60.0000 0000001   0.0000 327.2727 15.76629586    00
Starlink-340 981
1 00982U 00000ABC 00001.00000000  .00000000  00000-0  00000+0 0    02
2 00982  53.0000  60.0000 0000001   0.0000 330.5455 15.76629586    06
Starlink-340 982
1 00983U 00000ABC 00001.00000000  .00000000  00000-0  00000+0 0    03
2 00983  53.0000  60.0000 0000001   0.0000 333.8182 15.76629586    00
Starlink-340 983
1 00984U 00000ABC 00001.00000000  .00000000  00000-0  00000+0 0    04
2 00984  53.0000  60.0000 0000001   0.0000 337.0909 15.76629586    04
Starlink-340 984
1 00985U 00000ABC 00001.00000000  .00000000  00000-0  00000+0 0    05
2 00985  53.0000  60.0000 0000001   0.0000 340.3636 15.76629586    09
Starlink-340 985
1 00986U 00000ABC 00001.00000000  .00000000  00000-0  00000+0 0    06
2 00986  53.0000  60.0000 0000001   0.0000 343.6364 15.76629586    04
Starlink-340 986
1 00987U 00000ABC 00001.00000000  .00000000  00000-0  00000+0 0    07
2 00987  53.0000  60.0000 0000001   0.0000 346.9091 15.76629586    08
Starlink-340 987
1 00988U 00000ABC 00001.00000000  .00000000  00000-0  00000+0 0    08
2 00988  53.0000  60.0000 0000001   0.0000 350.1818 15.76629586    03
Starlink-340 988
1 00989U 00000ABC 00001.00000000  .00000000  00000-0  00000+0 0    09
2 00989  53.0000  60.0000 0000001   0.0000 353.4545 15.76629586    07
Starlink-340 989
1 00990U 00000ABC 00001.00000000  .00000000  00000-0  00000+0 0    01
2 00990  53.0000  60.0000 0000001   0.0000 356.7273 15.76629586    03
Starlink-340 990
1 00991U 00000ABC 00001.00000000  .00000000  00000-0  00000+0 0    02
2 00991  53.0000  67.5000 0000001   0.0000   1.6364 15.76629586    03
Starlink-340 991
1 00992U 00000ABC 00001.00000000  .00000000  00000-0  00000+0 0    03
2 00992  53.0000  67.5000 0000001   0.0000   4.9091 15.76629586    07
Starlink-340 992
1 00993U 00000ABC 00001.00000000  .00000000  00000-0  00000+0 0    04
2 00993  53.0000  67.5000 0000001   0.0000   8.1818 15.76629586    01
Starlink-340 993
1 00994U 00000ABC 00001.00000000  .00000000  00000-0  00000+0 0    05
2 00994  53.0000  67.5000 0000001   0.0000  11.4545 15.76629586    06
Starlink-340 994
1 00995U 00000ABC 00001.00000000  .00000000  00000-0  00000+0 0    06
2 00995  53.0000  67.5000 0000001   0.0000  14.7273 15.76629586    01
Starlink-340 995
1 00996U 00000ABC 00001.00000000  .00000000  00000-0  00000+0 0    07
2 00996  53.0000  67.5000 0000001   0.0000  18.0000 15.76629586    07
Starlink-340 996
1 00997U 00000ABC 00001.00000000  .00000000  00000-0  00000+0 0    08
2 00997  53.0000  67.5000 0000001   0.0000  21.2727 15.76629586    00
Starlink-340 997
1 00998U 00000ABC 00001.00000000  .00000000  00000-0  00000+0 0    09
2 00998  53.0000  67.5000 0000001   0.0000  24.5455 15.76629586    05
Starlink-340 998
1 00999U 00000ABC 00001.00000000  .00000000  00000-0  00000+0 0    00
2 00999  53.0000  67.5000 0000001   0.0000  27.8182 15.76629586    09
Starlink-340 999
1 01000U 00000ABC 00001.00000000  .00000000  00000-0  00000+0 0    04
2 01000  53.0000  67.5000 0000001   0.0000  31.0909 15.76629586    07
Starlink-340 1000
1 01001U 00000ABC 00001.00000000  .00000000  00000-0  00000+0 0    05
2 01001  53.0000  67.5000 0000001   0.0000  34.3636 15.76629586    01
Starlink-340 1001
1 01002U 00000ABC 00001.00000000  .00000000  00000-0  00000+0 0    06
2 01002  53.0000  67.5000 0000001   0.0000  37.6364 15.76629586    06
Starlink-340 1002
1 01003U 00000ABC 00001.00000000  .00000000  00000-0  00000+0 0    07
2 01003  53.0000  67.5000 0000001   0.0000  40.9091 15.76629586    01
Starlink-340 1003
1 01004U 00000ABC 00001.00000000  .00000000  00000-0  00000+0 0    08
2 01004  53.0000  67.5000 0000001   0.0000  44.1818 15.76629586    05
Starlink-340 1004
1 01005U 00000ABC 00001.00000000  .00000000  00000-0  00000+0 0    09
2 01005  53.0000  67.5000 0000001   0.0000  47.4545 15.76629586    09
Starlink-340 1005
1 01006U 00000ABC 00001.00000000  .00000000  00000-0  00000+0 0    00
2 01006  53.0000  67.5000 0000001   0.0000  50.7273 15.76629586    05
Starlink-340 1006
1 01007U 00000ABC 00001.00000000  .00000000  00000-0  00000+0 0    01
2 01007  53.0000  67.5000 0000001   0.0000  54.0000 15.76629586    01
Starlink-340 1007
1 01008U 00000ABC 00001.00000000  .00000000  00000-0  00000+0 0    02
2 01008  53.0000  67.5000 0000001   0.0000  57.2727 15.76629586    03
Starlink-340 1008
1 01009U 00000ABC 00001.00000000  .00000000  00000-0  00000+0 0    03
2 01009  53.0000  67.5000 0000001   0.0000  60.5455 15.76629586    09
Starlink-340 1009
1 01010U 00000ABC 00001.00000000  .00000000  00000-0  00000+0 0    05
2 01010  53.0000  67.5000 0000001   0.0000  63.8182 15.76629586    04
Starlink-340 1010
1 01011U 00000ABC 00001.00000000  .00000000  00000-0  00000+0 0    06
2 01011  53.0000  67.5000 0000001   0.0000  67.0909 15.76629586    08
Starlink-340 1011
1 01012U 00000ABC 00001.00000000  .00000000  00000-0  00000+0 0    07
2 01012  53.0000  67.5000 0000001   0.0000  70.3636 15.76629586    03
Starlink-340 1012
1 01013U 00000ABC 00001.00000000  .00000000  00000-0  00000+0 0    08
2 01013  53.0000  67.5000 0000001   0.0000  73.6364 15.76629586    08
Starlink-340 1013
1 01014U 00000ABC 00001.00000000  .00000000  00000-0  00000+0 0    09
2 01014  53.0000  67.5000 0000001   0.0000  76.9091 15.76629586    02
Starlink-340 1014
1 01015U 00000ABC 00001.00000000  .00000000  00000-0  00000+0 0    00
2 01015  53.0000  67.5000 0000001   0.0000  80.1818 15.76629586    07
Starlink-340 1015
1 01016U 00000ABC 00001.00000000  .00000000  00000-0  00000+0 0    01
2 01016  53.0000  67.5000 0000001   0.0000  83.4545 15.76629586    01
Starlink-340 1016
1 01017U 00000ABC 00001.00000000  .00000000  00000-0  00000+0 0    02
2 01017  53.0000  67.5000 0000001   0.0000  86.7273 15.76629586    06
Starlink-340 1017
1 01018U 00000ABC 00001.00000000  .00000000  00000-0  00000+0 0    03
2 01018  53.0000  67.5000 0000001   0.0000  90.0000 15.76629586    03
Starlink-340 1018
1 01019U 00000ABC 00001.00000000  .00000000  00000-0  00000+0 0    04
2 01019  53.0000  67.5000 0000001   0.0000  93.2727 15.76629586    05
Starlink-340 1019
1 01020U 00000ABC 00001.00000000  .00000000  00000-0  00000+0 0    06
2 01020  53.0000  67.5000 0000001   0.0000  96.5455 15.76629586    01
Starlink-340 1020
1 01021U 00000ABC 00001.00000000  .00000000  00000-0  00000+0 0    07
2 01021  53.0000  67.5000 0000001   0.0000  99.8182 15.76629586    05
Starlink-340 1021
1 01022U 00000ABC 00001.00000000  .00000000  00000-0  00000+0 0    08
2 01022  53.0000  67.5000 0000001   0.0000 103.0909 15.76629586    01
Starlink-340 1022
1 01023U 00000ABC 00001.00000000  .00000000  00000-0  00000+0 0    09
2 01023  53.0000  67.5000 0000001   0.0000 106.3636 15.76629586    05
Starlink-340 1023
1 01024U 00000ABC 00001.00000000  .00000000  00000-0  00000+0 0    00
2 01024  53.0000  67.5000 0000001   0.0000 109.6364 15.76629586    00
Starlink-340 1024
1 01025U 00000ABC 00001.00000000  .00000000  00000-0  00000+0 0    01
2 01025  53.0000  67.5000 0000001   0.0000 112.9091 15.76629586    05
Starlink-340 1025
1 01026U 00000ABC 00001.00000000  .00000000  00000-0  00000+0 0    02
2 01026  53.0000  67.5000 0000001   0.0000 116.1818 15.76629586    09
Starlink-340 1026
1 01027U 00000ABC 00001.00000000  .00000000  00000-0  00000+0 0    03
2 01027  53.0000  67.5000 0000001   0.0000 119.4545 15.76629586    03
Starlink-340 1027
1 01028U 00000ABC 00001.00000000  .00000000  00000-0  00000+0 0    04
2 01028  53.0000  67.5000 0000001   0.0000 122.7273 15.76629586    09
Starlink-340 1028
1 01029U 00000ABC 00001.00000000  .00000000  00000-0  00000+0 0    05
2 01029  53.0000  67.5000 0000001   0.0000 126.0000 15.76629586    05
Starlink-340 1029
1 01030U 00000ABC 00001.00000000  .00000000  00000-0  00000+0 0    07
2 01030  53.0000  67.5000 0000001   0.0000 129.2727 15.76629586    08
Starlink-340 1030
1 01031U 00000ABC 00001.00000000  .00000000  00000-0  00000+0 0    08
2 01031  53.0000  67.5000 0000001   0.0000 132.5455 15.76629586    04
Starlink-340 1031
1 01032U 00000ABC 00001.00000000  .00000000  00000-0  00000+0 0    09
2 01032  53.0000  67.5000 0000001   0.0000 135.8182 15.76629586    08
Starlink-340 1032
1 01033U 00000ABC 00001.00000000  .00000000  00000-0  00000+0 0    00
2 01033  53.0000  67.5000 0000001   0.0000 139.0909 15.76629586    02
Starlink-340 1033
1 01034U 00000ABC 00001.00000000  .00000000  00000-0  00000+0 0    01
2 01034  53.0000  67.5000 0000001   0.0000 142.3636 15.76629586    07
Starlink-340 1034
1 01035U 00000ABC 00001.00000000  .00000000  00000-0  00000+0 0    02
2 01035  53.0000  67.5000 0000001   0.0000 145.6364 15.76629586    02
Starlink-340 1035
1 01036U 00000ABC 00001.00000000  .00000000  00000-0  00000+0 0    03
2 01036  53.0000  67.5000 0000001   0.0000 148.9091 15.76629586    06
Starlink-340 1036
1 01037U 00000ABC 00001.00000000  .00000000  00000-0  00000+0 0    04
2 01037  53.0000  67.5000 0000001   0.0000 152.1818 15.76629586    01
Starlink-340 1037
1 01038U 00000ABC 00001.00000000  .00000000  00000-0  00000+0 0    05
2 01038  53.0000  67.5000 0000001   0.0000 155.4545 15.76629586    05
Starlink-340 1038
1 01039U 00000ABC 00001.00000000  .00000000  00000-0  00000+0 0    06
2 01039  53.0000  67.5000 0000001   0.0000 158.7273 15.76629586    00
Starlink-340 1039
1 01040U 00000ABC 00001.00000000  .00000000  00000-0  00000+0 0    08
2 01040  53.0000  67.5000 0000001   0.0000 162.0000 15.76629586    08
Starlink-340 1040
1 01041U 00000ABC 00001.00000000  .00000000  00000-0  00000+0 0    09
2 01041  53.0000  67.5000 0000001   0.0000 165.2727 15.76629586    00
Starlink-340 1041
1 01042U 00000ABC 00001.00000000  .00000000  00000-0  00000+0 0    00
2 01042  53.0000  67.5000 0000001   0.0000 168.5455 15.76629586    05
Starlink-340 1042
1 01043U 00000ABC 00001.00000000  .00000000  00000-0  00000+0 0    01
2 01043  53.0000  67.5000 0000001   0.0000 171.8182 15.76629586    00
Starlink-340 1043
1 01044U 00000ABC 00001.00000000  .00000000  00000-0  00000+0 0    02
2 01044  53.0000  67.5000 0000001   0.0000 175.0909 15.76629586    04
Starlink-340 1044
1 01045U 00000ABC 00001.00000000  .00000000  00000-0  00000+0 0    03
2 01045  53.0000  67.5000 0000001   0.0000 178.3636 15.76629586    08
Starlink-340 1045
1 01046U 00000ABC 00001.00000000  .00000000  00000-0  00000+0 0    04
2 01046  53.0000  67.5000 0000001   0.0000 181.6364 15.76629586    04
Starlink-340 1046
1 01047U 00000ABC 00001.00000000  .00000000  00000-0  00000+0 0    05
2 01047  53.0000  67.5000 0000001   0.0000 184.9091 15.76629586    08
Starlink-340 1047
1 01048U 00000ABC 00001.00000000  .00000000  00000-0  00000+0 0    06
2 01048  53.0000  67.5000 0000001   0.0000 188.1818 15.76629586    02
Starlink-340 1048
1 01049U 00000ABC 00001.00000000  .00000000  00000-0  00000+0 0    07
2 01049  53.0000  67.5000 0000001   0.0000 191.4545 15.76629586    07
Starlink-340 1049
1 01050U 00000ABC 00001.00000000  .00000000  00000-0  00000+0 0    09
2 01050  53.0000  67.5000 0000001   0.0000 194.7273 15.76629586    03
Starlink-340 1050
1 01051U 00000ABC 00001.00000000  .00000000  00000-0  00000+0 0    00
2 01051  53.0000  67.5000 0000001   0.0000 198.0000 15.76629586    09
Starlink-340 1051
1 01052U 00000ABC 00001.00000000  .00000000  00000-0  00000+0 0    01
2 01052  53.0000  67.5000 0000001   0.0000 201.2727 15.76629586    03
Starlink-340 1052
1 01053U 00000ABC 00001.00000000  .00000000  00000-0  00000+0 0    02
2 01053  53.0000  67.5000 0000001   0.0000 204.5455 15.76629586    08
Starlink-340 1053
1 01054U 00000ABC 00001.00000000  .00000000  00000-0  00000+0 0    03
2 01054  53.0000  67.5000 0000001   0.0000 207.8182 15.76629586    02
Starlink-340 1054
1 01055U 00000ABC 00001.00000000  .00000000  00000-0  00000+0 0    04
2 01055  53.0000  67.5000 0000001   0.0000 211.0909 15.76629586    07
Starlink-340 1055
1 01056U 00000ABC 00001.00000000  .00000000  00000-0  00000+0 0    05
2 01056  53.0000  67.5000 0000001   0.0000 214.3636 15.76629586    01
Starlink-340 1056
1 01057U 00000ABC 00001.00000000  .00000000  00000-0  00000+0 0    06
2 01057  53.0000  67.5000 0000001   0.0000 217.6364 15.76629586    06
Starlink-340 1057
1 01058U 00000ABC 00001.00000000  .00000000  00000-0  00000+0 0    07
2 01058  53.0000  67.5000 0000001   0.0000 220.9091 15.76629586    01
Starlink-340 1058
1 01059U 00000ABC 00001.00000000  .00000000  00000-0  00000+0 0    08
2 01059  53.0000  67.5000 0000001   0.0000 224.1818 15.76629586    05
Starlink-340 1059
1 01060U 00000ABC 00001.00000000  .00000000  00000-0  00000+0 0    00
2 01060  53.0000  67.5000 0000001   0.0000 227.4545 15.76629586    00
Starlink-340 1060
1 01061U 00000ABC 00001.00000000  .00000000  00000-0  00000+0 0    01
2 01061  53.0000  67.5000 0000001   0.0000 230.7273 15.76629586    06
Starlink-340 1061
1 01062U 00000ABC 00001.00000000  .00000000  00000-0  00000+0 0    02
2 01062  53.0000  67.5000 0000001   0.0000 234.0000 15.76629586    02
Starlink-340 1062
1 01063U 00000ABC 00001.00000000  .00000000  00000-0  00000+0 0    03
2 01063  53.0000  67.5000 0000001   0.0000 237.2727 15.76629586    04
Starlink-340 1063
1 01064U 00000ABC 00001.00000000  .00000000  00000-0  00000+0 0    04
2 01064  53.0000  67.5000 0000001   0.0000 240.5455 15.76629586    00
Starlink-340 1064
1 01065U 00000ABC 00001.00000000  .00000000  00000-0  00000+0 0    05
2 01065  53.0000  67.5000 0000001   0.0000 243.8182 15.76629586    04
Starlink-340 1065
1 01066U 00000ABC 00001.00000000  .00000000  00000-0  00000+0 0    06
2 01066  53.0000  67.5000 0000001   0.0000 247.0909 15.76629586    08
Starlink-340 1066
1 01067U 00000ABC 00001.00000000  .00000000  00000-0  00000+0 0    07
2 01067  53.0000  67.5000 0000001   0.0000 250.3636 15.76629586    03
Starlink-340 1067
1 01068U 00000ABC 00001.00000000  .00000000  00000-0  00000+0 0    08
2 01068  53.0000  67.5000 0000001   0.0000 253.6364 15.76629586    08
Starlink-340 1068
1 01069U 00000ABC 00001.00000000  .00000000  00000-0  00000+0 0    09
2 01069  53.0000  67.5000 0000001   0.0000 256.9091 15.76629586    02
Starlink-340 1069
1 01070U 00000ABC 00001.00000000  .00000000  00000-0  00000+0 0    01
2 01070  53.0000  67.5000 0000001   0.0000 260.1818 15.76629586    08
Starlink-340 1070
1 01071U 00000ABC 00001.00000000  .00000000  00000-0  00000+0 0    02
2 01071  53.0000  67.5000 0000001   0.0000 263.4545 15.76629586    02
Starlink-340 1071
1 01072U 00000ABC 00001.00000000  .00000000  00000-0  00000+0 0    03
2 01072  53.0000  67.5000 0000001   0.0000 266.7273 15.76629586    07
Starlink-340 1072
1 01073U 00000ABC 00001.00000000  .00000000  00000-0  00000+0 0    04
2 01073  53.0000  67.5000 0000001   0.0000 270.0000 15.76629586    04
Starlink-340 1073
1 01074U 00000ABC 00001.00000000  .00000000  00000-0  00000+0 0    05
2 01074  53.0000  67.5000 0000001   0.0000 273.2727 15.76629586    06
Starlink-340 1074
1 01075U 00000ABC 00001.00000000  .00000000  00000-0  00000+0 0    06
2 01075  53.0000  67.5000 0000001   0.0000 276.5455 15.76629586    01
Starlink-340 1075
1 01076U 00000ABC 00001.00000000  .00000000  00000-0  00000+0 0    07
2 01076  53.0000  67.5000 0000001   0.0000 279.8182 15.76629586    05
Starlink-340 1076
1 01077U 00000ABC 00001.00000000  .00000000  00000-0  00000+0 0    08
2 01077  53.0000  67.5000 0000001   0.0000 283.0909 15.76629586    00
Starlink-340 1077
1 01078U 00000ABC 00001.00000000  .00000000  00000-0  00000+0 0    09
2 01078  53.0000  67.5000 0000001   0.0000 286.3636 15.76629586    04
Starlink-340 1078
1 01079U 00000ABC 00001.00000000  .00000000  00000-0  00000+0 0    00
2 01079  53.0000  67.5000 0000001   0.0000 289.6364 15.76629586    09
Starlink-340 1079
1 01080U 00000ABC 00001.00000000  .00000000  00000-0  00000+0 0    02
2 01080  53.0000  67.5000 0000001   0.0000 292.9091 15.76629586    05
Starlink-340 1080
1 01081U 00000ABC 00001.00000000  .00000000  00000-0  00000+0 0    03
2 01081  53.0000  67.5000 0000001   0.0000 296.1818 15.76629586    09
Starlink-340 1081
1 01082U 00000ABC 00001.00000000  .00000000  00000-0  00000+0 0    04
2 01082  53.0000  67.5000 0000001   0.0000 299.4545 15.76629586    03
Starlink-340 1082
1 01083U 00000ABC 00001.00000000  .00000000  00000-0  00000+0 0    05
2 01083  53.0000  67.5000 0000001   0.0000 302.7273 15.76629586    00
Starlink-340 1083
1 01084U 00000ABC 00001.00000000  .00000000  00000-0  00000+0 0    06
2 01084  53.0000  67.5000 0000001   0.0000 306.0000 15.76629586    06
Starlink-340 1084
1 01085U 00000ABC 00001.00000000  .00000000  00000-0  00000+0 0    07
2 01085  53.0000  67.5000 0000001   0.0000 309.2727 15.76629586    08
Starlink-340 1085
1 01086U 00000ABC 00001.00000000  .00000000  00000-0  00000+0 0    08
2 01086  53.0000  67.5000 0000001   0.0000 312.5455 15.76629586    04
Starlink-340 1086
1 01087U 00000ABC 00001.00000000  .00000000  00000-0  00000+0 0    09
2 01087  53.0000  67.5000 0000001   0.0000 315.8182 15.76629586    08
Starlink-340 1087
1 01088U 00000ABC 00001.00000000  .00000000  00000-0  00000+0 0    00
2 01088  53.0000  67.5000 0000001   0.0000 319.0909 15.76629586    02
Starlink-340 1088
1 01089U 00000ABC 00001.00000000  .00000000  00000-0  00000+0 0    01
2 01089  53.0000  67.5000 0000001   0.0000 322.3636 15.76629586    07
Starlink-340 1089
1 01090U 00000ABC 00001.00000000  .00000000  00000-0  00000+0 0    03
2 01090  53.0000  67.5000 0000001   0.0000 325.6364 15.76629586    03
Starlink-340 1090
1 01091U 00000ABC 00001.00000000  .00000000  00000-0  00000+0 0    04
2 01091  53.0000  67.5000 0000001   0.0000 328.9091 15.76629586    07
Starlink-340 1091
1 01092U 00000ABC 00001.00000000  .00000000  00000-0  00000+0 0    05
2 01092  53.0000  67.5000 0000001   0.0000 332.1818 15.76629586    02
Starlink-340 1092
1 01093U 00000ABC 00001.00000000  .00000000  00000-0  00000+0 0    06
2 01093  53.0000  67.5000 0000001   0.0000 335.4545 15.76629586    06
Starlink-340 1093
1 01094U 00000ABC 00001.00000000  .00000000  00000-0  00000+0 0    07
2 01094  53.0000  67.5000 0000001   0.0000 338.7273 15.76629586    01
Starlink-340 1094
1 01095U 00000ABC 00001.00000000  .00000000  00000-0  00000+0 0    08
2 01095  53.0000  67.5000 0000001   0.0000 342.0000 15.76629586    08
Starlink-340 1095
1 01096U 00000ABC 00001.00000000  .00000000  00000-0  00000+0 0    09
2 01096  53.0000  67.5000 0000001   0.0000 345.2727 15.76629586    00
Starlink-340 1096
1 01097U 00000ABC 00001.00000000  .00000000  00000-0  00000+0 0    00
2 01097  53.0000  67.5000 0000001   0.0000 348.5455 15.76629586    05
Starlink-340 1097
1 01098U 00000ABC 00001.00000000  .00000000  00000-0  00000+0 0    01
2 01098  53.0000  67.5000 0000001   0.0000 351.8182 15.76629586    00
Starlink-340 1098
1 01099U 00000ABC 00001.00000000  .00000000  00000-0  00000+0 0    02
2 01099  53.0000  67.5000 0000001   0.0000 355.0909 15.76629586    04
Starlink-340 1099
1 01100U 00000ABC 00001.00000000  .00000000  00000-0  00000+0 0    05
2 01100  53.0000  67.5000 0000001   0.0000 358.3636 15.76629586    00
Starlink-340 1100
1 01101U 00000ABC 00001.00000000  .00000000  00000-0  00000+0 0    06
2 01101  53.0000  75.0000 0000001   0.0000   0.0000 15.76629586    01
Starlink-340 1101
1 01102U 00000ABC 00001.00000000  .00000000  00000-0  00000+0 0    07
2 01102  53.0000  75.0000 0000001   0.0000   3.2727 15.76629586    03
Starlink-340 1102
1 01103U 00000ABC 00001.00000000  .00000000  00000-0  00000+0 0    08
2 01103  53.0000  75.0000 0000001   0.0000   6.5455 15.76629586    08
Starlink-340 1103
1 01104U 00000ABC 00001.00000000  .00000000  00000-0  00000+0 0    09
2 01104  53.0000  75.0000 0000001   0.0000   9.8182 15.76629586    02
Starlink-340 1104
1 01105U 00000ABC 00001.00000000  .00000000  00000-0  00000+0 0    00
2 01105  53.0000  75.0000 0000001   0.0000  13.0909 15.76629586    07
Starlink-340 1105
1 01106U 00000ABC 00001.00000000  .00000000  00000-0  00000+0 0    01
2 01106  53.0000  75.0000 0000001   0.0000  16.3636 15.76629586    01
Starlink-340 1106
1 01107U 00000ABC 00001.00000000  .00000000  00000-0  00000+0 0    02
2 01107  53.0000  75.0000 0000001   0.0000  19.6364 15.76629586    06
Starlink-340 1107
1 01108U 00000ABC 00001.00000000  .00000000  00000-0  00000+0 0    03
2 01108  53.0000  75.0000 0000001   0.0000  22.9091 15.76629586    01
Starlink-340 1108
1 01109U 00000ABC 00001.00000000  .00000000  00000-0  00000+0 0    04
2 01109  53.0000  75.0000 0000001   0.0000  26.1818 15.76629586    05
Starlink-340 1109
1 01110U 00000ABC 00001.00000000  .00000000  00000-0  00000+0 0    06
2 01110  53.0000  75.0000 0000001   0.0000  29.4545 15.76629586    00
Starlink-340 1110
1 01111U 00000ABC 00001.00000000  .00000000  00000-0  00000+0 0    07
2 01111  53.0000  75.0000 0000001   0.0000  32.7273 15.76629586    06
Starlink-340 1111
1 01112U 00000ABC 00001.00000000  .00000000  00000-0  00000+0 0    08
2 01112  53.0000  75.0000 0000001   0.0000  36.0000 15.76629586    02
Starlink-340 1112
1 01113U 00000ABC 00001.00000000  .00000000  00000-0  00000+0 0    09
2 01113  53.0000  75.0000 0000001   0.0000  39.2727 15.76629586    04
Starlink-340 1113
1 01114U 00000ABC 00001.00000000  .00000000  00000-0  00000+0 0    00
2 01114  53.0000  75.0000 0000001   0.0000  42.5455 15.76629586    00
Starlink-340 1114
1 01115U 00000ABC 00001.00000000  .00000000  00000-0  00000+0 0    01
2 01115  53.0000  75.0000 0000001   0.0000  45.8182 15.76629586    04
Starlink-340 1115
1 01116U 00000ABC 00001.00000000  .00000000  00000-0  00000+0 0    02
2 01116  53.0000  75.0000 0000001   0.0000  49.0909 15.76629586    08
Starlink-340 1116
1 01117U 00000ABC 00001.00000000  .00000000  00000-0  00000+0 0    03
2 01117  53.0000  75.0000 0000001   0.0000  52.3636 15.76629586    03
Starlink-340 1117
1 01118U 00000ABC 00001.00000000  .00000000  00000-0  00000+0 0    04
2 01118  53.0000  75.0000 0000001   0.0000  55.6364 15.76629586    08
Starlink-340 1118
1 01119U 00000ABC 00001.00000000  .00000000  00000-0  00000+0 0    05
2 01119  53.0000  75.0000 0000001   0.0000  58.9091 15.76629586    02
Starlink-340 1119
1 01120U 00000ABC 00001.00000000  .00000000  00000-0  00000+0 0    07
2 01120  53.0000  75.0000 0000001   0.0000  62.1818 15.76629586    08
Starlink-340 1120
1 01121U 00000ABC 00001.00000000  .00000000  00000-0  00000+0 0    08
2 01121  53.0000  75.0000 0000001   0.0000  65.4545 15.76629586    02
Starlink-340 1121
1 01122U 00000ABC 00001.00000000  .00000000  00000-0  00000+0 0    09
2 01122  53.0000  75.0000 0000001   0.0000  68.7273 15.76629586    07
Starlink-340 1122
1 01123U 00000ABC 00001.00000000  .00000000  00000-0  00000+0 0    00
2 01123  53.0000  75.0000 0000001   0.0000  72.0000 15.76629586    04
Starlink-340 1123
1 01124U 00000ABC 00001.00000000  .00000000  00000-0  00000+0 0    01
2 01124  53.0000  75.0000 0000001   0.0000  75.2727 15.76629586    06
Starlink-340 1124
1 01125U 00000ABC 00001.00000000  .00000000  00000-0  00000+0 0    02
2 01125  53.0000  75.0000 0000001   0.0000  78.5455 15.76629586    01
Starlink-340 1125
1 01126U 00000ABC 00001.00000000  .00000000  00000-0  00000+0 0    03
2 01126  53.0000  75.0000 0000001   0.0000  81.8182 15.76629586    06
Starlink-340 1126
1 01127U 00000ABC 00001.00000000  .00000000  00000-0  00000+0 0    04
2 01127  53.0000  75.0000 0000001   0.0000  85.0909 15.76629586    00
Starlink-340 1127
1 01128U 00000ABC 00001.00000000  .00000000  00000-0  00000+0 0    05
2 01128  53.0000  75.0000 0000001   0.0000  88.3636 15.76629586    04
Starlink-340 1128
1 01129U 00000ABC 00001.00000000  .00000000  00000-0  00000+0 0    06
2 01129  53.0000  75.0000 0000001   0.0000  91.6364 15.76629586    00
Starlink-340 1129
1 01130U 00000ABC 00001.00000000  .00000000  00000-0  00000+0 0    08
2 01130  53.0000  75.0000 0000001   0.0000  94.9091 15.76629586    05
Starlink-340 1130
1 01131U 00000ABC 00001.00000000  .00000000  00000-0  00000+0 0    09
2 01131  53.0000  75.0000 0000001   0.0000  98.1818 15.76629586    09
Starlink-340 1131
1 01132U 00000ABC 00001.00000000  .00000000  00000-0  00000+0 0    00
2 01132  53.0000  75.0000 0000001   0.0000 101.4545 15.76629586    05
Starlink-340 1132
1 01133U 00000ABC 00001.00000000  .00000000  00000-0  00000+0 0    01
2 01133  53.0000  75.0000 0000001   0.0000 104.7273 15.76629586    00
Starlink-340 1133
1 01134U 00000ABC 00001.00000000  .00000000  00000-0  00000+0 0    02
2 01134  53.0000  75.0000 0000001   0.0000 108.0000 15.76629586    06
Starlink-340 1134
1 01135U 00000ABC 00001.00000000  .00000000  00000-0  00000+0 0    03
2 01135  53.0000  75.0000 0000001   0.0000 111.2727 15.76629586    09
Starlink-340 1135
1 01136U 00000ABC 00001.00000000  .00000000  00000-0  00000+0 0    04
2 01136  53.0000  75.0000 0000001   0.0000 114.5455 15.76629586    04
Starlink-340 1136
1 01137U 00000ABC 00001.00000000  .00000000  00000-0  00000+0 0    05
2 01137  53.0000  75.0000 0000001   0.0000 117.8182 15.76629586    08
Starlink-340 1137
1 01138U 00000ABC 00001.00000000  .00000000  00000-0  00000+0 0    06
2 01138  53.0000  75.0000 0000001   0.0000 121.0909 15.76629586    03
Starlink-340 1138
1 01139U 00000ABC 00001.00000000  .00000000  00000-0  00000+0 0    07
2 01139  53.0000  75.0000 0000001   0.0000 124.3636 15.76629586    07
Starlink-340 1139
1 01140U 00000ABC 00001.00000000  .00000000  00000-0  00000+0 0    09
2 01140  53.0000  75.0000 0000001   0.0000 127.6364 15.76629586    03
Starlink-340 1140
1 01141U 00000ABC 00001.00000000  .00000000  00000-0  00000+0 0    00
2 01141  53.0000  75.0000 0000001   0.0000 130.9091 15.76629586    08
Starlink-340 1141
1 01142U 00000ABC 00001.00000000  .00000000  00000-0  00000+0 0    01
2 01142  53.0000  75.0000 0000001   0.0000 134.1818 15.76629586    02
Starlink-340 1142
1 01143U 00000ABC 00001.00000000  .00000000  00000-0  00000+0 0    02
2 01143  53.0000  75.0000 0000001   0.0000 137.4545 15.76629586    06
Starlink-340 1143
1 01144U 00000ABC 00001.00000000  .00000000  00000-0  00000+0 0    03
2 01144  53.0000  75.0000 0000001   0.0000 140.7273 15.76629586    02
Starlink-340 1144
1 01145U 00000ABC 00001.00000000  .00000000  00000-0  00000+0 0    04
2 01145  53.0000  75.0000 0000001   0.0000 144.0000 15.76629586    08
Starlink-340 1145
1 01146U 00000ABC 00001.00000000  .00000000  00000-0  00000+0 0    05
2 01146  53.0000  75.0000 0000001   0.0000 147.2727 15.76629586    00
Starlink-340 1146
1 01147U 00000ABC 00001.00000000  .00000000  00000-0  00000+0 0    06
2 01147  53.0000  75.0000 0000001   0.0000 150.5455 15.76629586    06
Starlink-340 1147
1 01148U 00000ABC 00001.00000000  .00000000  00000-0  00000+0 0    07
2 01148  53.0000  75.0000 0000001   0.0000 153.8182 15.76629586    00
Starlink-340 1148
1 01149U 00000ABC 00001.00000000  .00000000  00000-0  00000+0 0    08
2 01149  53.0000  75.0000 0000001   0.0000 157.0909 15.76629586    04
Starlink-340 1149
1 01150U 00000ABC 00001.00000000  .00000000  00000-0  00000+0 0    00
2 01150  53.0000  75.0000 0000001   0.0000 160.3636 15.76629586    00
Starlink-340 1150
1 01151U 00000ABC 00001.00000000  .00000000  00000-0  00000+0 0    01
2 01151  53.0000  75.0000 0000001   0.0000 163.6364 15.76629586    05
Starlink-340 1151
1 01152U 00000ABC 00001.00000000  .00000000  00000-0  00000+0 0    02
2 01152  53.0000  75.0000 0000001   0.0000 166.9091 15.76629586    09
Starlink-340 1152
1 01153U 00000ABC 00001.00000000  .00000000  00000-0  00000+0 0    03
2 01153  53.0000  75.0000 0000001   0.0000 170.1818 15.76629586    04
Starlink-340 1153
1 01154U 00000ABC 00001.00000000  .00000000  00000-0  00000+0 0    04
2 01154  53.0000  75.0000 0000001   0.0000 173.4545 15.76629586    08
Starlink-340 1154
1 01155U 00000ABC 00001.00000000  .00000000  00000-0  00000+0 0    05
2 01155  53.0000  75.0000 0000001   0.0000 176.7273 15.76629586    03
Starlink-340 1155
1 01156U 00000ABC 00001.00000000  .00000000  00000-0  00000+0 0    06
2 01156  53.0000  75.0000 0000001   0.0000 180.0000 15.76629586    00
Starlink-340 1156
1 01157U 00000ABC 00001.00000000  .00000000  00000-0  00000+0 0    07
2 01157  53.0000  75.0000 0000001   0.0000 183.2727 15.76629586    02
Starlink-340 1157
1 01158U 00000ABC 00001.00000000  .00000000  00000-0  00000+0 0    08
2 01158  53.0000  75.0000 0000001   0.0000 186.5455 15.76629586    07
Starlink-340 1158
1 01159U 00000ABC 00001.00000000  .00000000  00000-0  00000+0 0    09
2 01159  53.0000  75.0000 0000001   0.0000 189.8182 15.76629586    01
Starlink-340 1159
1 01160U 00000ABC 00001.00000000  .00000000  00000-0  00000+0 0    01
2 01160  53.0000  75.0000 0000001   0.0000 193.0909 15.76629586    07
Starlink-340 1160
1 01161U 00000ABC 00001.00000000  .00000000  00000-0  00000+0 0    02
2 01161  53.0000  75.0000 0000001   0.0000 196.3636 15.76629586    01
Starlink-340 1161
1 01162U 00000ABC 00001.00000000  .00000000  00000-0  00000+0 0    03
2 01162  53.0000  75.0000 0000001   0.0000 199.6364 15.76629586    06
Starlink-340 1162
1 01163U 00000ABC 00001.00000000  .00000000  00000-0  00000+0 0    04
2 01163  53.0000  75.0000 0000001   0.0000 202.9091 15.76629586    02
Starlink-340 1163
1 01164U 00000ABC 00001.00000000  .00000000  00000-0  00000+0 0    05
2 01164  53.0000  75.0000 0000001   0.0000 206.1818 15.76629586    06
Starlink-340 1164
1 01165U 00000ABC 00001.00000000  .00000000  00000-0  00000+0 0    06
2 01165  53.0000  75.0000 0000001   0.0000 209.4545 15.76629586    00
Starlink-340 1165
1 01166U 00000ABC 00001.00000000  .00000000  00000-0  00000+0 0    07
2 01166  53.0000  75.0000 0000001   0.0000 212.7273 15.76629586    06
Starlink-340 1166
1 01167U 00000ABC 00001.00000000  .00000000  00000-0  00000+0 0    08
2 01167  53.0000  75.0000 0000001   0.0000 216.0000 15.76629586    02
Starlink-340 1167
1 01168U 00000ABC 00001.00000000  .00000000  00000-0  00000+0 0    09
2 01168  53.0000  75.0000 0000001   0.0000 219.2727 15.76629586    04
Starlink-340 1168
1 01169U 00000ABC 00001.00000000  .00000000  00000-0  00000+0 0    00
2 01169  53.0000  75.0000 0000001   0.0000 222.5455 15.76629586    00
Starlink-340 1169
1 01170U 00000ABC 00001.00000000  .00000000  00000-0  00000+0 0    02
2 01170  53.0000  75.0000 0000001   0.0000 225.8182 15.76629586    05
Starlink-340 1170
1 01171U 00000ABC 00001.00000000  .00000000  00000-0  00000+0 0    03
2 01171  53.0000  75.0000 0000001   0.0000 229.0909 15.76629586    09
Starlink-340 1171
1 01172U 00000ABC 00001.00000000  .00000000  00000-0  00000+0 0    04
2 01172  53.0000  75.0000 0000001   0.0000 232.3636 15.76629586    04
Starlink-340 1172
1 01173U 00000ABC 00001.00000000  .00000000  00000-0  00000+0 0    05
2 01173  53.0000  75.0000 0000001   0.0000 235.6364 15.76629586    09
Starlink-340 1173
1 01174U 00000ABC 00001.00000000  .00000000  00000-0  00000+0 0    06
2 01174  53.0000  75.0000 0000001   0.0000 238.9091 15.76629586    03
Starlink-340 1174
1 01175U 00000ABC 00001.00000000  .00000000  00000-0  00000+0 0    07
2 01175  53.0000  75.0000 0000001   0.0000 242.1818 15.76629586    08
Starlink-340 1175
1 01176U 00000ABC 00001.00000000  .00000000  00000-0  00000+0 0    08
2 01176  53.0000  75.0000 0000001   0.0000 245.4545 15.76629586    02
Starlink-340 1176
1 01177U 00000ABC 00001.00000000  .00000000  00000-0  00000+0 0    09
2 01177  53.0000  75.0000 0000001   0.0000 248.7273 15.76629586    07
Starlink-340 1177
1 01178U 00000ABC 00001.00000000  .00000000  00000-0  00000+0 0    00
2 01178  53.0000  75.0000 0000001   0.0000 252.0000 15.76629586    04
Starlink-340 1178
1 01179U 00000ABC 00001.00000000  .00000000  00000-0  00000+0 0    01
2 01179  53.0000  75.0000 0000001   0.0000 255.2727 15.76629586    06
Starlink-340 1179
1 01180U 00000ABC 00001.00000000  .00000000  00000-0  00000+0 0    03
2 01180  53.0000  75.0000 0000001   0.0000 258.5455 15.76629586    02
Starlink-340 1180
1 01181U 00000ABC 00001.00000000  .00000000  00000-0  00000+0 0    04
2 01181  53.0000  75.0000 0000001   0.0000 261.8182 15.76629586    07
Starlink-340 1181
1 01182U 00000ABC 00001.00000000  .00000000  00000-0  00000+0 0    05
2 01182  53.0000  75.0000 0000001   0.0000 265.0909 15.76629586    01
Starlink-340 1182
1 01183U 00000ABC 00001.00000000  .00000000  00000-0  00000+0 0    06
2 01183  53.0000  75.0000 0000001   0.0000 268.3636 15.76629586    05
Starlink-340 1183
1 01184U 00000ABC 00001.00000000  .00000000  00000-0  00000+0 0    07
2 01184  53.0000  75.0000 0000001   0.0000 271.6364 15.76629586    01
Starlink-340 1184
1 01185U 00000ABC 00001.00000000  .00000000  00000-0  00000+0 0    08
2 01185  53.0000  75.0000 0000001   0.0000 274.9091 15.76629586    05
Starlink-340 1185
1 01186U 00000ABC 00001.00000000  .00000000  00000-0  00000+0 0    09
2 01186  53.0000  75.0000 0000001   0.0000 278.1818 15.76629586    09
Starlink-340 1186
1 01187U 00000ABC 00001.00000000  .00000000  00000-0  00000+0 0    00
2 01187  53.0000  75.0000 0000001   0.0000 281.4545 15.76629586    04
Starlink-340 1187
1 01188U 00000ABC 00001.00000000  .00000000  00000-0  00000+0 0    01
2 01188  53.0000  75.0000 0000001   0.0000 284.7273 15.76629586    09
Starlink-340 1188
1 01189U 00000ABC 00001.00000000  .00000000  00000-0  00000+0 0    02
2 01189  53.0000  75.0000 0000001   0.0000 288.0000 15.76629586    05
Starlink-340 1189
1 01190U 00000ABC 00001.00000000  .00000000  00000-0  00000+0 0    04
2 01190  53.0000  75.0000 0000001   0.0000 291.2727 15.76629586    09
Starlink-340 1190
1 01191U 00000ABC 00001.00000000  .00000000  00000-0  00000+0 0    05
2 01191  53.0000  75.0000 0000001   0.0000 294.5455 15.76629586    04
Starlink-340 1191
1 01192U 00000ABC 00001.00000000  .00000000  00000-0  00000+0 0    06
2 01192  53.0000  75.0000 0000001   0.0000 297.8182 15.76629586    08
Starlink-340 1192
1 01193U 00000ABC 00001.00000000  .00000000  00000-0  00000+0 0    07
2 01193  53.0000  75.0000 0000001   0.0000 301.0909 15.76629586    04
Starlink-340 1193
1 01194U 00000ABC 00001.00000000  .00000000  00000-0  00000+0 0    08
2 01194  53.0000  75.0000 0000001   0.0000 304.3636 15.76629586    08
Starlink-340 1194
1 01195U 00000ABC 00001.00000000  .00000000  00000-0  00000+0 0    09
2 01195  53.0000  75.0000 0000001   0.0000 307.6364 15.76629586    03
Starlink-340 1195
1 01196U 00000ABC 00001.00000000  .00000000  00000-0  00000+0 0    00
2 01196  53.0000  75.0000 0000001   0.0000 310.9091 15.76629586    08
Starlink-340 1196
1 01197U 00000ABC 00001.00000000  .00000000  00000-0  00000+0 0    01
2 01197  53.0000  75.0000 0000001   0.0000 314.1818 15.76629586    02
Starlink-340 1197
1 01198U 00000ABC 00001.00000000  .00000000  00000-0  00000+0 0    02
2 01198  53.0000  75.0000 0000001   0.0000 317.4545 15.76629586    06
Starlink-340 1198
1 01199U 00000ABC 00001.00000000  .00000000  00000-0  00000+0 0    03
2 01199  53.0000  75.0000 0000001   0.0000 320.7273 15.76629586    02
Starlink-340 1199
1 01200U 00000ABC 00001.00000000  .00000000  00000-0  00000+0 0    06
2 01200  53.0000  75.0000 0000001   0.0000 324.0000 15.76629586    00
Starlink-340 1200
1 01201U 00000ABC 00001.00000000  .00000000  00000-0  00000+0 0    07
2 01201  53.0000  75.0000 0000001   0.0000 327.2727 15.76629586    02
Starlink-340 1201
1 01202U 00000ABC 00001.00000000  .00000000  00000-0  00000+0 0    08
2 01202  53.0000  75.0000 0000001   0.0000 330.5455 15.76629586    08
Starlink-340 1202
1 01203U 00000ABC 00001.00000000  .00000000  00000-0  00000+0 0    09
2 01203  53.0000  75.0000 0000001   0.0000 333.8182 15.76629586    02
Starlink-340 1203
1 01204U 00000ABC 00001.00000000  .00000000  00000-0  00000+0 0    00
2 01204  53.0000  75.0000 0000001   0.0000 337.0909 15.76629586    06
Starlink-340 1204
1 01205U 00000ABC 00001.00000000  .00000000  00000-0  00000+0 0    01
2 01205  53.0000  75.0000 0000001   0.0000 340.3636 15.76629586    01
Starlink-340 1205
1 01206U 00000ABC 00001.00000000  .00000000  00000-0  00000+0 0    02
2 01206  53.0000  75.0000 0000001   0.0000 343.6364 15.76629586    06
Starlink-340 1206
1 01207U 00000ABC 00001.00000000  .00000000  00000-0  00000+0 0    03
2 01207  53.0000  75.0000 0000001   0.0000 346.9091 15.76629586    00
Starlink-340 1207
1 01208U 00000ABC 00001.00000000  .00000000  00000-0  00000+0 0    04
2 01208  53.0000  75.0000 0000001   0.0000 350.1818 15.76629586    05
Starlink-340 1208
1 01209U 00000ABC 00001.00000000  .00000000  00000-0  00000+0 0    05
2 01209  53.0000  75.0000 0000001   0.0000 353.4545 15.76629586    09
Starlink-340 1209
1 01210U 00000ABC 00001.00000000  .00000000  00000-0  00000+0 0    07
2 01210  53.0000  75.0000 0000001   0.0000 356.7273 15.76629586    05
Starlink-340 1210
1 01211U 00000ABC 00001.00000000  .00000000  00000-0  00000+0 0    08
2 01211  53.0000  82.5000 0000001   0.0000   1.6364 15.76629586    06
Starlink-340 1211
1 01212U 00000ABC 00001.00000000  .00000000  00000-0  00000+0 0    09
2 01212  53.0000  82.5000 0000001   0.0000   4.9091 15.76629586    00
Starlink-340 1212
1 01213U 00000ABC 00001.00000000  .00000000  00000-0  00000+0 0    00
2 01213  53.0000  82.5000 0000001   0.0000   8.1818 15.76629586    04
Starlink-340 1213
1 01214U 00000ABC 00001.00000000  .00000000  00000-0  00000+0 0    01
2 01214  53.0000  82.5000 0000001   0.0000  11.4545 15.76629586    09
Starlink-340 1214
1 01215U 00000ABC 00001.00000000  .00000000  00000-0  00000+0 0    02
2 01215  53.0000  82.5000 0000001   0.0000  14.7273 15.76629586    04
Starlink-340 1215
1 01216U 00000ABC 00001.00000000  .00000000  00000-0  00000+0 0    03
2 01216  53.0000  82.5000 0000001   0.0000  18.0000 15.76629586    00
Starlink-340 1216
1 01217U 00000ABC 00001.00000000  .00000000  00000-0  00000+0 0    04
2 01217  53.0000  82.5000 0000001   0.0000  21.2727 15.76629586    03
Starlink-340 1217
1 01218U 00000ABC 00001.00000000  .00000000  00000-0  00000+0 0    05
2 01218  53.0000  82.5000 0000001   0.0000  24.5455 15.76629586    08
Starlink-340 1218
1 01219U 00000ABC 00001.00000000  .00000000  00000-0  00000+0 0    06
2 01219  53.0000  82.5000 0000001   0.0000  27.8182 15.76629586    02
Starlink-340 1219
1 01220U 00000ABC 00001.00000000  .00000000  00000-0  00000+0 0    08
2 01220  53.0000  82.5000 0000001   0.0000  31.0909 15.76629586    08
Starlink-340 1220
1 01221U 00000ABC 00001.00000000  .00000000  00000-0  00000+0 0    09
2 01221  53.0000  82.5000 0000001   0.0000  34.3636 15.76629586    02
Starlink-340 1221
1 01222U 00000ABC 00001.00000000  .00000000  00000-0  00000+0 0    00
2 01222  53.0000  82.5000 0000001   0.0000  37.6364 15.76629586    07
Starlink-340 1222
1 01223U 00000ABC 00001.00000000  .00000000  00000-0  00000+0 0    01
2 01223  53.0000  82.5000 0000001   0.0000  40.9091 15.76629586    02
Starlink-340 1223
1 01224U 00000ABC 00001.00000000  .00000000  00000-0  00000+0 0    02
2 01224  53.0000  82.5000 0000001   0.0000  44.1818 15.76629586    06
Starlink-340 1224
1 01225U 00000ABC 00001.00000000  .00000000  00000-0  00000+0 0    03
2 01225  53.0000  82.5000 0000001   0.0000  47.4545 15.76629586    00
Starlink-340 1225
1 01226U 00000ABC 00001.00000000  .00000000  00000-0  00000+0 0    04
2 01226  53.0000  82.5000 0000001   0.0000  50.7273 15.76629586    06
Starlink-340 1226
1 01227U 00000ABC 00001.00000000  .00000000  00000-0  00000+0 0    05
2 01227  53.0000  82.5000 0000001   0.0000  54.0000 15.76629586    02
Starlink-340 1227
1 01228U 00000ABC 00001.00000000  .00000000  00000-0  00000+0 0    06
2 01228  53.0000  82.5000 0000001   0.0000  57.2727 15.76629586    04
Starlink-340 1228
1 01229U 00000ABC 00001.00000000  .00000000  00000-0  00000+0 0    07
2 01229  53.0000  82.5000 0000001   0.0000  60.5455 15.76629586    00
Starlink-340 1229
1 01230U 00000ABC 00001.00000000  .00000000  00000-0  00000+0 0    09
2 01230  53.0000  82.5000 0000001   0.0000  63.8182 15.76629586    05
Starlink-340 1230
1 01231U 00000ABC 00001.00000000  .00000000  00000-0  00000+0 0    00
2 01231  53.0000  82.5000 0000001   0.0000  67.0909 15.76629586    09
Starlink-340 1231
1 01232U 00000ABC 00001.00000000  .00000000  00000-0  00000+0 0    01
2 01232  53.0000  82.5000 0000001   0.0000  70.3636 15.76629586    04
Starlink-340 1232
1 01233U 00000ABC 00001.00000000  .00000000  00000-0  00000+0 0    02
2 01233  53.0000  82.5000 0000001   0.0000  73.6364 15.76629586    09
Starlink-340 1233
1 01234U 00000ABC 00001.00000000  .00000000  00000-0  00000+0 0    03
2 01234  53.0000  82.5000 0000001   0.0000  76.9091 15.76629586    03
Starlink-340 1234
1 01235U 00000ABC 00001.00000000  .00000000  00000-0  00000+0 0    04
2 01235  53.0000  82.5000 0000001   0.0000  80.1818 15.76629586    08
Starlink-340 1235
1 01236U 00000ABC 00001.00000000  .00000000  00000-0  00000+0 0    05
2 01236  53.0000  82.5000 0000001   0.0000  83.4545 15.76629586    02
Starlink-340 1236
1 01237U 00000ABC 00001.00000000  .00000000  00000-0  00000+0 0    06
2 01237  53.0000  82.5000 0000001   0.0000  86.7273 15.76629586    07
Starlink-340 1237
1 01238U 00000ABC 00001.00000000  .00000000  00000-0  00000+0 0    07
2 01238  53.0000  82.5000 0000001   0.0000  90.0000 15.76629586    04
Starlink-340 1238
1 01239U 00000ABC 00001.00000000  .00000000  00000-0  00000+0 0    08
2 01239  53.0000  82.5000 0000001   0.0000  93.2727 15.76629586    06
Starlink-340 1239
1 01240U 00000ABC 00001.00000000  .00000000  00000-0  00000+0 0    00
2 01240  53.0000  82.5000 0000001   0.0000  96.5455 15.76629586    02
Starlink-340 1240
1 01241U 00000ABC 00001.00000000  .00000000  00000-0  00000+0 0    01
2 01241  53.0000  82.5000 0000001   0.0000  99.8182 15.76629586    06
Starlink-340 1241
1 01242U 00000ABC 00001.00000000  .00000000  00000-0  00000+0 0    02
2 01242  53.0000  82.5000 0000001   0.0000 103.0909 15.76629586    02
Starlink-340 1242
1 01243U 00000ABC 00001.00000000  .00000000  00000-0  00000+0 0    03
2 01243  53.0000  82.5000 0000001   0.0000 106.3636 15.76629586    06
Starlink-340 1243
1 01244U 00000ABC 00001.00000000  .00000000  00000-0  00000+0 0    04
2 01244  53.0000  82.5000 0000001   0.0000 109.6364 15.76629586    01
Starlink-340 1244
1 01245U 00000ABC 00001.00000000  .00000000  00000-0  00000+0 0    05
2 01245  53.0000  82.5000 0000001   0.0000 112.9091 15.76629586    06
Starlink-340 1245
1 01246U 00000ABC 00001.00000000  .00000000  00000-0  00000+0 0    06
2 01246  53.0000  82.5000 0000001   0.0000 116.1818 15.76629586    00
Starlink-340 1246
1 01247U 00000ABC 00001.00000000  .00000000  00000-0  00000+0 0    07
2 01247  53.0000  82.5000 0000001   0.0000 119.4545 15.76629586    04
Starlink-340 1247
1 01248U 00000ABC 00001.00000000  .00000000  00000-0  00000+0 0    08
2 01248  53.0000  82.5000 0000001   0.0000 122.7273 15.76629586    00
Starlink-340 1248
1 01249U 00000ABC 00001.00000000  .00000000  00000-0  00000+0 0    09
2 01249  53.0000  82.5000 0000001   0.0000 126.0000 15.76629586    06
Starlink-340 1249
1 01250U 00000ABC 00001.00000000  .00000000  00000-0  00000+0 0    01
2 01250  53.0000  82.5000 0000001   0.0000 129.2727 15.76629586    09
Starlink-340 1250
1 01251U 00000ABC 00001.00000000  .00000000  00000-0  00000+0 0    02
2 01251  53.0000  82.5000 0000001   0.0000 132.5455 15.76629586    05
Starlink-340 1251
1 01252U 00000ABC 00001.00000000  .00000000  00000-0  00000+0 0    03
2 01252  53.0000  82.5000 0000001   0.0000 135.8182 15.76629586    09
Starlink-340 1252
1 01253U 00000ABC 00001.00000000  .00000000  00000-0  00000+0 0    04
2 01253  53.0000  82.5000 0000001   0.0000 139.0909 15.76629586    03
Starlink-340 1253
1 01254U 00000ABC 00001.00000000  .00000000  00000-0  00000+0 0    05
2 01254  53.0000  82.5000 0000001   0.0000 142.3636 15.76629586    08
Starlink-340 1254
1 01255U 00000ABC 00001.00000000  .00000000  00000-0  00000+0 0    06
2 01255  53.0000  82.5000 0000001   0.0000 145.6364 15.76629586    03
Starlink-340 1255
1 01256U 00000ABC 00001.00000000  .00000000  00000-0  00000+0 0    07
2 01256  53.0000  82.5000 0000001   0.0000 148.9091 15.76629586    07
Starlink-340 1256
1 01257U 00000ABC 00001.00000000  .00000000  00000-0  00000+0 0    08
2 01257  53.0000  82.5000 0000001   0.0000 152.1818 15.76629586    02
Starlink-340 1257
1 01258U 00000ABC 00001.00000000  .00000000  00000-0  00000+0 0    09
2 01258  53.0000  82.5000 0000001   0.0000 155.4545 15.76629586    06
Starlink-340 1258
1 01259U 00000ABC 00001.00000000  .00000000  00000-0  00000+0 0    00
2 01259  53.0000  82.5000 0000001   0.0000 158.7273 15.76629586    01
Starlink-340 1259
1 01260U 00000ABC 00001.00000000  .00000000  00000-0  00000+0 0    02
2 01260  53.0000  82.5000 0000001   0.0000 162.0000 15.76629586    09
Starlink-340 1260
1 01261U 00000ABC 00001.00000000  .00000000  00000-0  00000+0 0    03
2 01261  53.0000  82.5000 0000001   0.0000 165.2727 15.76629586    01
Starlink-340 1261
1 01262U 00000ABC 00001.00000000  .00000000  00000-0  00000+0 0    04
2 01262  53.0000  82.5000 0000001   0.0000 168.5455 15.76629586    06
Starlink-340 1262
1 01263U 00000ABC 00001.00000000  .00000000  00000-0  00000+0 0    05
2 01263  53.0000  82.5000 0000001   0.0000 171.8182 15.76629586    01
Starlink-340 1263
1 01264U 00000ABC 00001.00000000  .00000000  00000-0  00000+0 0    06
2 01264  53.0000  82.5000 0000001   0.0000 175.0909 15.76629586    05
Starlink-340 1264
1 01265U 00000ABC 00001.00000000  .00000000  00000-0  00000+0 0    07
2 01265  53.0000  82.5000 0000001   0.0000 178.3636 15.76629586    09
Starlink-340 1265
1 01266U 00000ABC 00001.00000000  .00000000  00000-0  00000+0 0    08
2 01266  53.0000  82.5000 0000001   0.0000 181.6364 15.76629586    05
Starlink-340 1266
1 01267U 00000ABC 00001.00000000  .00000000  00000-0  00000+0 0    09
2 01267  53.0000  82.5000 0000001   0.0000 184.9091 15.76629586    09
Starlink-340 1267
1 01268U 00000ABC 00001.00000000  .00000000  00000-0  00000+0 0    00
2 01268  53.0000  82.5000 0000001   0.0000 188.1818 15.76629586    03
Starlink-340 1268
1 01269U 00000ABC 00001.00000000  .00000000  00000-0  00000+0 0    01
2 01269  53.0000  82.5000 0000001   0.0000 191.4545 15.76629586    08
Starlink-340 1269
1 01270U 00000ABC 00001.00000000  .00000000  00000-0  00000+0 0    03
2 01270  53.0000  82.5000 0000001   0.0000 194.7273 15.76629586    04
Starlink-340 1270
1 01271U 00000ABC 00001.00000000  .00000000  00000-0  00000+0 0    04
2 01271  53.0000  82.5000 0000001   0.0000 198.0000 15.76629586    00
Starlink-340 1271
1 01272U 00000ABC 00001.00000000  .00000000  00000-0  00000+0 0    05
2 01272  53.0000  82.5000 0000001   0.0000 201.2727 15.76629586    04
Starlink-340 1272
1 01273U 00000ABC 00001.00000000  .00000000  00000-0  00000+0 0    06
2 01273  53.0000  82.5000 0000001   0.0000 204.5455 15.76629586    09
Starlink-340 1273
1 01274U 00000ABC 00001.00000000  .00000000  00000-0  00000+0 0    07
2 01274  53.0000  82.5000 0000001   0.0000 207.8182 15.76629586    03
Starlink-340 1274
1 01275U 00000ABC 00001.00000000  .00000000  00000-0  00000+0 0    08
2 01275  53.0000  82.5000 0000001   0.0000 211.0909 15.76629586    08
Starlink-340 1275
1 01276U 00000ABC 00001.00000000  .00000000  00000-0  00000+0 0    09
2 01276  53.0000  82.5000 0000001   0.0000 214.3636 15.76629586    02
Starlink-340 1276
1 01277U 00000ABC 00001.00000000  .00000000  00000-0  00000+0 0    00
2 01277  53.0000  82.5000 0000001   0.0000 217.6364 15.76629586    07
Starlink-340 1277
1 01278U 00000ABC 00001.00000000  .00000000  00000-0  00000+0 0    01
2 01278  53.0000  82.5000 0000001   0.0000 220.9091 15.76629586    02
Starlink-340 1278
1 01279U 00000ABC 00001.00000000  .00000000  00000-0  00000+0 0    02
2 01279  53.0000  82.5000 0000001   0.0000 224.1818 15.76629586    06
Starlink-340 1279
1 01280U 00000ABC 00001.00000000  .00000000  00000-0  00000+0 0    04
2 01280  53.0000  82.5000 0000001   0.0000 227.4545 15.76629586    01
Starlink-340 1280
1 01281U 00000ABC 00001.00000000  .00000000  00000-0  00000+0 0    05
2 01281  53.0000  82.5000 0000001   0.0000 230.7273 15.76629586    07
Starlink-340 1281
1 01282U 00000ABC 00001.00000000  .00000000  00000-0  00000+0 0    06
2 01282  53.0000  82.5000 0000001   0.0000 234.0000 15.76629586    03
Starlink-340 1282
1 01283U 00000ABC 00001.00000000  .00000000  00000-0  00000+0 0    07
2 01283  53.0000  82.5000 0000001   0.0000 237.2727 15.76629586    05
Starlink-340 1283
1 01284U 00000ABC 00001.00000000  .00000000  00000-0  00000+0 0    08
2 01284  53.0000  82.5000 0000001   0.0000 240.5455 15.76629586    01
Starlink-340 1284
1 01285U 00000ABC 00001.00000000  .00000000  00000-0  00000+0 0    09
2 01285  53.0000  82.5000 0000001   0.0000 243.8182 15.76629586    05
Starlink-340 1285
1 01286U 00000ABC 00001.00000000  .00000000  00000-0  00000+0 0    00
2 01286  53.0000  82.5000 0000001   0.0000 247.0909 15.76629586    09
Starlink-340 1286
1 01287U 00000ABC 00001.00000000  .00000000  00000-0  00000+0 0    01
2 01287  53.0000  82.5000 0000001   0.0000 250.3636 15.76629586    04
Starlink-340 1287
1 01288U 00000ABC 00001.00000000  .00000000  00000-0  00000+0 0    02
2 01288  53.0000  82.5000 0000001   0.0000 253.6364 15.76629586    09
Starlink-340 1288
1 01289U 00000ABC 00001.00000000  .00000000  00000-0  00000+0 0    03
2 01289  53.0000  82.5000 0000001   0.0000 256.9091 15.76629586    03
Starlink-340 1289
1 01290U 00000ABC 00001.00000000  .00000000  00000-0  00000+0 0    05
2 01290  53.0000  82.5000 0000001   0.0000 260.1818 15.76629586    09
Starlink-340 1290
1 01291U 00000ABC 00001.00000000  .00000000  00000-0  00000+0 0    06
2 01291  53.0000  82.5000 0000001   0.0000 263.4545 15.76629586    03
Starlink-340 1291
1 01292U 00000ABC 00001.00000000  .00000000  00000-0  00000+0 0    07
2 01292  53.0000  82.5000 0000001   0.0000 266.7273 15.76629586    08
Starlink-340 1292
1 01293U 00000ABC 00001.00000000  .00000000  00000-0  00000+0 0    08
2 01293  53.0000  82.5000 0000001   0.0000 270.0000 15.76629586    05
Starlink-340 1293
1 01294U 00000ABC 00001.00000000  .00000000  00000-0  00000+0 0    09
2 01294  53.0000  82.5000 0000001   0.0000 273.2727 15.76629586    07
Starlink-340 1294
1 01295U 00000ABC 00001.00000000  .00000000  00000-0  00000+0 0    00
2 01295  53.0000  82.5000 0000001   0.0000 276.5455 15.76629586    02
Starlink-340 1295
1 01296U 00000ABC 00001.00000000  .00000000  00000-0  00000+0 0    01
2 01296  53.0000  82.5000 0000001   0.0000 279.8182 15.76629586    06
Starlink-340 1296
1 01297U 00000ABC 00001.00000000  .00000000  00000-0  00000+0 0    02
2 01297  53.0000  82.5000 0000001   0.0000 283.0909 15.76629586    01
Starlink-340 1297
1 01298U 00000ABC 00001.00000000  .00000000  00000-0  00000+0 0    03
2 01298  53.0000  82.5000 0000001   0.0000 286.3636 15.76629586    05
Starlink-340 1298
1 01299U 00000ABC 00001.00000000  .00000000  00000-0  00000+0 0    04
2 01299  53.0000  82.5000 0000001   0.0000 289.6364 15.76629586    00
Starlink-340 1299
1 01300U 00000ABC 00001.00000000  .00000000  00000-0  00000+0 0    07
2 01300  53.0000  82.5000 0000001   0.0000 292.9091 15.76629586    07
Starlink-340 1300
1 01301U 00000ABC 00001.00000000  .00000000  00000-0  00000+0 0    08
2 01301  53.0000  82.5000 0000001   0.0000 296.1818 15.76629586    01
Starlink-340 1301
1 01302U 00000ABC 00001.00000000  .00000000  00000-0  00000+0 0    09
2 01302  53.0000  82.5000 0000001   0.0000 299.4545 15.76629586    05
Starlink-340 1302
1 01303U 00000ABC 00001.00000000  .00000000  00000-0  00000+0 0    00
2 01303  53.0000  82.5000 0000001   0.0000 302.7273 15.76629586    02
Starlink-340 1303
1 01304U 00000ABC 00001.00000000  .00000000  00000-0  00000+0 0    01
2 01304  53.0000  82.5000 0000001   0.0000 306.0000 15.76629586    08
Starlink-340 1304
1 01305U 00000ABC 00001.00000000  .00000000  00000-0  00000+0 0    02
2 01305  53.0000  82.5000 0000001   0.0000 309.2727 15.76629586    00
Starlink-340 1305
1 01306U 00000ABC 00001.00000000  .00000000  00000-0  00000+0 0    03
2 01306  53.0000  82.5000 0000001   0.0000 312.5455 15.76629586    06
Starlink-340 1306
1 01307U 00000ABC 00001.00000000  .00000000  00000-0  00000+0 0    04
2 01307  53.0000  82.5000 0000001   0.0000 315.8182 15.76629586    00
Starlink-340 1307
1 01308U 00000ABC 00001.00000000  .00000000  00000-0  00000+0 0    05
2 01308  53.0000  82.5000 0000001   0.0000 319.0909 15.76629586    04
Starlink-340 1308
1 01309U 00000ABC 00001.00000000  .00000000  00000-0  00000+0 0    06
2 01309  53.0000  82.5000 0000001   0.0000 322.3636 15.76629586    09
Starlink-340 1309
1 01310U 00000ABC 00001.00000000  .00000000  00000-0  00000+0 0    08
2 01310  53.0000  82.5000 0000001   0.0000 325.6364 15.76629586    05
Starlink-340 1310
1 01311U 00000ABC 00001.00000000  .00000000  00000-0  00000+0 0    09
2 01311  53.0000  82.5000 0000001   0.0000 328.9091 15.76629586    09
Starlink-340 1311
1 01312U 00000ABC 00001.00000000  .00000000  00000-0  00000+0 0    00
2 01312  53.0000  82.5000 0000001   0.0000 332.1818 15.76629586    04
Starlink-340 1312
1 01313U 00000ABC 00001.00000000  .00000000  00000-0  00000+0 0    01
2 01313  53.0000  82.5000 0000001   0.0000 335.4545 15.76629586    08
Starlink-340 1313
1 01314U 00000ABC 00001.00000000  .00000000  00000-0  00000+0 0    02
2 01314  53.0000  82.5000 0000001   0.0000 338.7273 15.76629586    03
Starlink-340 1314
1 01315U 00000ABC 00001.00000000  .00000000  00000-0  00000+0 0    03
2 01315  53.0000  82.5000 0000001   0.0000 342.0000 15.76629586    00
Starlink-340 1315
1 01316U 00000ABC 00001.00000000  .00000000  00000-0  00000+0 0    04
2 01316  53.0000  82.5000 0000001   0.0000 345.2727 15.76629586    02
Starlink-340 1316
1 01317U 00000ABC 00001.00000000  .00000000  00000-0  00000+0 0    05
2 01317  53.0000  82.5000 0000001   0.0000 348.5455 15.76629586    07
Starlink-340 1317
1 01318U 00000ABC 00001.00000000  .00000000  00000-0  00000+0 0    06
2 01318  53.0000  82.5000 0000001   0.0000 351.8182 15.76629586    02
Starlink-340 1318
1 01319U 00000ABC 00001.00000000  .00000000  00000-0  00000+0 0    07
2 01319  53.0000  82.5000 0000001   0.0000 355.0909 15.76629586    06
Starlink-340 1319
1 01320U 00000ABC 00001.00000000  .00000000  00000-0  00000+0 0    09
2 01320  53.0000  82.5000 0000001   0.0000 358.3636 15.76629586    01
Starlink-340 1320
1 01321U 00000ABC 00001.00000000  .00000000  00000-0  00000+0 0    00
2 01321  53.0000  90.0000 0000001   0.0000   0.0000 15.76629586    02
Starlink-340 1321
1 01322U 00000ABC 00001.00000000  .00000000  00000-0  00000+0 0    01
2 01322  53.0000  90.0000 0000001   0.0000   3.2727 15.76629586    04
Starlink-340 1322
1 01323U 00000ABC 00001.00000000  .00000000  00000-0  00000+0 0    02
2 01323  53.0000  90.0000 0000001   0.0000   6.5455 15.76629586    09
Starlink-340 1323
1 01324U 00000ABC 00001.00000000  .00000000  00000-0  00000+0 0    03
2 01324  53.0000  90.0000 0000001   0.0000   9.8182 15.76629586    03
Starlink-340 1324
1 01325U 00000ABC 00001.00000000  .00000000  00000-0  00000+0 0    04
2 01325  53.0000  90.0000 0000001   0.0000  13.0909 15.76629586    08
Starlink-340 1325
1 01326U 00000ABC 00001.00000000  .00000000  00000-0  00000+0 0    05
2 01326  53.0000  90.0000 0000001   0.0000  16.3636 15.76629586    02
Starlink-340 1326
1 01327U 00000ABC 00001.00000000  .00000000  00000-0  00000+0 0    06
2 01327  53.0000  90.0000 0000001   0.0000  19.6364 15.76629586    07
Starlink-340 1327
1 01328U 00000ABC 00001.00000000  .00000000  00000-0  00000+0 0    07
2 01328  53.0000  90.0000 0000001   0.0000  22.9091 15.76629586    02
Starlink-340 1328
1 01329U 00000ABC 00001.00000000  .00000000  00000-0  00000+0 0    08
2 01329  53.0000  90.0000 0000001   0.0000  26.1818 15.76629586    06
Starlink-340 1329
1 01330U 00000ABC 00001.00000000  .00000000  00000-0  00000+0 0    00
2 01330  53.0000  90.0000 0000001   0.0000  29.4545 15.76629586    01
Starlink-340 1330
1 01331U 00000ABC 00001.00000000  .00000000  00000-0  00000+0 0    01
2 01331  53.0000  90.0000 0000001   0.0000  32.7273 15.76629586    07
Starlink-340 1331
1 01332U 00000ABC 00001.00000000  .00000000  00000-0  00000+0 0    02
2 01332  53.0000  90.0000 0000001   0.0000  36.0000 15.76629586    03
Starlink-340 1332
1 01333U 00000ABC 00001.00000000  .00000000  00000-0  00000+0 0    03
2 01333  53.0000  90.0000 0000001   0.0000  39.2727 15.76629586    05
Starlink-340 1333
1 01334U 00000ABC 00001.00000000  .00000000  00000-0  00000+0 0    04
2 01334  53.0000  90.0000 0000001   0.0000  42.5455 15.76629586    01
Starlink-340 1334
1 01335U 00000ABC 00001.00000000  .00000000  00000-0  00000+0 0    05
2 01335  53.0000  90.0000 0000001   0.0000  45.8182 15.76629586    05
Starlink-340 1335
1 01336U 00000ABC 00001.00000000  .00000000  00000-0  00000+0 0    06
2 01336  53.0000  90.0000 0000001   0.0000  49.0909 15.76629586    09
Starlink-340 1336
1 01337U 00000ABC 00001.00000000  .00000000  00000-0  00000+0 0    07
2 01337  53.0000  90.0000 0000001   0.0000  52.3636 15.76629586    04
Starlink-340 1337
1 01338U 00000ABC 00001.00000000  .00000000  00000-0  00000+0 0    08
2 01338  53.0000  90.0000 0000001   0.0000  55.6364 15.76629586    09
Starlink-340 1338
1 01339U 00000ABC 00001.00000000  .00000000  00000-0  00000+0 0    09
2 01339  53.0000  90.0000 0000001   0.0000  58.9091 15.76629586    03
Starlink-340 1339
1 01340U 00000ABC 00001.00000000  .00000000  00000-0  00000+0 0    01
2 01340  53.0000  90.0000 0000001   0.0000  62.1818 15.76629586    09
Starlink-340 1340
1 01341U 00000ABC 00001.00000000  .00000000  00000-0  00000+0 0    02
2 01341  53.0000  90.0000 0000001   0.0000  65.4545 15.76629586    03
Starlink-340 1341
1 01342U 00000ABC 00001.00000000  .00000000  00000-0  00000+0 0    03
2 01342  53.0000  90.0000 0000001   0.0000  68.7273 15.76629586    08
Starlink-340 1342
1 01343U 00000ABC 00001.00000000  .00000000  00000-0  00000+0 0    04
2 01343  53.0000  90.0000 0000001   0.0000  72.0000 15.76629586    05
Starlink-340 1343
1 01344U 00000ABC 00001.00000000  .00000000  00000-0  00000+0 0    05
2 01344  53.0000  90.0000 0000001   0.0000  75.2727 15.76629586    07
Starlink-340 1344
1 01345U 00000ABC 00001.00000000  .00000000  00000-0  00000+0 0    06
2 01345  53.0000  90.0000 0000001   0.0000  78.5455 15.76629586    02
Starlink-340 1345
1 01346U 00000ABC 00001.00000000  .00000000  00000-0  00000+0 0    07
2 01346  53.0000  90.0000 0000001   0.0000  81.8182 15.76629586    07
Starlink-340 1346
1 01347U 00000ABC 00001.00000000  .00000000  00000-0  00000+0 0    08
2 01347  53.0000  90.0000 0000001   0.0000  85.0909 15.76629586    01
Starlink-340 1347
1 01348U 00000ABC 00001.00000000  .00000000  00000-0  00000+0 0    09
2 01348  53.0000  90.0000 0000001   0.0000  88.3636 15.76629586    05
Starlink-340 1348
1 01349U 00000ABC 00001.00000000  .00000000  00000-0  00000+0 0    00
2 01349  53.0000  90.0000 0000001   0.0000  91.6364 15.76629586    01
Starlink-340 1349
1 01350U 00000ABC 00001.00000000  .00000000  00000-0  00000+0 0    02
2 01350  53.0000  90.0000 0000001   0.0000  94.9091 15.76629586    06
Starlink-340 1350
1 01351U 00000ABC 00001.00000000  .00000000  00000-0  00000+0 0    03
2 01351  53.0000  90.0000 0000001   0.0000  98.1818 15.76629586    00
Starlink-340 1351
1 01352U 00000ABC 00001.00000000  .00000000  00000-0  00000+0 0    04
2 01352  53.0000  90.0000 0000001   0.0000 101.4545 15.76629586    06
Starlink-340 1352
1 01353U 00000ABC 00001.00000000  .00000000  00000-0  00000+0 0    05
2 01353  53.0000  90.0000 0000001   0.0000 104.7273 15.76629586    01
Starlink-340 1353
1 01354U 00000ABC 00001.00000000  .00000000  00000-0  00000+0 0    06
2 01354  53.0000  90.0000 0000001   0.0000 108.0000 15.76629586    07
Starlink-340 1354
1 01355U 00000ABC 00001.00000000  .00000000  00000-0  00000+0 0    07
2 01355  53.0000  90.0000 0000001   0.0000 111.2727 15.76629586    00
Starlink-340 1355
1 01356U 00000ABC 00001.00000000  .00000000  00000-0  00000+0 0    08
2 01356  53.0000  90.0000 0000001   0.0000 114.5455 15.76629586    05
Starlink-340 1356
1 01357U 00000ABC 00001.00000000  .00000000  00000-0  00000+0 0    09
2 01357  53.0000  90.0000 0000001   0.0000 117.8182 15.76629586    09
Starlink-340 1357
1 01358U 00000ABC 00001.00000000  .00000000  00000-0  00000+0 0    00
2 01358  53.0000  90.0000 0000001   0.0000 121.0909 15.76629586    04
Starlink-340 1358
1 01359U 00000ABC 00001.00000000  .00000000  00000-0  00000+0 0    01
2 01359  53.0000  90.0000 0000001   0.0000 124.3636 15.76629586    08
Starlink-340 1359
1 01360U 00000ABC 00001.00000000  .00000000  00000-0  00000+0 0    03
2 01360  53.0000  90.0000 0000001   0.0000 127.6364 15.76629586    04
Starlink-340 1360
1 01361U 00000ABC 00001.00000000  .00000000  00000-0  00000+0 0    04
2 01361  53.0000  90.0000 0000001   0.0000 130.9091 15.76629586    09
Starlink-340 1361
1 01362U 00000ABC 00001.00000000  .00000000  00000-0  00000+0 0    05
2 01362  53.0000  90.0000 0000001   0.0000 134.1818 15.76629586    03
Starlink-340 1362
1 01363U 00000ABC 00001.00000000  .00000000  00000-0  00000+0 0    06
2 01363  53.0000  90.0000 0000001   0.0000 137.4545 15.76629586    07
Starlink-340 1363
1 01364U 00000ABC 00001.00000000  .00000000  00000-0  00000+0 0    07
2 01364  53.0000  90.0000 0000001   0.0000 140.7273 15.76629586    03
Starlink-340 1364
1 01365U 00000ABC 00001.00000000  .00000000  00000-0  00000+0 0    08
2 01365  53.0000  90.0000 0000001   0.0000 144.0000 15.76629586    09
Starlink-340 1365
1 01366U 00000ABC 00001.00000000  .00000000  00000-0  00000+0 0    09
2 01366  53.0000  90.0000 0000001   0.0000 147.2727 15.76629586    01
Starlink-340 1366
1 01367U 00000ABC 00001.00000000  .00000000  00000-0  00000+0 0    00
2 01367  53.0000  90.0000 0000001   0.0000 150.5455 15.76629586    07
Starlink-340 1367
1 01368U 00000ABC 00001.00000000  .00000000  00000-0  00000+0 0    01
2 01368  53.0000  90.0000 0000001   0.0000 153.8182 15.76629586    01
Starlink-340 1368
1 01369U 00000ABC 00001.00000000  .00000000  00000-0  00000+0 0    02
2 01369  53.0000  90.0000 0000001   0.0000 157.0909 15.76629586    05
Starlink-340 1369
1 01370U 00000ABC 00001.00000000  .00000000  00000-0  00000+0 0    04
2 01370  53.0000  90.0000 0000001   0.0000 160.3636 15.76629586    01
Starlink-340 1370
1 01371U 00000ABC 00001.00000000  .00000000  00000-0  00000+0 0    05
2 01371  53.0000  90.0000 0000001   0.0000 163.6364 15.76629586    06
Starlink-340 1371
1 01372U 00000ABC 00001.00000000  .00000000  00000-0  00000+0 0    06
2 01372  53.0000  90.0000 0000001   0.0000 166.9091 15.76629586    00
Starlink-340 1372
1 01373U 00000ABC 00001.00000000  .00000000  00000-0  00000+0 0    07
2 01373  53.0000  90.0000 0000001   0.0000 170.1818 15.76629586    05
Starlink-340 1373
1 01374U 00000ABC 00001.00000000  .00000000  00000-0  00000+0 0    08
2 01374  53.0000  90.0000 0000001   0.0000 173.4545 15.76629586    09
Starlink-340 1374
1 01375U 00000ABC 00001.00000000  .00000000  00000-0  00000+0 0    09
2 01375  53.0000  90.0000 0000001   0.0000 176.7273 15.76629586    04
Starlink-340 1375
1 01376U 00000ABC 00001.00000000  .00000000  00000-0  00000+0 0    00
2 01376  53.0000  90.0000 0000001   0.0000 180.0000 15.76629586    01
Starlink-340 1376
1 01377U 00000ABC 00001.00000000  .00000000  00000-0  00000+0 0    01
2 01377  53.0000  90.0000 0000001   0.0000 183.2727 15.76629586    03
Starlink-340 1377
1 01378U 00000ABC 00001.00000000  .00000000  00000-0  00000+0 0    02
2 01378  53.0000  90.0000 0000001   0.0000 186.5455 15.76629586    08
Starlink-340 1378
1 01379U 00000ABC 00001.00000000  .00000000  00000-0  00000+0 0    03
2 01379  53.0000  90.0000 0000001   0.0000 189.8182 15.76629586    02
Starlink-340 1379
1 01380U 00000ABC 00001.00000000  .00000000  00000-0  00000+0 0    05
2 01380  53.0000  90.0000 0000001   0.0000 193.0909 15.76629586    08
Starlink-340 1380
1 01381U 00000ABC 00001.00000000  .00000000  00000-0  00000+0 0    06
2 01381  53.0000  90.0000 0000001   0.0000 196.3636 15.76629586    02
Starlink-340 1381
1 01382U 00000ABC 00001.00000000  .00000000  00000-0  00000+0 0    07
2 01382  53.0000  90.0000 0000001   0.0000 199.6364 15.76629586    07
Starlink-340 1382
1 01383U 00000ABC 00001.00000000  .00000000  00000-0  00000+0 0    08
2 01383  53.0000  90.0000 0000001   0.0000 202.9091 15.76629586    03
Starlink-340 1383
1 01384U 00000ABC 00001.00000000  .00000000  00000-0  00000+0 0    09
2 01384  53.0000  90.0000 0000001   0.0000 206.1818 15.76629586    07
Starlink-340 1384
1 01385U 00000ABC 00001.00000000  .00000000  00000-0  00000+0 0    00
2 01385  53.0000  90.0000 0000001   0.0000 209.4545 15.76629586    01
Starlink-340 1385
1 01386U 00000ABC 00001.00000000  .00000000  00000-0  00000+0 0    01
2 01386  53.0000  90.0000 0000001   0.0000 212.7273 15.76629586    07
Starlink-340 1386
1 01387U 00000ABC 00001.00000000  .00000000  00000-0  00000+0 0    02
2 01387  53.0000  90.0000 0000001   0.0000 216.0000 15.76629586    03
Starlink-340 1387
1 01388U 00000ABC 00001.00000000  .00000000  00000-0  00000+0 0    03
2 01388  53.0000  90.0000 0000001   0.0000 219.2727 15.76629586    05
Starlink-340 1388
1 01389U 00000ABC 00001.00000000  .00000000  00000-0  00000+0 0    04
2 01389  53.0000  90.0000 0000001   0.0000 222.5455 15.76629586    01
Starlink-340 1389
1 01390U 00000ABC 00001.00000000  .00000000  00000-0  00000+0 0    06
2 01390  53.0000  90.0000 0000001   0.0000 225.8182 15.76629586    06
Starlink-340 1390
1 01391U 00000ABC 00001.00000000  .00000000  00000-0  00000+0 0    07
2 01391  53.0000  90.0000 0000001   0.0000 229.0909 15.76629586    00
Starlink-340 1391
1 01392U 00000ABC 00001.00000000  .00000000  00000-0  00000+0 0    08
2 01392  53.0000  90.0000 0000001   0.0000 232.3636 15.76629586    05
Starlink-340 1392
1 01393U 00000ABC 00001.00000000  .00000000  00000-0  00000+0 0    09
2 01393  53.0000  90.0000 0000001   0.0000 235.6364 15.76629586    00
Starlink-340 1393
1 01394U 00000ABC 00001.00000000  .00000000  00000-0  00000+0 0    00
2 01394  53.0000  90.0000 0000001   0.0000 238.9091 15.76629586    04
Starlink-340 1394
1 01395U 00000ABC 00001.00000000  .00000000  00000-0  00000+0 0    01
2 01395  53.0000  90.0000 0000001   0.0000 242.1818 15.76629586    09
Starlink-340 1395
1 01396U 00000ABC 00001.00000000  .00000000  00000-0  00000+0 0    02
2 01396  53.0000  90.0000 0000001   0.0000 245.4545 15.76629586    03
Starlink-340 1396
1 01397U 00000ABC 00001.00000000  .00000000  00000-0  00000+0 0    03
2 01397  53.0000  90.0000 0000001   0.0000 248.7273 15.76629586    08
Starlink-340 1397
1 01398U 00000ABC 00001.00000000  .00000000  00000-0  00000+0 0    04
2 01398  53.0000  90.0000 0000001   0.0000 252.0000 15.76629586    05
Starlink-340 1398
1 01399U 00000ABC 00001.00000000  .00000000  00000-0  00000+0 0    05
2 01399  53.0000  90.0000 0000001   0.0000 255.2727 15.76629586    07
Starlink-340 1399
1 01400U 00000ABC 00001.00000000  .00000000  00000-0  00000+0 0    08
2 01400  53.0000  90.0000 0000001   0.0000 258.5455 15.76629586    04
Starlink-340 1400
1 01401U 00000ABC 00001.00000000  .00000000  00000-0  00000+0 0    09
2 01401  53.0000  90.0000 0000001   0.0000 261.8182 15.76629586    09
Starlink-340 1401
1 01402U 00000ABC 00001.00000000  .00000000  00000-0  00000+0 0    00
2 01402  53.0000  90.0000 0000001   0.0000 265.0909 15.76629586    03
Starlink-340 1402
1 01403U 00000ABC 00001.00000000  .00000000  00000-0  00000+0 0    01
2 01403  53.0000  90.0000 0000001   0.0000 268.3636 15.76629586    07
Starlink-340 1403
1 01404U 00000ABC 00001.00000000  .00000000  00000-0  00000+0 0    02
2 01404  53.0000  90.0000 0000001   0.0000 271.6364 15.76629586    03
Starlink-340 1404
1 01405U 00000ABC 00001.00000000  .00000000  00000-0  00000+0 0    03
2 01405  53.0000  90.0000 0000001   0.0000 274.9091 15.76629586    07
Starlink-340 1405
1 01406U 00000ABC 00001.00000000  .00000000  00000-0  00000+0 0    04
2 01406  53.0000  90.0000 0000001   0.0000 278.1818 15.76629586    01
Starlink-340 1406
1 01407U 00000ABC 00001.00000000  .00000000  00000-0  00000+0 0    05
2 01407  53.0000  90.0000 0000001   0.0000 281.4545 15.76629586    06
Starlink-340 1407
1 01408U 00000ABC 00001.00000000  .00000000  00000-0  00000+0 0    06
2 01408  53.0000  90.0000 0000001   0.0000 284.7273 15.76629586    01
Starlink-340 1408
1 01409U 00000ABC 00001.00000000  .00000000  00000-0  00000+0 0    07
2 01409  53.0000  90.0000 0000001   0.0000 288.0000 15.76629586    07
Starlink-340 1409
1 01410U 00000ABC 00001.00000000  .00000000  00000-0  00000+0 0    09
2 01410  53.0000  90.0000 0000001   0.0000 291.2727 15.76629586    01
Starlink-340 1410
1 01411U 00000ABC 00001.00000000  .00000000  00000-0  00000+0 0    00
2 01411  53.0000  90.0000 0000001   0.0000 294.5455 15.76629586    06
Starlink-340 1411
1 01412U 00000ABC 00001.00000000  .00000000  00000-0  00000+0 0    01
2 01412  53.0000  90.0000 0000001   0.0000 297.8182 15.76629586    00
Starlink-340 1412
1 01413U 00000ABC 00001.00000000  .00000000  00000-0  00000+0 0    02
2 01413  53.0000  90.0000 0000001   0.0000 301.0909 15.76629586    06
Starlink-340 1413
1 01414U 00000ABC 00001.00000000  .00000000  00000-0  00000+0 0    03
2 01414  53.0000  90.0000 0000001   0.0000 304.3636 15.76629586    00
Starlink-340 1414
1 01415U 00000ABC 00001.00000000  .00000000  00000-0  00000+0 0    04
2 01415  53.0000  90.0000 0000001   0.0000 307.6364 15.76629586    05
Starlink-340 1415
1 01416U 00000ABC 00001.00000000  .00000000  00000-0  00000+0 0    05
2 01416  53.0000  90.0000 0000001   0.0000 310.9091 15.76629586    00
Starlink-340 1416
1 01417U 00000ABC 00001.00000000  .00000000  00000-0  00000+0 0    06
2 01417  53.0000  90.0000 0000001   0.0000 314.1818 15.76629586    04
Starlink-340 1417
1 01418U 00000ABC 00001.00000000  .00000000  00000-0  00000+0 0    07
2 01418  53.0000  90.0000 0000001   0.0000 317.4545 15.76629586    08
Starlink-340 1418
1 01419U 00000ABC 00001.00000000  .00000000  00000-0  00000+0 0    08
2 01419  53.0000  90.0000 0000001   0.0000 320.7273 15.76629586    04
Starlink-340 1419
1 01420U 00000ABC 00001.00000000  .00000000  00000-0  00000+0 0    00
2 01420  53.0000  90.0000 0000001   0.0000 324.0000 15.76629586    01
Starlink-340 1420
1 01421U 00000ABC 00001.00000000  .00000000  00000-0  00000+0 0    01
2 01421  53.0000  90.0000 0000001   0.0000 327.2727 15.76629586    03
Starlink-340 1421
1 01422U 00000ABC 00001.00000000  .00000000  00000-0  00000+0 0    02
2 01422  53.0000  90.0000 0000001   0.0000 330.5455 15.76629586    09
Starlink-340 1422
1 01423U 00000ABC 00001.00000000  .00000000  00000-0  00000+0 0    03
2 01423  53.0000  90.0000 0000001   0.0000 333.8182 15.76629586    03
Starlink-340 1423
1 01424U 00000ABC 00001.00000000  .00000000  00000-0  00000+0 0    04
2 01424  53.0000  90.0000 0000001   0.0000 337.0909 15.76629586    07
Starlink-340 1424
1 01425U 00000ABC 00001.00000000  .00000000  00000-0  00000+0 0    05
2 01425  53.0000  90.0000 0000001   0.0000 340.3636 15.76629586    02
Starlink-340 1425
1 01426U 00000ABC 00001.00000000  .00000000  00000-0  00000+0 0    06
2 01426  53.0000  90.0000 0000001   0.0000 343.6364 15.76629586    07
Starlink-340 1426
1 01427U 00000ABC 00001.00000000  .00000000  00000-0  00000+0 0    07
2 01427  53.0000  90.0000 0000001   0.0000 346.9091 15.76629586    01
Starlink-340 1427
1 01428U 00000ABC 00001.00000000  .00000000  00000-0  00000+0 0    08
2 01428  53.0000  90.0000 0000001   0.0000 350.1818 15.76629586    06
Starlink-340 1428
1 01429U 00000ABC 00001.00000000  .00000000  00000-0  00000+0 0    09
2 01429  53.0000  90.0000 0000001   0.0000 353.4545 15.76629586    00
Starlink-340 1429
1 01430U 00000ABC 00001.00000000  .00000000  00000-0  00000+0 0    01
2 01430  53.0000  90.0000 0000001   0.0000 356.7273 15.76629586    06
Starlink-340 1430
1 01431U 00000ABC 00001.00000000  .00000000  00000-0  00000+0 0    02
2 01431  53.0000  97.5000 0000001   0.0000   1.6364 15.76629586    06
Starlink-340 1431
1 01432U 00000ABC 00001.00000000  .00000000  00000-0  00000+0 0    03
2 01432  53.0000  97.5000 0000001   0.0000   4.9091 15.76629586    00
Starlink-340 1432
1 01433U 00000ABC 00001.00000000  .00000000  00000-0  00000+0 0    04
2 01433  53.0000  97.5000 0000001   0.0000   8.1818 15.76629586    04
Starlink-340 1433
1 01434U 00000ABC 00001.00000000  .00000000  00000-0  00000+0 0    05
2 01434  53.0000  97.5000 0000001   0.0000  11.4545 15.76629586    09
Starlink-340 1434
1 01435U 00000ABC 00001.00000000  .00000000  00000-0  00000+0 0    06
2 01435  53.0000  97.5000 0000001   0.0000  14.7273 15.76629586    04
Starlink-340 1435
1 01436U 00000ABC 00001.00000000  .00000000  00000-0  00000+0 0    07
2 01436  53.0000  97.5000 0000001   0.0000  18.0000 15.76629586    00
Starlink-340 1436
1 01437U 00000ABC 00001.00000000  .00000000  00000-0  00000+0 0    08
2 01437  53.0000  97.5000 0000001   0.0000  21.2727 15.76629586    03
Starlink-340 1437
1 01438U 00000ABC 00001.00000000  .00000000  00000-0  00000+0 0    09
2 01438  53.0000  97.5000 0000001   0.0000  24.5455 15.76629586    08
Starlink-340 1438
1 01439U 00000ABC 00001.00000000  .00000000  00000-0  00000+0 0    00
2 01439  53.0000  97.5000 0000001   0.0000  27.8182 15.76629586    02
Starlink-340 1439
1 01440U 00000ABC 00001.00000000  .00000000  00000-0  00000+0 0    02
2 01440  53.0000  97.5000 0000001   0.0000  31.0909 15.76629586    08
Starlink-340 1440
1 01441U 00000ABC 00001.00000000  .00000000  00000-0  00000+0 0    03
2 01441  53.0000  97.5000 0000001   0.0000  34.3636 15.76629586    02
Starlink-340 1441
1 01442U 00000ABC 00001.00000000  .00000000  00000-0  00000+0 0    04
2 01442  53.0000  97.5000 0000001   0.0000  37.6364 15.76629586    07
Starlink-340 1442
1 01443U 00000ABC 00001.00000000  .00000000  00000-0  00000+0 0    05
2 01443  53.0000  97.5000 0000001   0.0000  40.9091 15.76629586    02
Starlink-340 1443
1 01444U 00000ABC 00001.00000000  .00000000  00000-0  00000+0 0    06
2 01444  53.0000  97.5000 0000001   0.0000  44.1818 15.76629586    06
Starlink-340 1444
1 01445U 00000ABC 00001.00000000  .00000000  00000-0  00000+0 0    07
2 01445  53.0000  97.5000 0000001   0.0000  47.4545 15.76629586    00
Starlink-340 1445
1 01446U 00000ABC 00001.00000000  .00000000  00000-0  00000+0 0    08
2 01446  53.0000  97.5000 0000001   0.0000  50.7273 15.76629586    06
Starlink-340 1446
1 01447U 00000ABC 00001.00000000  .00000000  00000-0  00000+0 0    09
2 01447  53.0000  97.5000 0000001   0.0000  54.0000 15.76629586    02
Starlink-340 1447
1 01448U 00000ABC 00001.00000000  .00000000  00000-0  00000+0 0    00
2 01448  53.0000  97.5000 0000001   0.0000  57.2727 15.76629586    04
Starlink-340 1448
1 01449U 00000ABC 00001.00000000  .00000000  00000-0  00000+0 0    01
2 01449  53.0000  97.5000 0000001   0.0000  60.5455 15.76629586    00
Starlink-340 1449
1 01450U 00000ABC 00001.00000000  .00000000  00000-0  00000+0 0    03
2 01450  53.0000  97.5000 0000001   0.0000  63.8182 15.76629586    05
Starlink-340 1450
1 01451U 00000ABC 00001.00000000  .00000000  00000-0  00000+0 0    04
2 01451  53.0000  97.5000 0000001   0.0000  67.0909 15.76629586    09
Starlink-340 1451
1 01452U 00000ABC 00001.00000000  .00000000  00000-0  00000+0 0    05
2 01452  53.0000  97.5000 0000001   0.0000  70.3636 15.76629586    04
Starlink-340 1452
1 01453U 00000ABC 00001.00000000  .00000000  00000-0  00000+0 0    06
2 01453  53.0000  97.5000 0000001   0.0000  73.6364 15.76629586    09
Starlink-340 1453
1 01454U 00000ABC 00001.00000000  .00000000  00000-0  00000+0 0    07
2 01454  53.0000  97.5000 0000001   0.0000  76.9091 15.76629586    03
Starlink-340 1454
1 01455U 00000ABC 00001.00000000  .00000000  00000-0  00000+0 0    08
2 01455  53.0000  97.5000 0000001   0.0000  80.1818 15.76629586    08
Starlink-340 1455
1 01456U 00000ABC 00001.00000000  .00000000  00000-0  00000+0 0    09
2 01456  53.0000  97.5000 0000001   0.0000  83.4545 15.76629586    02
Starlink-340 1456
1 01457U 00000ABC 00001.00000000  .00000000  00000-0  00000+0 0    00
2 01457  53.0000  97.5000 0000001   0.0000  86.7273 15.76629586    07
Starlink-340 1457
1 01458U 00000ABC 00001.00000000  .00000000  00000-0  00000+0 0    01
2 01458  53.0000  97.5000 0000001   0.0000  90.0000 15.76629586    04
Starlink-340 1458
1 01459U 00000ABC 00001.00000000  .00000000  00000-0  00000+0 0    02
2 01459  53.0000  97.5000 0000001   0.0000  93.2727 15.76629586    06
Starlink-340 1459
1 01460U 00000ABC 00001.00000000  .00000000  00000-0  00000+0 0    04
2 01460  53.0000  97.5000 0000001   0.0000  96.5455 15.76629586    02
Starlink-340 1460
1 01461U 00000ABC 00001.00000000  .00000000  00000-0  00000+0 0    05
2 01461  53.0000  97.5000 0000001   0.0000  99.8182 15.76629586    06
Starlink-340 1461
1 01462U 00000ABC 00001.00000000  .00000000  00000-0  00000+0 0    06
2 01462  53.0000  97.5000 0000001   0.0000 103.0909 15.76629586    02
Starlink-340 1462
1 01463U 00000ABC 00001.00000000  .00000000  00000-0  00000+0 0    07
2 01463  53.0000  97.5000 0000001   0.0000 106.3636 15.76629586    06
Starlink-340 1463
1 01464U 00000ABC 00001.00000000  .00000000  00000-0  00000+0 0    08
2 01464  53.0000  97.5000 0000001   0.0000 109.6364 15.76629586    01
Starlink-340 1464
1 01465U 00000ABC 00001.00000000  .00000000  00000-0  00000+0 0    09
2 01465  53.0000  97.5000 0000001   0.0000 112.9091 15.76629586    06
Starlink-340 1465
1 01466U 00000ABC 00001.00000000  .00000000  00000-0  00000+0 0    00
2 01466  53.0000  97.5000 0000001   0.0000 116.1818 15.76629586    00
Starlink-340 1466
1 01467U 00000ABC 00001.00000000  .00000000  00000-0  00000+0 0    01
2 01467  53.0000  97.5000 0000001   0.0000 119.4545 15.76629586    04
Starlink-340 1467
1 01468U 00000ABC 00001.00000000  .00000000  00000-0  00000+0 0    02
2 01468  53.0000  97.5000 0000001   0.0000 122.7273 15.76629586    00
Starlink-340 1468
1 01469U 00000ABC 00001.00000000  .00000000  00000-0  00000+0 0    03
2 01469  53.0000  97.5000 0000001   0.0000 126.0000 15.76629586    06
Starlink-340 1469
1 01470U 00000ABC 00001.00000000  .00000000  00000-0  00000+0 0    05
2 01470  53.0000  97.5000 0000001   0.0000 129.2727 15.76629586    09
Starlink-340 1470
1 01471U 00000ABC 00001.00000000  .00000000  00000-0  00000+0 0    06
2 01471  53.0000  97.5000 0000001   0.0000 132.5455 15.76629586    05
Starlink-340 1471
1 01472U 00000ABC 00001.00000000  .00000000  00000-0  00000+0 0    07
2 01472  53.0000  97.5000 0000001   0.0000 135.8182 15.76629586    09
Starlink-340 1472
1 01473U 00000ABC 00001.00000000  .00000000  00000-0  00000+0 0    08
2 01473  53.0000  97.5000 0000001   0.0000 139.0909 15.76629586    03
Starlink-340 1473
1 01474U 00000ABC 00001.00000000  .00000000  00000-0  00000+0 0    09
2 01474  53.0000  97.5000 0000001   0.0000 142.3636 15.76629586    08
Starlink-340 1474
1 01475U 00000ABC 00001.00000000  .00000000  00000-0  00000+0 0    00
2 01475  53.0000  97.5000 0000001   0.0000 145.6364 15.76629586    03
Starlink-340 1475
1 01476U 00000ABC 00001.00000000  .00000000  00000-0  00000+0 0    01
2 01476  53.0000  97.5000 0000001   0.0000 148.9091 15.76629586    07
Starlink-340 1476
1 01477U 00000ABC 00001.00000000  .00000000  00000-0  00000+0 0    02
2 01477  53.0000  97.5000 0000001   0.0000 152.1818 15.76629586    02
Starlink-340 1477
1 01478U 00000ABC 00001.00000000  .00000000  00000-0  00000+0 0    03
2 01478  53.0000  97.5000 0000001   0.0000 155.4545 15.76629586    06
Starlink-340 1478
1 01479U 00000ABC 00001.00000000  .00000000  00000-0  00000+0 0    04
2 01479  53.0000  97.5000 0000001   0.0000 158.7273 15.76629586    01
Starlink-340 1479
1 01480U 00000ABC 00001.00000000  .00000000  00000-0  00000+0 0    06
2 01480  53.0000  97.5000 0000001   0.0000 162.0000 15.76629586    09
Starlink-340 1480
1 01481U 00000ABC 00001.00000000  .00000000  00000-0  00000+0 0    07
2 01481  53.0000  97.5000 0000001   0.0000 165.2727 15.76629586    01
Starlink-340 1481
1 01482U 00000ABC 00001.00000000  .00000000  00000-0  00000+0 0    08
2 01482  53.0000  97.5000 0000001   0.0000 168.5455 15.76629586    06
Starlink-340 1482
1 01483U 00000ABC 00001.00000000  .00000000  00000-0  00000+0 0    09
2 01483  53.0000  97.5000 0000001   0.0000 171.8182 15.76629586    01
Starlink-340 1483
1 01484U 00000ABC 00001.00000000  .00000000  00000-0  00000+0 0    00
2 01484  53.0000  97.5000 0000001   0.0000 175.0909 15.76629586    05
Starlink-340 1484
1 01485U 00000ABC 00001.00000000  .00000000  00000-0  00000+0 0    01
2 01485  53.0000  97.5000 0000001   0.0000 178.3636 15.76629586    09
Starlink-340 1485
1 01486U 00000ABC 00001.00000000  .00000000  00000-0  00000+0 0    02
2 01486  53.0000  97.5000 0000001   0.0000 181.6364 15.76629586    05
Starlink-340 1486
1 01487U 00000ABC 00001.00000000  .00000000  00000-0  00000+0 0    03
2 01487  53.0000  97.5000 0000001   0.0000 184.9091 15.76629586    09
Starlink-340 1487
1 01488U 00000ABC 00001.00000000  .00000000  00000-0  00000+0 0    04
2 01488  53.0000  97.5000 0000001   0.0000 188.1818 15.76629586    03
Starlink-340 1488
1 01489U 00000ABC 00001.00000000  .00000000  00000-0  00000+0 0    05
2 01489  53.0000  97.5000 0000001   0.0000 191.4545 15.76629586    08
Starlink-340 1489
1 01490U 00000ABC 00001.00000000  .00000000  00000-0  00000+0 0    07
2 01490  53.0000  97.5000 0000001   0.0000 194.7273 15.76629586    04
Starlink-340 1490
1 01491U 00000ABC 00001.00000000  .00000000  00000-0  00000+0 0    08
2 01491  53.0000  97.5000 0000001   0.0000 198.0000 15.76629586    00
Starlink-340 1491
1 01492U 00000ABC 00001.00000000  .00000000  00000-0  00000+0 0    09
2 01492  53.0000  97.5000 0000001   0.0000 201.2727 15.76629586    04
Starlink-340 1492
1 01493U 00000ABC 00001.00000000  .00000000  00000-0  00000+0 0    00
2 01493  53.0000  97.5000 0000001   0.0000 204.5455 15.76629586    09
Starlink-340 1493
1 01494U 00000ABC 00001.00000000  .00000000  00000-0  00000+0 0    01
2 01494  53.0000  97.5000 0000001   0.0000 207.8182 15.76629586    03
Starlink-340 1494
1 01495U 00000ABC 00001.00000000  .00000000  00000-0  00000+0 0    02
2 01495  53.0000  97.5000 0000001   0.0000 211.0909 15.76629586    08
Starlink-340 1495
1 01496U 00000ABC 00001.00000000  .00000000  00000-0  00000+0 0    03
2 01496  53.0000  97.5000 0000001   0.0000 214.3636 15.76629586    02
Starlink-340 1496
1 01497U 00000ABC 00001.00000000  .00000000  00000-0  00000+0 0    04
2 01497  53.0000  97.5000 0000001   0.0000 217.6364 15.76629586    07
Starlink-340 1497
1 01498U 00000ABC 00001.00000000  .00000000  00000-0  00000+0 0    05
2 01498  53.0000  97.5000 0000001   0.0000 220.9091 15.76629586    02
Starlink-340 1498
1 01499U 00000ABC 00001.00000000  .00000000  00000-0  00000+0 0    06
2 01499  53.0000  97.5000 0000001   0.0000 224.1818 15.76629586    06
Starlink-340 1499
1 01500U 00000ABC 00001.00000000  .00000000  00000-0  00000+0 0    09
2 01500  53.0000  97.5000 0000001   0.0000 227.4545 15.76629586    02
Starlink-340 1500
1 01501U 00000ABC 00001.00000000  .00000000  00000-0  00000+0 0    00
2 01501  53.0000  97.5000 0000001   0.0000 230.7273 15.76629586    08
Starlink-340 1501
1 01502U 00000ABC 00001.00000000  .00000000  00000-0  00000+0 0    01
2 01502  53.0000  97.5000 0000001   0.0000 234.0000 15.76629586    04
Starlink-340 1502
1 01503U 00000ABC 00001.00000000  .00000000  00000-0  00000+0 0    02
2 01503  53.0000  97.5000 0000001   0.0000 237.2727 15.76629586    06
Starlink-340 1503
1 01504U 00000ABC 00001.00000000  .00000000  00000-0  00000+0 0    03
2 01504  53.0000  97.5000 0000001   0.0000 240.5455 15.76629586    02
Starlink-340 1504
1 01505U 00000ABC 00001.00000000  .00000000  00000-0  00000+0 0    04
2 01505  53.0000  97.5000 0000001   0.0000 243.8182 15.76629586    06
Starlink-340 1505
1 01506U 00000ABC 00001.00000000  .00000000  00000-0  00000+0 0    05
2 01506  53.0000  97.5000 0000001   0.0000 247.0909 15.76629586    00
Starlink-340 1506
1 01507U 00000ABC 00001.00000000  .00000000  00000-0  00000+0 0    06
2 01507  53.0000  97.5000 0000001   0.0000 250.3636 15.76629586    05
Starlink-340 1507
1 01508U 00000ABC 00001.00000000  .00000000  00000-0  00000+0 0    07
2 01508  53.0000  97.5000 0000001   0.0000 253.6364 15.76629586    00
Starlink-340 1508
1 01509U 00000ABC 00001.00000000  .00000000  00000-0  00000+0 0    08
2 01509  53.0000  97.5000 0000001   0.0000 256.9091 15.76629586    04
Starlink-340 1509
1 01510U 00000ABC 00001.00000000  .00000000  00000-0  00000+0 0    00
2 01510  53.0000  97.5000 0000001   0.0000 260.1818 15.76629586    00
Starlink-340 1510
1 01511U 00000ABC 00001.00000000  .00000000  00000-0  00000+0 0    01
2 01511  53.0000  97.5000 0000001   0.0000 263.4545 15.76629586    04
Starlink-340 1511
1 01512U 00000ABC 00001.00000000  .00000000  00000-0  00000+0 0    02
2 01512  53.0000  97.5000 0000001   0.0000 266.7273 15.76629586    09
Starlink-340 1512
1 01513U 00000ABC 00001.00000000  .00000000  00000-0  00000+0 0    03
2 01513  53.0000  97.5000 0000001   0.0000 270.0000 15.76629586    06
Starlink-340 1513
1 01514U 00000ABC 00001.00000000  .00000000  00000-0  00000+0 0    04
2 01514  53.0000  97.5000 0000001   0.0000 273.2727 15.76629586    08
Starlink-340 1514
1 01515U 00000ABC 00001.00000000  .00000000  00000-0  00000+0 0    05
2 01515  53.0000  97.5000 0000001   0.0000 276.5455 15.76629586    03
Starlink-340 1515
1 01516U 00000ABC 00001.00000000  .00000000  00000-0  00000+0 0    06
2 01516  53.0000  97.5000 0000001   0.0000 279.8182 15.76629586    07
Starlink-340 1516
1 01517U 00000ABC 00001.00000000  .00000000  00000-0  00000+0 0    07
2 01517  53.0000  97.5000 0000001   0.0000 283.0909 15.76629586    02
Starlink-340 1517
1 01518U 00000ABC 00001.00000000  .00000000  00000-0  00000+0 0    08
2 01518  53.0000  97.5000 0000001   0.0000 286.3636 15.76629586    06
Starlink-340 1518
1 01519U 00000ABC 00001.00000000  .00000000  00000-0  00000+0 0    09
2 01519  53.0000  97.5000 0000001   0.0000 289.6364 15.76629586    01
Starlink-340 1519
1 01520U 00000ABC 00001.00000000  .00000000  00000-0  00000+0 0    01
2 01520  53.0000  97.5000 0000001   0.0000 292.9091 15.76629586    07
Starlink-340 1520
1 01521U 00000ABC 00001.00000000  .00000000  00000-0  00000+0 0    02
2 01521  53.0000  97.5000 0000001   0.0000 296.1818 15.76629586    01
Starlink-340 1521
1 01522U 00000ABC 00001.00000000  .00000000  00000-0  00000+0 0    03
2 01522  53.0000  97.5000 0000001   0.0000 299.4545 15.76629586    05
Starlink-340 1522
1 01523U 00000ABC 00001.00000000  .00000000  00000-0  00000+0 0    04
2 01523  53.0000  97.5000 0000001   0.0000 302.7273 15.76629586    02
Starlink-340 1523
1 01524U 00000ABC 00001.00000000  .00000000  00000-0  00000+0 0    05
2 01524  53.0000  97.5000 0000001   0.0000 306.0000 15.76629586    08
Starlink-340 1524
1 01525U 00000ABC 00001.00000000  .00000000  00000-0  00000+0 0    06
2 01525  53.0000  97.5000 0000001   0.0000 309.2727 15.76629586    00
Starlink-340 1525
1 01526U 00000ABC 00001.00000000  .00000000  00000-0  00000+0 0    07
2 01526  53.0000  97.5000 0000001   0.0000 312.5455 15.76629586    06
Starlink-340 1526
1 01527U 00000ABC 00001.00000000  .00000000  00000-0  00000+0 0    08
2 01527  53.0000  97.5000 0000001   0.0000 315.8182 15.76629586    00
Starlink-340 1527
1 01528U 00000ABC 00001.00000000  .00000000  00000-0  00000+0 0    09
2 01528  53.0000  97.5000 0000001   0.0000 319.0909 15.76629586    04
Starlink-340 1528
1 01529U 00000ABC 00001.00000000  .00000000  00000-0  00000+0 0    00
2 01529  53.0000  97.5000 0000001   0.0000 322.3636 15.76629586    09
Starlink-340 1529
1 01530U 00000ABC 00001.00000000  .00000000  00000-0  00000+0 0    02
2 01530  53.0000  97.5000 0000001   0.0000 325.6364 15.76629586    05
Starlink-340 1530
1 01531U 00000ABC 00001.00000000  .00000000  00000-0  00000+0 0    03
2 01531  53.0000  97.5000 0000001   0.0000 328.9091 15.76629586    09
Starlink-340 1531
1 01532U 00000ABC 00001.00000000  .00000000  00000-0  00000+0 0    04
2 01532  53.0000  97.5000 0000001   0.0000 332.1818 15.76629586    04
Starlink-340 1532
1 01533U 00000ABC 00001.00000000  .00000000  00000-0  00000+0 0    05
2 01533  53.0000  97.5000 0000001   0.0000 335.4545 15.76629586    08
Starlink-340 1533
1 01534U 00000ABC 00001.00000000  .00000000  00000-0  00000+0 0    06
2 01534  53.0000  97.5000 0000001   0.0000 338.7273 15.76629586    03
Starlink-340 1534
1 01535U 00000ABC 00001.00000000  .00000000  00000-0  00000+0 0    07
2 01535  53.0000  97.5000 0000001   0.0000 342.0000 15.76629586    00
Starlink-340 1535
1 01536U 00000ABC 00001.00000000  .00000000  00000-0  00000+0 0    08
2 01536  53.0000  97.5000 0000001   0.0000 345.2727 15.76629586    02
Starlink-340 1536
1 01537U 00000ABC 00001.00000000  .00000000  00000-0  00000+0 0    09
2 01537  53.0000  97.5000 0000001   0.0000 348.5455 15.76629586    07
Starlink-340 1537
1 01538U 00000ABC 00001.00000000  .00000000  00000-0  00000+0 0    00
2 01538  53.0000  97.5000 0000001   0.0000 351.8182 15.76629586    02
Starlink-340 1538
1 01539U 00000ABC 00001.00000000  .00000000  00000-0  00000+0 0    01
2 01539  53.0000  97.5000 0000001   0.0000 355.0909 15.76629586    06
Starlink-340 1539
1 01540U 00000ABC 00001.00000000  .00000000  00000-0  00000+0 0    03
2 01540  53.0000  97.5000 0000001   0.0000 358.3636 15.76629586    01
Starlink-340 1540
1 01541U 00000ABC 00001.00000000  .00000000  00000-0  00000+0 0    04
2 01541  53.0000 105.0000 0000001   0.0000   0.0000 15.76629586    03
Starlink-340 1541
1 01542U 00000ABC 00001.00000000  .00000000  00000-0  00000+0 0    05
2 01542  53.0000 105.0000 0000001   0.0000   3.2727 15.76629586    05
Starlink-340 1542
1 01543U 00000ABC 00001.00000000  .00000000  00000-0  00000+0 0    06
2 01543  53.0000 105.0000 0000001   0.0000   6.5455 15.76629586    00
Starlink-340 1543
1 01544U 00000ABC 00001.00000000  .00000000  00000-0  00000+0 0    07
2 01544  53.0000 105.0000 0000001   0.0000   9.8182 15.76629586    04
Starlink-340 1544
1 01545U 00000ABC 00001.00000000  .00000000  00000-0  00000+0 0    08
2 01545  53.0000 105.0000 0000001   0.0000  13.0909 15.76629586    09
Starlink-340 1545
1 01546U 00000ABC 00001.00000000  .00000000  00000-0  00000+0 0    09
2 01546  53.0000 105.0000 0000001   0.0000  16.3636 15.76629586    03
Starlink-340 1546
1 01547U 00000ABC 00001.00000000  .00000000  00000-0  00000+0 0    00
2 01547  53.0000 105.0000 0000001   0.0000  19.6364 15.76629586    08
Starlink-340 1547
1 01548U 00000ABC 00001.00000000  .00000000  00000-0  00000+0 0    01
2 01548  53.0000 105.0000 0000001   0.0000  22.9091 15.76629586    03
Starlink-340 1548
1 01549U 00000ABC 00001.00000000  .00000000  00000-0  00000+0 0    02
2 01549  53.0000 105.0000 0000001   0.0000  26.1818 15.76629586    07
Starlink-340 1549
1 01550U 00000ABC 00001.00000000  .00000000  00000-0  00000+0 0    04
2 01550  53.0000 105.0000 0000001   0.0000  29.4545 15.76629586    02
Starlink-340 1550
1 01551U 00000ABC 00001.00000000  .00000000  00000-0  00000+0 0    05
2 01551  53.0000 105.0000 0000001   0.0000  32.7273 15.76629586    08
Starlink-340 1551
1 01552U 00000ABC 00001.00000000  .00000000  00000-0  00000+0 0    06
2 01552  53.0000 105.0000 0000001   0.0000  36.0000 15.76629586    04
Starlink-340 1552
1 01553U 00000ABC 00001.00000000  .00000000  00000-0  00000+0 0    07
2 01553  53.0000 105.0000 0000001   0.0000  39.2727 15.76629586    06
Starlink-340 1553
1 01554U 00000ABC 00001.00000000  .00000000  00000-0  00000+0 0    08
2 01554  53.0000 105.0000 0000001   0.0000  42.5455 15.76629586    02
Starlink-340 1554
1 01555U 00000ABC 00001.00000000  .00000000  00000-0  00000+0 0    09
2 01555  53.0000 105.0000 0000001   0.0000  45.8182 15.76629586    06
Starlink-340 1555
1 01556U 00000ABC 00001.00000000  .00000000  00000-0  00000+0 0    00
2 01556  53.0000 105.0000 0000001   0.0000  49.0909 15.76629586    00
Starlink-340 1556
1 01557U 00000ABC 00001.00000000  .00000000  00000-0  00000+0 0    01
2 01557  53.0000 105.0000 0000001   0.0000  52.3636 15.76629586    05
Starlink-340 1557
1 01558U 00000ABC 00001.00000000  .00000000  00000-0  00000+0 0    02
2 01558  53.0000 105.0000 0000001   0.0000  55.6364 15.76629586    00
Starlink-340 1558
1 01559U 00000ABC 00001.00000000  .00000000  00000-0  00000+0 0    03
2 01559  53.0000 105.0000 0000001   0.0000  58.9091 15.76629586    04
Starlink-340 1559
1 01560U 00000ABC 00001.00000000  .00000000  00000-0  00000+0 0    05
2 01560  53.0000 105.0000 0000001   0.0000  62.1818 15.76629586    00
Starlink-340 1560
1 01561U 00000ABC 00001.00000000  .00000000  00000-0  00000+0 0    06
2 01561  53.0000 105.0000 0000001   0.0000  65.4545 15.76629586    04
Starlink-340 1561
1 01562U 00000ABC 00001.00000000  .00000000  00000-0  00000+0 0    07
2 01562  53.0000 105.0000 0000001   0.0000  68.7273 15.76629586    09
Starlink-340 1562
1 01563U 00000ABC 00001.00000000  .00000000  00000-0  00000+0 0    08
2 01563  53.0000 105.0000 0000001   0.0000  72.0000 15.76629586    06
Starlink-340 1563
1 01564U 00000ABC 00001.00000000  .00000000  00000-0  00000+0 0    09
2 01564  53.0000 105.0000 0000001   0.0000  75.2727 15.76629586    08
Starlink-340 1564
1 01565U 00000ABC 00001.00000000  .00000000  00000-0  00000+0 0    00
2 01565  53.0000 105.0000 0000001   0.0000  78.5455 15.76629586    03
Starlink-340 1565
1 01566U 00000ABC 00001.00000000  .00000000  00000-0  00000+0 0    01
2 01566  53.0000 105.0000 0000001   0.0000  81.8182 15.76629586    08
Starlink-340 1566
1 01567U 00000ABC 00001.00000000  .00000000  00000-0  00000+0 0    02
2 01567  53.0000 105.0000 0000001   0.0000  85.0909 15.76629586    02
Starlink-340 1567
1 01568U 00000ABC 00001.00000000  .00000000  00000-0  00000+0 0    03
2 01568  53.0000 105.0000 0000001   0.0000  88.3636 15.76629586    06
Starlink-340 1568
1 01569U 00000ABC 00001.00000000  .00000000  00000-0  00000+0 0    04
2 01569  53.0000 105.0000 0000001   0.0000  91.6364 15.76629586    02
Starlink-340 1569
1 01570U 00000ABC 00001.00000000  .00000000  00000-0  00000+0 0    06
2 01570  53.0000 105.0000 0000001   0.0000  94.9091 15.76629586    07
Starlink-340 1570
1 01571U 00000ABC 00001.00000000  .00000000  00000-0  00000+0 0    07
2 01571  53.0000 105.0000 0000001   0.0000  98.1818 15.76629586    01
Starlink-340 1571
1 01572U 00000ABC 00001.00000000  .00000000  00000-0  00000+0 0    08
2 01572  53.0000 105.0000 0000001   0.0000 101.4545 15.76629586    07
Starlink-340 1572
1 01573U 00000ABC 00001.00000000  .00000000  00000-0  00000+0 0    09
2 01573  53.0000 105.0000 0000001   0.0000 104.7273 15.76629586    02
Starlink-340 1573
1 01574U 00000ABC 00001.00000000  .00000000  00000-0  00000+0 0    00
2 01574  53.0000 105.0000 0000001   0.0000 108.0000 15.76629586    08
Starlink-340 1574
1 01575U 00000ABC 00001.00000000  .00000000  00000-0  00000+0 0    01
2 01575  53.0000 105.0000 0000001   0.0000 111.2727 15.76629586    01
Starlink-340 1575
1 01576U 00000ABC 00001.00000000  .00000000  00000-0  00000+0 0    02
2 01576  53.0000 105.0000 0000001   0.0000 114.5455 15.76629586    06
Starlink-340 1576
1 01577U 00000ABC 00001.00000000  .00000000  00000-0  00000+0 0    03
2 01577  53.0000 105.0000 0000001   0.0000 117.8182 15.76629586    00
Starlink-340 1577
1 01578U 00000ABC 00001.00000000  .00000000  00000-0  00000+0 0    04
2 01578  53.0000 105.0000 0000001   0.0000 121.0909 15.76629586    05
Starlink-340 1578
1 01579U 00000ABC 00001.00000000  .00000000  00000-0  00000+0 0    05
2 01579  53.0000 105.0000 0000001   0.0000 124.3636 15.76629586    09
Starlink-340 1579
1 01580U 00000ABC 00001.00000000  .00000000  00000-0  00000+0 0    07
2 01580  53.0000 105.0000 0000001   0.0000 127.6364 15.76629586    05
Starlink-340 1580
1 01581U 00000ABC 00001.00000000  .00000000  00000-0  00000+0 0    08
2 01581  53.0000 105.0000 0000001   0.0000 130.9091 15.76629586    00
Starlink-340 1581
1 01582U 00000ABC 00001.00000000  .00000000  00000-0  00000+0 0    09
2 01582  53.0000 105.0000 0000001   0.0000 134.1818 15.76629586    04
Starlink-340 1582
1 01583U 00000ABC 00001.00000000  .00000000  00000-0  00000+0 0    00
2 01583  53.0000 105.0000 0000001   0.0000 137.4545 15.76629586    08
Starlink-340 1583
1 01584U 00000ABC 00001.00000000  .00000000  00000-0  00000+0 0    01
2 01584  53.0000 105.0000 0000001   0.0000 140.7273 15.76629586    04
Starlink-340 1584
1 01585U 00000ABC 00001.00000000  .00000000  00000-0  00000+0 0    02
2 01585  53.0000 105.0000 0000001   0.0000 144.0000 15.76629586    00
Starlink-340 1585
1 01586U 00000ABC 00001.00000000  .00000000  00000-0  00000+0 0    03
2 01586  53.0000 105.0000 0000001   0.0000 147.2727 15.76629586    02
Starlink-340 1586
1 01587U 00000ABC 00001.00000000  .00000000  00000-0  00000+0 0    04
2 01587  53.0000 105.0000 0000001   0.0000 150.5455 15.76629586    08
Starlink-340 1587
1 01588U 00000ABC 00001.00000000  .00000000  00000-0  00000+0 0    05
2 01588  53.0000 105.0000 0000001   0.0000 153.8182 15.76629586    02
Starlink-340 1588
1 01589U 00000ABC 00001.00000000  .00000000  00000-0  00000+0 0    06
2 01589  53.0000 105.0000 0000001   0.0000 157.0909 15.76629586    06
Starlink-340 1589
1 01590U 00000ABC 00001.00000000  .00000000  00000-0  00000+0 0    08
2 01590  53.0000 105.0000 0000001   0.0000 160.3636 15.76629586    02
Starlink-340 1590
1 01591U 00000ABC 00001.00000000  .00000000  00000-0  00000+0 0    09
2 01591  53.0000 105.0000 0000001   0.0000 163.6364 15.76629586    07
Starlink-340 1591
1 01592U 00000ABC 00001.00000000  .00000000  00000-0  00000+0 0    00
2 01592  53.0000 105.0000 0000001   0.0000 166.9091 15.76629586    01
Starlink-340 1592
1 01593U 00000ABC 00001.00000000  .00000000  00000-0  00000+0 0    01
2 01593  53.0000 105.0000 0000001   0.0000 170.1818 15.76629586    06
Starlink-340 1593
1 01594U 00000ABC 00001.00000000  .00000000  00000-0  00000+0 0    02
2 01594  53.0000 105.0000 0000001   0.0000 173.4545 15.76629586    00
Starlink-340 1594
1 01595U 00000ABC 00001.00000000  .00000000  00000-0  00000+0 0    03
2 01595  53.0000 105.0000 0000001   0.0000 176.7273 15.76629586    05
Starlink-340 1595
1 01596U 00000ABC 00001.00000000  .00000000  00000-0  00000+0 0    04
2 01596  53.0000 105.0000 0000001   0.0000 180.0000 15.76629586    02
Starlink-340 1596
1 01597U 00000ABC 00001.00000000  .00000000  00000-0  00000+0 0    05
2 01597  53.0000 105.0000 0000001   0.0000 183.2727 15.76629586    04
Starlink-340 1597
1 01598U 00000ABC 00001.00000000  .00000000  00000-0  00000+0 0    06
2 01598  53.0000 105.0000 0000001   0.0000 186.5455 15.76629586    09
Starlink-340 1598
1 01599U 00000ABC 00001.00000000  .00000000  00000-0  00000+0 0    07
2 01599  53.0000 105.0000 0000001   0.0000 189.8182 15.76629586    03
Starlink-340 1599
1 01600U 00000ABC 00001.00000000  .00000000  00000-0  00000+0 0    00
2 01600  53.0000 105.0000 0000001   0.0000 193.0909 15.76629586    00
Starlink-340 1600
1 01601U 00000ABC 00001.00000000  .00000000  00000-0  00000+0 0    01
2 01601  53.0000 105.0000 0000001   0.0000 196.3636 15.76629586    04
Starlink-340 1601
1 01602U 00000ABC 00001.00000000  .00000000  00000-0  00000+0 0    02
2 01602  53.0000 105.0000 0000001   0.0000 199.6364 15.76629586    09
Starlink-340 1602
1 01603U 00000ABC 00001.00000000  .00000000  00000-0  00000+0 0    03
2 01603  53.0000 105.0000 0000001   0.0000 202.9091 15.76629586    05
Starlink-340 1603
1 01604U 00000ABC 00001.00000000  .00000000  00000-0  00000+0 0    04
2 01604  53.0000 105.0000 0000001   0.0000 206.1818 15.76629586    09
Starlink-340 1604
1 01605U 00000ABC 00001.00000000  .00000000  00000-0  00000+0 0    05
2 01605  53.0000 105.0000 0000001   0.0000 209.4545 15.76629586    03
Starlink-340 1605
1 01606U 00000ABC 00001.00000000  .00000000  00000-0  00000+0 0    06
2 01606  53.0000 105.0000 0000001   0.0000 212.7273 15.76629586    09
Starlink-340 1606
1 01607U 00000ABC 00001.00000000  .00000000  00000-0  00000+0 0    07
2 01607  53.0000 105.0000 0000001   0.0000 216.0000 15.76629586    05
Starlink-340 1607
1 01608U 00000ABC 00001.00000000  .00000000  00000-0  00000+0 0    08
2 01608  53.0000 105.0000 0000001   0.0000 219.2727 15.76629586    07
Starlink-340 1608
1 01609U 00000ABC 00001.00000000  .00000000  00000-0  00000+0 0    09
2 01609  53.0000 105.0000 0000001   0.0000 222.5455 15.76629586    03
Starlink-340 1609
1 01610U 00000ABC 00001.00000000  .00000000  00000-0  00000+0 0    01
2 01610  53.0000 105.0000 0000001   0.0000 225.8182 15.76629586    08
Starlink-340 1610
1 01611U 00000ABC 00001.00000000  .00000000  00000-0  00000+0 0    02
2 01611  53.0000 105.0000 0000001   0.0000 229.0909 15.76629586    02
Starlink-340 1611
1 01612U 00000ABC 00001.00000000  .00000000  00000-0  00000+0 0    03
2 01612  53.0000 105.0000 0000001   0.0000 232.3636 15.76629586    07
Starlink-340 1612
1 01613U 00000ABC 00001.00000000  .00000000  00000-0  00000+0 0    04
2 01613  53.0000 105.0000 0000001   0.0000 235.6364 15.76629586    02
Starlink-340 1613
1 01614U 00000ABC 00001.00000000  .00000000  00000-0  00000+0 0    05
2 01614  53.0000 105.0000 0000001   0.0000 238.9091 15.76629586    06
Starlink-340 1614
1 01615U 00000ABC 00001.00000000  .00000000  00000-0  00000+0 0    06
2 01615  53.0000 105.0000 0000001   0.0000 242.1818 15.76629586    01
Starlink-340 1615
1 01616U 00000ABC 00001.00000000  .00000000  00000-0  00000+0 0    07
2 01616  53.0000 105.0000 0000001   0.0000 245.4545 15.76629586    05
Starlink-340 1616
1 01617U 00000ABC 00001.00000000  .00000000  00000-0  00000+0 0    08
2 01617  53.0000 105.0000 0000001   0.0000 248.7273 15.76629586    00
Starlink-340 1617
1 01618U 00000ABC 00001.00000000  .00000000  00000-0  00000+0 0    09
2 01618  53.0000 105.0000 0000001   0.0000 252.0000 15.76629586    07
Starlink-340 1618
1 01619U 00000ABC 00001.00000000  .00000000  00000-0  00000+0 0    00
2 01619  53.0000 105.0000 0000001   0.0000 255.2727 15.76629586    09
Starlink-340 1619
1 01620U 00000ABC 00001.00000000  .00000000  00000-0  00000+0 0    02
2 01620  53.0000 105.0000 0000001   0.0000 258.5455 15.76629586    05
Starlink-340 1620
1 01621U 00000ABC 00001.00000000  .00000000  00000-0  00000+0 0    03
2 01621  53.0000 105.0000 0000001   0.0000 261.8182 15.76629586    00
Starlink-340 1621
1 01622U 00000ABC 00001.00000000  .00000000  00000-0  00000+0 0    04
2 01622  53.0000 105.0000 0000001   0.0000 265.0909 15.76629586    04
Starlink-340 1622
1 01623U 00000ABC 00001.00000000  .00000000  00000-0  00000+0 0    05
2 01623  53.0000 105.0000 0000001   0.0000 268.3636 15.76629586    08
Starlink-340 1623
1 01624U 00000ABC 00001.00000000  .00000000  00000-0  00000+0 0    06
2 01624  53.0000 105.0000 0000001   0.0000 271.6364 15.76629586    04
Starlink-340 1624
1 01625U 00000ABC 00001.00000000  .00000000  00000-0  00000+0 0    07
2 01625  53.0000 105.0000 0000001   0.0000 274.9091 15.76629586    08
Starlink-340 1625
1 01626U 00000ABC 00001.00000000  .00000000  00000-0  00000+0 0    08
2 01626  53.0000 105.0000 0000001   0.0000 278.1818 15.76629586    02
Starlink-340 1626
1 01627U 00000ABC 00001.00000000  .00000000  00000-0  00000+0 0    09
2 01627  53.0000 105.0000 0000001   0.0000 281.4545 15.76629586    07
Starlink-340 1627
1 01628U 00000ABC 00001.00000000  .00000000  00000-0  00000+0 0    00
2 01628  53.0000 105.0000 0000001   0.0000 284.7273 15.76629586    02
Starlink-340 1628
1 01629U 00000ABC 00001.00000000  .00000000  00000-0  00000+0 0    01
2 01629  53.0000 105.0000 0000001   0.0000 288.0000 15.76629586    08
Starlink-340 1629
1 01630U 00000ABC 00001.00000000  .00000000  00000-0  00000+0 0    03
2 01630  53.0000 105.0000 0000001   0.0000 291.2727 15.76629586    02
Starlink-340 1630
1 01631U 00000ABC 00001.00000000  .00000000  00000-0  00000+0 0    04
2 01631  53.0000 105.0000 0000001   0.0000 294.5455 15.76629586    07
Starlink-340 1631
1 01632U 00000ABC 00001.00000000  .00000000  00000-0  00000+0 0    05
2 01632  53.0000 105.0000 0000001   0.0000 297.8182 15.76629586    01
Starlink-340 1632
1 01633U 00000ABC 00001.00000000  .00000000  00000-0  00000+0 0    06
2 01633  53.0000 105.0000 0000001   0.0000 301.0909 15.76629586    07
Starlink-340 1633
1 01634U 00000ABC 00001.00000000  .00000000  00000-0  00000+0 0    07
2 01634  53.0000 105.0000 0000001   0.0000 304.3636 15.76629586    01
Starlink-340 1634
1 01635U 00000ABC 00001.00000000  .00000000  00000-0  00000+0 0    08
2 01635  53.0000 105.0000 0000001   0.0000 307.6364 15.76629586    06
Starlink-340 1635
1 01636U 00000ABC 00001.00000000  .00000000  00000-0  00000+0 0    09
2 01636  53.0000 105.0000 0000001   0.0000 310.9091 15.76629586    01
Starlink-340 1636
1 01637U 00000ABC 00001.00000000  .00000000  00000-0  00000+0 0    00
2 01637  53.0000 105.0000 0000001   0.0000 314.1818 15.76629586    05
Starlink-340 1637
1 01638U 00000ABC 00001.00000000  .00000000  00000-0  00000+0 0    01
2 01638  53.0000 105.0000 0000001   0.0000 317.4545 15.76629586    09
Starlink-340 1638
1 01639U 00000ABC 00001.00000000  .00000000  00000-0  00000+0 0    02
2 01639  53.0000 105.0000 0000001   0.0000 320.7273 15.76629586    05
Starlink-340 1639
1 01640U 00000ABC 00001.00000000  .00000000  00000-0  00000+0 0    04
2 01640  53.0000 105.0000 0000001   0.0000 324.0000 15.76629586    02
Starlink-340 1640
1 01641U 00000ABC 00001.00000000  .00000000  00000-0  00000+0 0    05
2 01641  53.0000 105.0000 0000001   0.0000 327.2727 15.76629586    04
Starlink-340 1641
1 01642U 00000ABC 00001.00000000  .00000000  00000-0  00000+0 0    06
2 01642  53.0000 105.0000 0000001   0.0000 330.5455 15.76629586    00
Starlink-340 1642
1 01643U 00000ABC 00001.00000000  .00000000  00000-0  00000+0 0    07
2 01643  53.0000 105.0000 0000001   0.0000 333.8182 15.76629586    04
Starlink-340 1643
1 01644U 00000ABC 00001.00000000  .00000000  00000-0  00000+0 0    08
2 01644  53.0000 105.0000 0000001   0.0000 337.0909 15.76629586    08
Starlink-340 1644
1 01645U 00000ABC 00001.00000000  .00000000  00000-0  00000+0 0    09
2 01645  53.0000 105.0000 0000001   0.0000 340.3636 15.76629586    03
Starlink-340 1645
1 01646U 00000ABC 00001.00000000  .00000000  00000-0  00000+0 0    00
2 01646  53.0000 105.0000 0000001   0.0000 343.6364 15.76629586    08
Starlink-340 1646
1 01647U 00000ABC 00001.00000000  .00000000  00000-0  00000+0 0    01
2 01647  53.0000 105.0000 0000001   0.0000 346.9091 15.76629586    02
Starlink-340 1647
1 01648U 00000ABC 00001.00000000  .00000000  00000-0  00000+0 0    02
2 01648  53.0000 105.0000 0000001   0.0000 350.1818 15.76629586    07
Starlink-340 1648
1 01649U 00000ABC 00001.00000000  .00000000  00000-0  00000+0 0    03
2 01649  53.0000 105.0000 0000001   0.0000 353.4545 15.76629586    01
Starlink-340 1649
1 01650U 00000ABC 00001.00000000  .00000000  00000-0  00000+0 0    05
2 01650  53.0000 105.0000 0000001   0.0000 356.7273 15.76629586    07
Starlink-340 1650
1 01651U 00000ABC 00001.00000000  .00000000  00000-0  00000+0 0    06
2 01651  53.0000 112.5000 0000001   0.0000   1.6364 15.76629586    08
Starlink-340 1651
1 01652U 00000ABC 00001.00000000  .00000000  00000-0  00000+0 0    07
2 01652  53.0000 112.5000 0000001   0.0000   4.9091 15.76629586    02
Starlink-340 1652
1 01653U 00000ABC 00001.00000000  .00000000  00000-0  00000+0 0    08
2 01653  53.0000 112.5000 0000001   0.0000   8.1818 15.76629586    06
Starlink-340 1653
1 01654U 00000ABC 00001.00000000  .00000000  00000-0  00000+0 0    09
2 01654  53.0000 112.5000 0000001   0.0000  11.4545 15.76629586    01
Starlink-340 1654
1 01655U 00000ABC 00001.00000000  .00000000  00000-0  00000+0 0    00
2 01655  53.0000 112.5000 0000001   0.0000  14.7273 15.76629586    06
Starlink-340 1655
1 01656U 00000ABC 00001.00000000  .00000000  00000-0  00000+0 0    01
2 01656  53.0000 112.5000 0000001   0.0000  18.0000 15.76629586    02
Starlink-340 1656
1 01657U 00000ABC 00001.00000000  .00000000  00000-0  00000+0 0    02
2 01657  53.0000 112.5000 0000001   0.0000  21.2727 15.76629586    05
Starlink-340 1657
1 01658U 00000ABC 00001.00000000  .00000000  00000-0  00000+0 0    03
2 01658  53.0000 112.5000 0000001   0.0000  24.5455 15.76629586    00
Starlink-340 1658
1 01659U 00000ABC 00001.00000000  .00000000  00000-0  00000+0 0    04
2 01659  53.0000 112.5000 0000001   0.0000  27.8182 15.76629586    04
Starlink-340 1659
1 01660U 00000ABC 00001.00000000  .00000000  00000-0  00000+0 0    06
2 01660  53.0000 112.5000 0000001   0.0000  31.0909 15.76629586    00
Starlink-340 1660
1 01661U 00000ABC 00001.00000000  .00000000  00000-0  00000+0 0    07
2 01661  53.0000 112.5000 0000001   0.0000  34.3636 15.76629586    04
Starlink-340 1661
1 01662U 00000ABC 00001.00000000  .00000000  00000-0  00000+0 0    08
2 01662  53.0000 112.5000 0000001   0.0000  37.6364 15.76629586    09
Starlink-340 1662
1 01663U 00000ABC 00001.00000000  .00000000  00000-0  00000+0 0    09
2 01663  53.0000 112.5000 0000001   0.0000  40.9091 15.76629586    04
Starlink-340 1663
1 01664U 00000ABC 00001.00000000  .00000000  00000-0  00000+0 0    00
2 01664  53.0000 112.5000 0000001   0.0000  44.1818 15.76629586    08
Starlink-340 1664
1 01665U 00000ABC 00001.00000000  .00000000  00000-0  00000+0 0    01
2 01665  53.0000 112.5000 0000001   0.0000  47.4545 15.76629586    02
Starlink-340 1665
1 01666U 00000ABC 00001.00000000  .00000000  00000-0  00000+0 0    02
2 01666  53.0000 112.5000 0000001   0.0000  50.7273 15.76629586    08
Starlink-340 1666
1 01667U 00000ABC 00001.00000000  .00000000  00000-0  00000+0 0    03
2 01667  53.0000 112.5000 0000001   0.0000  54.0000 15.76629586    04
Starlink-340 1667
1 01668U 00000ABC 00001.00000000  .00000000  00000-0  00000+0 0    04
2 01668  53.0000 112.5000 0000001   0.0000  57.2727 15.76629586    06
Starlink-340 1668
1 01669U 00000ABC 00001.00000000  .00000000  00000-0  00000+0 0    05
2 01669  53.0000 112.5000 0000001   0.0000  60.5455 15.76629586    02
Starlink-340 1669
1 01670U 00000ABC 00001.00000000  .00000000  00000-0  00000+0 0    07
2 01670  53.0000 112.5000 0000001   0.0000  63.8182 15.76629586    07
Starlink-340 1670
1 01671U 00000ABC 00001.00000000  .00000000  00000-0  00000+0 0    08
2 01671  53.0000 112.5000 0000001   0.0000  67.0909 15.76629586    01
Starlink-340 1671
1 01672U 00000ABC 00001.00000000  .00000000  00000-0  00000+0 0    09
2 01672  53.0000 112.5000 0000001   0.0000  70.3636 15.76629586    06
Starlink-340 1672
1 01673U 00000ABC 00001.00000000  .00000000  00000-0  00000+0 0    00
2 01673  53.0000 112.5000 0000001   0.0000  73.6364 15.76629586    01
Starlink-340 1673
1 01674U 00000ABC 00001.00000000  .00000000  00000-0  00000+0 0    01
2 01674  53.0000 112.5000 0000001   0.0000  76.9091 15.76629586    05
Starlink-340 1674
1 01675U 00000ABC 00001.00000000  .00000000  00000-0  00000+0 0    02
2 01675  53.0000 112.5000 0000001   0.0000  80.1818 15.76629586    00
Starlink-340 1675
1 01676U 00000ABC 00001.00000000  .00000000  00000-0  00000+0 0    03
2 01676  53.0000 112.5000 0000001   0.0000  83.4545 15.76629586    04
Starlink-340 1676
1 01677U 00000ABC 00001.00000000  .00000000  00000-0  00000+0 0    04
2 01677  53.0000 112.5000 0000001   0.0000  86.7273 15.76629586    09
Starlink-340 1677
1 01678U 00000ABC 00001.00000000  .00000000  00000-0  00000+0 0    05
2 01678  53.0000 112.5000 0000001   0.0000  90.0000 15.76629586    06
Starlink-340 1678
1 01679U 00000ABC 00001.00000000  .00000000  00000-0  00000+0 0    06
2 01679  53.0000 112.5000 0000001   0.0000  93.2727 15.76629586    08
Starlink-340 1679
1 01680U 00000ABC 00001.00000000  .00000000  00000-0  00000+0 0    08
2 01680  53.0000 112.5000 0000001   0.0000  96.5455 15.76629586    04
Starlink-340 1680
1 01681U 00000ABC 00001.00000000  .00000000  00000-0  00000+0 0    09
2 01681  53.0000 112.5000 0000001   0.0000  99.8182 15.76629586    08
Starlink-340 1681
1 01682U 00000ABC 00001.00000000  .00000000  00000-0  00000+0 0    00
2 01682  53.0000 112.5000 0000001   0.0000 103.0909 15.76629586    04
Starlink-340 1682
1 01683U 00000ABC 00001.00000000  .00000000  00000-0  00000+0 0    01
2 01683  53.0000 112.5000 0000001   0.0000 106.3636 15.76629586    08
Starlink-340 1683
1 01684U 00000ABC 00001.00000000  .00000000  00000-0  00000+0 0    02
2 01684  53.0000 112.5000 0000001   0.0000 109.6364 15.76629586    03
Starlink-340 1684
1 01685U 00000ABC 00001.00000000  .00000000  00000-0  00000+0 0    03
2 01685  53.0000 112.5000 0000001   0.0000 112.9091 15.76629586    08
Starlink-340 1685
1 01686U 00000ABC 00001.00000000  .00000000  00000-0  00000+0 0    04
2 01686  53.0000 112.5000 0000001   0.0000 116.1818 15.76629586    02
Starlink-340 1686
1 01687U 00000ABC 00001.00000000  .00000000  00000-0  00000+0 0    05
2 01687  53.0000 112.5000 0000001   0.0000 119.4545 15.76629586    06
Starlink-340 1687
1 01688U 00000ABC 00001.00000000  .00000000  00000-0  00000+0 0    06
2 01688  53.0000 112.5000 0000001   0.0000 122.7273 15.76629586    02
Starlink-340 1688
1 01689U 00000ABC 00001.00000000  .00000000  00000-0  00000+0 0    07
2 01689  53.0000 112.5000 0000001   0.0000 126.0000 15.76629586    08
Starlink-340 1689
1 01690U 00000ABC 00001.00000000  .00000000  00000-0  00000+0 0    09
2 01690  53.0000 112.5000 0000001   0.0000 129.2727 15.76629586    01
Starlink-340 1690
1 01691U 00000ABC 00001.00000000  .00000000  00000-0  00000+0 0    00
2 01691  53.0000 112.5000 0000001   0.0000 132.5455 15.76629586    07
Starlink-340 1691
1 01692U 00000ABC 00001.00000000  .00000000  00000-0  00000+0 0    01
2 01692  53.0000 112.5000 0000001   0.0000 135.8182 15.76629586    01
Starlink-340 1692
1 01693U 00000ABC 00001.00000000  .00000000  00000-0  00000+0 0    02
2 01693  53.0000 112.5000 0000001   0.0000 139.0909 15.76629586    05
Starlink-340 1693
1 01694U 00000ABC 00001.00000000  .00000000  00000-0  00000+0 0    03
2 01694  53.0000 112.5000 0000001   0.0000 142.3636 15.76629586    00
Starlink-340 1694
1 01695U 00000ABC 00001.00000000  .00000000  00000-0  00000+0 0    04
2 01695  53.0000 112.5000 0000001   0.0000 145.6364 15.76629586    05
Starlink-340 1695
1 01696U 00000ABC 00001.00000000  .00000000  00000-0  00000+0 0    05
2 01696  53.0000 112.5000 0000001   0.0000 148.9091 15.76629586    09
Starlink-340 1696
1 01697U 00000ABC 00001.00000000  .00000000  00000-0  00000+0 0    06
2 01697  53.0000 112.5000 0000001   0.0000 152.1818 15.76629586    04
Starlink-340 1697
1 01698U 00000ABC 00001.00000000  .00000000  00000-0  00000+0 0    07
2 01698  53.0000 112.5000 0000001   0.0000 155.4545 15.76629586    08
Starlink-340 1698
1 01699U 00000ABC 00001.00000000  .00000000  00000-0  00000+0 0    08
2 01699  53.0000 112.5000 0000001   0.0000 158.7273 15.76629586    03
Starlink-340 1699
1 01700U 00000ABC 00001.00000000  .00000000  00000-0  00000+0 0    01
2 01700  53.0000 112.5000 0000001   0.0000 162.0000 15.76629586    02
Starlink-340 1700
1 01701U 00000ABC 00001.00000000  .00000000  00000-0  00000+0 0    02
2 01701  53.0000 112.5000 0000001   0.0000 165.2727 15.76629586    04
Starlink-340 1701
1 01702U 00000ABC 00001.00000000  .00000000  00000-0  00000+0 0    03
2 01702  53.0000 112.5000 0000001   0.0000 168.5455 15.76629586    09
Starlink-340 1702
1 01703U 00000ABC 00001.00000000  .00000000  00000-0  00000+0 0    04
2 01703  53.0000 112.5000 0000001   0.0000 171.8182 15.76629586    04
Starlink-340 1703
1 01704U 00000ABC 00001.00000000  .00000000  00000-0  00000+0 0    05
2 01704  53.0000 112.5000 0000001   0.0000 175.0909 15.76629586    08
Starlink-340 1704
1 01705U 00000ABC 00001.00000000  .00000000  00000-0  00000+0 0    06
2 01705  53.0000 112.5000 0000001   0.0000 178.3636 15.76629586    02
Starlink-340 1705
1 01706U 00000ABC 00001.00000000  .00000000  00000-0  00000+0 0    07
2 01706  53.0000 112.5000 0000001   0.0000 181.6364 15.76629586    08
Starlink-340 1706
1 01707U 00000ABC 00001.00000000  .00000000  00000-0  00000+0 0    08
2 01707  53.0000 112.5000 0000001   0.0000 184.9091 15.76629586    02
Starlink-340 1707
1 01708U 00000ABC 00001.00000000  .00000000  00000-0  00000+0 0    09
2 01708  53.0000 112.5000 0000001   0.0000 188.1818 15.76629586    06
Starlink-340 1708
1 01709U 00000ABC 00001.00000000  .00000000  00000-0  00000+0 0    00
2 01709  53.0000 112.5000 0000001   0.0000 191.4545 15.76629586    01
Starlink-340 1709
1 01710U 00000ABC 00001.00000000  .00000000  00000-0  00000+0 0    02
2 01710  53.0000 112.5000 0000001   0.0000 194.7273 15.76629586    07
Starlink-340 1710
1 01711U 00000ABC 00001.00000000  .00000000  00000-0  00000+0 0    03
2 01711  53.0000 112.5000 0000001   0.0000 198.0000 15.76629586    03
Starlink-340 1711
1 01712U 00000ABC 00001.00000000  .00000000  00000-0  00000+0 0    04
2 01712  53.0000 112.5000 0000001   0.0000 201.2727 15.76629586    07
Starlink-340 1712
1 01713U 00000ABC 00001.00000000  .00000000  00000-0  00000+0 0    05
2 01713  53.0000 112.5000 0000001   0.0000 204.5455 15.76629586    02
Starlink-340 1713
1 01714U 00000ABC 00001.00000000  .00000000  00000-0  00000+0 0    06
2 01714  53.0000 112.5000 0000001   0.0000 207.8182 15.76629586    06
Starlink-340 1714
1 01715U 00000ABC 00001.00000000  .00000000  00000-0  00000+0 0    07
2 01715  53.0000 112.5000 0000001   0.0000 211.0909 15.76629586    01
Starlink-340 1715
1 01716U 00000ABC 00001.00000000  .00000000  00000-0  00000+0 0    08
2 01716  53.0000 112.5000 0000001   0.0000 214.3636 15.76629586    05
Starlink-340 1716
1 01717U 00000ABC 00001.00000000  .00000000  00000-0  00000+0 0    09
2 01717  53.0000 112.5000 0000001   0.0000 217.6364 15.76629586    00
Starlink-340 1717
1 01718U 00000ABC 00001.00000000  .00000000  00000-0  00000+0 0    00
2 01718  53.0000 112.5000 0000001   0.0000 220.9091 15.76629586    05
Starlink-340 1718
1 01719U 00000ABC 00001.00000000  .00000000  00000-0  00000+0 0    01
2 01719  53.0000 112.5000 0000001   0.0000 224.1818 15.76629586    09
Starlink-340 1719
1 01720U 00000ABC 00001.00000000  .00000000  00000-0  00000+0 0    03
2 01720  53.0000 112.5000 0000001   0.0000 227.4545 15.76629586    04
Starlink-340 1720
1 01721U 00000ABC 00001.00000000  .00000000  00000-0  00000+0 0    04
2 01721  53.0000 112.5000 0000001   0.0000 230.7273 15.76629586    00
Starlink-340 1721
1 01722U 00000ABC 00001.00000000  .00000000  00000-0  00000+0 0    05
2 01722  53.0000 112.5000 0000001   0.0000 234.0000 15.76629586    06
Starlink-340 1722
1 01723U 00000ABC 00001.00000000  .00000000  00000-0  00000+0 0    06
2 01723  53.0000 112.5000 0000001   0.0000 237.2727 15.76629586    08
Starlink-340 1723
1 01724U 00000ABC 00001.00000000  .00000000  00000-0  00000+0 0    07
2 01724  53.0000 112.5000 0000001   0.0000 240.5455 15.76629586    04
Starlink-340 1724
1 01725U 00000ABC 00001.00000000  .00000000  00000-0  00000+0 0    08
2 01725  53.0000 112.5000 0000001   0.0000 243.8182 15.76629586    08
Starlink-340 1725
1 01726U 00000ABC 00001.00000000  .00000000  00000-0  00000+0 0    09
2 01726  53.0000 112.5000 0000001   0.0000 247.0909 15.76629586    02
Starlink-340 1726
1 01727U 00000ABC 00001.00000000  .00000000  00000-0  00000+0 0    00
2 01727  53.0000 112.5000 0000001   0.0000 250.3636 15.76629586    07
Starlink-340 1727
1 01728U 00000ABC 00001.00000000  .00000000  00000-0  00000+0 0    01
2 01728  53.0000 112.5000 0000001   0.0000 253.6364 15.76629586    02
Starlink-340 1728
1 01729U 00000ABC 00001.00000000  .00000000  00000-0  00000+0 0    02
2 01729  53.0000 112.5000 0000001   0.0000 256.9091 15.76629586    06
Starlink-340 1729
1 01730U 00000ABC 00001.00000000  .00000000  00000-0  00000+0 0    04
2 01730  53.0000 112.5000 0000001   0.0000 260.1818 15.76629586    02
Starlink-340 1730
1 01731U 00000ABC 00001.00000000  .00000000  00000-0  00000+0 0    05
2 01731  53.0000 112.5000 0000001   0.0000 263.4545 15.76629586    06
Starlink-340 1731
1 01732U 00000ABC 00001.00000000  .00000000  00000-0  00000+0 0    06
2 01732  53.0000 112.5000 0000001   0.0000 266.7273 15.76629586    01
Starlink-340 1732
1 01733U 00000ABC 00001.00000000  .00000000  00000-0  00000+0 0    07
2 01733  53.0000 112.5000 0000001   0.0000 270.0000 15.76629586    08
Starlink-340 1733
1 01734U 00000ABC 00001.00000000  .00000000  00000-0  00000+0 0    08
2 01734  53.0000 112.5000 0000001   0.0000 273.2727 15.76629586    00
Starlink-340 1734
1 01735U 00000ABC 00001.00000000  .00000000  00000-0  00000+0 0    09
2 01735  53.0000 112.5000 0000001   0.0000 276.5455 15.76629586    05
Starlink-340 1735
1 01736U 00000ABC 00001.00000000  .00000000  00000-0  00000+0 0    00
2 01736  53.0000 112.5000 0000001   0.0000 279.8182 15.76629586    09
Starlink-340 1736
1 01737U 00000ABC 00001.00000000  .00000000  00000-0  00000+0 0    01
2 01737  53.0000 112.5000 0000001   0.0000 283.0909 15.76629586    04
Starlink-340 1737
1 01738U 00000ABC 00001.00000000  .00000000  00000-0  00000+0 0    02
2 01738  53.0000 112.5000 0000001   0.0000 286.3636 15.76629586    08
Starlink-340 1738
1 01739U 00000ABC 00001.00000000  .00000000  00000-0  00000+0 0    03
2 01739  53.0000 112.5000 0000001   0.0000 289.6364 15.76629586    03
Starlink-340 1739
1 01740U 00000ABC 00001.00000000  .00000000  00000-0  00000+0 0    05
2 01740  53.0000 112.5000 0000001   0.0000 292.9091 15.76629586    09
Starlink-340 1740
1 01741U 00000ABC 00001.00000000  .00000000  00000-0  00000+0 0    06
2 01741  53.0000 112.5000 0000001   0.0000 296.1818 15.76629586    03
Starlink-340 1741
1 01742U 00000ABC 00001.00000000  .00000000  00000-0  00000+0 0    07
2 01742  53.0000 112.5000 0000001   0.0000 299.4545 15.76629586    07
Starlink-340 1742
1 01743U 00000ABC 00001.00000000  .00000000  00000-0  00000+0 0    08
2 01743  53.0000 112.5000 0000001   0.0000 302.7273 15.76629586    04
Starlink-340 1743
1 01744U 00000ABC 00001.00000000  .00000000  00000-0  00000+0 0    09
2 01744  53.0000 112.5000 0000001   0.0000 306.0000 15.76629586    00
Starlink-340 1744
1 01745U 00000ABC 00001.00000000  .00000000  00000-0  00000+0 0    00
2 01745  53.0000 112.5000 0000001   0.0000 309.2727 15.76629586    02
Starlink-340 1745
1 01746U 00000ABC 00001.00000000  .00000000  00000-0  00000+0 0    01
2 01746  53.0000 112.5000 0000001   0.0000 312.5455 15.76629586    08
Starlink-340 1746
1 01747U 00000ABC 00001.00000000  .00000000  00000-0  00000+0 0    02
2 01747  53.0000 112.5000 0000001   0.0000 315.8182 15.76629586    02
Starlink-340 1747
1 01748U 00000ABC 00001.00000000  .00000000  00000-0  00000+0 0    03
2 01748  53.0000 112.5000 0000001   0.0000 319.0909 15.76629586    06
Starlink-340 1748
1 01749U 00000ABC 00001.00000000  .00000000  00000-0  00000+0 0    04
2 01749  53.0000 112.5000 0000001   0.0000 322.3636 15.76629586    01
Starlink-340 1749
1 01750U 00000ABC 00001.00000000  .00000000  00000-0  00000+0 0    06
2 01750  53.0000 112.5000 0000001   0.0000 325.6364 15.76629586    07
Starlink-340 1750
1 01751U 00000ABC 00001.00000000  .00000000  00000-0  00000+0 0    07
2 01751  53.0000 112.5000 0000001   0.0000 328.9091 15.76629586    01
Starlink-340 1751
1 01752U 00000ABC 00001.00000000  .00000000  00000-0  00000+0 0    08
2 01752  53.0000 112.5000 0000001   0.0000 332.1818 15.76629586    06
Starlink-340 1752
1 01753U 00000ABC 00001.00000000  .00000000  00000-0  00000+0 0    09
2 01753  53.0000 112.5000 0000001   0.0000 335.4545 15.76629586    00
Starlink-340 1753
1 01754U 00000ABC 00001.00000000  .00000000  00000-0  00000+0 0    00
2 01754  53.0000 112.5000 0000001   0.0000 338.7273 15.76629586    05
Starlink-340 1754
1 01755U 00000ABC 00001.00000000  .00000000  00000-0  00000+0 0    01
2 01755  53.0000 112.5000 0000001   0.0000 342.0000 15.76629586    02
Starlink-340 1755
1 01756U 00000ABC 00001.00000000  .00000000  00000-0  00000+0 0    02
2 01756  53.0000 112.5000 0000001   0.0000 345.2727 15.76629586    04
Starlink-340 1756
1 01757U 00000ABC 00001.00000000  .00000000  00000-0  00000+0 0    03
2 01757  53.0000 112.5000 0000001   0.0000 348.5455 15.76629586    09
Starlink-340 1757
1 01758U 00000ABC 00001.00000000  .00000000  00000-0  00000+0 0    04
2 01758  53.0000 112.5000 0000001   0.0000 351.8182 15.76629586    04
Starlink-340 1758
1 01759U 00000ABC 00001.00000000  .00000000  00000-0  00000+0 0    05
2 01759  53.0000 112.5000 0000001   0.0000 355.0909 15.76629586    08
Starlink-340 1759
1 01760U 00000ABC 00001.00000000  .00000000  00000-0  00000+0 0    07
2 01760  53.0000 112.5000 0000001   0.0000 358.3636 15.76629586    03
Starlink-340 1760
1 01761U 00000ABC 00001.00000000  .00000000  00000-0  00000+0 0    08
2 01761  53.0000 120.0000 0000001   0.0000   0.0000 15.76629586    04
Starlink-340 1761
1 01762U 00000ABC 00001.00000000  .00000000  00000-0  00000+0 0    09
2 01762  53.0000 120.0000 0000001   0.0000   3.2727 15.76629586    06
Starlink-340 1762
1 01763U 00000ABC 00001.00000000  .00000000  00000-0  00000+0 0    00
2 01763  53.0000 120.0000 0000001   0.0000   6.5455 15.76629586    01
Starlink-340 1763
1 01764U 00000ABC 00001.00000000  .00000000  00000-0  00000+0 0    01
2 01764  53.0000 120.0000 0000001   0.0000   9.8182 15.76629586    05
Starlink-340 1764
1 01765U 00000ABC 00001.00000000  .00000000  00000-0  00000+0 0    02
2 01765  53.0000 120.0000 0000001   0.0000  13.0909 15.76629586    00
Starlink-340 1765
1 01766U 00000ABC 00001.00000000  .00000000  00000-0  00000+0 0    03
2 01766  53.0000 120.0000 0000001   0.0000  16.3636 15.76629586    04
Starlink-340 1766
1 01767U 00000ABC 00001.00000000  .00000000  00000-0  00000+0 0    04
2 01767  53.0000 120.0000 0000001   0.0000  19.6364 15.76629586    09
Starlink-340 1767
1 01768U 00000ABC 00001.00000000  .00000000  00000-0  00000+0 0    05
2 01768  53.0000 120.0000 0000001   0.0000  22.9091 15.76629586    04
Starlink-340 1768
1 01769U 00000ABC 00001.00000000  .00000000  00000-0  00000+0 0    06
2 01769  53.0000 120.0000 0000001   0.0000  26.1818 15.76629586    08
Starlink-340 1769
1 01770U 00000ABC 00001.00000000  .00000000  00000-0  00000+0 0    08
2 01770  53.0000 120.0000 0000001   0.0000  29.4545 15.76629586    03
Starlink-340 1770
1 01771U 00000ABC 00001.00000000  .00000000  00000-0  00000+0 0    09
2 01771  53.0000 120.0000 0000001   0.0000  32.7273 15.76629586    09
Starlink-340 1771
1 01772U 00000ABC 00001.00000000  .00000000  00000-0  00000+0 0    00
2 01772  53.0000 120.0000 0000001   0.0000  36.0000 15.76629586    05
Starlink-340 1772
1 01773U 00000ABC 00001.00000000  .00000000  00000-0  00000+0 0    01
2 01773  53.0000 120.0000 0000001   0.0000  39.2727 15.76629586    07
Starlink-340 1773
1 01774U 00000ABC 00001.00000000  .00000000  00000-0  00000+0 0    02
2 01774  53.0000 120.0000 0000001   0.0000  42.5455 15.76629586    03
Starlink-340 1774
1 01775U 00000ABC 00001.00000000  .00000000  00000-0  00000+0 0    03
2 01775  53.0000 120.0000 0000001   0.0000  45.8182 15.76629586    07
Starlink-340 1775
1 01776U 00000ABC 00001.00000000  .00000000  00000-0  00000+0 0    04
2 01776  53.0000 120.0000 0000001   0.0000  49.0909 15.76629586    01
Starlink-340 1776
1 01777U 00000ABC 00001.00000000  .00000000  00000-0  00000+0 0    05
2 01777  53.0000 120.0000 0000001   0.0000  52.3636 15.76629586    06
Starlink-340 1777
1 01778U 00000ABC 00001.00000000  .00000000  00000-0  00000+0 0    06
2 01778  53.0000 120.0000 0000001   0.0000  55.6364 15.76629586    01
Starlink-340 1778
1 01779U 00000ABC 00001.00000000  .00000000  00000-0  00000+0 0    07
2 01779  53.0000 120.0000 0000001   0.0000  58.9091 15.76629586    05
Starlink-340 1779
1 01780U 00000ABC 00001.00000000  .00000000  00000-0  00000+0 0    09
2 01780  53.0000 120.0000 0000001   0.0000  62.1818 15.76629586    01
Starlink-340 1780
1 01781U 00000ABC 00001.00000000  .00000000  00000-0  00000+0 0    00
2 01781  53.0000 120.0000 0000001   0.0000  65.4545 15.76629586    05
Starlink-340 1781
1 01782U 00000ABC 00001.00000000  .00000000  00000-0  00000+0 0    01
2 01782  53.0000 120.0000 0000001   0.0000  68.7273 15.76629586    00
Starlink-340 1782
1 01783U 00000ABC 00001.00000000  .00000000  00000-0  00000+0 0    02
2 01783  53.0000 120.0000 0000001   0.0000  72.0000 15.76629586    07
Starlink-340 1783
1 01784U 00000ABC 00001.00000000  .00000000  00000-0  00000+0 0    03
2 01784  53.0000 120.0000 0000001   0.0000  75.2727 15.76629586    09
Starlink-340 1784
1 01785U 00000ABC 00001.00000000  .00000000  00000-0  00000+0 0    04
2 01785  53.0000 120.0000 0000001   0.0000  78.5455 15.76629586    04
Starlink-340 1785
1 01786U 00000ABC 00001.00000000  .00000000  00000-0  00000+0 0    05
2 01786  53.0000 120.0000 0000001   0.0000  81.8182 15.76629586    09
Starlink-340 1786
1 01787U 00000ABC 00001.00000000  .00000000  00000-0  00000+0 0    06
2 01787  53.0000 120.0000 0000001   0.0000  85.0909 15.76629586    03
Starlink-340 1787
1 01788U 00000ABC 00001.00000000  .00000000  00000-0  00000+0 0    07
2 01788  53.0000 120.0000 0000001   0.0000  88.3636 15.76629586    07
Starlink-340 1788
1 01789U 00000ABC 00001.00000000  .00000000  00000-0  00000+0 0    08
2 01789  53.0000 120.0000 0000001   0.0000  91.6364 15.76629586    03
Starlink-340 1789
1 01790U 00000ABC 00001.00000000  .00000000  00000-0  00000+0 0    00
2 01790  53.0000 120.0000 0000001   0.0000  94.9091 15.76629586    08
Starlink-340 1790
1 01791U 00000ABC 00001.00000000  .00000000  00000-0  00000+0 0    01
2 01791  53.0000 120.0000 0000001   0.0000  98.1818 15.76629586    02
Starlink-340 1791
1 01792U 00000ABC 00001.00000000  .00000000  00000-0  00000+0 0    02
2 01792  53.0000 120.0000 0000001   0.0000 101.4545 15.76629586    08
Starlink-340 1792
1 01793U 00000ABC 00001.00000000  .00000000  00000-0  00000+0 0    03
2 01793  53.0000 120.0000 0000001   0.0000 104.7273 15.76629586    03
Starlink-340 1793
1 01794U 00000ABC 00001.00000000  .00000000  00000-0  00000+0 0    04
2 01794  53.0000 120.0000 0000001   0.0000 108.0000 15.76629586    09
Starlink-340 1794
1 01795U 00000ABC 00001.00000000  .00000000  00000-0  00000+0 0    05
2 01795  53.0000 120.0000 0000001   0.0000 111.2727 15.76629586    02
Starlink-340 1795
1 01796U 00000ABC 00001.00000000  .00000000  00000-0  00000+0 0    06
2 01796  53.0000 120.0000 0000001   0.0000 114.5455 15.76629586    07
Starlink-340 1796
1 01797U 00000ABC 00001.00000000  .00000000  00000-0  00000+0 0    07
2 01797  53.0000 120.0000 0000001   0.0000 117.8182 15.76629586    01
Starlink-340 1797
1 01798U 00000ABC 00001.00000000  .00000000  00000-0  00000+0 0    08
2 01798  53.0000 120.0000 0000001   0.0000 121.0909 15.76629586    06
Starlink-340 1798
1 01799U 00000ABC 00001.00000000  .00000000  00000-0  00000+0 0    09
2 01799  53.0000 120.0000 0000001   0.0000 124.3636 15.76629586    00
Starlink-340 1799
1 01800U 00000ABC 00001.00000000  .00000000  00000-0  00000+0 0    02
2 01800  53.0000 120.0000 0000001   0.0000 127.6364 15.76629586    07
Starlink-340 1800
1 01801U 00000ABC 00001.00000000  .00000000  00000-0  00000+0 0    03
2 01801  53.0000 120.0000 0000001   0.0000 130.9091 15.76629586    02
Starlink-340 1801
1 01802U 00000ABC 00001.00000000  .00000000  00000-0  00000+0 0    04
2 01802  53.0000 120.0000 0000001   0.0000 134.1818 15.76629586    06
Starlink-340 1802
1 01803U 00000ABC 00001.00000000  .00000000  00000-0  00000+0 0    05
2 01803  53.0000 120.0000 0000001   0.0000 137.4545 15.76629586    00
Starlink-340 1803
1 01804U 00000ABC 00001.00000000  .00000000  00000-0  00000+0 0    06
2 01804  53.0000 120.0000 0000001   0.0000 140.7273 15.76629586    06
Starlink-340 1804
1 01805U 00000ABC 00001.00000000  .00000000  00000-0  00000+0 0    07
2 01805  53.0000 120.0000 0000001   0.0000 144.0000 15.76629586    02
Starlink-340 1805
1 01806U 00000ABC 00001.00000000  .00000000  00000-0  00000+0 0    08
2 01806  53.0000 120.0000 0000001   0.0000 147.2727 15.76629586    04
Starlink-340 1806
1 01807U 00000ABC 00001.00000000  .00000000  00000-0  00000+0 0    09
2 01807  53.0000 120.0000 0000001   0.0000 150.5455 15.76629586    00
Starlink-340 1807
1 01808U 00000ABC 00001.00000000  .00000000  00000-0  00000+0 0    00
2 01808  53.0000 120.0000 0000001   0.0000 153.8182 15.76629586    04
Starlink-340 1808
1 01809U 00000ABC 00001.00000000  .00000000  00000-0  00000+0 0    01
2 01809  53.0000 120.0000 0000001   0.0000 157.0909 15.76629586    08
Starlink-340 1809
1 01810U 00000ABC 00001.00000000  .00000000  00000-0  00000+0 0    03
2 01810  53.0000 120.0000 0000001   0.0000 160.3636 15.76629586    04
Starlink-340 1810
1 01811U 00000ABC 00001.00000000  .00000000  00000-0  00000+0 0    04
2 01811  53.0000 120.0000 0000001   0.0000 163.6364 15.76629586    09
Starlink-340 1811
1 01812U 00000ABC 00001.00000000  .00000000  00000-0  00000+0 0    05
2 01812  53.0000 120.0000 0000001   0.0000 166.9091 15.76629586    03
Starlink-340 1812
1 01813U 00000ABC 00001.00000000  .00000000  00000-0  00000+0 0    06
2 01813  53.0000 120.0000 0000001   0.0000 170.1818 15.76629586    08
Starlink-340 1813
1 01814U 00000ABC 00001.00000000  .00000000  00000-0  00000+0 0    07
2 01814  53.0000 120.0000 0000001   0.0000 173.4545 15.76629586    02
Starlink-340 1814
1 01815U 00000ABC 00001.00000000  .00000000  00000-0  00000+0 0    08
2 01815  53.0000 120.0000 0000001   0.0000 176.7273 15.76629586    07
Starlink-340 1815
1 01816U 00000ABC 00001.00000000  .00000000  00000-0  00000+0 0    09
2 01816  53.0000 120.0000 0000001   0.0000 180.0000 15.76629586    04
Starlink-340 1816
1 01817U 00000ABC 00001.00000000  .00000000  00000-0  00000+0 0    00
2 01817  53.0000 120.0000 0000001   0.0000 183.2727 15.76629586    06
Starlink-340 1817
1 01818U 00000ABC 00001.00000000  .00000000  00000-0  00000+0 0    01
2 01818  53.0000 120.0000 0000001   0.0000 186.5455 15.76629586    01
Starlink-340 1818
1 01819U 00000ABC 00001.00000000  .00000000  00000-0  00000+0 0    02
2 01819  53.0000 120.0000 0000001   0.0000 189.8182 15.76629586    05
Starlink-340 1819
1 01820U 00000ABC 00001.00000000  .00000000  00000-0  00000+0 0    04
2 01820  53.0000 120.0000 0000001   0.0000 193.0909 15.76629586    01
Starlink-340 1820
1 01821U 00000ABC 00001.00000000  .00000000  00000-0  00000+0 0    05
2 01821  53.0000 120.0000 0000001   0.0000 196.3636 15.76629586    05
Starlink-340 1821
1 01822U 00000ABC 00001.00000000  .00000000  00000-0  00000+0 0    06
2 01822  53.0000 120.0000 0000001   0.0000 199.6364 15.76629586    00
Starlink-340 1822
1 01823U 00000ABC 00001.00000000  .00000000  00000-0  00000+0 0    07
2 01823  53.0000 120.0000 0000001   0.0000 202.9091 15.76629586    06
Starlink-340 1823
1 01824U 00000ABC 00001.00000000  .00000000  00000-0  00000+0 0    08
2 01824  53.0000 120.0000 0000001   0.0000 206.1818 15.76629586    00
Starlink-340 1824
1 01825U 00000ABC 00001.00000000  .00000000  00000-0  00000+0 0    09
2 01825  53.0000 120.0000 0000001   0.0000 209.4545 15.76629586    04
Starlink-340 1825
1 01826U 00000ABC 00001.00000000  .00000000  00000-0  00000+0 0    00
2 01826  53.0000 120.0000 0000001   0.0000 212.7273 15.76629586    00
Starlink-340 1826
1 01827U 00000ABC 00001.00000000  .00000000  00000-0  00000+0 0    01
2 01827  53.0000 120.0000 0000001   0.0000 216.0000 15.76629586    06
Starlink-340 1827
1 01828U 00000ABC 00001.00000000  .00000000  00000-0  00000+0 0    02
2 01828  53.0000 120.0000 0000001   0.0000 219.2727 15.76629586    08
Starlink-340 1828
1 01829U 00000ABC 00001.00000000  .00000000  00000-0  00000+0 0    03
2 01829  53.0000 120.0000 0000001   0.0000 222.5455 15.76629586    04
Starlink-340 1829
1 01830U 00000ABC 00001.00000000  .00000000  00000-0  00000+0 0    05
2 01830  53.0000 120.0000 0000001   0.0000 225.8182 15.76629586    09
Starlink-340 1830
1 01831U 00000ABC 00001.00000000  .00000000  00000-0  00000+0 0    06
2 01831  53.0000 120.0000 0000001   0.0000 229.0909 15.76629586    03
Starlink-340 1831
1 01832U 00000ABC 00001.00000000  .00000000  00000-0  00000+0 0    07
2 01832  53.0000 120.0000 0000001   0.0000 232.3636 15.76629586    08
Starlink-340 1832
1 01833U 00000ABC 00001.00000000  .00000000  00000-0  00000+0 0    08
2 01833  53.0000 120.0000 0000001   0.0000 235.6364 15.76629586    03
Starlink-340 1833
1 01834U 00000ABC 00001.00000000  .00000000  00000-0  00000+0 0    09
2 01834  53.0000 120.0000 0000001   0.0000 238.9091 15.76629586    07
Starlink-340 1834
1 01835U 00000ABC 00001.00000000  .00000000  00000-0  00000+0 0    00
2 01835  53.0000 120.0000 0000001   0.0000 242.1818 15.76629586    02
Starlink-340 1835
1 01836U 00000ABC 00001.00000000  .00000000  00000-0  00000+0 0    01
2 01836  53.0000 120.0000 0000001   0.0000 245.4545 15.76629586    06
Starlink-340 1836
1 01837U 00000ABC 00001.00000000  .00000000  00000-0  00000+0 0    02
2 01837  53.0000 120.0000 0000001   0.0000 248.7273 15.76629586    01
Starlink-340 1837
1 01838U 00000ABC 00001.00000000  .00000000  00000-0  00000+0 0    03
2 01838  53.0000 120.0000 0000001   0.0000 252.0000 15.76629586    08
Starlink-340 1838
1 01839U 00000ABC 00001.00000000  .00000000  00000-0  00000+0 0    04
2 01839  53.0000 120.0000 0000001   0.0000 255.2727 15.76629586    00
Starlink-340 1839
1 01840U 00000ABC 00001.00000000  .00000000  00000-0  00000+0 0    06
2 01840  53.0000 120.0000 0000001   0.0000 258.5455 15.76629586    06
Starlink-340 1840
1 01841U 00000ABC 00001.00000000  .00000000  00000-0  00000+0 0    07
2 01841  53.0000 120.0000 0000001   0.0000 261.8182 15.76629586    01
Starlink-340 1841
1 01842U 00000ABC 00001.00000000  .00000000  00000-0  00000+0 0    08
2 01842  53.0000 120.0000 0000001   0.0000 265.0909 15.76629586    05
Starlink-340 1842
1 01843U 00000ABC 00001.00000000  .00000000  00000-0  00000+0 0    09
2 01843  53.0000 120.0000 0000001   0.0000 268.3636 15.76629586    09
Starlink-340 1843
1 01844U 00000ABC 00001.00000000  .00000000  00000-0  00000+0 0    00
2 01844  53.0000 120.0000 0000001   0.0000 271.6364 15.76629586    05
Starlink-340 1844
1 01845U 00000ABC 00001.00000000  .00000000  00000-0  00000+0 0    01
2 01845  53.0000 120.0000 0000001   0.0000 274.9091 15.76629586    09
Starlink-340 1845
1 01846U 00000ABC 00001.00000000  .00000000  00000-0  00000+0 0    02
2 01846  53.0000 120.0000 0000001   0.0000 278.1818 15.76629586    03
Starlink-340 1846
1 01847U 00000ABC 00001.00000000  .00000000  00000-0  00000+0 0    03
2 01847  53.0000 120.0000 0000001   0.0000 281.4545 15.76629586    08
Starlink-340 1847
1 01848U 00000ABC 00001.00000000  .00000000  00000-0  00000+0 0    04
2 01848  53.0000 120.0000 0000001   0.0000 284.7273 15.76629586    03
Starlink-340 1848
1 01849U 00000ABC 00001.00000000  .00000000  00000-0  00000+0 0    05
2 01849  53.0000 120.0000 0000001   0.0000 288.0000 15.76629586    09
Starlink-340 1849
1 01850U 00000ABC 00001.00000000  .00000000  00000-0  00000+0 0    07
2 01850  53.0000 120.0000 0000001   0.0000 291.2727 15.76629586    03
Starlink-340 1850
1 01851U 00000ABC 00001.00000000  .00000000  00000-0  00000+0 0    08
2 01851  53.0000 120.0000 0000001   0.0000 294.5455 15.76629586    08
Starlink-340 1851
1 01852U 00000ABC 00001.00000000  .00000000  00000-0  00000+0 0    09
2 01852  53.0000 120.0000 0000001   0.0000 297.8182 15.76629586    02
Starlink-340 1852
1 01853U 00000ABC 00001.00000000  .00000000  00000-0  00000+0 0    00
2 01853  53.0000 120.0000 0000001   0.0000 301.0909 15.76629586    08
Starlink-340 1853
1 01854U 00000ABC 00001.00000000  .00000000  00000-0  00000+0 0    01
2 01854  53.0000 120.0000 0000001   0.0000 304.3636 15.76629586    02
Starlink-340 1854
1 01855U 00000ABC 00001.00000000  .00000000  00000-0  00000+0 0    02
2 01855  53.0000 120.0000 0000001   0.0000 307.6364 15.76629586    07
Starlink-340 1855
1 01856U 00000ABC 00001.00000000  .00000000  00000-0  00000+0 0    03
2 01856  53.0000 120.0000 0000001   0.0000 310.9091 15.76629586    02
Starlink-340 1856
1 01857U 00000ABC 00001.00000000  .00000000  00000-0  00000+0 0    04
2 01857  53.0000 120.0000 0000001   0.0000 314.1818 15.76629586    06
Starlink-340 1857
1 01858U 00000ABC 00001.00000000  .00000000  00000-0  00000+0 0    05
2 01858  53.0000 120.0000 0000001   0.0000 317.4545 15.76629586    00
Starlink-340 1858
1 01859U 00000ABC 00001.00000000  .00000000  00000-0  00000+0 0    06
2 01859  53.0000 120.0000 0000001   0.0000 320.7273 15.76629586    06
Starlink-340 1859
1 01860U 00000ABC 00001.00000000  .00000000  00000-0  00000+0 0    08
2 01860  53.0000 120.0000 0000001   0.0000 324.0000 15.76629586    03
Starlink-340 1860
1 01861U 00000ABC 00001.00000000  .00000000  00000-0  00000+0 0    09
2 01861  53.0000 120.0000 0000001   0.0000 327.2727 15.76629586    05
Starlink-340 1861
1 01862U 00000ABC 00001.00000000  .00000000  00000-0  00000+0 0    00
2 01862  53.0000 120.0000 0000001   0.0000 330.5455 15.76629586    01
Starlink-340 1862
1 01863U 00000ABC 00001.00000000  .00000000  00000-0  00000+0 0    01
2 01863  53.0000 120.0000 0000001   0.0000 333.8182 15.76629586    05
Starlink-340 1863
1 01864U 00000ABC 00001.00000000  .00000000  00000-0  00000+0 0    02
2 01864  53.0000 120.0000 0000001   0.0000 337.0909 15.76629586    09
Starlink-340 1864
1 01865U 00000ABC 00001.00000000  .00000000  00000-0  00000+0 0    03
2 01865  53.0000 120.0000 0000001   0.0000 340.3636 15.76629586    04
Starlink-340 1865
1 01866U 00000ABC 00001.00000000  .00000000  00000-0  00000+0 0    04
2 01866  53.0000 120.0000 0000001   0.0000 343.6364 15.76629586    09
Starlink-340 1866
1 01867U 00000ABC 00001.00000000  .00000000  00000-0  00000+0 0    05
2 01867  53.0000 120.0000 0000001   0.0000 346.9091 15.76629586    03
Starlink-340 1867
1 01868U 00000ABC 00001.00000000  .00000000  00000-0  00000+0 0    06
2 01868  53.0000 120.0000 0000001   0.0000 350.1818 15.76629586    08
Starlink-340 1868
1 01869U 00000ABC 00001.00000000  .00000000  00000-0  00000+0 0    07
2 01869  53.0000 120.0000 0000001   0.0000 353.4545 15.76629586    02
Starlink-340 1869
1 01870U 00000ABC 00001.00000000  .00000000  00000-0  00000+0 0    09
2 01870  53.0000 120.0000 0000001   0.0000 356.7273 15.76629586    08
Starlink-340 1870
1 01871U 00000ABC 00001.00000000  .00000000  00000-0  00000+0 0    00
2 01871  53.0000 127.5000 0000001   0.0000   1.6364 15.76629586    08
Starlink-340 1871
1 01872U 00000ABC 00001.00000000  .00000000  00000-0  00000+0 0    01
2 01872  53.0000 127.5000 0000001   0.0000   4.9091 15.76629586    02
Starlink-340 1872
1 01873U 00000ABC 00001.00000000  .00000000  00000-0  00000+0 0    02
2 01873  53.0000 127.5000 0000001   0.0000   8.1818 15.76629586    06
Starlink-340 1873
1 01874U 00000ABC 00001.00000000  .00000000  00000-0  00000+0 0    03
2 01874  53.0000 127.5000 0000001   0.0000  11.4545 15.76629586    01
Starlink-340 1874
1 01875U 00000ABC 00001.00000000  .00000000  00000-0  00000+0 0    04
2 01875  53.0000 127.5000 0000001   0.0000  14.7273 15.76629586    06
Starlink-340 1875
1 01876U 00000ABC 00001.00000000  .00000000  00000-0  00000+0 0    05
2 01876  53.0000 127.5000 0000001   0.0000  18.0000 15.76629586    02
Starlink-340 1876
1 01877U 00000ABC 00001.00000000  .00000000  00000-0  00000+0 0    06
2 01877  53.0000 127.5000 0000001   0.0000  21.2727 15.76629586    05
Starlink-340 1877
1 01878U 00000ABC 00001.00000000  .00000000  00000-0  00000+0 0    07
2 01878  53.0000 127.5000 0000001   0.0000  24.5455 15.76629586    00
Starlink-340 1878
1 01879U 00000ABC 00001.00000000  .00000000  00000-0  00000+0 0    08
2 01879  53.0000 127.5000 0000001   0.0000  27.8182 15.76629586    04
Starlink-340 1879
1 01880U 00000ABC 00001.00000000  .00000000  00000-0  00000+0 0    00
2 01880  53.0000 127.5000 0000001   0.0000  31.0909 15.76629586    00
Starlink-340 1880
1 01881U 00000ABC 00001.00000000  .00000000  00000-0  00000+0 0    01
2 01881  53.0000 127.5000 0000001   0.0000  34.3636 15.76629586    04
Starlink-340 1881
1 01882U 00000ABC 00001.00000000  .00000000  00000-0  00000+0 0    02
2 01882  53.0000 127.5000 0000001   0.0000  37.6364 15.76629586    09
Starlink-340 1882
1 01883U 00000ABC 00001.00000000  .00000000  00000-0  00000+0 0    03
2 01883  53.0000 127.5000 0000001   0.0000  40.9091 15.76629586    04
Starlink-340 1883
1 01884U 00000ABC 00001.00000000  .00000000  00000-0  00000+0 0    04
2 01884  53.0000 127.5000 0000001   0.0000  44.1818 15.76629586    08
Starlink-340 1884
1 01885U 00000ABC 00001.00000000  .00000000  00000-0  00000+0 0    05
2 01885  53.0000 127.5000 0000001   0.0000  47.4545 15.76629586    02
Starlink-340 1885
1 01886U 00000ABC 00001.00000000  .00000000  00000-0  00000+0 0    06
2 01886  53.0000 127.5000 0000001   0.0000  50.7273 15.76629586    08
Starlink-340 1886
1 01887U 00000ABC 00001.00000000  .00000000  00000-0  00000+0 0    07
2 01887  53.0000 127.5000 0000001   0.0000  54.0000 15.76629586    04
Starlink-340 1887
1 01888U 00000ABC 00001.00000000  .00000000  00000-0  00000+0 0    08
2 01888  53.0000 127.5000 0000001   0.0000  57.2727 15.76629586    06
Starlink-340 1888
1 01889U 00000ABC 00001.00000000  .00000000  00000-0  00000+0 0    09
2 01889  53.0000 127.5000 0000001   0.0000  60.5455 15.76629586    02
Starlink-340 1889
1 01890U 00000ABC 00001.00000000  .00000000  00000-0  00000+0 0    01
2 01890  53.0000 127.5000 0000001   0.0000  63.8182 15.76629586    07
Starlink-340 1890
1 01891U 00000ABC 00001.00000000  .00000000  00000-0  00000+0 0    02
2 01891  53.0000 127.5000 0000001   0.0000  67.0909 15.76629586    01
Starlink-340 1891
1 01892U 00000ABC 00001.00000000  .00000000  00000-0  00000+0 0    03
2 01892  53.0000 127.5000 0000001   0.0000  70.3636 15.76629586    06
Starlink-340 1892
1 01893U 00000ABC 00001.00000000  .00000000  00000-0  00000+0 0    04
2 01893  53.0000 127.5000 0000001   0.0000  73.6364 15.76629586    01
Starlink-340 1893
1 01894U 00000ABC 00001.00000000  .00000000  00000-0  00000+0 0    05
2 01894  53.0000 127.5000 0000001   0.0000  76.9091 15.76629586    05
Starlink-340 1894
1 01895U 00000ABC 00001.00000000  .00000000  00000-0  00000+0 0    06
2 01895  53.0000 127.5000 0000001   0.0000  80.1818 15.76629586    00
Starlink-340 1895
1 01896U 00000ABC 00001.00000000  .00000000  00000-0  00000+0 0    07
2 01896  53.0000 127.5000 0000001   0.0000  83.4545 15.76629586    04
Starlink-340 1896
1 01897U 00000ABC 00001.00000000  .00000000  00000-0  00000+0 0    08
2 01897  53.0000 127.5000 0000001   0.0000  86.7273 15.76629586    09
Starlink-340 1897
1 01898U 00000ABC 00001.00000000  .00000000  00000-0  00000+0 0    09
2 01898  53.0000 127.5000 0000001   0.0000  90.0000 15.76629586    06
Starlink-340 1898
1 01899U 00000ABC 00001.00000000  .00000000  00000-0  00000+0 0    00
2 01899  53.0000 127.5000 0000001   0.0000  93.2727 15.76629586    08
Starlink-340 1899
1 01900U 00000ABC 00001.00000000  .00000000  00000-0  00000+0 0    03
2 01900  53.0000 127.5000 0000001   0.0000  96.5455 15.76629586    05
Starlink-340 1900
1 01901U 00000ABC 00001.00000000  .00000000  00000-0  00000+0 0    04
2 01901  53.0000 127.5000 0000001   0.0000  99.8182 15.76629586    09
Starlink-340 1901
1 01902U 00000ABC 00001.00000000  .00000000  00000-0  00000+0 0    05
2 01902  53.0000 127.5000 0000001   0.0000 103.0909 15.76629586    05
Starlink-340 1902
1 01903U 00000ABC 00001.00000000  .00000000  00000-0  00000+0 0    06
2 01903  53.0000 127.5000 0000001   0.0000 106.3636 15.76629586    09
Starlink-340 1903
1 01904U 00000ABC 00001.00000000  .00000000  00000-0  00000+0 0    07
2 01904  53.0000 127.5000 0000001   0.0000 109.6364 15.76629586    04
Starlink-340 1904
1 01905U 00000ABC 00001.00000000  .00000000  00000-0  00000+0 0    08
2 01905  53.0000 127.5000 0000001   0.0000 112.9091 15.76629586    09
Starlink-340 1905
1 01906U 00000ABC 00001.00000000  .00000000  00000-0  00000+0 0    09
2 01906  53.0000 127.5000 0000001   0.0000 116.1818 15.76629586    03
Starlink-340 1906
1 01907U 00000ABC 00001.00000000  .00000000  00000-0  00000+0 0    00
2 01907  53.0000 127.5000 0000001   0.0000 119.4545 15.76629586    07
Starlink-340 1907
1 01908U 00000ABC 00001.00000000  .00000000  00000-0  00000+0 0    01
2 01908  53.0000 127.5000 0000001   0.0000 122.7273 15.76629586    03
Starlink-340 1908
1 01909U 00000ABC 00001.00000000  .00000000  00000-0  00000+0 0    02
2 01909  53.0000 127.5000 0000001   0.0000 126.0000 15.76629586    09
Starlink-340 1909
1 01910U 00000ABC 00001.00000000  .00000000  00000-0  00000+0 0    04
2 01910  53.0000 127.5000 0000001   0.0000 129.2727 15.76629586    02
Starlink-340 1910
1 01911U 00000ABC 00001.00000000  .00000000  00000-0  00000+0 0    05
2 01911  53.0000 127.5000 0000001   0.0000 132.5455 15.76629586    08
Starlink-340 1911
1 01912U 00000ABC 00001.00000000  .00000000  00000-0  00000+0 0    06
2 01912  53.0000 127.5000 0000001   0.0000 135.8182 15.76629586    02
Starlink-340 1912
1 01913U 00000ABC 00001.00000000  .00000000  00000-0  00000+0 0    07
2 01913  53.0000 127.5000 0000001   0.0000 139.0909 15.76629586    06
Starlink-340 1913
1 01914U 00000ABC 00001.00000000  .00000000  00000-0  00000+0 0    08
2 01914  53.0000 127.5000 0000001   0.0000 142.3636 15.76629586    01
Starlink-340 1914
1 01915U 00000ABC 00001.00000000  .00000000  00000-0  00000+0 0    09
2 01915  53.0000 127.5000 0000001   0.0000 145.6364 15.76629586    06
Starlink-340 1915
1 01916U 00000ABC 00001.00000000  .00000000  00000-0  00000+0 0    00
2 01916  53.0000 127.5000 0000001   0.0000 148.9091 15.76629586    00
Starlink-340 1916
1 01917U 00000ABC 00001.00000000  .00000000  00000-0  00000+0 0    01
2 01917  53.0000 127.5000 0000001   0.0000 152.1818 15.76629586    05
Starlink-340 1917
1 01918U 00000ABC 00001.00000000  .00000000  00000-0  00000+0 0    02
2 01918  53.0000 127.5000 0000001   0.0000 155.4545 15.76629586    09
Starlink-340 1918
1 01919U 00000ABC 00001.00000000  .00000000  00000-0  00000+0 0    03
2 01919  53.0000 127.5000 0000001   0.0000 158.7273 15.76629586    04
Starlink-340 1919
1 01920U 00000ABC 00001.00000000  .00000000  00000-0  00000+0 0    05
2 01920  53.0000 127.5000 0000001   0.0000 162.0000 15.76629586    02
Starlink-340 1920
1 01921U 00000ABC 00001.00000000  .00000000  00000-0  00000+0 0    06
2 01921  53.0000 127.5000 0000001   0.0000 165.2727 15.76629586    04
Starlink-340 1921
1 01922U 00000ABC 00001.00000000  .00000000  00000-0  00000+0 0    07
2 01922  53.0000 127.5000 0000001   0.0000 168.5455 15.76629586    09
Starlink-340 1922
1 01923U 00000ABC 00001.00000000  .00000000  00000-0  00000+0 0    08
2 01923  53.0000 127.5000 0000001   0.0000 171.8182 15.76629586    04
Starlink-340 1923
1 01924U 00000ABC 00001.00000000  .00000000  00000-0  00000+0 0    09
2 01924  53.0000 127.5000 0000001   0.0000 175.0909 15.76629586    08
Starlink-340 1924
1 01925U 00000ABC 00001.00000000  .00000000  00000-0  00000+0 0    00
2 01925  53.0000 127.5000 0000001   0.0000 178.3636 15.76629586    02
Starlink-340 1925
1 01926U 00000ABC 00001.00000000  .00000000  00000-0  00000+0 0    01
2 01926  53.0000 127.5000 0000001   0.0000 181.6364 15.76629586    08
Starlink-340 1926
1 01927U 00000ABC 00001.00000000  .00000000  00000-0  00000+0 0    02
2 01927  53.0000 127.5000 0000001   0.0000 184.9091 15.76629586    02
Starlink-340 1927
1 01928U 00000ABC 00001.00000000  .00000000  00000-0  00000+0 0    03
2 01928  53.0000 127.5000 0000001   0.0000 188.1818 15.76629586    06
Starlink-340 1928
1 01929U 00000ABC 00001.00000000  .00000000  00000-0  00000+0 0    04
2 01929  53.0000 127.5000 0000001   0.0000 191.4545 15.76629586    01
Starlink-340 1929
1 01930U 00000ABC 00001.00000000  .00000000  00000-0  00000+0 0    06
2 01930  53.0000 127.5000 0000001   0.0000 194.7273 15.76629586    07
Starlink-340 1930
1 01931U 00000ABC 00001.00000000  .00000000  00000-0  00000+0 0    07
2 01931  53.0000 127.5000 0000001   0.0000 198.0000 15.76629586    03
Starlink-340 1931
1 01932U 00000ABC 00001.00000000  .00000000  00000-0  00000+0 0    08
2 01932  53.0000 127.5000 0000001   0.0000 201.2727 15.76629586    07
Starlink-340 1932
1 01933U 00000ABC 00001.00000000  .00000000  00000-0  00000+0 0    09
2 01933  53.0000 127.5000 0000001   0.0000 204.5455 15.76629586    02
Starlink-340 1933
1 01934U 00000ABC 00001.00000000  .00000000  00000-0  00000+0 0    00
2 01934  53.0000 127.5000 0000001   0.0000 207.8182 15.76629586    06
Starlink-340 1934
1 01935U 00000ABC 00001.00000000  .00000000  00000-0  00000+0 0    01
2 01935  53.0000 127.5000 0000001   0.0000 211.0909 15.76629586    01
Starlink-340 1935
1 01936U 00000ABC 00001.00000000  .00000000  00000-0  00000+0 0    02
2 01936  53.0000 127.5000 0000001   0.0000 214.3636 15.76629586    05
Starlink-340 1936
1 01937U 00000ABC 00001.00000000  .00000000  00000-0  00000+0 0    03
2 01937  53.0000 127.5000 0000001   0.0000 217.6364 15.76629586    00
Starlink-340 1937
1 01938U 00000ABC 00001.00000000  .00000000  00000-0  00000+0 0    04
2 01938  53.0000 127.5000 0000001   0.0000 220.9091 15.76629586    05
Starlink-340 1938
1 01939U 00000ABC 00001.00000000  .00000000  00000-0  00000+0 0    05
2 01939  53.0000 127.5000 0000001   0.0000 224.1818 15.76629586    09
Starlink-340 1939
1 01940U 00000ABC 00001.00000000  .00000000  00000-0  00000+0 0    07
2 01940  53.0000 127.5000 0000001   0.0000 227.4545 15.76629586    04
Starlink-340 1940
1 01941U 00000ABC 00001.00000000  .00000000  00000-0  00000+0 0    08
2 01941  53.0000 127.5000 0000001   0.0000 230.7273 15.76629586    00
Starlink-340 1941
1 01942U 00000ABC 00001.00000000  .00000000  00000-0  00000+0 0    09
2 01942  53.0000 127.5000 0000001   0.0000 234.0000 15.76629586    06
Starlink-340 1942
1 01943U 00000ABC 00001.00000000  .00000000  00000-0  00000+0 0    00
2 01943  53.0000 127.5000 0000001   0.0000 237.2727 15.76629586    08
Starlink-340 1943
1 01944U 00000ABC 00001.00000000  .00000000  00000-0  00000+0 0    01
2 01944  53.0000 127.5000 0000001   0.0000 240.5455 15.76629586    04
Starlink-340 1944
1 01945U 00000ABC 00001.00000000  .00000000  00000-0  00000+0 0    02
2 01945  53.0000 127.5000 0000001   0.0000 243.8182 15.76629586    08
Starlink-340 1945
1 01946U 00000ABC 00001.00000000  .00000000  00000-0  00000+0 0    03
2 01946  53.0000 127.5000 0000001   0.0000 247.0909 15.76629586    02
Starlink-340 1946
1 01947U 00000ABC 00001.00000000  .00000000  00000-0  00000+0 0    04
2 01947  53.0000 127.5000 0000001   0.0000 250.3636 15.76629586    07
Starlink-340 1947
1 01948U 00000ABC 00001.00000000  .00000000  00000-0  00000+0 0    05
2 01948  53.0000 127.5000 0000001   0.0000 253.6364 15.76629586    02
Starlink-340 1948
1 01949U 00000ABC 00001.00000000  .00000000  00000-0  00000+0 0    06
2 01949  53.0000 127.5000 0000001   0.0000 256.9091 15.76629586    06
Starlink-340 1949
1 01950U 00000ABC 00001.00000000  .00000000  00000-0  00000+0 0    08
2 01950  53.0000 127.5000 0000001   0.0000 260.1818 15.76629586    02
Starlink-340 1950
1 01951U 00000ABC 00001.00000000  .00000000  00000-0  00000+0 0    09
2 01951  53.0000 127.5000 0000001   0.0000 263.4545 15.76629586    06
Starlink-340 1951
1 01952U 00000ABC 00001.00000000  .00000000  00000-0  00000+0 0    00
2 01952  53.0000 127.5000 0000001   0.0000 266.7273 15.76629586    01
Starlink-340 1952
1 01953U 00000ABC 00001.00000000  .00000000  00000-0  00000+0 0    01
2 01953  53.0000 127.5000 0000001   0.0000 270.0000 15.76629586    08
Starlink-340 1953
1 01954U 00000ABC 00001.00000000  .00000000  00000-0  00000+0 0    02
2 01954  53.0000 127.5000 0000001   0.0000 273.2727 15.76629586    00
Starlink-340 1954
1 01955U 00000ABC 00001.00000000  .00000000  00000-0  00000+0 0    03
2 01955  53.0000 127.5000 0000001   0.0000 276.5455 15.76629586    05
Starlink-340 1955
1 01956U 00000ABC 00001.00000000  .00000000  00000-0  00000+0 0    04
2 01956  53.0000 127.5000 0000001   0.0000 279.8182 15.76629586    09
Starlink-340 1956
1 01957U 00000ABC 00001.00000000  .00000000  00000-0  00000+0 0    05
2 01957  53.0000 127.5000 0000001   0.0000 283.0909 15.76629586    04
Starlink-340 1957
1 01958U 00000ABC 00001.00000000  .00000000  00000-0  00000+0 0    06
2 01958  53.0000 127.5000 0000001   0.0000 286.3636 15.76629586    08
Starlink-340 1958
1 01959U 00000ABC 00001.00000000  .00000000  00000-0  00000+0 0    07
2 01959  53.0000 127.5000 0000001   0.0000 289.6364 15.76629586    03
Starlink-340 1959
1 01960U 00000ABC 00001.00000000  .00000000  00000-0  00000+0 0    09
2 01960  53.0000 127.5000 0000001   0.0000 292.9091 15.76629586    09
Starlink-340 1960
1 01961U 00000ABC 00001.00000000  .00000000  00000-0  00000+0 0    00
2 01961  53.0000 127.5000 0000001   0.0000 296.1818 15.76629586    03
Starlink-340 1961
1 01962U 00000ABC 00001.00000000  .00000000  00000-0  00000+0 0    01
2 01962  53.0000 127.5000 0000001   0.0000 299.4545 15.76629586    07
Starlink-340 1962
1 01963U 00000ABC 00001.00000000  .00000000  00000-0  00000+0 0    02
2 01963  53.0000 127.5000 0000001   0.0000 302.7273 15.76629586    04
Starlink-340 1963
1 01964U 00000ABC 00001.00000000  .00000000  00000-0  00000+0 0    03
2 01964  53.0000 127.5000 0000001   0.0000 306.0000 15.76629586    00
Starlink-340 1964
1 01965U 00000ABC 00001.00000000  .00000000  00000-0  00000+0 0    04
2 01965  53.0000 127.5000 0000001   0.0000 309.2727 15.76629586    02
Starlink-340 1965
1 01966U 00000ABC 00001.00000000  .00000000  00000-0  00000+0 0    05
2 01966  53.0000 127.5000 0000001   0.0000 312.5455 15.76629586    08
Starlink-340 1966
1 01967U 00000ABC 00001.00000000  .00000000  00000-0  00000+0 0    06
2 01967  53.0000 127.5000 0000001   0.0000 315.8182 15.76629586    02
Starlink-340 1967
1 01968U 00000ABC 00001.00000000  .00000000  00000-0  00000+0 0    07
2 01968  53.0000 127.5000 0000001   0.0000 319.0909 15.76629586    06
Starlink-340 1968
1 01969U 00000ABC 00001.00000000  .00000000  00000-0  00000+0 0    08
2 01969  53.0000 127.5000 0000001   0.0000 322.3636 15.76629586    01
Starlink-340 1969
1 01970U 00000ABC 00001.00000000  .00000000  00000-0  00000+0 0    00
2 01970  53.0000 127.5000 0000001   0.0000 325.6364 15.76629586    07
Starlink-340 1970
1 01971U 00000ABC 00001.00000000  .00000000  00000-0  00000+0 0    01
2 01971  53.0000 127.5000 0000001   0.0000 328.9091 15.76629586    01
Starlink-340 1971
1 01972U 00000ABC 00001.00000000  .00000000  00000-0  00000+0 0    02
2 01972  53.0000 127.5000 0000001   0.0000 332.1818 15.76629586    06
Starlink-340 1972
1 01973U 00000ABC 00001.00000000  .00000000  00000-0  00000+0 0    03
2 01973  53.0000 127.5000 0000001   0.0000 335.4545 15.76629586    00
Starlink-340 1973
1 01974U 00000ABC 00001.00000000  .00000000  00000-0  00000+0 0    04
2 01974  53.0000 127.5000 0000001   0.0000 338.7273 15.76629586    05
Starlink-340 1974
1 01975U 00000ABC 00001.00000000  .00000000  00000-0  00000+0 0    05
2 01975  53.0000 127.5000 0000001   0.0000 342.0000 15.76629586    02
Starlink-340 1975
1 01976U 00000ABC 00001.00000000  .00000000  00000-0  00000+0 0    06
2 01976  53.0000 127.5000 0000001   0.0000 345.2727 15.76629586    04
Starlink-340 1976
1 01977U 00000ABC 00001.00000000  .00000000  00000-0  00000+0 0    07
2 01977  53.0000 127.5000 0000001   0.0000 348.5455 15.76629586    09
Starlink-340 1977
1 01978U 00000ABC 00001.00000000  .00000000  00000-0  00000+0 0    08
2 01978  53.0000 127.5000 0000001   0.0000 351.8182 15.76629586    04
Starlink-340 1978
1 01979U 00000ABC 00001.00000000  .00000000  00000-0  00000+0 0    09
2 01979  53.0000 127.5000 0000001   0.0000 355.0909 15.76629586    08
Starlink-340 1979
1 01980U 00000ABC 00001.00000000  .00000000  00000-0  00000+0 0    01
2 01980  53.0000 127.5000 0000001   0.0000 358.3636 15.76629586    03
Starlink-340 1980
1 01981U 00000ABC 00001.00000000  .00000000  00000-0  00000+0 0    02
2 01981  53.0000 135.0000 0000001   0.0000   0.0000 15.76629586    04
Starlink-340 1981
1 01982U 00000ABC 00001.00000000  .00000000  00000-0  00000+0 0    03
2 01982  53.0000 135.0000 0000001   0.0000   3.2727 15.76629586    06
Starlink-340 1982
1 01983U 00000ABC 00001.00000000  .00000000  00000-0  00000+0 0    04
2 01983  53.0000 135.0000 0000001   0.0000   6.5455 15.76629586    01
Starlink-340 1983
1 01984U 00000ABC 00001.00000000  .00000000  00000-0  00000+0 0    05
2 01984  53.0000 135.0000 0000001   0.0000   9.8182 15.76629586    05
Starlink-340 1984
1 01985U 00000ABC 00001.00000000  .00000000  00000-0  00000+0 0    06
2 01985  53.0000 135.0000 0000001   0.0000  13.0909 15.76629586    00
Starlink-340 1985
1 01986U 00000ABC 00001.00000000  .00000000  00000-0  00000+0 0    07
2 01986  53.0000 135.0000 0000001   0.0000  16.3636 15.76629586    04
Starlink-340 1986
1 01987U 00000ABC 00001.00000000  .00000000  00000-0  00000+0 0    08
2 01987  53.0000 135.0000 0000001   0.0000  19.6364 15.76629586    09
Starlink-340 1987
1 01988U 00000ABC 00001.00000000  .00000000  00000-0  00000+0 0    09
2 01988  53.0000 135.0000 0000001   0.0000  22.9091 15.76629586    04
Starlink-340 1988
1 01989U 00000ABC 00001.00000000  .00000000  00000-0  00000+0 0    00
2 01989  53.0000 135.0000 0000001   0.0000  26.1818 15.76629586    08
Starlink-340 1989
1 01990U 00000ABC 00001.00000000  .00000000  00000-0  00000+0 0    02
2 01990  53.0000 135.0000 0000001   0.0000  29.4545 15.76629586    03
Starlink-340 1990
1 01991U 00000ABC 00001.00000000  .00000000  00000-0  00000+0 0    03
2 01991  53.0000 135.0000 0000001   0.0000  32.7273 15.76629586    09
Starlink-340 1991
1 01992U 00000ABC 00001.00000000  .00000000  00000-0  00000+0 0    04
2 01992  53.0000 135.0000 0000001   0.0000  36.0000 15.76629586    05
Starlink-340 1992
1 01993U 00000ABC 00001.00000000  .00000000  00000-0  00000+0 0    05
2 01993  53.0000 135.0000 0000001   0.0000  39.2727 15.76629586    07
Starlink-340 1993
1 01994U 00000ABC 00001.00000000  .00000000  00000-0  00000+0 0    06
2 01994  53.0000 135.0000 0000001   0.0000  42.5455 15.76629586    03
Starlink-340 1994
1 01995U 00000ABC 00001.00000000  .00000000  00000-0  00000+0 0    07
2 01995  53.0000 135.0000 0000001   0.0000  45.8182 15.76629586    07
Starlink-340 1995
1 01996U 00000ABC 00001.00000000  .00000000  00000-0  00000+0 0    08
2 01996  53.0000 135.0000 0000001   0.0000  49.0909 15.76629586    01
Starlink-340 1996
1 01997U 00000ABC 00001.00000000  .00000000  00000-0  00000+0 0    09
2 01997  53.0000 135.0000 0000001   0.0000  52.3636 15.76629586    06
Starlink-340 1997
1 01998U 00000ABC 00001.00000000  .00000000  00000-0  00000+0 0    00
2 01998  53.0000 135.0000 0000001   0.0000  55.6364 15.76629586    01
Starlink-340 1998
1 01999U 00000ABC 00001.00000000  .00000000  00000-0  00000+0 0    01
2 01999  53.0000 135.0000 0000001   0.0000  58.9091 15.76629586    05
Starlink-340 1999
1 02000U 00000ABC 00001.00000000  .00000000  00000-0  00000+0 0    05
2 02000  53.0000 135.0000 0000001   0.0000  62.1818 15.76629586    03
Starlink-340 2000
1 02001U 00000ABC 00001.00000000  .00000000  00000-0  00000+0 0    06
2 02001  53.0000 135.0000 0000001   0.0000  65.4545 15.76629586    07
Starlink-340 2001
1 02002U 00000ABC 00001.00000000  .00000000  00000-0  00000+0 0    07
2 02002  53.0000 135.0000 0000001   0.0000  68.7273 15.76629586    02
Starlink-340 2002
1 02003U 00000ABC 00001.00000000  .00000000  00000-0  00000+0 0    08
2 02003  53.0000 135.0000 0000001   0.0000  72.0000 15.76629586    09
Starlink-340 2003
1 02004U 00000ABC 00001.00000000  .00000000  00000-0  00000+0 0    09
2 02004  53.0000 135.0000 0000001   0.0000  75.2727 15.76629586    01
Starlink-340 2004
1 02005U 00000ABC 00001.00000000  .00000000  00000-0  00000+0 0    00
2 02005  53.0000 135.0000 0000001   0.0000  78.5455 15.76629586    06
Starlink-340 2005
1 02006U 00000ABC 00001.00000000  .00000000  00000-0  00000+0 0    01
2 02006  53.0000 135.0000 0000001   0.0000  81.8182 15.76629586    01
Starlink-340 2006
1 02007U 00000ABC 00001.00000000  .00000000  00000-0  00000+0 0    02
2 02007  53.0000 135.0000 0000001   0.0000  85.0909 15.76629586    05
Starlink-340 2007
1 02008U 00000ABC 00001.00000000  .00000000  00000-0  00000+0 0    03
2 02008  53.0000 135.0000 0000001   0.0000  88.3636 15.76629586    09
Starlink-340 2008
1 02009U 00000ABC 00001.00000000  .00000000  00000-0  00000+0 0    04
2 02009  53.0000 135.0000 0000001   0.0000  91.6364 15.76629586    05
Starlink-340 2009
1 02010U 00000ABC 00001.00000000  .00000000  00000-0  00000+0 0    06
2 02010  53.0000 135.0000 0000001   0.0000  94.9091 15.76629586    00
Starlink-340 2010
1 02011U 00000ABC 00001.00000000  .00000000  00000-0  00000+0 0    07
2 02011  53.0000 135.0000 0000001   0.0000  98.1818 15.76629586    04
Starlink-340 2011
1 02012U 00000ABC 00001.00000000  .00000000  00000-0  00000+0 0    08
2 02012  53.0000 135.0000 0000001   0.0000 101.4545 15.76629586    00
Starlink-340 2012
1 02013U 00000ABC 00001.00000000  .00000000  00000-0  00000+0 0    09
2 02013  53.0000 135.0000 0000001   0.0000 104.7273 15.76629586    05
Starlink-340 2013
1 02014U 00000ABC 00001.00000000  .00000000  00000-0  00000+0 0    00
2 02014  53.0000 135.0000 0000001   0.0000 108.0000 15.76629586    01
Starlink-340 2014
1 02015U 00000ABC 00001.00000000  .00000000  00000-0  00000+0 0    01
2 02015  53.0000 135.0000 0000001   0.0000 111.2727 15.76629586    04
Starlink-340 2015
1 02016U 00000ABC 00001.00000000  .00000000  00000-0  00000+0 0    02
2 02016  53.0000 135.0000 0000001   0.0000 114.5455 15.76629586    09
Starlink-340 2016
1 02017U 00000ABC 00001.00000000  .00000000  00000-0  00000+0 0    03
2 02017  53.0000 135.0000 0000001   0.0000 117.8182 15.76629586    03
Starlink-340 2017
1 02018U 00000ABC 00001.00000000  .00000000  00000-0  00000+0 0    04
2 02018  53.0000 135.0000 0000001   0.0000 121.0909 15.76629586    08
Starlink-340 2018
1 02019U 00000ABC 00001.00000000  .00000000  00000-0  00000+0 0    05
2 02019  53.0000 135.0000 0000001   0.0000 124.3636 15.76629586    02
Starlink-340 2019
1 02020U 00000ABC 00001.00000000  .00000000  00000-0  00000+0 0    07
2 02020  53.0000 135.0000 0000001   0.0000 127.6364 15.76629586    08
Starlink-340 2020
1 02021U 00000ABC 00001.00000000  .00000000  00000-0  00000+0 0    08
2 02021  53.0000 135.0000 0000001   0.0000 130.9091 15.76629586    03
Starlink-340 2021
1 02022U 00000ABC 00001.00000000  .00000000  00000-0  00000+0 0    09
2 02022  53.0000 135.0000 0000001   0.0000 134.1818 15.76629586    07
Starlink-340 2022
1 02023U 00000ABC 00001.00000000  .00000000  00000-0  00000+0 0    00
2 02023  53.0000 135.0000 0000001   0.0000 137.4545 15.76629586    01
Starlink-340 2023
1 02024U 00000ABC 00001.00000000  .00000000  00000-0  00000+0 0    01
2 02024  53.0000 135.0000 0000001   0.0000 140.7273 15.76629586    07
Starlink-340 2024
1 02025U 00000ABC 00001.00000000  .00000000  00000-0  00000+0 0    02
2 02025  53.0000 135.0000 0000001   0.0000 144.0000 15.76629586    03
Starlink-340 2025
1 02026U 00000ABC 00001.00000000  .00000000  00000-0  00000+0 0    03
2 02026  53.0000 135.0000 0000001   0.0000 147.2727 15.76629586    05
Starlink-340 2026
1 02027U 00000ABC 00001.00000000  .00000000  00000-0  00000+0 0    04
2 02027  53.0000 135.0000 0000001   0.0000 150.5455 15.76629586    01
Starlink-340 2027
1 02028U 00000ABC 00001.00000000  .00000000  00000-0  00000+0 0    05
2 02028  53.0000 135.0000 0000001   0.0000 153.8182 15.76629586    05
Starlink-340 2028
1 02029U 00000ABC 00001.00000000  .00000000  00000-0  00000+0 0    06
2 02029  53.0000 135.0000 0000001   0.0000 157.0909 15.76629586    09
Starlink-340 2029
1 02030U 00000ABC 00001.00000000  .00000000  00000-0  00000+0 0    08
2 02030  53.0000 135.0000 0000001   0.0000 160.3636 15.76629586    05
Starlink-340 2030
1 02031U 00000ABC 00001.00000000  .00000000  00000-0  00000+0 0    09
2 02031  53.0000 135.0000 0000001   0.0000 163.6364 15.76629586    00
Starlink-340 2031
1 02032U 00000ABC 00001.00000000  .00000000  00000-0  00000+0 0    00
2 02032  53.0000 135.0000 0000001   0.0000 166.9091 15.76629586    04
Starlink-340 2032
1 02033U 00000ABC 00001.00000000  .00000000  00000-0  00000+0 0    01
2 02033  53.0000 135.0000 0000001   0.0000 170.1818 15.76629586    09
Starlink-340 2033
1 02034U 00000ABC 00001.00000000  .00000000  00000-0  00000+0 0    02
2 02034  53.0000 135.0000 0000001   0.0000 173.4545 15.76629586    03
Starlink-340 2034
1 02035U 00000ABC 00001.00000000  .00000000  00000-0  00000+0 0    03
2 02035  53.0000 135.0000 0000001   0.0000 176.7273 15.76629586    08
Starlink-340 2035
1 02036U 00000ABC 00001.00000000  .00000000  00000-0  00000+0 0    04
2 02036  53.0000 135.0000 0000001   0.0000 180.0000 15.76629586    05
Starlink-340 2036
1 02037U 00000ABC 00001.00000000  .00000000  00000-0  00000+0 0    05
2 02037  53.0000 135.0000 0000001   0.0000 183.2727 15.76629586    07
Starlink-340 2037
1 02038U 00000ABC 00001.00000000  .00000000  00000-0  00000+0 0    06
2 02038  53.0000 135.0000 0000001   0.0000 186.5455 15.76629586    02
Starlink-340 2038
1 02039U 00000ABC 00001.00000000  .00000000  00000-0  00000+0 0    07
2 02039  53.0000 135.0000 0000001   0.0000 189.8182 15.76629586    06
Starlink-340 2039
1 02040U 00000ABC 00001.00000000  .00000000  00000-0  00000+0 0    09
2 02040  53.0000 135.0000 0000001   0.0000 193.0909 15.76629586    02
Starlink-340 2040
1 02041U 00000ABC 00001.00000000  .00000000  00000-0  00000+0 0    00
2 02041  53.0000 135.0000 0000001   0.0000 196.3636 15.76629586    06
Starlink-340 2041
1 02042U 00000ABC 00001.00000000  .00000000  00000-0  00000+0 0    01
2 02042  53.0000 135.0000 0000001   0.0000 199.6364 15.76629586    01
Starlink-340 2042
1 02043U 00000ABC 00001.00000000  .00000000  00000-0  00000+0 0    02
2 02043  53.0000 135.0000 0000001   0.0000 202.9091 15.76629586    07
Starlink-340 2043
1 02044U 00000ABC 00001.00000000  .00000000  00000-0  00000+0 0    03
2 02044  53.0000 135.0000 0000001   0.0000 206.1818 15.76629586    01
Starlink-340 2044
1 02045U 00000ABC 00001.00000000  .00000000  00000-0  00000+0 0    04
2 02045  53.0000 135.0000 0000001   0.0000 209.4545 15.76629586    05
Starlink-340 2045
1 02046U 00000ABC 00001.00000000  .00000000  00000-0  00000+0 0    05
2 02046  53.0000 135.0000 0000001   0.0000 212.7273 15.76629586    01
Starlink-340 2046
1 02047U 00000ABC 00001.00000000  .00000000  00000-0  00000+0 0    06
2 02047  53.0000 135.0000 0000001   0.0000 216.0000 15.76629586    07
Starlink-340 2047
1 02048U 00000ABC 00001.00000000  .00000000  00000-0  00000+0 0    07
2 02048  53.0000 135.0000 0000001   0.0000 219.2727 15.76629586    09
Starlink-340 2048
1 02049U 00000ABC 00001.00000000  .00000000  00000-0  00000+0 0    08
2 02049  53.0000 135.0000 0000001   0.0000 222.5455 15.76629586    05
Starlink-340 2049
1 02050U 00000ABC 00001.00000000  .00000000  00000-0  00000+0 0    00
2 02050  53.0000 135.0000 0000001   0.0000 225.8182 15.76629586    00
Starlink-340 2050
1 02051U 00000ABC 00001.00000000  .00000000  00000-0  00000+0 0    01
2 02051  53.0000 135.0000 0000001   0.0000 229.0909 15.76629586    04
Starlink-340 2051
1 02052U 00000ABC 00001.00000000  .00000000  00000-0  00000+0 0    02
2 02052  53.0000 135.0000 0000001   0.0000 232.3636 15.76629586    09
Starlink-340 2052
1 02053U 00000ABC 00001.00000000  .00000000  00000-0  00000+0 0    03
2 02053  53.0000 135.0000 0000001   0.0000 235.6364 15.76629586    04
Starlink-340 2053
1 02054U 00000ABC 00001.00000000  .00000000  00000-0  00000+0 0    04
2 02054  53.0000 135.0000 0000001   0.0000 238.9091 15.76629586    08
Starlink-340 2054
1 02055U 00000ABC 00001.00000000  .00000000  00000-0  00000+0 0    05
2 02055  53.0000 135.0000 0000001   0.0000 242.1818 15.76629586    03
Starlink-340 2055
1 02056U 00000ABC 00001.00000000  .00000000  00000-0  00000+0 0    06
2 02056  53.0000 135.0000 0000001   0.0000 245.4545 15.76629586    07
Starlink-340 2056
1 02057U 00000ABC 00001.00000000  .00000000  00000-0  00000+0 0    07
2 02057  53.0000 135.0000 0000001   0.0000 248.7273 15.76629586    02
Starlink-340 2057
1 02058U 00000ABC 00001.00000000  .00000000  00000-0  00000+0 0    08
2 02058  53.0000 135.0000 0000001   0.0000 252.0000 15.76629586    09
Starlink-340 2058
1 02059U 00000ABC 00001.00000000  .00000000  00000-0  00000+0 0    09
2 02059  53.0000 135.0000 0000001   0.0000 255.2727 15.76629586    01
Starlink-340 2059
1 02060U 00000ABC 00001.00000000  .00000000  00000-0  00000+0 0    01
2 02060  53.0000 135.0000 0000001   0.0000 258.5455 15.76629586    07
Starlink-340 2060
1 02061U 00000ABC 00001.00000000  .00000000  00000-0  00000+0 0    02
2 02061  53.0000 135.0000 0000001   0.0000 261.8182 15.76629586    02
Starlink-340 2061
1 02062U 00000ABC 00001.00000000  .00000000  00000-0  00000+0 0    03
2 02062  53.0000 135.0000 0000001   0.0000 265.0909 15.76629586    06
Starlink-340 2062
1 02063U 00000ABC 00001.00000000  .00000000  00000-0  00000+0 0    04
2 02063  53.0000 135.0000 0000001   0.0000 268.3636 15.76629586    00
Starlink-340 2063
1 02064U 00000ABC 00001.00000000  .00000000  00000-0  00000+0 0    05
2 02064  53.0000 135.0000 0000001   0.0000 271.6364 15.76629586    06
Starlink-340 2064
1 02065U 00000ABC 00001.00000000  .00000000  00000-0  00000+0 0    06
2 02065  53.0000 135.0000 0000001   0.0000 274.9091 15.76629586    00
Starlink-340 2065
1 02066U 00000ABC 00001.00000000  .00000000  00000-0  00000+0 0    07
2 02066  53.0000 135.0000 0000001   0.0000 278.1818 15.76629586    04
Starlink-340 2066
1 02067U 00000ABC 00001.00000000  .00000000  00000-0  00000+0 0    08
2 02067  53.0000 135.0000 0000001   0.0000 281.4545 15.76629586    09
Starlink-340 2067
1 02068U 00000ABC 00001.00000000  .00000000  00000-0  00000+0 0    09
2 02068  53.0000 135.0000 0000001   0.0000 284.7273 15.76629586    04
Starlink-340 2068
1 02069U 00000ABC 00001.00000000  .00000000  00000-0  00000+0 0    00
2 02069  53.0000 135.0000 0000001   0.0000 288.0000 15.76629586    00
Starlink-340 2069
1 02070U 00000ABC 00001.00000000  .00000000  00000-0  00000+0 0    02
2 02070  53.0000 135.0000 0000001   0.0000 291.2727 15.76629586    04
Starlink-340 2070
1 02071U 00000ABC 00001.00000000  .00000000  00000-0  00000+0 0    03
2 02071  53.0000 135.0000 0000001   0.0000 294.5455 15.76629586    09
Starlink-340 2071
1 02072U 00000ABC 00001.00000000  .00000000  00000-0  00000+0 0    04
2 02072  53.0000 135.0000 0000001   0.0000 297.8182 15.76629586    03
Starlink-340 2072
1 02073U 00000ABC 00001.00000000  .00000000  00000-0  00000+0 0    05
2 02073  53.0000 135.0000 0000001   0.0000 301.0909 15.76629586    09
Starlink-340 2073
1 02074U 00000ABC 00001.00000000  .00000000  00000-0  00000+0 0    06
2 02074  53.0000 135.0000 0000001   0.0000 304.3636 15.76629586    03
Starlink-340 2074
1 02075U 00000ABC 00001.00000000  .00000000  00000-0  00000+0 0    07
2 02075  53.0000 135.0000 0000001   0.0000 307.6364 15.76629586    08
Starlink-340 2075
1 02076U 00000ABC 00001.00000000  .00000000  00000-0  00000+0 0    08
2 02076  53.0000 135.0000 0000001   0.0000 310.9091 15.76629586    03
Starlink-340 2076
1 02077U 00000ABC 00001.00000000  .00000000  00000-0  00000+0 0    09
2 02077  53.0000 135.0000 0000001   0.0000 314.1818 15.76629586    07
Starlink-340 2077
1 02078U 00000ABC 00001.00000000  .00000000  00000-0  00000+0 0    00
2 02078  53.0000 135.0000 0000001   0.0000 317.4545 15.76629586    01
Starlink-340 2078
1 02079U 00000ABC 00001.00000000  .00000000  00000-0  00000+0 0    01
2 02079  53.0000 135.0000 0000001   0.0000 320.7273 15.76629586    07
Starlink-340 2079
1 02080U 00000ABC 00001.00000000  .00000000  00000-0  00000+0 0    03
2 02080  53.0000 135.0000 0000001   0.0000 324.0000 15.76629586    04
Starlink-340 2080
1 02081U 00000ABC 00001.00000000  .00000000  00000-0  00000+0 0    04
2 02081  53.0000 135.0000 0000001   0.0000 327.2727 15.76629586    06
Starlink-340 2081
1 02082U 00000ABC 00001.00000000  .00000000  00000-0  00000+0 0    05
2 02082  53.0000 135.0000 0000001   0.0000 330.5455 15.76629586    02
Starlink-340 2082
1 02083U 00000ABC 00001.00000000  .00000000  00000-0  00000+0 0    06
2 02083  53.0000 135.0000 0000001   0.0000 333.8182 15.76629586    06
Starlink-340 2083
1 02084U 00000ABC 00001.00000000  .00000000  00000-0  00000+0 0    07
2 02084  53.0000 135.0000 0000001   0.0000 337.0909 15.76629586    00
Starlink-340 2084
1 02085U 00000ABC 00001.00000000  .00000000  00000-0  00000+0 0    08
2 02085  53.0000 135.0000 0000001   0.0000 340.3636 15.76629586    05
Starlink-340 2085
1 02086U 00000ABC 00001.00000000  .00000000  00000-0  00000+0 0    09
2 02086  53.0000 135.0000 0000001   0.0000 343.6364 15.76629586    00
Starlink-340 2086
1 02087U 00000ABC 00001.00000000  .00000000  00000-0  00000+0 0    00
2 02087  53.0000 135.0000 0000001   0.0000 346.9091 15.76629586    04
Starlink-340 2087
1 02088U 00000ABC 00001.00000000  .00000000  00000-0  00000+0 0    01
2 02088  53.0000 135.0000 0000001   0.0000 350.1818 15.76629586    09
Starlink-340 2088
1 02089U 00000ABC 00001.00000000  .00000000  00000-0  00000+0 0    02
2 02089  53.0000 135.0000 0000001   0.0000 353.4545 15.76629586    03
Starlink-340 2089
1 02090U 00000ABC 00001.00000000  .00000000  00000-0  00000+0 0    04
2 02090  53.0000 135.0000 0000001   0.0000 356.7273 15.76629586    09
Starlink-340 2090
1 02091U 00000ABC 00001.00000000  .00000000  00000-0  00000+0 0    05
2 02091  53.0000 142.5000 0000001   0.0000   1.6364 15.76629586    00
Starlink-340 2091
1 02092U 00000ABC 00001.00000000  .00000000  00000-0  00000+0 0    06
2 02092  53.0000 142.5000 0000001   0.0000   4.9091 15.76629586    04
Starlink-340 2092
1 02093U 00000ABC 00001.00000000  .00000000  00000-0  00000+0 0    07
2 02093  53.0000 142.5000 0000001   0.0000   8.1818 15.76629586    08
Starlink-340 2093
1 02094U 00000ABC 00001.00000000  .00000000  00000-0  00000+0 0    08
2 02094  53.0000 142.5000 0000001   0.0000  11.4545 15.76629586    03
Starlink-340 2094
1 02095U 00000ABC 00001.00000000  .00000000  00000-0  00000+0 0    09
2 02095  53.0000 142.5000 0000001   0.0000  14.7273 15.76629586    08
Starlink-340 2095
1 02096U 00000ABC 00001.00000000  .00000000  00000-0  00000+0 0    00
2 02096  53.0000 142.5000 0000001   0.0000  18.0000 15.76629586    04
Starlink-340 2096
1 02097U 00000ABC 00001.00000000  .00000000  00000-0  00000+0 0    01
2 02097  53.0000 142.5000 0000001   0.0000  21.2727 15.76629586    07
Starlink-340 2097
1 02098U 00000ABC 00001.00000000  .00000000  00000-0  00000+0 0    02
2 02098  53.0000 142.5000 0000001   0.0000  24.5455 15.76629586    02
Starlink-340 2098
1 02099U 00000ABC 00001.00000000  .00000000  00000-0  00000+0 0    03
2 02099  53.0000 142.5000 0000001   0.0000  27.8182 15.76629586    06
Starlink-340 2099
1 02100U 00000ABC 00001.00000000  .00000000  00000-0  00000+0 0    06
2 02100  53.0000 142.5000 0000001   0.0000  31.0909 15.76629586    03
Starlink-340 2100
1 02101U 00000ABC 00001.00000000  .00000000  00000-0  00000+0 0    07
2 02101  53.0000 142.5000 0000001   0.0000  34.3636 15.76629586    07
Starlink-340 2101
1 02102U 00000ABC 00001.00000000  .00000000  00000-0  00000+0 0    08
2 02102  53.0000 142.5000 0000001   0.0000  37.6364 15.76629586    02
Starlink-340 2102
1 02103U 00000ABC 00001.00000000  .00000000  00000-0  00000+0 0    09
2 02103  53.0000 142.5000 0000001   0.0000  40.9091 15.76629586    07
Starlink-340 2103
1 02104U 00000ABC 00001.00000000  .00000000  00000-0  00000+0 0    00
2 02104  53.0000 142.5000 0000001   0.0000  44.1818 15.76629586    01
Starlink-340 2104
1 02105U 00000ABC 00001.00000000  .00000000  00000-0  00000+0 0    01
2 02105  53.0000 142.5000 0000001   0.0000  47.4545 15.76629586    05
Starlink-340 2105
1 02106U 00000ABC 00001.00000000  .00000000  00000-0  00000+0 0    02
2 02106  53.0000 142.5000 0000001   0.0000  50.7273 15.76629586    01
Starlink-340 2106
1 02107U 00000ABC 00001.00000000  .00000000  00000-0  00000+0 0    03
2 02107  53.0000 142.5000 0000001   0.0000  54.0000 15.76629586    07
Starlink-340 2107
1 02108U 00000ABC 00001.00000000  .00000000  00000-0  00000+0 0    04
2 02108  53.0000 142.5000 0000001   0.0000  57.2727 15.76629586    09
Starlink-340 2108
1 02109U 00000ABC 00001.00000000  .00000000  00000-0  00000+0 0    05
2 02109  53.0000 142.5000 0000001   0.0000  60.5455 15.76629586    05
Starlink-340 2109
1 02110U 00000ABC 00001.00000000  .00000000  00000-0  00000+0 0    07
2 02110  53.0000 142.5000 0000001   0.0000  63.8182 15.76629586    00
Starlink-340 2110
1 02111U 00000ABC 00001.00000000  .00000000  00000-0  00000+0 0    08
2 02111  53.0000 142.5000 0000001   0.0000  67.0909 15.76629586    04
Starlink-340 2111
1 02112U 00000ABC 00001.00000000  .00000000  00000-0  00000+0 0    09
2 02112  53.0000 142.5000 0000001   0.0000  70.3636 15.76629586    09
Starlink-340 2112
1 02113U 00000ABC 00001.00000000  .00000000  00000-0  00000+0 0    00
2 02113  53.0000 142.5000 0000001   0.0000  73.6364 15.76629586    04
Starlink-340 2113
1 02114U 00000ABC 00001.00000000  .00000000  00000-0  00000+0 0    01
2 02114  53.0000 142.5000 0000001   0.0000  76.9091 15.76629586    08
Starlink-340 2114
1 02115U 00000ABC 00001.00000000  .00000000  00000-0  00000+0 0    02
2 02115  53.0000 142.5000 0000001   0.0000  80.1818 15.76629586    03
Starlink-340 2115
1 02116U 00000ABC 00001.00000000  .00000000  00000-0  00000+0 0    03
2 02116  53.0000 142.5000 0000001   0.0000  83.4545 15.76629586    07
Starlink-340 2116
1 02117U 00000ABC 00001.00000000  .00000000  00000-0  00000+0 0    04
2 02117  53.0000 142.5000 0000001   0.0000  86.7273 15.76629586    02
Starlink-340 2117
1 02118U 00000ABC 00001.00000000  .00000000  00000-0  00000+0 0    05
2 02118  53.0000 142.5000 0000001   0.0000  90.0000 15.76629586    09
Starlink-340 2118
1 02119U 00000ABC 00001.00000000  .00000000  00000-0  00000+0 0    06
2 02119  53.0000 142.5000 0000001   0.0000  93.2727 15.76629586    01
Starlink-340 2119
1 02120U 00000ABC 00001.00000000  .00000000  00000-0  00000+0 0    08
2 02120  53.0000 142.5000 0000001   0.0000  96.5455 15.76629586    07
Starlink-340 2120
1 02121U 00000ABC 00001.00000000  .00000000  00000-0  00000+0 0    09
2 02121  53.0000 142.5000 0000001   0.0000  99.8182 15.76629586    01
Starlink-340 2121
1 02122U 00000ABC 00001.00000000  .00000000  00000-0  00000+0 0    00
2 02122  53.0000 142.5000 0000001   0.0000 103.0909 15.76629586    07
Starlink-340 2122
1 02123U 00000ABC 00001.00000000  .00000000  00000-0  00000+0 0    01
2 02123  53.0000 142.5000 0000001   0.0000 106.3636 15.76629586    01
Starlink-340 2123
1 02124U 00000ABC 00001.00000000  .00000000  00000-0  00000+0 0    02
2 02124  53.0000 142.5000 0000001   0.0000 109.6364 15.76629586    06
Starlink-340 2124
1 02125U 00000ABC 00001.00000000  .00000000  00000-0  00000+0 0    03
2 02125  53.0000 142.5000 0000001   0.0000 112.9091 15.76629586    01
Starlink-340 2125
1 02126U 00000ABC 00001.00000000  .00000000  00000-0  00000+0 0    04
2 02126  53.0000 142.5000 0000001   0.0000 116.1818 15.76629586    05
Starlink-340 2126
1 02127U 00000ABC 00001.00000000  .00000000  00000-0  00000+0 0    05
2 02127  53.0000 142.5000 0000001   0.0000 119.4545 15.76629586    09
Starlink-340 2127
1 02128U 00000ABC 00001.00000000  .00000000  00000-0  00000+0 0    06
2 02128  53.0000 142.5000 0000001   0.0000 122.7273 15.76629586    05
Starlink-340 2128
1 02129U 00000ABC 00001.00000000  .00000000  00000-0  00000+0 0    07
2 02129  53.0000 142.5000 0000001   0.0000 126.0000 15.76629586    01
Starlink-340 2129
1 02130U 00000ABC 00001.00000000  .00000000  00000-0  00000+0 0    09
2 02130  53.0000 142.5000 0000001   0.0000 129.2727 15.76629586    04
Starlink-340 2130
1 02131U 00000ABC 00001.00000000  .00000000  00000-0  00000+0 0    00
2 02131  53.0000 142.5000 0000001   0.0000 132.5455 15.76629586    00
Starlink-340 2131
1 02132U 00000ABC 00001.00000000  .00000000  00000-0  00000+0 0    01
2 02132  53.0000 142.5000 0000001   0.0000 135.8182 15.76629586    04
Starlink-340 2132
1 02133U 00000ABC 00001.00000000  .00000000  00000-0  00000+0 0    02
2 02133  53.0000 142.5000 0000001   0.0000 139.0909 15.76629586    08
Starlink-340 2133
1 02134U 00000ABC 00001.00000000  .00000000  00000-0  00000+0 0    03
2 02134  53.0000 142.5000 0000001   0.0000 142.3636 15.76629586    03
Starlink-340 2134
1 02135U 00000ABC 00001.00000000  .00000000  00000-0  00000+0 0    04
2 02135  53.0000 142.5000 0000001   0.0000 145.6364 15.76629586    08
Starlink-340 2135
1 02136U 00000ABC 00001.00000000  .00000000  00000-0  00000+0 0    05
2 02136  53.0000 142.5000 0000001   0.0000 148.9091 15.76629586    02
Starlink-340 2136
1 02137U 00000ABC 00001.00000000  .00000000  00000-0  00000+0 0    06
2 02137  53.0000 142.5000 0000001   0.0000 152.1818 15.76629586    07
Starlink-340 2137
1 02138U 00000ABC 00001.00000000  .00000000  00000-0  00000+0 0    07
2 02138  53.0000 142.5000 0000001   0.0000 155.4545 15.76629586    01
Starlink-340 2138
1 02139U 00000ABC 00001.00000000  .00000000  00000-0  00000+0 0    08
2 02139  53.0000 142.5000 0000001   0.0000 158.7273 15.76629586    06
Starlink-340 2139
1 02140U 00000ABC 00001.00000000  .00000000  00000-0  00000+0 0    00
2 02140  53.0000 142.5000 0000001   0.0000 162.0000 15.76629586    04
Starlink-340 2140
1 02141U 00000ABC 00001.00000000  .00000000  00000-0  00000+0 0    01
2 02141  53.0000 142.5000 0000001   0.0000 165.2727 15.76629586    06
Starlink-340 2141
1 02142U 00000ABC 00001.00000000  .00000000  00000-0  00000+0 0    02
2 02142  53.0000 142.5000 0000001   0.0000 168.5455 15.76629586    01
Starlink-340 2142
1 02143U 00000ABC 00001.00000000  .00000000  00000-0  00000+0 0    03
2 02143  53.0000 142.5000 0000001   0.0000 171.8182 15.76629586    06
Starlink-340 2143
1 02144U 00000ABC 00001.00000000  .00000000  00000-0  00000+0 0    04
2 02144  53.0000 142.5000 0000001   0.0000 175.0909 15.76629586    00
Starlink-340 2144
1 02145U 00000ABC 00001.00000000  .00000000  00000-0  00000+0 0    05
2 02145  53.0000 142.5000 0000001   0.0000 178.3636 15.76629586    04
Starlink-340 2145
1 02146U 00000ABC 00001.00000000  .00000000  00000-0  00000+0 0    06
2 02146  53.0000 142.5000 0000001   0.0000 181.6364 15.76629586    00
Starlink-340 2146
1 02147U 00000ABC 00001.00000000  .00000000  00000-0  00000+0 0    07
2 02147  53.0000 142.5000 0000001   0.0000 184.9091 15.76629586    04
Starlink-340 2147
1 02148U 00000ABC 00001.00000000  .00000000  00000-0  00000+0 0    08
2 02148  53.0000 142.5000 0000001   0.0000 188.1818 15.76629586    08
Starlink-340 2148
1 02149U 00000ABC 00001.00000000  .00000000  00000-0  00000+0 0    09
2 02149  53.0000 142.5000 0000001   0.0000 191.4545 15.76629586    03
Starlink-340 2149
1 02150U 00000ABC 00001.00000000  .00000000  00000-0  00000+0 0    01
2 02150  53.0000 142.5000 0000001   0.0000 194.7273 15.76629586    09
Starlink-340 2150
1 02151U 00000ABC 00001.00000000  .00000000  00000-0  00000+0 0    02
2 02151  53.0000 142.5000 0000001   0.0000 198.0000 15.76629586    05
Starlink-340 2151
1 02152U 00000ABC 00001.00000000  .00000000  00000-0  00000+0 0    03
2 02152  53.0000 142.5000 0000001   0.0000 201.2727 15.76629586    09
Starlink-340 2152
1 02153U 00000ABC 00001.00000000  .00000000  00000-0  00000+0 0    04
2 02153  53.0000 142.5000 0000001   0.0000 204.5455 15.76629586    04
Starlink-340 2153
1 02154U 00000ABC 00001.00000000  .00000000  00000-0  00000+0 0    05
2 02154  53.0000 142.5000 0000001   0.0000 207.8182 15.76629586    08
Starlink-340 2154
1 02155U 00000ABC 00001.00000000  .00000000  00000-0  00000+0 0    06
2 02155  53.0000 142.5000 0000001   0.0000 211.0909 15.76629586    03
Starlink-340 2155
1 02156U 00000ABC 00001.00000000  .00000000  00000-0  00000+0 0    07
2 02156  53.0000 142.5000 0000001   0.0000 214.3636 15.76629586    07
Starlink-340 2156
1 02157U 00000ABC 00001.00000000  .00000000  00000-0  00000+0 0    08
2 02157  53.0000 142.5000 0000001   0.0000 217.6364 15.76629586    02
Starlink-340 2157
1 02158U 00000ABC 00001.00000000  .00000000  00000-0  00000+0 0    09
2 02158  53.0000 142.5000 0000001   0.0000 220.9091 15.76629586    07
Starlink-340 2158
1 02159U 00000ABC 00001.00000000  .00000000  00000-0  00000+0 0    00
2 02159  53.0000 142.5000 0000001   0.0000 224.1818 15.76629586    01
Starlink-340 2159
1 02160U 00000ABC 00001.00000000  .00000000  00000-0  00000+0 0    02
2 02160  53.0000 142.5000 0000001   0.0000 227.4545 15.76629586    06
Starlink-340 2160
1 02161U 00000ABC 00001.00000000  .00000000  00000-0  00000+0 0    03
2 02161  53.0000 142.5000 0000001   0.0000 230.7273 15.76629586    02
Starlink-340 2161
1 02162U 00000ABC 00001.00000000  .00000000  00000-0  00000+0 0    04
2 02162  53.0000 142.5000 0000001   0.0000 234.0000 15.76629586    08
Starlink-340 2162
1 02163U 00000ABC 00001.00000000  .00000000  00000-0  00000+0 0    05
2 02163  53.0000 142.5000 0000001   0.0000 237.2727 15.76629586    00
Starlink-340 2163
1 02164U 00000ABC 00001.00000000  .00000000  00000-0  00000+0 0    06
2 02164  53.0000 142.5000 0000001   0.0000 240.5455 15.76629586    06
Starlink-340 2164
1 02165U 00000ABC 00001.00000000  .00000000  00000-0  00000+0 0    07
2 02165  53.0000 142.5000 0000001   0.0000 243.8182 15.76629586    00
Starlink-340 2165
1 02166U 00000ABC 00001.00000000  .00000000  00000-0  00000+0 0    08
2 02166  53.0000 142.5000 0000001   0.0000 247.0909 15.76629586    04
Starlink-340 2166
1 02167U 00000ABC 00001.00000000  .00000000  00000-0  00000+0 0    09
2 02167  53.0000 142.5000 0000001   0.0000 250.3636 15.76629586    09
Starlink-340 2167
1 02168U 00000ABC 00001.00000000  .00000000  00000-0  00000+0 0    00
2 02168  53.0000 142.5000 0000001   0.0000 253.6364 15.76629586    04
Starlink-340 2168
1 02169U 00000ABC 00001.00000000  .00000000  00000-0  00000+0 0    01
2 02169  53.0000 142.5000 0000001   0.0000 256.9091 15.76629586    08
Starlink-340 2169
1 02170U 00000ABC 00001.00000000  .00000000  00000-0  00000+0 0    03
2 02170  53.0000 142.5000 0000001   0.0000 260.1818 15.76629586    04
Starlink-340 2170
1 02171U 00000ABC 00001.00000000  .00000000  00000-0  00000+0 0    04
2 02171  53.0000 142.5000 0000001   0.0000 263.4545 15.76629586    08
Starlink-340 2171
1 02172U 00000ABC 00001.00000000  .00000000  00000-0  00000+0 0    05
2 02172  53.0000 142.5000 0000001   0.0000 266.7273 15.76629586    03
Starlink-340 2172
1 02173U 00000ABC 00001.00000000  .00000000  00000-0  00000+0 0    06
2 02173  53.0000 142.5000 0000001   0.0000 270.0000 15.76629586    00
Starlink-340 2173
1 02174U 00000ABC 00001.00000000  .00000000  00000-0  00000+0 0    07
2 02174  53.0000 142.5000 0000001   0.0000 273.2727 15.76629586    02
Starlink-340 2174
1 02175U 00000ABC 00001.00000000  .00000000  00000-0  00000+0 0    08
2 02175  53.0000 142.5000 0000001   0.0000 276.5455 15.76629586    07
Starlink-340 2175
1 02176U 00000ABC 00001.00000000  .00000000  00000-0  00000+0 0    09
2 02176  53.0000 142.5000 0000001   0.0000 279.8182 15.76629586    01
Starlink-340 2176
1 02177U 00000ABC 00001.00000000  .00000000  00000-0  00000+0 0    00
2 02177  53.0000 142.5000 0000001   0.0000 283.0909 15.76629586    06
Starlink-340 2177
1 02178U 00000ABC 00001.00000000  .00000000  00000-0  00000+0 0    01
2 02178  53.0000 142.5000 0000001   0.0000 286.3636 15.76629586    00
Starlink-340 2178
1 02179U 00000ABC 00001.00000000  .00000000  00000-0  00000+0 0    02
2 02179  53.0000 142.5000 0000001   0.0000 289.6364 15.76629586    05
Starlink-340 2179
1 02180U 00000ABC 00001.00000000  .00000000  00000-0  00000+0 0    04
2 02180  53.0000 142.5000 0000001   0.0000 292.9091 15.76629586    01
Starlink-340 2180
1 02181U 00000ABC 00001.00000000  .00000000  00000-0  00000+0 0    05
2 02181  53.0000 142.5000 0000001   0.0000 296.1818 15.76629586    05
Starlink-340 2181
1 02182U 00000ABC 00001.00000000  .00000000  00000-0  00000+0 0    06
2 02182  53.0000 142.5000 0000001   0.0000 299.4545 15.76629586    09
Starlink-340 2182
1 02183U 00000ABC 00001.00000000  .00000000  00000-0  00000+0 0    07
2 02183  53.0000 142.5000 0000001   0.0000 302.7273 15.76629586    06
Starlink-340 2183
1 02184U 00000ABC 00001.00000000  .00000000  00000-0  00000+0 0    08
2 02184  53.0000 142.5000 0000001   0.0000 306.0000 15.76629586    02
Starlink-340 2184
1 02185U 00000ABC 00001.00000000  .00000000  00000-0  00000+0 0    09
2 02185  53.0000 142.5000 0000001   0.0000 309.2727 15.76629586    04
Starlink-340 2185
1 02186U 00000ABC 00001.00000000  .00000000  00000-0  00000+0 0    00
2 02186  53.0000 142.5000 0000001   0.0000 312.5455 15.76629586    00
Starlink-340 2186
1 02187U 00000ABC 00001.00000000  .00000000  00000-0  00000+0 0    01
2 02187  53.0000 142.5000 0000001   0.0000 315.8182 15.76629586    04
Starlink-340 2187
1 02188U 00000ABC 00001.00000000  .00000000  00000-0  00000+0 0    02
2 02188  53.0000 142.5000 0000001   0.0000 319.0909 15.76629586    08
Starlink-340 2188
1 02189U 00000ABC 00001.00000000  .00000000  00000-0  00000+0 0    03
2 02189  53.0000 142.5000 0000001   0.0000 322.3636 15.76629586    03
Starlink-340 2189
1 02190U 00000ABC 00001.00000000  .00000000  00000-0  00000+0 0    05
2 02190  53.0000 142.5000 0000001   0.0000 325.6364 15.76629586    09
Starlink-340 2190
1 02191U 00000ABC 00001.00000000  .00000000  00000-0  00000+0 0    06
2 02191  53.0000 142.5000 0000001   0.0000 328.9091 15.76629586    03
Starlink-340 2191
1 02192U 00000ABC 00001.00000000  .00000000  00000-0  00000+0 0    07
2 02192  53.0000 142.5000 0000001   0.0000 332.1818 15.76629586    08
Starlink-340 2192
1 02193U 00000ABC 00001.00000000  .00000000  00000-0  00000+0 0    08
2 02193  53.0000 142.5000 0000001   0.0000 335.4545 15.76629586    02
Starlink-340 2193
1 02194U 00000ABC 00001.00000000  .00000000  00000-0  00000+0 0    09
2 02194  53.0000 142.5000 0000001   0.0000 338.7273 15.76629586    07
Starlink-340 2194
1 02195U 00000ABC 00001.00000000  .00000000  00000-0  00000+0 0    00
2 02195  53.0000 142.5000 0000001   0.0000 342.0000 15.76629586    04
Starlink-340 2195
1 02196U 00000ABC 00001.00000000  .00000000  00000-0  00000+0 0    01
2 02196  53.0000 142.5000 0000001   0.0000 345.2727 15.76629586    06
Starlink-340 2196
1 02197U 00000ABC 00001.00000000  .00000000  00000-0  00000+0 0    02
2 02197  53.0000 142.5000 0000001   0.0000 348.5455 15.76629586    01
Starlink-340 2197
1 02198U 00000ABC 00001.00000000  .00000000  00000-0  00000+0 0    03
2 02198  53.0000 142.5000 0000001   0.0000 351.8182 15.76629586    06
Starlink-340 2198
1 02199U 00000ABC 00001.00000000  .00000000  00000-0  00000+0 0    04
2 02199  53.0000 142.5000 0000001   0.0000 355.0909 15.76629586    00
Starlink-340 2199
1 02200U 00000ABC 00001.00000000  .00000000  00000-0  00000+0 0    07
2 02200  53.0000 142.5000 0000001   0.0000 358.3636 15.76629586    06
Starlink-340 2200
1 02201U 00000ABC 00001.00000000  .00000000  00000-0  00000+0 0    08
2 02201  53.0000 150.0000 0000001   0.0000   0.0000 15.76629586    07
Starlink-340 2201
1 02202U 00000ABC 00001.00000000  .00000000  00000-0  00000+0 0    09
2 02202  53.0000 150.0000 0000001   0.0000   3.2727 15.76629586    09
Starlink-340 2202
1 02203U 00000ABC 00001.00000000  .00000000  00000-0  00000+0 0    00
2 02203  53.0000 150.0000 0000001   0.0000   6.5455 15.76629586    04
Starlink-340 2203
1 02204U 00000ABC 00001.00000000  .00000000  00000-0  00000+0 0    01
2 02204  53.0000 150.0000 0000001   0.0000   9.8182 15.76629586    08
Starlink-340 2204
1 02205U 00000ABC 00001.00000000  .00000000  00000-0  00000+0 0    02
2 02205  53.0000 150.0000 0000001   0.0000  13.0909 15.76629586    03
Starlink-340 2205
1 02206U 00000ABC 00001.00000000  .00000000  00000-0  00000+0 0    03
2 02206  53.0000 150.0000 0000001   0.0000  16.3636 15.76629586    07
Starlink-340 2206
1 02207U 00000ABC 00001.00000000  .00000000  00000-0  00000+0 0    04
2 02207  53.0000 150.0000 0000001   0.0000  19.6364 15.76629586    02
Starlink-340 2207
1 02208U 00000ABC 00001.00000000  .00000000  00000-0  00000+0 0    05
2 02208  53.0000 150.0000 0000001   0.0000  22.9091 15.76629586    07
Starlink-340 2208
1 02209U 00000ABC 00001.00000000  .00000000  00000-0  00000+0 0    06
2 02209  53.0000 150.0000 0000001   0.0000  26.1818 15.76629586    01
Starlink-340 2209
1 02210U 00000ABC 00001.00000000  .00000000  00000-0  00000+0 0    08
2 02210  53.0000 150.0000 0000001   0.0000  29.4545 15.76629586    06
Starlink-340 2210
1 02211U 00000ABC 00001.00000000  .00000000  00000-0  00000+0 0    09
2 02211  53.0000 150.0000 0000001   0.0000  32.7273 15.76629586    02
Starlink-340 2211
1 02212U 00000ABC 00001.00000000  .00000000  00000-0  00000+0 0    00
2 02212  53.0000 150.0000 0000001   0.0000  36.0000 15.76629586    08
Starlink-340 2212
1 02213U 00000ABC 00001.00000000  .00000000  00000-0  00000+0 0    01
2 02213  53.0000 150.0000 0000001   0.0000  39.2727 15.76629586    00
Starlink-340 2213
1 02214U 00000ABC 00001.00000000  .00000000  00000-0  00000+0 0    02
2 02214  53.0000 150.0000 0000001   0.0000  42.5455 15.76629586    06
Starlink-340 2214
1 02215U 00000ABC 00001.00000000  .00000000  00000-0  00000+0 0    03
2 02215  53.0000 150.0000 0000001   0.0000  45.8182 15.76629586    00
Starlink-340 2215
1 02216U 00000ABC 00001.00000000  .00000000  00000-0  00000+0 0    04
2 02216  53.0000 150.0000 0000001   0.0000  49.0909 15.76629586    04
Starlink-340 2216
1 02217U 00000ABC 00001.00000000  .00000000  00000-0  00000+0 0    05
2 02217  53.0000 150.0000 0000001   0.0000  52.3636 15.76629586    09
Starlink-340 2217
1 02218U 00000ABC 00001.00000000  .00000000  00000-0  00000+0 0    06
2 02218  53.0000 150.0000 0000001   0.0000  55.6364 15.76629586    04
Starlink-340 2218
1 02219U 00000ABC 00001.00000000  .00000000  00000-0  00000+0 0    07
2 02219  53.0000 150.0000 0000001   0.0000  58.9091 15.76629586    08
Starlink-340 2219
1 02220U 00000ABC 00001.00000000  .00000000  00000-0  00000+0 0    09
2 02220  53.0000 150.0000 0000001   0.0000  62.1818 15.76629586    04
Starlink-340 2220
1 02221U 00000ABC 00001.00000000  .00000000  00000-0  00000+0 0    00
2 02221  53.0000 150.0000 0000001   0.0000  65.4545 15.76629586    08
Starlink-340 2221
1 02222U 00000ABC 00001.00000000  .00000000  00000-0  00000+0 0    01
2 02222  53.0000 150.0000 0000001   0.0000  68.7273 15.76629586    03
Starlink-340 2222
1 02223U 00000ABC 00001.00000000  .00000000  00000-0  00000+0 0    02
2 02223  53.0000 150.0000 0000001   0.0000  72.0000 15.76629586    00
Starlink-340 2223
1 02224U 00000ABC 00001.00000000  .00000000  00000-0  00000+0 0    03
2 02224  53.0000 150.0000 0000001   0.0000  75.2727 15.76629586    02
Starlink-340 2224
1 02225U 00000ABC 00001.00000000  .00000000  00000-0  00000+0 0    04
2 02225  53.0000 150.0000 0000001   0.0000  78.5455 15.76629586    07
Starlink-340 2225
1 02226U 00000ABC 00001.00000000  .00000000  00000-0  00000+0 0    05
2 02226  53.0000 150.0000 0000001   0.0000  81.8182 15.76629586    02
Starlink-340 2226
1 02227U 00000ABC 00001.00000000  .00000000  00000-0  00000+0 0    06
2 02227  53.0000 150.0000 0000001   0.0000  85.0909 15.76629586    06
Starlink-340 2227
1 02228U 00000ABC 00001.00000000  .00000000  00000-0  00000+0 0    07
2 02228  53.0000 150.0000 0000001   0.0000  88.3636 15.76629586    00
Starlink-340 2228
1 02229U 00000ABC 00001.00000000  .00000000  00000-0  00000+0 0    08
2 02229  53.0000 150.0000 0000001   0.0000  91.6364 15.76629586    06
Starlink-340 2229
1 02230U 00000ABC 00001.00000000  .00000000  00000-0  00000+0 0    00
2 02230  53.0000 150.0000 0000001   0.0000  94.9091 15.76629586    01
Starlink-340 2230
1 02231U 00000ABC 00001.00000000  .00000000  00000-0  00000+0 0    01
2 02231  53.0000 150.0000 0000001   0.0000  98.1818 15.76629586    05
Starlink-340 2231
1 02232U 00000ABC 00001.00000000  .00000000  00000-0  00000+0 0    02
2 02232  53.0000 150.0000 0000001   0.0000 101.4545 15.76629586    01
Starlink-340 2232
1 02233U 00000ABC 00001.00000000  .00000000  00000-0  00000+0 0    03
2 02233  53.0000 150.0000 0000001   0.0000 104.7273 15.76629586    06
Starlink-340 2233
1 02234U 00000ABC 00001.00000000  .00000000  00000-0  00000+0 0    04
2 02234  53.0000 150.0000 0000001   0.0000 108.0000 15.76629586    02
Starlink-340 2234
1 02235U 00000ABC 00001.00000000  .00000000  00000-0  00000+0 0    05
2 02235  53.0000 150.0000 0000001   0.0000 111.2727 15.76629586    05
Starlink-340 2235
1 02236U 00000ABC 00001.00000000  .00000000  00000-0  00000+0 0    06
2 02236  53.0000 150.0000 0000001   0.0000 114.5455 15.76629586    00
Starlink-340 2236
1 02237U 00000ABC 00001.00000000  .00000000  00000-0  00000+0 0    07
2 02237  53.0000 150.0000 0000001   0.0000 117.8182 15.76629586    04
Starlink-340 2237
1 02238U 00000ABC 00001.00000000  .00000000  00000-0  00000+0 0    08
2 02238  53.0000 150.0000 0000001   0.0000 121.0909 15.76629586    09
Starlink-340 2238
1 02239U 00000ABC 00001.00000000  .00000000  00000-0  00000+0 0    09
2 02239  53.0000 150.0000 0000001   0.0000 124.3636 15.76629586    03
Starlink-340 2239
1 02240U 00000ABC 00001.00000000  .00000000  00000-0  00000+0 0    01
2 02240  53.0000 150.0000 0000001   0.0000 127.6364 15.76629586    09
Starlink-340 2240
1 02241U 00000ABC 00001.00000000  .00000000  00000-0  00000+0 0    02
2 02241  53.0000 150.0000 0000001   0.0000 130.9091 15.76629586    04
Starlink-340 2241
1 02242U 00000ABC 00001.00000000  .00000000  00000-0  00000+0 0    03
2 02242  53.0000 150.0000 0000001   0.0000 134.1818 15.76629586    08
Starlink-340 2242
1 02243U 00000ABC 00001.00000000  .00000000  00000-0  00000+0 0    04
2 02243  53.0000 150.0000 0000001   0.0000 137.4545 15.76629586    02
Starlink-340 2243
1 02244U 00000ABC 00001.00000000  .00000000  00000-0  00000+0 0    05
2 02244  53.0000 150.0000 0000001   0.0000 140.7273 15.76629586    08
Starlink-340 2244
1 02245U 00000ABC 00001.00000000  .00000000  00000-0  00000+0 0    06
2 02245  53.0000 150.0000 0000001   0.0000 144.0000 15.76629586    04
Starlink-340 2245
1 02246U 00000ABC 00001.00000000  .00000000  00000-0  00000+0 0    07
2 02246  53.0000 150.0000 0000001   0.0000 147.2727 15.76629586    06
Starlink-340 2246
1 02247U 00000ABC 00001.00000000  .00000000  00000-0  00000+0 0    08
2 02247  53.0000 150.0000 0000001   0.0000 150.5455 15.76629586    02
Starlink-340 2247
1 02248U 00000ABC 00001.00000000  .00000000  00000-0  00000+0 0    09
2 02248  53.0000 150.0000 0000001   0.0000 153.8182 15.76629586    06
Starlink-340 2248
1 02249U 00000ABC 00001.00000000  .00000000  00000-0  00000+0 0    00
2 02249  53.0000 150.0000 0000001   0.0000 157.0909 15.76629586    00
Starlink-340 2249
1 02250U 00000ABC 00001.00000000  .00000000  00000-0  00000+0 0    02
2 02250  53.0000 150.0000 0000001   0.0000 160.3636 15.76629586    06
Starlink-340 2250
1 02251U 00000ABC 00001.00000000  .00000000  00000-0  00000+0 0    03
2 02251  53.0000 150.0000 0000001   0.0000 163.6364 15.76629586    01
Starlink-340 2251
1 02252U 00000ABC 00001.00000000  .00000000  00000-0  00000+0 0    04
2 02252  53.0000 150.0000 0000001   0.0000 166.9091 15.76629586    05
Starlink-340 2252
1 02253U 00000ABC 00001.00000000  .00000000  00000-0  00000+0 0    05
2 02253  53.0000 150.0000 0000001   0.0000 170.1818 15.76629586    00
Starlink-340 2253
1 02254U 00000ABC 00001.00000000  .00000000  00000-0  00000+0 0    06
2 02254  53.0000 150.0000 0000001   0.0000 173.4545 15.76629586    04
Starlink-340 2254
1 02255U 00000ABC 00001.00000000  .00000000  00000-0  00000+0 0    07
2 02255  53.0000 150.0000 0000001   0.0000 176.7273 15.76629586    09
Starlink-340 2255
1 02256U 00000ABC 00001.00000000  .00000000  00000-0  00000+0 0    08
2 02256  53.0000 150.0000 0000001   0.0000 180.0000 15.76629586    06
Starlink-340 2256
1 02257U 00000ABC 00001.00000000  .00000000  00000-0  00000+0 0    09
2 02257  53.0000 150.0000 0000001   0.0000 183.2727 15.76629586    08
Starlink-340 2257
1 02258U 00000ABC 00001.00000000  .00000000  00000-0  00000+0 0    00
2 02258  53.0000 150.0000 0000001   0.0000 186.5455 15.76629586    03
Starlink-340 2258
1 02259U 00000ABC 00001.00000000  .00000000  00000-0  00000+0 0    01
2 02259  53.0000 150.0000 0000001   0.0000 189.8182 15.76629586    07
Starlink-340 2259
1 02260U 00000ABC 00001.00000000  .00000000  00000-0  00000+0 0    03
2 02260  53.0000 150.0000 0000001   0.0000 193.0909 15.76629586    03
Starlink-340 2260
1 02261U 00000ABC 00001.00000000  .00000000  00000-0  00000+0 0    04
2 02261  53.0000 150.0000 0000001   0.0000 196.3636 15.76629586    07
Starlink-340 2261
1 02262U 00000ABC 00001.00000000  .00000000  00000-0  00000+0 0    05
2 02262  53.0000 150.0000 0000001   0.0000 199.6364 15.76629586    02
Starlink-340 2262
1 02263U 00000ABC 00001.00000000  .00000000  00000-0  00000+0 0    06
2 02263  53.0000 150.0000 0000001   0.0000 202.9091 15.76629586    08
Starlink-340 2263
1 02264U 00000ABC 00001.00000000  .00000000  00000-0  00000+0 0    07
2 02264  53.0000 150.0000 0000001   0.0000 206.1818 15.76629586    02
Starlink-340 2264
1 02265U 00000ABC 00001.00000000  .00000000  00000-0  00000+0 0    08
2 02265  53.0000 150.0000 0000001   0.0000 209.4545 15.76629586    06
Starlink-340 2265
1 02266U 00000ABC 00001.00000000  .00000000  00000-0  00000+0 0    09
2 02266  53.0000 150.0000 0000001   0.0000 212.7273 15.76629586    02
Starlink-340 2266
1 02267U 00000ABC 00001.00000000  .00000000  00000-0  00000+0 0    00
2 02267  53.0000 150.0000 0000001   0.0000 216.0000 15.76629586    08
Starlink-340 2267
1 02268U 00000ABC 00001.00000000  .00000000  00000-0  00000+0 0    01
2 02268  53.0000 150.0000 0000001   0.0000 219.2727 15.76629586    00
Starlink-340 2268
1 02269U 00000ABC 00001.00000000  .00000000  00000-0  00000+0 0    02
2 02269  53.0000 150.0000 0000001   0.0000 222.5455 15.76629586    06
Starlink-340 2269
1 02270U 00000ABC 00001.00000000  .00000000  00000-0  00000+0 0    04
2 02270  53.0000 150.0000 0000001   0.0000 225.8182 15.76629586    01
Starlink-340 2270
1 02271U 00000ABC 00001.00000000  .00000000  00000-0  00000+0 0    05
2 02271  53.0000 150.0000 0000001   0.0000 229.0909 15.76629586    05
Starlink-340 2271
1 02272U 00000ABC 00001.00000000  .00000000  00000-0  00000+0 0    06
2 02272  53.0000 150.0000 0000001   0.0000 232.3636 15.76629586    00
Starlink-340 2272
1 02273U 00000ABC 00001.00000000  .00000000  00000-0  00000+0 0    07
2 02273  53.0000 150.0000 0000001   0.0000 235.6364 15.76629586    05
Starlink-340 2273
1 02274U 00000ABC 00001.00000000  .00000000  00000-0  00000+0 0    08
2 02274  53.0000 150.0000 0000001   0.0000 238.9091 15.76629586    09
Starlink-340 2274
1 02275U 00000ABC 00001.00000000  .00000000  00000-0  00000+0 0    09
2 02275  53.0000 150.0000 0000001   0.0000 242.1818 15.76629586    04
Starlink-340 2275
1 02276U 00000ABC 00001.00000000  .00000000  00000-0  00000+0 0    00
2 02276  53.0000 150.0000 0000001   0.0000 245.4545 15.76629586    08
Starlink-340 2276
1 02277U 00000ABC 00001.00000000  .00000000  00000-0  00000+0 0    01
2 02277  53.0000 150.0000 0000001   0.0000 248.7273 15.76629586    03
Starlink-340 2277
1 02278U 00000ABC 00001.00000000  .00000000  00000-0  00000+0 0    02
2 02278  53.0000 150.0000 0000001   0.0000 252.0000 15.76629586    00
Starlink-340 2278
1 02279U 00000ABC 00001.00000000  .00000000  00000-0  00000+0 0    03
2 02279  53.0000 150.0000 0000001   0.0000 255.2727 15.76629586    02
Starlink-340 2279
1 02280U 00000ABC 00001.00000000  .00000000  00000-0  00000+0 0    05
2 02280  53.0000 150.0000 0000001   0.0000 258.5455 15.76629586    08
Starlink-340 2280
1 02281U 00000ABC 00001.00000000  .00000000  00000-0  00000+0 0    06
2 02281  53.0000 150.0000 0000001   0.0000 261.8182 15.76629586    03
Starlink-340 2281
1 02282U 00000ABC 00001.00000000  .00000000  00000-0  00000+0 0    07
2 02282  53.0000 150.0000 0000001   0.0000 265.0909 15.76629586    07
Starlink-340 2282
1 02283U 00000ABC 00001.00000000  .00000000  00000-0  00000+0 0    08
2 02283  53.0000 150.0000 0000001   0.0000 268.3636 15.76629586    01
Starlink-340 2283
1 02284U 00000ABC 00001.00000000  .00000000  00000-0  00000+0 0    09
2 02284  53.0000 150.0000 0000001   0.0000 271.6364 15.76629586    07
Starlink-340 2284
1 02285U 00000ABC 00001.00000000  .00000000  00000-0  00000+0 0    00
2 02285  53.0000 150.0000 0000001   0.0000 274.9091 15.76629586    01
Starlink-340 2285
1 02286U 00000ABC 00001.00000000  .00000000  00000-0  00000+0 0    01
2 02286  53.0000 150.0000 0000001   0.0000 278.1818 15.76629586    05
Starlink-340 2286
1 02287U 00000ABC 00001.00000000  .00000000  00000-0  00000+0 0    02
2 02287  53.0000 150.0000 0000001   0.0000 281.4545 15.76629586    00
Starlink-340 2287
1 02288U 00000ABC 00001.00000000  .00000000  00000-0  00000+0 0    03
2 02288  53.0000 150.0000 0000001   0.0000 284.7273 15.76629586    05
Starlink-340 2288
1 02289U 00000ABC 00001.00000000  .00000000  00000-0  00000+0 0    04
2 02289  53.0000 150.0000 0000001   0.0000 288.0000 15.76629586    01
Starlink-340 2289
1 02290U 00000ABC 00001.00000000  .00000000  00000-0  00000+0 0    06
2 02290  53.0000 150.0000 0000001   0.0000 291.2727 15.76629586    05
Starlink-340 2290
1 02291U 00000ABC 00001.00000000  .00000000  00000-0  00000+0 0    07
2 02291  53.0000 150.0000 0000001   0.0000 294.5455 15.76629586    00
Starlink-340 2291
1 02292U 00000ABC 00001.00000000  .00000000  00000-0  00000+0 0    08
2 02292  53.0000 150.0000 0000001   0.0000 297.8182 15.76629586    04
Starlink-340 2292
1 02293U 00000ABC 00001.00000000  .00000000  00000-0  00000+0 0    09
2 02293  53.0000 150.0000 0000001   0.0000 301.0909 15.76629586    00
Starlink-340 2293
1 02294U 00000ABC 00001.00000000  .00000000  00000-0  00000+0 0    00
2 02294  53.0000 150.0000 0000001   0.0000 304.3636 15.76629586    04
Starlink-340 2294
1 02295U 00000ABC 00001.00000000  .00000000  00000-0  00000+0 0    01
2 02295  53.0000 150.0000 0000001   0.0000 307.6364 15.76629586    09
Starlink-340 2295
1 02296U 00000ABC 00001.00000000  .00000000  00000-0  00000+0 0    02
2 02296  53.0000 150.0000 0000001   0.0000 310.9091 15.76629586    04
Starlink-340 2296
1 02297U 00000ABC 00001.00000000  .00000000  00000-0  00000+0 0    03
2 02297  53.0000 150.0000 0000001   0.0000 314.1818 15.76629586    08
Starlink-340 2297
1 02298U 00000ABC 00001.00000000  .00000000  00000-0  00000+0 0    04
2 02298  53.0000 150.0000 0000001   0.0000 317.4545 15.76629586    02
Starlink-340 2298
1 02299U 00000ABC 00001.00000000  .00000000  00000-0  00000+0 0    05
2 02299  53.0000 150.0000 0000001   0.0000 320.7273 15.76629586    08
Starlink-340 2299
1 02300U 00000ABC 00001.00000000  .00000000  00000-0  00000+0 0    08
2 02300  53.0000 150.0000 0000001   0.0000 324.0000 15.76629586    06
Starlink-340 2300
1 02301U 00000ABC 00001.00000000  .00000000  00000-0  00000+0 0    09
2 02301  53.0000 150.0000 0000001   0.0000 327.2727 15.76629586    08
Starlink-340 2301
1 02302U 00000ABC 00001.00000000  .00000000  00000-0  00000+0 0    00
2 02302  53.0000 150.0000 0000001   0.0000 330.5455 15.76629586    04
Starlink-340 2302
1 02303U 00000ABC 00001.00000000  .00000000  00000-0  00000+0 0    01
2 02303  53.0000 150.0000 0000001   0.0000 333.8182 15.76629586    08
Starlink-340 2303
1 02304U 00000ABC 00001.00000000  .00000000  00000-0  00000+0 0    02
2 02304  53.0000 150.0000 0000001   0.0000 337.0909 15.76629586    02
Starlink-340 2304
1 02305U 00000ABC 00001.00000000  .00000000  00000-0  00000+0 0    03
2 02305  53.0000 150.0000 0000001   0.0000 340.3636 15.76629586    07
Starlink-340 2305
1 02306U 00000ABC 00001.00000000  .00000000  00000-0  00000+0 0    04
2 02306  53.0000 150.0000 0000001   0.0000 343.6364 15.76629586    02
Starlink-340 2306
1 02307U 00000ABC 00001.00000000  .00000000  00000-0  00000+0 0    05
2 02307  53.0000 150.0000 0000001   0.0000 346.9091 15.76629586    06
Starlink-340 2307
1 02308U 00000ABC 00001.00000000  .00000000  00000-0  00000+0 0    06
2 02308  53.0000 150.0000 0000001   0.0000 350.1818 15.76629586    01
Starlink-340 2308
1 02309U 00000ABC 00001.00000000  .00000000  00000-0  00000+0 0    07
2 02309  53.0000 150.0000 0000001   0.0000 353.4545 15.76629586    05
Starlink-340 2309
1 02310U 00000ABC 00001.00000000  .00000000  00000-0  00000+0 0    09
2 02310  53.0000 150.0000 0000001   0.0000 356.7273 15.76629586    01
Starlink-340 2310
1 02311U 00000ABC 00001.00000000  .00000000  00000-0  00000+0 0    00
2 02311  53.0000 157.5000 0000001   0.0000   1.6364 15.76629586    01
Starlink-340 2311
1 02312U 00000ABC 00001.00000000  .00000000  00000-0  00000+0 0    01
2 02312  53.0000 157.5000 0000001   0.0000   4.9091 15.76629586    05
Starlink-340 2312
1 02313U 00000ABC 00001.00000000  .00000000  00000-0  00000+0 0    02
2 02313  53.0000 157.5000 0000001   0.0000   8.1818 15.76629586    09
Starlink-340 2313
1 02314U 00000ABC 00001.00000000  .00000000  00000-0  00000+0 0    03
2 02314  53.0000 157.5000 0000001   0.0000  11.4545 15.76629586    04
Starlink-340 2314
1 02315U 00000ABC 00001.00000000  .00000000  00000-0  00000+0 0    04
2 02315  53.0000 157.5000 0000001   0.0000  14.7273 15.76629586    09
Starlink-340 2315
1 02316U 00000ABC 00001.00000000  .00000000  00000-0  00000+0 0    05
2 02316  53.0000 157.5000 0000001   0.0000  18.0000 15.76629586    05
Starlink-340 2316
1 02317U 00000ABC 00001.00000000  .00000000  00000-0  00000+0 0    06
2 02317  53.0000 157.5000 0000001   0.0000  21.2727 15.76629586    08
Starlink-340 2317
1 02318U 00000ABC 00001.00000000  .00000000  00000-0  00000+0 0    07
2 02318  53.0000 157.5000 0000001   0.0000  24.5455 15.76629586    03
Starlink-340 2318
1 02319U 00000ABC 00001.00000000  .00000000  00000-0  00000+0 0    08
2 02319  53.0000 157.5000 0000001   0.0000  27.8182 15.76629586    07
Starlink-340 2319
1 02320U 00000ABC 00001.00000000  .00000000  00000-0  00000+0 0    00
2 02320  53.0000 157.5000 0000001   0.0000  31.0909 15.76629586    03
Starlink-340 2320
1 02321U 00000ABC 00001.00000000  .00000000  00000-0  00000+0 0    01
2 02321  53.0000 157.5000 0000001   0.0000  34.3636 15.76629586    07
Starlink-340 2321
1 02322U 00000ABC 00001.00000000  .00000000  00000-0  00000+0 0    02
2 02322  53.0000 157.5000 0000001   0.0000  37.6364 15.76629586    02
Starlink-340 2322
1 02323U 00000ABC 00001.00000000  .00000000  00000-0  00000+0 0    03
2 02323  53.0000 157.5000 0000001   0.0000  40.9091 15.76629586    07
Starlink-340 2323
1 02324U 00000ABC 00001.00000000  .00000000  00000-0  00000+0 0    04
2 02324  53.0000 157.5000 0000001   0.0000  44.1818 15.76629586    01
Starlink-340 2324
1 02325U 00000ABC 00001.00000000  .00000000  00000-0  00000+0 0    05
2 02325  53.0000 157.5000 0000001   0.0000  47.4545 15.76629586    05
Starlink-340 2325
1 02326U 00000ABC 00001.00000000  .00000000  00000-0  00000+0 0    06
2 02326  53.0000 157.5000 0000001   0.0000  50.7273 15.76629586    01
Starlink-340 2326
1 02327U 00000ABC 00001.00000000  .00000000  00000-0  00000+0 0    07
2 02327  53.0000 157.5000 0000001   0.0000  54.0000 15.76629586    07
Starlink-340 2327
1 02328U 00000ABC 00001.00000000  .00000000  00000-0  00000+0 0    08
2 02328  53.0000 157.5000 0000001   0.0000  57.2727 15.76629586    09
Starlink-340 2328
1 02329U 00000ABC 00001.00000000  .00000000  00000-0  00000+0 0    09
2 02329  53.0000 157.5000 0000001   0.0000  60.5455 15.76629586    05
Starlink-340 2329
1 02330U 00000ABC 00001.00000000  .00000000  00000-0  00000+0 0    01
2 02330  53.0000 157.5000 0000001   0.0000  63.8182 15.76629586    00
Starlink-340 2330
1 02331U 00000ABC 00001.00000000  .00000000  00000-0  00000+0 0    02
2 02331  53.0000 157.5000 0000001   0.0000  67.0909 15.76629586    04
Starlink-340 2331
1 02332U 00000ABC 00001.00000000  .00000000  00000-0  00000+0 0    03
2 02332  53.0000 157.5000 0000001   0.0000  70.3636 15.76629586    09
Starlink-340 2332
1 02333U 00000ABC 00001.00000000  .00000000  00000-0  00000+0 0    04
2 02333  53.0000 157.5000 0000001   0.0000  73.6364 15.76629586    04
Starlink-340 2333
1 02334U 00000ABC 00001.00000000  .00000000  00000-0  00000+0 0    05
2 02334  53.0000 157.5000 0000001   0.0000  76.9091 15.76629586    08
Starlink-340 2334
1 02335U 00000ABC 00001.00000000  .00000000  00000-0  00000+0 0    06
2 02335  53.0000 157.5000 0000001   0.0000  80.1818 15.76629586    03
Starlink-340 2335
1 02336U 00000ABC 00001.00000000  .00000000  00000-0  00000+0 0    07
2 02336  53.0000 157.5000 0000001   0.0000  83.4545 15.76629586    07
Starlink-340 2336
1 02337U 00000ABC 00001.00000000  .00000000  00000-0  00000+0 0    08
2 02337  53.0000 157.5000 0000001   0.0000  86.7273 15.76629586    02
Starlink-340 2337
1 02338U 00000ABC 00001.00000000  .00000000  00000-0  00000+0 0    09
2 02338  53.0000 157.5000 0000001   0.0000  90.0000 15.76629586    09
Starlink-340 2338
1 02339U 00000ABC 00001.00000000  .00000000  00000-0  00000+0 0    00
2 02339  53.0000 157.5000 0000001   0.0000  93.2727 15.76629586    01
Starlink-340 2339
1 02340U 00000ABC 00001.00000000  .00000000  00000-0  00000+0 0    02
2 02340  53.0000 157.5000 0000001   0.0000  96.5455 15.76629586    07
Starlink-340 2340
1 02341U 00000ABC 00001.00000000  .00000000  00000-0  00000+0 0    03
2 02341  53.0000 157.5000 0000001   0.0000  99.8182 15.76629586    01
Starlink-340 2341
1 02342U 00000ABC 00001.00000000  .00000000  00000-0  00000+0 0    04
2 02342  53.0000 157.5000 0000001   0.0000 103.0909 15.76629586    07
Starlink-340 2342
1 02343U 00000ABC 00001.00000000  .00000000  00000-0  00000+0 0    05
2 02343  53.0000 157.5000 0000001   0.0000 106.3636 15.76629586    01
Starlink-340 2343
1 02344U 00000ABC 00001.00000000  .00000000  00000-0  00000+0 0    06
2 02344  53.0000 157.5000 0000001   0.0000 109.6364 15.76629586    06
Starlink-340 2344
1 02345U 00000ABC 00001.00000000  .00000000  00000-0  00000+0 0    07
2 02345  53.0000 157.5000 0000001   0.0000 112.9091 15.76629586    01
Starlink-340 2345
1 02346U 00000ABC 00001.00000000  .00000000  00000-0  00000+0 0    08
2 02346  53.0000 157.5000 0000001   0.0000 116.1818 15.76629586    05
Starlink-340 2346
1 02347U 00000ABC 00001.00000000  .00000000  00000-0  00000+0 0    09
2 02347  53.0000 157.5000 0000001   0.0000 119.4545 15.76629586    09
Starlink-340 2347
1 02348U 00000ABC 00001.00000000  .00000000  00000-0  00000+0 0    00
2 02348  53.0000 157.5000 0000001   0.0000 122.7273 15.76629586    05
Starlink-340 2348
1 02349U 00000ABC 00001.00000000  .00000000  00000-0  00000+0 0    01
2 02349  53.0000 157.5000 0000001   0.0000 126.0000 15.76629586    01
Starlink-340 2349
1 02350U 00000ABC 00001.00000000  .00000000  00000-0  00000+0 0    03
2 02350  53.0000 157.5000 0000001   0.0000 129.2727 15.76629586    04
Starlink-340 2350
1 02351U 00000ABC 00001.00000000  .00000000  00000-0  00000+0 0    04
2 02351  53.0000 157.5000 0000001   0.0000 132.5455 15.76629586    00
Starlink-340 2351
1 02352U 00000ABC 00001.00000000  .00000000  00000-0  00000+0 0    05
2 02352  53.0000 157.5000 0000001   0.0000 135.8182 15.76629586    04
Starlink-340 2352
1 02353U 00000ABC 00001.00000000  .00000000  00000-0  00000+0 0    06
2 02353  53.0000 157.5000 0000001   0.0000 139.0909 15.76629586    08
Starlink-340 2353
1 02354U 00000ABC 00001.00000000  .00000000  00000-0  00000+0 0    07
2 02354  53.0000 157.5000 0000001   0.0000 142.3636 15.76629586    03
Starlink-340 2354
1 02355U 00000ABC 00001.00000000  .00000000  00000-0  00000+0 0    08
2 02355  53.0000 157.5000 0000001   0.0000 145.6364 15.76629586    08
Starlink-340 2355
1 02356U 00000ABC 00001.00000000  .00000000  00000-0  00000+0 0    09
2 02356  53.0000 157.5000 0000001   0.0000 148.9091 15.76629586    02
Starlink-340 2356
1 02357U 00000ABC 00001.00000000  .00000000  00000-0  00000+0 0    00
2 02357  53.0000 157.5000 0000001   0.0000 152.1818 15.76629586    07
Starlink-340 2357
1 02358U 00000ABC 00001.00000000  .00000000  00000-0  00000+0 0    01
2 02358  53.0000 157.5000 0000001   0.0000 155.4545 15.76629586    01
Starlink-340 2358
1 02359U 00000ABC 00001.00000000  .00000000  00000-0  00000+0 0    02
2 02359  53.0000 157.5000 0000001   0.0000 158.7273 15.76629586    06
Starlink-340 2359
1 02360U 00000ABC 00001.00000000  .00000000  00000-0  00000+0 0    04
2 02360  53.0000 157.5000 0000001   0.0000 162.0000 15.76629586    04
Starlink-340 2360
1 02361U 00000ABC 00001.00000000  .00000000  00000-0  00000+0 0    05
2 02361  53.0000 157.5000 0000001   0.0000 165.2727 15.76629586    06
Starlink-340 2361
1 02362U 00000ABC 00001.00000000  .00000000  00000-0  00000+0 0    06
2 02362  53.0000 157.5000 0000001   0.0000 168.5455 15.76629586    01
Starlink-340 2362
1 02363U 00000ABC 00001.00000000  .00000000  00000-0  00000+0 0    07
2 02363  53.0000 157.5000 0000001   0.0000 171.8182 15.76629586    06
Starlink-340 2363
1 02364U 00000ABC 00001.00000000  .00000000  00000-0  00000+0 0    08
2 02364  53.0000 157.5000 0000001   0.0000 175.0909 15.76629586    00
Starlink-340 2364
1 02365U 00000ABC 00001.00000000  .00000000  00000-0  00000+0 0    09
2 02365  53.0000 157.5000 0000001   0.0000 178.3636 15.76629586    04
Starlink-340 2365
1 02366U 00000ABC 00001.00000000  .00000000  00000-0  00000+0 0    00
2 02366  53.0000 157.5000 0000001   0.0000 181.6364 15.76629586    00
Starlink-340 2366
1 02367U 00000ABC 00001.00000000  .00000000  00000-0  00000+0 0    01
2 02367  53.0000 157.5000 0000001   0.0000 184.9091 15.76629586    04
Starlink-340 2367
1 02368U 00000ABC 00001.00000000  .00000000  00000-0  00000+0 0    02
2 02368  53.0000 157.5000 0000001   0.0000 188.1818 15.76629586    08
Starlink-340 2368
1 02369U 00000ABC 00001.00000000  .00000000  00000-0  00000+0 0    03
2 02369  53.0000 157.5000 0000001   0.0000 191.4545 15.76629586    03
Starlink-340 2369
1 02370U 00000ABC 00001.00000000  .00000000  00000-0  00000+0 0    05
2 02370  53.0000 157.5000 0000001   0.0000 194.7273 15.76629586    09
Starlink-340 2370
1 02371U 00000ABC 00001.00000000  .00000000  00000-0  00000+0 0    06
2 02371  53.0000 157.5000 0000001   0.0000 198.0000 15.76629586    05
Starlink-340 2371
1 02372U 00000ABC 00001.00000000  .00000000  00000-0  00000+0 0    07
2 02372  53.0000 157.5000 0000001   0.0000 201.2727 15.76629586    09
Starlink-340 2372
1 02373U 00000ABC 00001.00000000  .00000000  00000-0  00000+0 0    08
2 02373  53.0000 157.5000 0000001   0.0000 204.5455 15.76629586    04
Starlink-340 2373
1 02374U 00000ABC 00001.00000000  .00000000  00000-0  00000+0 0    09
2 02374  53.0000 157.5000 0000001   0.0000 207.8182 15.76629586    08
Starlink-340 2374
1 02375U 00000ABC 00001.00000000  .00000000  00000-0  00000+0 0    00
2 02375  53.0000 157.5000 0000001   0.0000 211.0909 15.76629586    03
Starlink-340 2375
1 02376U 00000ABC 00001.00000000  .00000000  00000-0  00000+0 0    01
2 02376  53.0000 157.5000 0000001   0.0000 214.3636 15.76629586    07
Starlink-340 2376
1 02377U 00000ABC 00001.00000000  .00000000  00000-0  00000+0 0    02
2 02377  53.0000 157.5000 0000001   0.0000 217.6364 15.76629586    02
Starlink-340 2377
1 02378U 00000ABC 00001.00000000  .00000000  00000-0  00000+0 0    03
2 02378  53.0000 157.5000 0000001   0.0000 220.9091 15.76629586    07
Starlink-340 2378
1 02379U 00000ABC 00001.00000000  .00000000  00000-0  00000+0 0    04
2 02379  53.0000 157.5000 0000001   0.0000 224.1818 15.76629586    01
Starlink-340 2379
1 02380U 00000ABC 00001.00000000  .00000000  00000-0  00000+0 0    06
2 02380  53.0000 157.5000 0000001   0.0000 227.4545 15.76629586    06
Starlink-340 2380
1 02381U 00000ABC 00001.00000000  .00000000  00000-0  00000+0 0    07
2 02381  53.0000 157.5000 0000001   0.0000 230.7273 15.76629586    02
Starlink-340 2381
1 02382U 00000ABC 00001.00000000  .00000000  00000-0  00000+0 0    08
2 02382  53.0000 157.5000 0000001   0.0000 234.0000 15.76629586    08
Starlink-340 2382
1 02383U 00000ABC 00001.00000000  .00000000  00000-0  00000+0 0    09
2 02383  53.0000 157.5000 0000001   0.0000 237.2727 15.76629586    00
Starlink-340 2383
1 02384U 00000ABC 00001.00000000  .00000000  00000-0  00000+0 0    00
2 02384  53.0000 157.5000 0000001   0.0000 240.5455 15.76629586    06
Starlink-340 2384
1 02385U 00000ABC 00001.00000000  .00000000  00000-0  00000+0 0    01
2 02385  53.0000 157.5000 0000001   0.0000 243.8182 15.76629586    00
Starlink-340 2385
1 02386U 00000ABC 00001.00000000  .00000000  00000-0  00000+0 0    02
2 02386  53.0000 157.5000 0000001   0.0000 247.0909 15.76629586    04
Starlink-340 2386
1 02387U 00000ABC 00001.00000000  .00000000  00000-0  00000+0 0    03
2 02387  53.0000 157.5000 0000001   0.0000 250.3636 15.76629586    09
Starlink-340 2387
1 02388U 00000ABC 00001.00000000  .00000000  00000-0  00000+0 0    04
2 02388  53.0000 157.5000 0000001   0.0000 253.6364 15.76629586    04
Starlink-340 2388
1 02389U 00000ABC 00001.00000000  .00000000  00000-0  00000+0 0    05
2 02389  53.0000 157.5000 0000001   0.0000 256.9091 15.76629586    08
Starlink-340 2389
1 02390U 00000ABC 00001.00000000  .00000000  00000-0  00000+0 0    07
2 02390  53.0000 157.5000 0000001   0.0000 260.1818 15.76629586    04
Starlink-340 2390
1 02391U 00000ABC 00001.00000000  .00000000  00000-0  00000+0 0    08
2 02391  53.0000 157.5000 0000001   0.0000 263.4545 15.76629586    08
Starlink-340 2391
1 02392U 00000ABC 00001.00000000  .00000000  00000-0  00000+0 0    09
2 02392  53.0000 157.5000 0000001   0.0000 266.7273 15.76629586    03
Starlink-340 2392
1 02393U 00000ABC 00001.00000000  .00000000  00000-0  00000+0 0    00
2 02393  53.0000 157.5000 0000001   0.0000 270.0000 15.76629586    00
Starlink-340 2393
1 02394U 00000ABC 00001.00000000  .00000000  00000-0  00000+0 0    01
2 02394  53.0000 157.5000 0000001   0.0000 273.2727 15.76629586    02
Starlink-340 2394
1 02395U 00000ABC 00001.00000000  .00000000  00000-0  00000+0 0    02
2 02395  53.0000 157.5000 0000001   0.0000 276.5455 15.76629586    07
Starlink-340 2395
1 02396U 00000ABC 00001.00000000  .00000000  00000-0  00000+0 0    03
2 02396  53.0000 157.5000 0000001   0.0000 279.8182 15.76629586    01
Starlink-340 2396
1 02397U 00000ABC 00001.00000000  .00000000  00000-0  00000+0 0    04
2 02397  53.0000 157.5000 0000001   0.0000 283.0909 15.76629586    06
Starlink-340 2397
1 02398U 00000ABC 00001.00000000  .00000000  00000-0  00000+0 0    05
2 02398  53.0000 157.5000 0000001   0.0000 286.3636 15.76629586    00
Starlink-340 2398
1 02399U 00000ABC 00001.00000000  .00000000  00000-0  00000+0 0    06
2 02399  53.0000 157.5000 0000001   0.0000 289.6364 15.76629586    05
Starlink-340 2399
1 02400U 00000ABC 00001.00000000  .00000000  00000-0  00000+0 0    09
2 02400  53.0000 157.5000 0000001   0.0000 292.9091 15.76629586    02
Starlink-340 2400
1 02401U 00000ABC 00001.00000000  .00000000  00000-0  00000+0 0    00
2 02401  53.0000 157.5000 0000001   0.0000 296.1818 15.76629586    06
Starlink-340 2401
1 02402U 00000ABC 00001.00000000  .00000000  00000-0  00000+0 0    01
2 02402  53.0000 157.5000 0000001   0.0000 299.4545 15.76629586    00
Starlink-340 2402
1 02403U 00000ABC 00001.00000000  .00000000  00000-0  00000+0 0    02
2 02403  53.0000 157.5000 0000001   0.0000 302.7273 15.76629586    07
Starlink-340 2403
1 02404U 00000ABC 00001.00000000  .00000000  00000-0  00000+0 0    03
2 02404  53.0000 157.5000 0000001   0.0000 306.0000 15.76629586    03
Starlink-340 2404
1 02405U 00000ABC 00001.00000000  .00000000  00000-0  00000+0 0    04
2 02405  53.0000 157.5000 0000001   0.0000 309.2727 15.76629586    05
Starlink-340 2405
1 02406U 00000ABC 00001.00000000  .00000000  00000-0  00000+0 0    05
2 02406  53.0000 157.5000 0000001   0.0000 312.5455 15.76629586    01
Starlink-340 2406
1 02407U 00000ABC 00001.00000000  .00000000  00000-0  00000+0 0    06
2 02407  53.0000 157.5000 0000001   0.0000 315.8182 15.76629586    05
Starlink-340 2407
1 02408U 00000ABC 00001.00000000  .00000000  00000-0  00000+0 0    07
2 02408  53.0000 157.5000 0000001   0.0000 319.0909 15.76629586    09
Starlink-340 2408
1 02409U 00000ABC 00001.00000000  .00000000  00000-0  00000+0 0    08
2 02409  53.0000 157.5000 0000001   0.0000 322.3636 15.76629586    04
Starlink-340 2409
1 02410U 00000ABC 00001.00000000  .00000000  00000-0  00000+0 0    00
2 02410  53.0000 157.5000 0000001   0.0000 325.6364 15.76629586    00
Starlink-340 2410
1 02411U 00000ABC 00001.00000000  .00000000  00000-0  00000+0 0    01
2 02411  53.0000 157.5000 0000001   0.0000 328.9091 15.76629586    04
Starlink-340 2411
1 02412U 00000ABC 00001.00000000  .00000000  00000-0  00000+0 0    02
2 02412  53.0000 157.5000 0000001   0.0000 332.1818 15.76629586    09
Starlink-340 2412
1 02413U 00000ABC 00001.00000000  .00000000  00000-0  00000+0 0    03
2 02413  53.0000 157.5000 0000001   0.0000 335.4545 15.76629586    03
Starlink-340 2413
1 02414U 00000ABC 00001.00000000  .00000000  00000-0  00000+0 0    04
2 02414  53.0000 157.5000 0000001   0.0000 338.7273 15.76629586    08
Starlink-340 2414
1 02415U 00000ABC 00001.00000000  .00000000  00000-0  00000+0 0    05
2 02415  53.0000 157.5000 0000001   0.0000 342.0000 15.76629586    05
Starlink-340 2415
1 02416U 00000ABC 00001.00000000  .00000000  00000-0  00000+0 0    06
2 02416  53.0000 157.5000 0000001   0.0000 345.2727 15.76629586    07
Starlink-340 2416
1 02417U 00000ABC 00001.00000000  .00000000  00000-0  00000+0 0    07
2 02417  53.0000 157.5000 0000001   0.0000 348.5455 15.76629586    02
Starlink-340 2417
1 02418U 00000ABC 00001.00000000  .00000000  00000-0  00000+0 0    08
2 02418  53.0000 157.5000 0000001   0.0000 351.8182 15.76629586    07
Starlink-340 2418
1 02419U 00000ABC 00001.00000000  .00000000  00000-0  00000+0 0    09
2 02419  53.0000 157.5000 0000001   0.0000 355.0909 15.76629586    01
Starlink-340 2419
1 02420U 00000ABC 00001.00000000  .00000000  00000-0  00000+0 0    01
2 02420  53.0000 157.5000 0000001   0.0000 358.3636 15.76629586    06
Starlink-340 2420
1 02421U 00000ABC 00001.00000000  .00000000  00000-0  00000+0 0    02
2 02421  53.0000 165.0000 0000001   0.0000   0.0000 15.76629586    07
Starlink-340 2421
1 02422U 00000ABC 00001.00000000  .00000000  00000-0  00000+0 0    03
2 02422  53.0000 165.0000 0000001   0.0000   3.2727 15.76629586    09
Starlink-340 2422
1 02423U 00000ABC 00001.00000000  .00000000  00000-0  00000+0 0    04
2 02423  53.0000 165.0000 0000001   0.0000   6.5455 15.76629586    04
Starlink-340 2423
1 02424U 00000ABC 00001.00000000  .00000000  00000-0  00000+0 0    05
2 02424  53.0000 165.0000 0000001   0.0000   9.8182 15.76629586    08
Starlink-340 2424
1 02425U 00000ABC 00001.00000000  .00000000  00000-0  00000+0 0    06
2 02425  53.0000 165.0000 0000001   0.0000  13.0909 15.76629586    03
Starlink-340 2425
1 02426U 00000ABC 00001.00000000  .00000000  00000-0  00000+0 0    07
2 02426  53.0000 165.0000 0000001   0.0000  16.3636 15.76629586    07
Starlink-340 2426
1 02427U 00000ABC 00001.00000000  .00000000  00000-0  00000+0 0    08
2 02427  53.0000 165.0000 0000001   0.0000  19.6364 15.76629586    02
Starlink-340 2427
1 02428U 00000ABC 00001.00000000  .00000000  00000-0  00000+0 0    09
2 02428  53.0000 165.0000 0000001   0.0000  22.9091 15.76629586    07
Starlink-340 2428
1 02429U 00000ABC 00001.00000000  .00000000  00000-0  00000+0 0    00
2 02429  53.0000 165.0000 0000001   0.0000  26.1818 15.76629586    01
Starlink-340 2429
1 02430U 00000ABC 00001.00000000  .00000000  00000-0  00000+0 0    02
2 02430  53.0000 165.0000 0000001   0.0000  29.4545 15.76629586    06
Starlink-340 2430
1 02431U 00000ABC 00001.00000000  .00000000  00000-0  00000+0 0    03
2 02431  53.0000 165.0000 0000001   0.0000  32.7273 15.76629586    02
Starlink-340 2431
1 02432U 00000ABC 00001.00000000  .00000000  00000-0  00000+0 0    04
2 02432  53.0000 165.0000 0000001   0.0000  36.0000 15.76629586    08
Starlink-340 2432
1 02433U 00000ABC 00001.00000000  .00000000  00000-0  00000+0 0    05
2 02433  53.0000 165.0000 0000001   0.0000  39.2727 15.76629586    00
Starlink-340 2433
1 02434U 00000ABC 00001.00000000  .00000000  00000-0  00000+0 0    06
2 02434  53.0000 165.0000 0000001   0.0000  42.5455 15.76629586    06
Starlink-340 2434
1 02435U 00000ABC 00001.00000000  .00000000  00000-0  00000+0 0    07
2 02435  53.0000 165.0000 0000001   0.0000  45.8182 15.76629586    00
Starlink-340 2435
1 02436U 00000ABC 00001.00000000  .00000000  00000-0  00000+0 0    08
2 02436  53.0000 165.0000 0000001   0.0000  49.0909 15.76629586    04
Starlink-340 2436
1 02437U 00000ABC 00001.00000000  .00000000  00000-0  00000+0 0    09
2 02437  53.0000 165.0000 0000001   0.0000  52.3636 15.76629586    09
Starlink-340 2437
1 02438U 00000ABC 00001.00000000  .00000000  00000-0  00000+0 0    00
2 02438  53.0000 165.0000 0000001   0.0000  55.6364 15.76629586    04
Starlink-340 2438
1 02439U 00000ABC 00001.00000000  .00000000  00000-0  00000+0 0    01
2 02439  53.0000 165.0000 0000001   0.0000  58.9091 15.76629586    08
Starlink-340 2439
1 02440U 00000ABC 00001.00000000  .00000000  00000-0  00000+0 0    03
2 02440  53.0000 165.0000 0000001   0.0000  62.1818 15.76629586    04
Starlink-340 2440
1 02441U 00000ABC 00001.00000000  .00000000  00000-0  00000+0 0    04
2 02441  53.0000 165.0000 0000001   0.0000  65.4545 15.76629586    08
Starlink-340 2441
1 02442U 00000ABC 00001.00000000  .00000000  00000-0  00000+0 0    05
2 02442  53.0000 165.0000 0000001   0.0000  68.7273 15.76629586    03
Starlink-340 2442
1 02443U 00000ABC 00001.00000000  .00000000  00000-0  00000+0 0    06
2 02443  53.0000 165.0000 0000001   0.0000  72.0000 15.76629586    00
Starlink-340 2443
1 02444U 00000ABC 00001.00000000  .00000000  00000-0  00000+0 0    07
2 02444  53.0000 165.0000 0000001   0.0000  75.2727 15.76629586    02
Starlink-340 2444
1 02445U 00000ABC 00001.00000000  .00000000  00000-0  00000+0 0    08
2 02445  53.0000 165.0000 0000001   0.0000  78.5455 15.76629586    07
Starlink-340 2445
1 02446U 00000ABC 00001.00000000  .00000000  00000-0  00000+0 0    09
2 02446  53.0000 165.0000 0000001   0.0000  81.8182 15.76629586    02
Starlink-340 2446
1 02447U 00000ABC 00001.00000000  .00000000  00000-0  00000+0 0    00
2 02447  53.0000 165.0000 0000001   0.0000  85.0909 15.76629586    06
Starlink-340 2447
1 02448U 00000ABC 00001.00000000  .00000000  00000-0  00000+0 0    01
2 02448  53.0000 165.0000 0000001   0.0000  88.3636 15.76629586    00
Starlink-340 2448
1 02449U 00000ABC 00001.00000000  .00000000  00000-0  00000+0 0    02
2 02449  53.0000 165.0000 0000001   0.0000  91.6364 15.76629586    06
Starlink-340 2449
1 02450U 00000ABC 00001.00000000  .00000000  00000-0  00000+0 0    04
2 02450  53.0000 165.0000 0000001   0.0000  94.9091 15.76629586    01
Starlink-340 2450
1 02451U 00000ABC 00001.00000000  .00000000  00000-0  00000+0 0    05
2 02451  53.0000 165.0000 0000001   0.0000  98.1818 15.76629586    05
Starlink-340 2451
1 02452U 00000ABC 00001.00000000  .00000000  00000-0  00000+0 0    06
2 02452  53.0000 165.0000 0000001   0.0000 101.4545 15.76629586    01
Starlink-340 2452
1 02453U 00000ABC 00001.00000000  .00000000  00000-0  00000+0 0    07
2 02453  53.0000 165.0000 0000001   0.0000 104.7273 15.76629586    06
Starlink-340 2453
1 02454U 00000ABC 00001.00000000  .00000000  00000-0  00000+0 0    08
2 02454  53.0000 165.0000 0000001   0.0000 108.0000 15.76629586    02
Starlink-340 2454
1 02455U 00000ABC 00001.00000000  .00000000  00000-0  00000+0 0    09
2 02455  53.0000 165.0000 0000001   0.0000 111.2727 15.76629586    05
Starlink-340 2455
1 02456U 00000ABC 00001.00000000  .00000000  00000-0  00000+0 0    00
2 02456  53.0000 165.0000 0000001   0.0000 114.5455 15.76629586    00
Starlink-340 2456
1 02457U 00000ABC 00001.00000000  .00000000  00000-0  00000+0 0    01
2 02457  53.0000 165.0000 0000001   0.0000 117.8182 15.76629586    04
Starlink-340 2457
1 02458U 00000ABC 00001.00000000  .00000000  00000-0  00000+0 0    02
2 02458  53.0000 165.0000 0000001   0.0000 121.0909 15.76629586    09
Starlink-340 2458
1 02459U 00000ABC 00001.00000000  .00000000  00000-0  00000+0 0    03
2 02459  53.0000 165.0000 0000001   0.0000 124.3636 15.76629586    03
Starlink-340 2459
1 02460U 00000ABC 00001.00000000  .00000000  00000-0  00000+0 0    05
2 02460  53.0000 165.0000 0000001   0.0000 127.6364 15.76629586    09
Starlink-340 2460
1 02461U 00000ABC 00001.00000000  .00000000  00000-0  00000+0 0    06
2 02461  53.0000 165.0000 0000001   0.0000 130.9091 15.76629586    04
Starlink-340 2461
1 02462U 00000ABC 00001.00000000  .00000000  00000-0  00000+0 0    07
2 02462  53.0000 165.0000 0000001   0.0000 134.1818 15.76629586    08
Starlink-340 2462
1 02463U 00000ABC 00001.00000000  .00000000  00000-0  00000+0 0    08
2 02463  53.0000 165.0000 0000001   0.0000 137.4545 15.76629586    02
Starlink-340 2463
1 02464U 00000ABC 00001.00000000  .00000000  00000-0  00000+0 0    09
2 02464  53.0000 165.0000 0000001   0.0000 140.7273 15.76629586    08
Starlink-340 2464
1 02465U 00000ABC 00001.00000000  .00000000  00000-0  00000+0 0    00
2 02465  53.0000 165.0000 0000001   0.0000 144.0000 15.76629586    04
Starlink-340 2465
1 02466U 00000ABC 00001.00000000  .00000000  00000-0  00000+0 0    01
2 02466  53.0000 165.0000 0000001   0.0000 147.2727 15.76629586    06
Starlink-340 2466
1 02467U 00000ABC 00001.00000000  .00000000  00000-0  00000+0 0    02
2 02467  53.0000 165.0000 0000001   0.0000 150.5455 15.76629586    02
Starlink-340 2467
1 02468U 00000ABC 00001.00000000  .00000000  00000-0  00000+0 0    03
2 02468  53.0000 165.0000 0000001   0.0000 153.8182 15.76629586    06
Starlink-340 2468
1 02469U 00000ABC 00001.00000000  .00000000  00000-0  00000+0 0    04
2 02469  53.0000 165.0000 0000001   0.0000 157.0909 15.76629586    00
Starlink-340 2469
1 02470U 00000ABC 00001.00000000  .00000000  00000-0  00000+0 0    06
2 02470  53.0000 165.0000 0000001   0.0000 160.3636 15.76629586    06
Starlink-340 2470
1 02471U 00000ABC 00001.00000000  .00000000  00000-0  00000+0 0    07
2 02471  53.0000 165.0000 0000001   0.0000 163.6364 15.76629586    01
Starlink-340 2471
1 02472U 00000ABC 00001.00000000  .00000000  00000-0  00000+0 0    08
2 02472  53.0000 165.0000 0000001   0.0000 166.9091 15.76629586    05
Starlink-340 2472
1 02473U 00000ABC 00001.00000000  .00000000  00000-0  00000+0 0    09
2 02473  53.0000 165.0000 0000001   0.0000 170.1818 15.76629586    00
Starlink-340 2473
1 02474U 00000ABC 00001.00000000  .00000000  00000-0  00000+0 0    00
2 02474  53.0000 165.0000 0000001   0.0000 173.4545 15.76629586    04
Starlink-340 2474
1 02475U 00000ABC 00001.00000000  .00000000  00000-0  00000+0 0    01
2 02475  53.0000 165.0000 0000001   0.0000 176.7273 15.76629586    09
Starlink-340 2475
1 02476U 00000ABC 00001.00000000  .00000000  00000-0  00000+0 0    02
2 02476  53.0000 165.0000 0000001   0.0000 180.0000 15.76629586    06
Starlink-340 2476
1 02477U 00000ABC 00001.00000000  .00000000  00000-0  00000+0 0    03
2 02477  53.0000 165.0000 0000001   0.0000 183.2727 15.76629586    08
Starlink-340 2477
1 02478U 00000ABC 00001.00000000  .00000000  00000-0  00000+0 0    04
2 02478  53.0000 165.0000 0000001   0.0000 186.5455 15.76629586    03
Starlink-340 2478
1 02479U 00000ABC 00001.00000000  .00000000  00000-0  00000+0 0    05
2 02479  53.0000 165.0000 0000001   0.0000 189.8182 15.76629586    07
Starlink-340 2479
1 02480U 00000ABC 00001.00000000  .00000000  00000-0  00000+0 0    07
2 02480  53.0000 165.0000 0000001   0.0000 193.0909 15.76629586    03
Starlink-340 2480
1 02481U 00000ABC 00001.00000000  .00000000  00000-0  00000+0 0    08
2 02481  53.0000 165.0000 0000001   0.0000 196.3636 15.76629586    07
Starlink-340 2481
1 02482U 00000ABC 00001.00000000  .00000000  00000-0  00000+0 0    09
2 02482  53.0000 165.0000 0000001   0.0000 199.6364 15.76629586    02
Starlink-340 2482
1 02483U 00000ABC 00001.00000000  .00000000  00000-0  00000+0 0    00
2 02483  53.0000 165.0000 0000001   0.0000 202.9091 15.76629586    08
Starlink-340 2483
1 02484U 00000ABC 00001.00000000  .00000000  00000-0  00000+0 0    01
2 02484  53.0000 165.0000 0000001   0.0000 206.1818 15.76629586    02
Starlink-340 2484
1 02485U 00000ABC 00001.00000000  .00000000  00000-0  00000+0 0    02
2 02485  53.0000 165.0000 0000001   0.0000 209.4545 15.76629586    06
Starlink-340 2485
1 02486U 00000ABC 00001.00000000  .00000000  00000-0  00000+0 0    03
2 02486  53.0000 165.0000 0000001   0.0000 212.7273 15.76629586    02
Starlink-340 2486
1 02487U 00000ABC 00001.00000000  .00000000  00000-0  00000+0 0    04
2 02487  53.0000 165.0000 0000001   0.0000 216.0000 15.76629586    08
Starlink-340 2487
1 02488U 00000ABC 00001.00000000  .00000000  00000-0  00000+0 0    05
2 02488  53.0000 165.0000 0000001   0.0000 219.2727 15.76629586    00
Starlink-340 2488
1 02489U 00000ABC 00001.00000000  .00000000  00000-0  00000+0 0    06
2 02489  53.0000 165.0000 0000001   0.0000 222.5455 15.76629586    06
Starlink-340 2489
1 02490U 00000ABC 00001.00000000  .00000000  00000-0  00000+0 0    08
2 02490  53.0000 165.0000 0000001   0.0000 225.8182 15.76629586    01
Starlink-340 2490
1 02491U 00000ABC 00001.00000000  .00000000  00000-0  00000+0 0    09
2 02491  53.0000 165.0000 0000001   0.0000 229.0909 15.76629586    05
Starlink-340 2491
1 02492U 00000ABC 00001.00000000  .00000000  00000-0  00000+0 0    00
2 02492  53.0000 165.0000 0000001   0.0000 232.3636 15.76629586    00
Starlink-340 2492
1 02493U 00000ABC 00001.00000000  .00000000  00000-0  00000+0 0    01
2 02493  53.0000 165.0000 0000001   0.0000 235.6364 15.76629586    05
Starlink-340 2493
1 02494U 00000ABC 00001.00000000  .00000000  00000-0  00000+0 0    02
2 02494  53.0000 165.0000 0000001   0.0000 238.9091 15.76629586    09
Starlink-340 2494
1 02495U 00000ABC 00001.00000000  .00000000  00000-0  00000+0 0    03
2 02495  53.0000 165.0000 0000001   0.0000 242.1818 15.76629586    04
Starlink-340 2495
1 02496U 00000ABC 00001.00000000  .00000000  00000-0  00000+0 0    04
2 02496  53.0000 165.0000 0000001   0.0000 245.4545 15.76629586    08
Starlink-340 2496
1 02497U 00000ABC 00001.00000000  .00000000  00000-0  00000+0 0    05
2 02497  53.0000 165.0000 0000001   0.0000 248.7273 15.76629586    03
Starlink-340 2497
1 02498U 00000ABC 00001.00000000  .00000000  00000-0  00000+0 0    06
2 02498  53.0000 165.0000 0000001   0.0000 252.0000 15.76629586    00
Starlink-340 2498
1 02499U 00000ABC 00001.00000000  .00000000  00000-0  00000+0 0    07
2 02499  53.0000 165.0000 0000001   0.0000 255.2727 15.76629586    02
Starlink-340 2499
1 02500U 00000ABC 00001.00000000  .00000000  00000-0  00000+0 0    00
2 02500  53.0000 165.0000 0000001   0.0000 258.5455 15.76629586    09
Starlink-340 2500
1 02501U 00000ABC 00001.00000000  .00000000  00000-0  00000+0 0    01
2 02501  53.0000 165.0000 0000001   0.0000 261.8182 15.76629586    04
Starlink-340 2501
1 02502U 00000ABC 00001.00000000  .00000000  00000-0  00000+0 0    02
2 02502  53.0000 165.0000 0000001   0.0000 265.0909 15.76629586    08
Starlink-340 2502
1 02503U 00000ABC 00001.00000000  .00000000  00000-0  00000+0 0    03
2 02503  53.0000 165.0000 0000001   0.0000 268.3636 15.76629586    02
Starlink-340 2503
1 02504U 00000ABC 00001.00000000  .00000000  00000-0  00000+0 0    04
2 02504  53.0000 165.0000 0000001   0.0000 271.6364 15.76629586    08
Starlink-340 2504
1 02505U 00000ABC 00001.00000000  .00000000  00000-0  00000+0 0    05
2 02505  53.0000 165.0000 0000001   0.0000 274.9091 15.76629586    02
Starlink-340 2505
1 02506U 00000ABC 00001.00000000  .00000000  00000-0  00000+0 0    06
2 02506  53.0000 165.0000 0000001   0.0000 278.1818 15.76629586    06
Starlink-340 2506
1 02507U 00000ABC 00001.00000000  .00000000  00000-0  00000+0 0    07
2 02507  53.0000 165.0000 0000001   0.0000 281.4545 15.76629586    01
Starlink-340 2507
1 02508U 00000ABC 00001.00000000  .00000000  00000-0  00000+0 0    08
2 02508  53.0000 165.0000 0000001   0.0000 284.7273 15.76629586    06
Starlink-340 2508
1 02509U 00000ABC 00001.00000000  .00000000  00000-0  00000+0 0    09
2 02509  53.0000 165.0000 0000001   0.0000 288.0000 15.76629586    02
Starlink-340 2509
1 02510U 00000ABC 00001.00000000  .00000000  00000-0  00000+0 0    01
2 02510  53.0000 165.0000 0000001   0.0000 291.2727 15.76629586    06
Starlink-340 2510
1 02511U 00000ABC 00001.00000000  .00000000  00000-0  00000+0 0    02
2 02511  53.0000 165.0000 0000001   0.0000 294.5455 15.76629586    01
Starlink-340 2511
1 02512U 00000ABC 00001.00000000  .00000000  00000-0  00000+0 0    03
2 02512  53.0000 165.0000 0000001   0.0000 297.8182 15.76629586    05
Starlink-340 2512
1 02513U 00000ABC 00001.00000000  .00000000  00000-0  00000+0 0    04
2 02513  53.0000 165.0000 0000001   0.0000 301.0909 15.76629586    01
Starlink-340 2513
1 02514U 00000ABC 00001.00000000  .00000000  00000-0  00000+0 0    05
2 02514  53.0000 165.0000 0000001   0.0000 304.3636 15.76629586    05
Starlink-340 2514
1 02515U 00000ABC 00001.00000000  .00000000  00000-0  00000+0 0    06
2 02515  53.0000 165.0000 0000001   0.0000 307.6364 15.76629586    00
Starlink-340 2515
1 02516U 00000ABC 00001.00000000  .00000000  00000-0  00000+0 0    07
2 02516  53.0000 165.0000 0000001   0.0000 310.9091 15.76629586    05
Starlink-340 2516
1 02517U 00000ABC 00001.00000000  .00000000  00000-0  00000+0 0    08
2 02517  53.0000 165.0000 0000001   0.0000 314.1818 15.76629586    09
Starlink-340 2517
1 02518U 00000ABC 00001.00000000  .00000000  00000-0  00000+0 0    09
2 02518  53.0000 165.0000 0000001   0.0000 317.4545 15.76629586    03
Starlink-340 2518
1 02519U 00000ABC 00001.00000000  .00000000  00000-0  00000+0 0    00
2 02519  53.0000 165.0000 0000001   0.0000 320.7273 15.76629586    09
Starlink-340 2519
1 02520U 00000ABC 00001.00000000  .00000000  00000-0  00000+0 0    02
2 02520  53.0000 165.0000 0000001   0.0000 324.0000 15.76629586    06
Starlink-340 2520
1 02521U 00000ABC 00001.00000000  .00000000  00000-0  00000+0 0    03
2 02521  53.0000 165.0000 0000001   0.0000 327.2727 15.76629586    08
Starlink-340 2521
1 02522U 00000ABC 00001.00000000  .00000000  00000-0  00000+0 0    04
2 02522  53.0000 165.0000 0000001   0.0000 330.5455 15.76629586    04
Starlink-340 2522
1 02523U 00000ABC 00001.00000000  .00000000  00000-0  00000+0 0    05
2 02523  53.0000 165.0000 0000001   0.0000 333.8182 15.76629586    08
Starlink-340 2523
1 02524U 00000ABC 00001.00000000  .00000000  00000-0  00000+0 0    06
2 02524  53.0000 165.0000 0000001   0.0000 337.0909 15.76629586    02
Starlink-340 2524
1 02525U 00000ABC 00001.00000000  .00000000  00000-0  00000+0 0    07
2 02525  53.0000 165.0000 0000001   0.0000 340.3636 15.76629586    07
Starlink-340 2525
1 02526U 00000ABC 00001.00000000  .00000000  00000-0  00000+0 0    08
2 02526  53.0000 165.0000 0000001   0.0000 343.6364 15.76629586    02
Starlink-340 2526
1 02527U 00000ABC 00001.00000000  .00000000  00000-0  00000+0 0    09
2 02527  53.0000 165.0000 0000001   0.0000 346.9091 15.76629586    06
Starlink-340 2527
1 02528U 00000ABC 00001.00000000  .00000000  00000-0  00000+0 0    00
2 02528  53.0000 165.0000 0000001   0.0000 350.1818 15.76629586    01
Starlink-340 2528
1 02529U 00000ABC 00001.00000000  .00000000  00000-0  00000+0 0    01
2 02529  53.0000 165.0000 0000001   0.0000 353.4545 15.76629586    05
Starlink-340 2529
1 02530U 00000ABC 00001.00000000  .00000000  00000-0  00000+0 0    03
2 02530  53.0000 165.0000 0000001   0.0000 356.7273 15.76629586    01
Starlink-340 2530
1 02531U 00000ABC 00001.00000000  .00000000  00000-0  00000+0 0    04
2 02531  53.0000 172.5000 0000001   0.0000   1.6364 15.76629586    02
Starlink-340 2531
1 02532U 00000ABC 00001.00000000  .00000000  00000-0  00000+0 0    05
2 02532  53.0000 172.5000 0000001   0.0000   4.9091 15.76629586    06
Starlink-340 2532
1 02533U 00000ABC 00001.00000000  .00000000  00000-0  00000+0 0    06
2 02533  53.0000 172.5000 0000001   0.0000   8.1818 15.76629586    00
Starlink-340 2533
1 02534U 00000ABC 00001.00000000  .00000000  00000-0  00000+0 0    07
2 02534  53.0000 172.5000 0000001   0.0000  11.4545 15.76629586    05
Starlink-340 2534
1 02535U 00000ABC 00001.00000000  .00000000  00000-0  00000+0 0    08
2 02535  53.0000 172.5000 0000001   0.0000  14.7273 15.76629586    00
Starlink-340 2535
1 02536U 00000ABC 00001.00000000  .00000000  00000-0  00000+0 0    09
2 02536  53.0000 172.5000 0000001   0.0000  18.0000 15.76629586    06
Starlink-340 2536
1 02537U 00000ABC 00001.00000000  .00000000  00000-0  00000+0 0    00
2 02537  53.0000 172.5000 0000001   0.0000  21.2727 15.76629586    09
Starlink-340 2537
1 02538U 00000ABC 00001.00000000  .00000000  00000-0  00000+0 0    01
2 02538  53.0000 172.5000 0000001   0.0000  24.5455 15.76629586    04
Starlink-340 2538
1 02539U 00000ABC 00001.00000000  .00000000  00000-0  00000+0 0    02
2 02539  53.0000 172.5000 0000001   0.0000  27.8182 15.76629586    08
Starlink-340 2539
1 02540U 00000ABC 00001.00000000  .00000000  00000-0  00000+0 0    04
2 02540  53.0000 172.5000 0000001   0.0000  31.0909 15.76629586    04
Starlink-340 2540
1 02541U 00000ABC 00001.00000000  .00000000  00000-0  00000+0 0    05
2 02541  53.0000 172.5000 0000001   0.0000  34.3636 15.76629586    08
Starlink-340 2541
1 02542U 00000ABC 00001.00000000  .00000000  00000-0  00000+0 0    06
2 02542  53.0000 172.5000 0000001   0.0000  37.6364 15.76629586    03
Starlink-340 2542
1 02543U 00000ABC 00001.00000000  .00000000  00000-0  00000+0 0    07
2 02543  53.0000 172.5000 0000001   0.0000  40.9091 15.76629586    08
Starlink-340 2543
1 02544U 00000ABC 00001.00000000  .00000000  00000-0  00000+0 0    08
2 02544  53.0000 172.5000 0000001   0.0000  44.1818 15.76629586    02
Starlink-340 2544
1 02545U 00000ABC 00001.00000000  .00000000  00000-0  00000+0 0    09
2 02545  53.0000 172.5000 0000001   0.0000  47.4545 15.76629586    06
Starlink-340 2545
1 02546U 00000ABC 00001.00000000  .00000000  00000-0  00000+0 0    00
2 02546  53.0000 172.5000 0000001   0.0000  50.7273 15.76629586    02
Starlink-340 2546
1 02547U 00000ABC 00001.00000000  .00000000  00000-0  00000+0 0    01
2 02547  53.0000 172.5000 0000001   0.0000  54.0000 15.76629586    08
Starlink-340 2547
1 02548U 00000ABC 00001.00000000  .00000000  00000-0  00000+0 0    02
2 02548  53.0000 172.5000 0000001   0.0000  57.2727 15.76629586    00
Starlink-340 2548
1 02549U 00000ABC 00001.00000000  .00000000  00000-0  00000+0 0    03
2 02549  53.0000 172.5000 0000001   0.0000  60.5455 15.76629586    06
Starlink-340 2549
1 02550U 00000ABC 00001.00000000  .00000000  00000-0  00000+0 0    05
2 02550  53.0000 172.5000 0000001   0.0000  63.8182 15.76629586    01
Starlink-340 2550
1 02551U 00000ABC 00001.00000000  .00000000  00000-0  00000+0 0    06
2 02551  53.0000 172.5000 0000001   0.0000  67.0909 15.76629586    05
Starlink-340 2551
1 02552U 00000ABC 00001.00000000  .00000000  00000-0  00000+0 0    07
2 02552  53.0000 172.5000 0000001   0.0000  70.3636 15.76629586    00
Starlink-340 2552
1 02553U 00000ABC 00001.00000000  .00000000  00000-0  00000+0 0    08
2 02553  53.0000 172.5000 0000001   0.0000  73.6364 15.76629586    05
Starlink-340 2553
1 02554U 00000ABC 00001.00000000  .00000000  00000-0  00000+0 0    09
2 02554  53.0000 172.5000 0000001   0.0000  76.9091 15.76629586    09
Starlink-340 2554
1 02555U 00000ABC 00001.00000000  .00000000  00000-0  00000+0 0    00
2 02555  53.0000 172.5000 0000001   0.0000  80.1818 15.76629586    04
Starlink-340 2555
1 02556U 00000ABC 00001.00000000  .00000000  00000-0  00000+0 0    01
2 02556  53.0000 172.5000 0000001   0.0000  83.4545 15.76629586    08
Starlink-340 2556
1 02557U 00000ABC 00001.00000000  .00000000  00000-0  00000+0 0    02
2 02557  53.0000 172.5000 0000001   0.0000  86.7273 15.76629586    03
Starlink-340 2557
1 02558U 00000ABC 00001.00000000  .00000000  00000-0  00000+0 0    03
2 02558  53.0000 172.5000 0000001   0.0000  90.0000 15.76629586    00
Starlink-340 2558
1 02559U 00000ABC 00001.00000000  .00000000  00000-0  00000+0 0    04
2 02559  53.0000 172.5000 0000001   0.0000  93.2727 15.76629586    02
Starlink-340 2559
1 02560U 00000ABC 00001.00000000  .00000000  00000-0  00000+0 0    06
2 02560  53.0000 172.5000 0000001   0.0000  96.5455 15.76629586    08
Starlink-340 2560
1 02561U 00000ABC 00001.00000000  .00000000  00000-0  00000+0 0    07
2 02561  53.0000 172.5000 0000001   0.0000  99.8182 15.76629586    02
Starlink-340 2561
1 02562U 00000ABC 00001.00000000  .00000000  00000-0  00000+0 0    08
2 02562  53.0000 172.5000 0000001   0.0000 103.0909 15.76629586    08
Starlink-340 2562
1 02563U 00000ABC 00001.00000000  .00000000  00000-0  00000+0 0    09
2 02563  53.0000 172.5000 0000001   0.0000 106.3636 15.76629586    02
Starlink-340 2563
1 02564U 00000ABC 00001.00000000  .00000000  00000-0  00000+0 0    00
2 02564  53.0000 172.5000 0000001   0.0000 109.6364 15.76629586    07
Starlink-340 2564
1 02565U 00000ABC 00001.00000000  .00000000  00000-0  00000+0 0    01
2 02565  53.0000 172.5000 0000001   0.0000 112.9091 15.76629586    02
Starlink-340 2565
1 02566U 00000ABC 00001.00000000  .00000000  00000-0  00000+0 0    02
2 02566  53.0000 172.5000 0000001   0.0000 116.1818 15.76629586    06
Starlink-340 2566
1 02567U 00000ABC 00001.00000000  .00000000  00000-0  00000+0 0    03
2 02567  53.0000 172.5000 0000001   0.0000 119.4545 15.76629586    00
Starlink-340 2567
1 02568U 00000ABC 00001.00000000  .00000000  00000-0  00000+0 0    04
2 02568  53.0000 172.5000 0000001   0.0000 122.7273 15.76629586    06
Starlink-340 2568
1 02569U 00000ABC 00001.00000000  .00000000  00000-0  00000+0 0    05
2 02569  53.0000 172.5000 0000001   0.0000 126.0000 15.76629586    02
Starlink-340 2569
1 02570U 00000ABC 00001.00000000  .00000000  00000-0  00000+0 0    07
2 02570  53.0000 172.5000 0000001   0.0000 129.2727 15.76629586    05
Starlink-340 2570
1 02571U 00000ABC 00001.00000000  .00000000  00000-0  00000+0 0    08
2 02571  53.0000 172.5000 0000001   0.0000 132.5455 15.76629586    01
Starlink-340 2571
1 02572U 00000ABC 00001.00000000  .00000000  00000-0  00000+0 0    09
2 02572  53.0000 172.5000 0000001   0.0000 135.8182 15.76629586    05
Starlink-340 2572
1 02573U 00000ABC 00001.00000000  .00000000  00000-0  00000+0 0    00
2 02573  53.0000 172.5000 0000001   0.0000 139.0909 15.76629586    09
Starlink-340 2573
1 02574U 00000ABC 00001.00000000  .00000000  00000-0  00000+0 0    01
2 02574  53.0000 172.5000 0000001   0.0000 142.3636 15.76629586    04
Starlink-340 2574
1 02575U 00000ABC 00001.00000000  .00000000  00000-0  00000+0 0    02
2 02575  53.0000 172.5000 0000001   0.0000 145.6364 15.76629586    09
Starlink-340 2575
1 02576U 00000ABC 00001.00000000  .00000000  00000-0  00000+0 0    03
2 02576  53.0000 172.5000 0000001   0.0000 148.9091 15.76629586    03
Starlink-340 2576
1 02577U 00000ABC 00001.00000000  .00000000  00000-0  00000+0 0    04
2 02577  53.0000 172.5000 0000001   0.0000 152.1818 15.76629586    08
Starlink-340 2577
1 02578U 00000ABC 00001.00000000  .00000000  00000-0  00000+0 0    05
2 02578  53.0000 172.5000 0000001   0.0000 155.4545 15.76629586    02
Starlink-340 2578
1 02579U 00000ABC 00001.00000000  .00000000  00000-0  00000+0 0    06
2 02579  53.0000 172.5000 0000001   0.0000 158.7273 15.76629586    07
Starlink-340 2579
1 02580U 00000ABC 00001.00000000  .00000000  00000-0  00000+0 0    08
2 02580  53.0000 172.5000 0000001   0.0000 162.0000 15.76629586    05
Starlink-340 2580
1 02581U 00000ABC 00001.00000000  .00000000  00000-0  00000+0 0    09
2 02581  53.0000 172.5000 0000001   0.0000 165.2727 15.76629586    07
Starlink-340 2581
1 02582U 00000ABC 00001.00000000  .00000000  00000-0  00000+0 0    00
2 02582  53.0000 172.5000 0000001   0.0000 168.5455 15.76629586    02
Starlink-340 2582
1 02583U 00000ABC 00001.00000000  .00000000  00000-0  00000+0 0    01
2 02583  53.0000 172.5000 0000001   0.0000 171.8182 15.76629586    07
Starlink-340 2583
1 02584U 00000ABC 00001.00000000  .00000000  00000-0  00000+0 0    02
2 02584  53.0000 172.5000 0000001   0.0000 175.0909 15.76629586    01
Starlink-340 2584
1 02585U 00000ABC 00001.00000000  .00000000  00000-0  00000+0 0    03
2 02585  53.0000 172.5000 0000001   0.0000 178.3636 15.76629586    05
Starlink-340 2585
1 02586U 00000ABC 00001.00000000  .00000000  00000-0  00000+0 0    04
2 02586  53.0000 172.5000 0000001   0.0000 181.6364 15.76629586    01
Starlink-340 2586
1 02587U 00000ABC 00001.00000000  .00000000  00000-0  00000+0 0    05
2 02587  53.0000 172.5000 0000001   0.0000 184.9091 15.76629586    05
Starlink-340 2587
1 02588U 00000ABC 00001.00000000  .00000000  00000-0  00000+0 0    06
2 02588  53.0000 172.5000 0000001   0.0000 188.1818 15.76629586    09
Starlink-340 2588
1 02589U 00000ABC 00001.00000000  .00000000  00000-0  00000+0 0    07
2 02589  53.0000 172.5000 0000001   0.0000 191.4545 15.76629586    04
Starlink-340 2589
1 02590U 00000ABC 00001.00000000  .00000000  00000-0  00000+0 0    09
2 02590  53.0000 172.5000 0000001   0.0000 194.7273 15.76629586    00
Starlink-340 2590
1 02591U 00000ABC 00001.00000000  .00000000  00000-0  00000+0 0    00
2 02591  53.0000 172.5000 0000001   0.0000 198.0000 15.76629586    06
Starlink-340 2591
1 02592U 00000ABC 00001.00000000  .00000000  00000-0  00000+0 0    01
2 02592  53.0000 172.5000 0000001   0.0000 201.2727 15.76629586    00
Starlink-340 2592
1 02593U 00000ABC 00001.00000000  .00000000  00000-0  00000+0 0    02
2 02593  53.0000 172.5000 0000001   0.0000 204.5455 15.76629586    05
Starlink-340 2593
1 02594U 00000ABC 00001.00000000  .00000000  00000-0  00000+0 0    03
2 02594  53.0000 172.5000 0000001   0.0000 207.8182 15.76629586    09
Starlink-340 2594
1 02595U 00000ABC 00001.00000000  .00000000  00000-0  00000+0 0    04
2 02595  53.0000 172.5000 0000001   0.0000 211.0909 15.76629586    04
Starlink-340 2595
1 02596U 00000ABC 00001.00000000  .00000000  00000-0  00000+0 0    05
2 02596  53.0000 172.5000 0000001   0.0000 214.3636 15.76629586    08
Starlink-340 2596
1 02597U 00000ABC 00001.00000000  .00000000  00000-0  00000+0 0    06
2 02597  53.0000 172.5000 0000001   0.0000 217.6364 15.76629586    03
Starlink-340 2597
1 02598U 00000ABC 00001.00000000  .00000000  00000-0  00000+0 0    07
2 02598  53.0000 172.5000 0000001   0.0000 220.9091 15.76629586    08
Starlink-340 2598
1 02599U 00000ABC 00001.00000000  .00000000  00000-0  00000+0 0    08
2 02599  53.0000 172.5000 0000001   0.0000 224.1818 15.76629586    02
Starlink-340 2599
1 02600U 00000ABC 00001.00000000  .00000000  00000-0  00000+0 0    01
2 02600  53.0000 172.5000 0000001   0.0000 227.4545 15.76629586    08
Starlink-340 2600
1 02601U 00000ABC 00001.00000000  .00000000  00000-0  00000+0 0    02
2 02601  53.0000 172.5000 0000001   0.0000 230.7273 15.76629586    04
Starlink-340 2601
1 02602U 00000ABC 00001.00000000  .00000000  00000-0  00000+0 0    03
2 02602  53.0000 172.5000 0000001   0.0000 234.0000 15.76629586    00
Starlink-340 2602
1 02603U 00000ABC 00001.00000000  .00000000  00000-0  00000+0 0    04
2 02603  53.0000 172.5000 0000001   0.0000 237.2727 15.76629586    02
Starlink-340 2603
1 02604U 00000ABC 00001.00000000  .00000000  00000-0  00000+0 0    05
2 02604  53.0000 172.5000 0000001   0.0000 240.5455 15.76629586    08
Starlink-340 2604
1 02605U 00000ABC 00001.00000000  .00000000  00000-0  00000+0 0    06
2 02605  53.0000 172.5000 0000001   0.0000 243.8182 15.76629586    02
Starlink-340 2605
1 02606U 00000ABC 00001.00000000  .00000000  00000-0  00000+0 0    07
2 02606  53.0000 172.5000 0000001   0.0000 247.0909 15.76629586    06
Starlink-340 2606
1 02607U 00000ABC 00001.00000000  .00000000  00000-0  00000+0 0    08
2 02607  53.0000 172.5000 0000001   0.0000 250.3636 15.76629586    01
Starlink-340 2607
1 02608U 00000ABC 00001.00000000  .00000000  00000-0  00000+0 0    09
2 02608  53.0000 172.5000 0000001   0.0000 253.6364 15.76629586    06
Starlink-340 2608
1 02609U 00000ABC 00001.00000000  .00000000  00000-0  00000+0 0    00
2 02609  53.0000 172.5000 0000001   0.0000 256.9091 15.76629586    00
Starlink-340 2609
1 02610U 00000ABC 00001.00000000  .00000000  00000-0  00000+0 0    02
2 02610  53.0000 172.5000 0000001   0.0000 260.1818 15.76629586    06
Starlink-340 2610
1 02611U 00000ABC 00001.00000000  .00000000  00000-0  00000+0 0    03
2 02611  53.0000 172.5000 0000001   0.0000 263.4545 15.76629586    00
Starlink-340 2611
1 02612U 00000ABC 00001.00000000  .00000000  00000-0  00000+0 0    04
2 02612  53.0000 172.5000 0000001   0.0000 266.7273 15.76629586    05
Starlink-340 2612
1 02613U 00000ABC 00001.00000000  .00000000  00000-0  00000+0 0    05
2 02613  53.0000 172.5000 0000001   0.0000 270.0000 15.76629586    02
Starlink-340 2613
1 02614U 00000ABC 00001.00000000  .00000000  00000-0  00000+0 0    06
2 02614  53.0000 172.5000 0000001   0.0000 273.2727 15.76629586    04
Starlink-340 2614
1 02615U 00000ABC 00001.00000000  .00000000  00000-0  00000+0 0    07
2 02615  53.0000 172.5000 0000001   0.0000 276.5455 15.76629586    09
Starlink-340 2615
1 02616U 00000ABC 00001.00000000  .00000000  00000-0  00000+0 0    08
2 02616  53.0000 172.5000 0000001   0.0000 279.8182 15.76629586    03
Starlink-340 2616
1 02617U 00000ABC 00001.00000000  .00000000  00000-0  00000+0 0    09
2 02617  53.0000 172.5000 0000001   0.0000 283.0909 15.76629586    08
Starlink-340 2617
1 02618U 00000ABC 00001.00000000  .00000000  00000-0  00000+0 0    00
2 02618  53.0000 172.5000 0000001   0.0000 286.3636 15.76629586    02
Starlink-340 2618
1 02619U 00000ABC 00001.00000000  .00000000  00000-0  00000+0 0    01
2 02619  53.0000 172.5000 0000001   0.0000 289.6364 15.76629586    07
Starlink-340 2619
1 02620U 00000ABC 00001.00000000  .00000000  00000-0  00000+0 0    03
2 02620  53.0000 172.5000 0000001   0.0000 292.9091 15.76629586    03
Starlink-340 2620
1 02621U 00000ABC 00001.00000000  .00000000  00000-0  00000+0 0    04
2 02621  53.0000 172.5000 0000001   0.0000 296.1818 15.76629586    07
Starlink-340 2621
1 02622U 00000ABC 00001.00000000  .00000000  00000-0  00000+0 0    05
2 02622  53.0000 172.5000 0000001   0.0000 299.4545 15.76629586    01
Starlink-340 2622
1 02623U 00000ABC 00001.00000000  .00000000  00000-0  00000+0 0    06
2 02623  53.0000 172.5000 0000001   0.0000 302.7273 15.76629586    08
Starlink-340 2623
1 02624U 00000ABC 00001.00000000  .00000000  00000-0  00000+0 0    07
2 02624  53.0000 172.5000 0000001   0.0000 306.0000 15.76629586    04
Starlink-340 2624
1 02625U 00000ABC 00001.00000000  .00000000  00000-0  00000+0 0    08
2 02625  53.0000 172.5000 0000001   0.0000 309.2727 15.76629586    06
Starlink-340 2625
1 02626U 00000ABC 00001.00000000  .00000000  00000-0  00000+0 0    09
2 02626  53.0000 172.5000 0000001   0.0000 312.5455 15.76629586    02
Starlink-340 2626
1 02627U 00000ABC 00001.00000000  .00000000  00000-0  00000+0 0    00
2 02627  53.0000 172.5000 0000001   0.0000 315.8182 15.76629586    06
Starlink-340 2627
1 02628U 00000ABC 00001.00000000  .00000000  00000-0  00000+0 0    01
2 02628  53.0000 172.5000 0000001   0.0000 319.0909 15.76629586    00
Starlink-340 2628
1 02629U 00000ABC 00001.00000000  .00000000  00000-0  00000+0 0    02
2 02629  53.0000 172.5000 0000001   0.0000 322.3636 15.76629586    05
Starlink-340 2629
1 02630U 00000ABC 00001.00000000  .00000000  00000-0  00000+0 0    04
2 02630  53.0000 172.5000 0000001   0.0000 325.6364 15.76629586    01
Starlink-340 2630
1 02631U 00000ABC 00001.00000000  .00000000  00000-0  00000+0 0    05
2 02631  53.0000 172.5000 0000001   0.0000 328.9091 15.76629586    05
Starlink-340 2631
1 02632U 00000ABC 00001.00000000  .00000000  00000-0  00000+0 0    06
2 02632  53.0000 172.5000 0000001   0.0000 332.1818 15.76629586    00
Starlink-340 2632
1 02633U 00000ABC 00001.00000000  .00000000  00000-0  00000+0 0    07
2 02633  53.0000 172.5000 0000001   0.0000 335.4545 15.76629586    04
Starlink-340 2633
1 02634U 00000ABC 00001.00000000  .00000000  00000-0  00000+0 0    08
2 02634  53.0000 172.5000 0000001   0.0000 338.7273 15.76629586    09
Starlink-340 2634
1 02635U 00000ABC 00001.00000000  .00000000  00000-0  00000+0 0    09
2 02635  53.0000 172.5000 0000001   0.0000 342.0000 15.76629586    06
Starlink-340 2635
1 02636U 00000ABC 00001.00000000  .00000000  00000-0  00000+0 0    00
2 02636  53.0000 172.5000 0000001   0.0000 345.2727 15.76629586    08
Starlink-340 2636
1 02637U 00000ABC 00001.00000000  .00000000  00000-0  00000+0 0    01
2 02637  53.0000 172.5000 0000001   0.0000 348.5455 15.76629586    03
Starlink-340 2637
1 02638U 00000ABC 00001.00000000  .00000000  00000-0  00000+0 0    02
2 02638  53.0000 172.5000 0000001   0.0000 351.8182 15.76629586    08
Starlink-340 2638
1 02639U 00000ABC 00001.00000000  .00000000  00000-0  00000+0 0    03
2 02639  53.0000 172.5000 0000001   0.0000 355.0909 15.76629586    02
Starlink-340 2639
1 02640U 00000ABC 00001.00000000  .00000000  00000-0  00000+0 0    05
2 02640  53.0000 172.5000 0000001   0.0000 358.3636 15.76629586    07
Starlink-340 2640
1 02641U 00000ABC 00001.00000000  .00000000  00000-0  00000+0 0    06
2 02641  53.0000 180.0000 0000001   0.0000   0.0000 15.76629586    08
Starlink-340 2641
1 02642U 00000ABC 00001.00000000  .00000000  00000-0  00000+0 0    07
2 02642  53.0000 180.0000 0000001   0.0000   3.2727 15.76629586    00
Starlink-340 2642
1 02643U 00000ABC 00001.00000000  .00000000  00000-0  00000+0 0    08
2 02643  53.0000 180.0000 0000001   0.0000   6.5455 15.76629586    05
Starlink-340 2643
1 02644U 00000ABC 00001.00000000  .00000000  00000-0  00000+0 0    09
2 02644  53.0000 180.0000 0000001   0.0000   9.8182 15.76629586    09
Starlink-340 2644
1 02645U 00000ABC 00001.00000000  .00000000  00000-0  00000+0 0    00
2 02645  53.0000 180.0000 0000001   0.0000  13.0909 15.76629586    04
Starlink-340 2645
1 02646U 00000ABC 00001.00000000  .00000000  00000-0  00000+0 0    01
2 02646  53.0000 180.0000 0000001   0.0000  16.3636 15.76629586    08
Starlink-340 2646
1 02647U 00000ABC 00001.00000000  .00000000  00000-0  00000+0 0    02
2 02647  53.0000 180.0000 0000001   0.0000  19.6364 15.76629586    03
Starlink-340 2647
1 02648U 00000ABC 00001.00000000  .00000000  00000-0  00000+0 0    03
2 02648  53.0000 180.0000 0000001   0.0000  22.9091 15.76629586    08
Starlink-340 2648
1 02649U 00000ABC 00001.00000000  .00000000  00000-0  00000+0 0    04
2 02649  53.0000 180.0000 0000001   0.0000  26.1818 15.76629586    02
Starlink-340 2649
1 02650U 00000ABC 00001.00000000  .00000000  00000-0  00000+0 0    06
2 02650  53.0000 180.0000 0000001   0.0000  29.4545 15.76629586    07
Starlink-340 2650
1 02651U 00000ABC 00001.00000000  .00000000  00000-0  00000+0 0    07
2 02651  53.0000 180.0000 0000001   0.0000  32.7273 15.76629586    03
Starlink-340 2651
1 02652U 00000ABC 00001.00000000  .00000000  00000-0  00000+0 0    08
2 02652  53.0000 180.0000 0000001   0.0000  36.0000 15.76629586    09
Starlink-340 2652
1 02653U 00000ABC 00001.00000000  .00000000  00000-0  00000+0 0    09
2 02653  53.0000 180.0000 0000001   0.0000  39.2727 15.76629586    01
Starlink-340 2653
1 02654U 00000ABC 00001.00000000  .00000000  00000-0  00000+0 0    00
2 02654  53.0000 180.0000 0000001   0.0000  42.5455 15.76629586    07
Starlink-340 2654
1 02655U 00000ABC 00001.00000000  .00000000  00000-0  00000+0 0    01
2 02655  53.0000 180.0000 0000001   0.0000  45.8182 15.76629586    01
Starlink-340 2655
1 02656U 00000ABC 00001.00000000  .00000000  00000-0  00000+0 0    02
2 02656  53.0000 180.0000 0000001   0.0000  49.0909 15.76629586    05
Starlink-340 2656
1 02657U 00000ABC 00001.00000000  .00000000  00000-0  00000+0 0    03
2 02657  53.0000 180.0000 0000001   0.0000  52.3636 15.76629586    00
Starlink-340 2657
1 02658U 00000ABC 00001.00000000  .00000000  00000-0  00000+0 0    04
2 02658  53.0000 180.0000 0000001   0.0000  55.6364 15.76629586    05
Starlink-340 2658
1 02659U 00000ABC 00001.00000000  .00000000  00000-0  00000+0 0    05
2 02659  53.0000 180.0000 0000001   0.0000  58.9091 15.76629586    09
Starlink-340 2659
1 02660U 00000ABC 00001.00000000  .00000000  00000-0  00000+0 0    07
2 02660  53.0000 180.0000 0000001   0.0000  62.1818 15.76629586    05
Starlink-340 2660
1 02661U 00000ABC 00001.00000000  .00000000  00000-0  00000+0 0    08
2 02661  53.0000 180.0000 0000001   0.0000  65.4545 15.76629586    09
Starlink-340 2661
1 02662U 00000ABC 00001.00000000  .00000000  00000-0  00000+0 0    09
2 02662  53.0000 180.0000 0000001   0.0000  68.7273 15.76629586    04
Starlink-340 2662
1 02663U 00000ABC 00001.00000000  .00000000  00000-0  00000+0 0    00
2 02663  53.0000 180.0000 0000001   0.0000  72.0000 15.76629586    01
Starlink-340 2663
1 02664U 00000ABC 00001.00000000  .00000000  00000-0  00000+0 0    01
2 02664  53.0000 180.0000 0000001   0.0000  75.2727 15.76629586    03
Starlink-340 2664
1 02665U 00000ABC 00001.00000000  .00000000  00000-0  00000+0 0    02
2 02665  53.0000 180.0000 0000001   0.0000  78.5455 15.76629586    08
Starlink-340 2665
1 02666U 00000ABC 00001.00000000  .00000000  00000-0  00000+0 0    03
2 02666  53.0000 180.0000 0000001   0.0000  81.8182 15.76629586    03
Starlink-340 2666
1 02667U 00000ABC 00001.00000000  .00000000  00000-0  00000+0 0    04
2 02667  53.0000 180.0000 0000001   0.0000  85.0909 15.76629586    07
Starlink-340 2667
1 02668U 00000ABC 00001.00000000  .00000000  00000-0  00000+0 0    05
2 02668  53.0000 180.0000 0000001   0.0000  88.3636 15.76629586    01
Starlink-340 2668
1 02669U 00000ABC 00001.00000000  .00000000  00000-0  00000+0 0    06
2 02669  53.0000 180.0000 0000001   0.0000  91.6364 15.76629586    07
Starlink-340 2669
1 02670U 00000ABC 00001.00000000  .00000000  00000-0  00000+0 0    08
2 02670  53.0000 180.0000 0000001   0.0000  94.9091 15.76629586    02
Starlink-340 2670
1 02671U 00000ABC 00001.00000000  .00000000  00000-0  00000+0 0    09
2 02671  53.0000 180.0000 0000001   0.0000  98.1818 15.76629586    06
Starlink-340 2671
1 02672U 00000ABC 00001.00000000  .00000000  00000-0  00000+0 0    00
2 02672  53.0000 180.0000 0000001   0.0000 101.4545 15.76629586    02
Starlink-340 2672
1 02673U 00000ABC 00001.00000000  .00000000  00000-0  00000+0 0    01
2 02673  53.0000 180.0000 0000001   0.0000 104.7273 15.76629586    07
Starlink-340 2673
1 02674U 00000ABC 00001.00000000  .00000000  00000-0  00000+0 0    02
2 02674  53.0000 180.0000 0000001   0.0000 108.0000 15.76629586    03
Starlink-340 2674
1 02675U 00000ABC 00001.00000000  .00000000  00000-0  00000+0 0    03
2 02675  53.0000 180.0000 0000001   0.0000 111.2727 15.76629586    06
Starlink-340 2675
1 02676U 00000ABC 00001.00000000  .00000000  00000-0  00000+0 0    04
2 02676  53.0000 180.0000 0000001   0.0000 114.5455 15.76629586    01
Starlink-340 2676
1 02677U 00000ABC 00001.00000000  .00000000  00000-0  00000+0 0    05
2 02677  53.0000 180.0000 0000001   0.0000 117.8182 15.76629586    05
Starlink-340 2677
1 02678U 00000ABC 00001.00000000  .00000000  00000-0  00000+0 0    06
2 02678  53.0000 180.0000 0000001   0.0000 121.0909 15.76629586    00
Starlink-340 2678
1 02679U 00000ABC 00001.00000000  .00000000  00000-0  00000+0 0    07
2 02679  53.0000 180.0000 0000001   0.0000 124.3636 15.76629586    04
Starlink-340 2679
1 02680U 00000ABC 00001.00000000  .00000000  00000-0  00000+0 0    09
2 02680  53.0000 180.0000 0000001   0.0000 127.6364 15.76629586    00
Starlink-340 2680
1 02681U 00000ABC 00001.00000000  .00000000  00000-0  00000+0 0    00
2 02681  53.0000 180.0000 0000001   0.0000 130.9091 15.76629586    05
Starlink-340 2681
1 02682U 00000ABC 00001.00000000  .00000000  00000-0  00000+0 0    01
2 02682  53.0000 180.0000 0000001   0.0000 134.1818 15.76629586    09
Starlink-340 2682
1 02683U 00000ABC 00001.00000000  .00000000  00000-0  00000+0 0    02
2 02683  53.0000 180.0000 0000001   0.0000 137.4545 15.76629586    03
Starlink-340 2683
1 02684U 00000ABC 00001.00000000  .00000000  00000-0  00000+0 0    03
2 02684  53.0000 180.0000 0000001   0.0000 140.7273 15.76629586    09
Starlink-340 2684
1 02685U 00000ABC 00001.00000000  .00000000  00000-0  00000+0 0    04
2 02685  53.0000 180.0000 0000001   0.0000 144.0000 15.76629586    05
Starlink-340 2685
1 02686U 00000ABC 00001.00000000  .00000000  00000-0  00000+0 0    05
2 02686  53.0000 180.0000 0000001   0.0000 147.2727 15.76629586    07
Starlink-340 2686
1 02687U 00000ABC 00001.00000000  .00000000  00000-0  00000+0 0    06
2 02687  53.0000 180.0000 0000001   0.0000 150.5455 15.76629586    03
Starlink-340 2687
1 02688U 00000ABC 00001.00000000  .00000000  00000-0  00000+0 0    07
2 02688  53.0000 180.0000 0000001   0.0000 153.8182 15.76629586    07
Starlink-340 2688
1 02689U 00000ABC 00001.00000000  .00000000  00000-0  00000+0 0    08
2 02689  53.0000 180.0000 0000001   0.0000 157.0909 15.76629586    01
Starlink-340 2689
1 02690U 00000ABC 00001.00000000  .00000000  00000-0  00000+0 0    00
2 02690  53.0000 180.0000 0000001   0.0000 160.3636 15.76629586    07
Starlink-340 2690
1 02691U 00000ABC 00001.00000000  .00000000  00000-0  00000+0 0    01
2 02691  53.0000 180.0000 0000001   0.0000 163.6364 15.76629586    02
Starlink-340 2691
1 02692U 00000ABC 00001.00000000  .00000000  00000-0  00000+0 0    02
2 02692  53.0000 180.0000 0000001   0.0000 166.9091 15.76629586    06
Starlink-340 2692
1 02693U 00000ABC 00001.00000000  .00000000  00000-0  00000+0 0    03
2 02693  53.0000 180.0000 0000001   0.0000 170.1818 15.76629586    01
Starlink-340 2693
1 02694U 00000ABC 00001.00000000  .00000000  00000-0  00000+0 0    04
2 02694  53.0000 180.0000 0000001   0.0000 173.4545 15.76629586    05
Starlink-340 2694
1 02695U 00000ABC 00001.00000000  .00000000  00000-0  00000+0 0    05
2 02695  53.0000 180.0000 0000001   0.0000 176.7273 15.76629586    00
Starlink-340 2695
1 02696U 00000ABC 00001.00000000  .00000000  00000-0  00000+0 0    06
2 02696  53.0000 180.0000 0000001   0.0000 180.0000 15.76629586    07
Starlink-340 2696
1 02697U 00000ABC 00001.00000000  .00000000  00000-0  00000+0 0    07
2 02697  53.0000 180.0000 0000001   0.0000 183.2727 15.76629586    09
Starlink-340 2697
1 02698U 00000ABC 00001.00000000  .00000000  00000-0  00000+0 0    08
2 02698  53.0000 180.0000 0000001   0.0000 186.5455 15.76629586    04
Starlink-340 2698
1 02699U 00000ABC 00001.00000000  .00000000  00000-0  00000+0 0    09
2 02699  53.0000 180.0000 0000001   0.0000 189.8182 15.76629586    08
Starlink-340 2699
1 02700U 00000ABC 00001.00000000  .00000000  00000-0  00000+0 0    02
2 02700  53.0000 180.0000 0000001   0.0000 193.0909 15.76629586    05
Starlink-340 2700
1 02701U 00000ABC 00001.00000000  .00000000  00000-0  00000+0 0    03
2 02701  53.0000 180.0000 0000001   0.0000 196.3636 15.76629586    09
Starlink-340 2701
1 02702U 00000ABC 00001.00000000  .00000000  00000-0  00000+0 0    04
2 02702  53.0000 180.0000 0000001   0.0000 199.6364 15.76629586    04
Starlink-340 2702
1 02703U 00000ABC 00001.00000000  .00000000  00000-0  00000+0 0    05
2 02703  53.0000 180.0000 0000001   0.0000 202.9091 15.76629586    00
Starlink-340 2703
1 02704U 00000ABC 00001.00000000  .00000000  00000-0  00000+0 0    06
2 02704  53.0000 180.0000 0000001   0.0000 206.1818 15.76629586    04
Starlink-340 2704
1 02705U 00000ABC 00001.00000000  .00000000  00000-0  00000+0 0    07
2 02705  53.0000 180.0000 0000001   0.0000 209.4545 15.76629586    08
Starlink-340 2705
1 02706U 00000ABC 00001.00000000  .00000000  00000-0  00000+0 0    08
2 02706  53.0000 180.0000 0000001   0.0000 212.7273 15.76629586    04
Starlink-340 2706
1 02707U 00000ABC 00001.00000000  .00000000  00000-0  00000+0 0    09
2 02707  53.0000 180.0000 0000001   0.0000 216.0000 15.76629586    00
Starlink-340 2707
1 02708U 00000ABC 00001.00000000  .00000000  00000-0  00000+0 0    00
2 02708  53.0000 180.0000 0000001   0.0000 219.2727 15.76629586    02
Starlink-340 2708
1 02709U 00000ABC 00001.00000000  .00000000  00000-0  00000+0 0    01
2 02709  53.0000 180.0000 0000001   0.0000 222.5455 15.76629586    08
Starlink-340 2709
1 02710U 00000ABC 00001.00000000  .00000000  00000-0  00000+0 0    03
2 02710  53.0000 180.0000 0000001   0.0000 225.8182 15.76629586    03
Starlink-340 2710
1 02711U 00000ABC 00001.00000000  .00000000  00000-0  00000+0 0    04
2 02711  53.0000 180.0000 0000001   0.0000 229.0909 15.76629586    07
Starlink-340 2711
1 02712U 00000ABC 00001.00000000  .00000000  00000-0  00000+0 0    05
2 02712  53.0000 180.0000 0000001   0.0000 232.3636 15.76629586    02
Starlink-340 2712
1 02713U 00000ABC 00001.00000000  .00000000  00000-0  00000+0 0    06
2 02713  53.0000 180.0000 0000001   0.0000 235.6364 15.76629586    07
Starlink-340 2713
1 02714U 00000ABC 00001.00000000  .00000000  00000-0  00000+0 0    07
2 02714  53.0000 180.0000 0000001   0.0000 238.9091 15.76629586    01
Starlink-340 2714
1 02715U 00000ABC 00001.00000000  .00000000  00000-0  00000+0 0    08
2 02715  53.0000 180.0000 0000001   0.0000 242.1818 15.76629586    06
Starlink-340 2715
1 02716U 00000ABC 00001.00000000  .00000000  00000-0  00000+0 0    09
2 02716  53.0000 180.0000 0000001   0.0000 245.4545 15.76629586    00
Starlink-340 2716
1 02717U 00000ABC 00001.00000000  .00000000  00000-0  00000+0 0    00
2 02717  53.0000 180.0000 0000001   0.0000 248.7273 15.76629586    05
Starlink-340 2717
1 02718U 00000ABC 00001.00000000  .00000000  00000-0  00000+0 0    01
2 02718  53.0000 180.0000 0000001   0.0000 252.0000 15.76629586    02
Starlink-340 2718
1 02719U 00000ABC 00001.00000000  .00000000  00000-0  00000+0 0    02
2 02719  53.0000 180.0000 0000001   0.0000 255.2727 15.76629586    04
Starlink-340 2719
1 02720U 00000ABC 00001.00000000  .00000000  00000-0  00000+0 0    04
2 02720  53.0000 180.0000 0000001   0.0000 258.5455 15.76629586    00
Starlink-340 2720
1 02721U 00000ABC 00001.00000000  .00000000  00000-0  00000+0 0    05
2 02721  53.0000 180.0000 0000001   0.0000 261.8182 15.76629586    05
Starlink-340 2721
1 02722U 00000ABC 00001.00000000  .00000000  00000-0  00000+0 0    06
2 02722  53.0000 180.0000 0000001   0.0000 265.0909 15.76629586    09
Starlink-340 2722
1 02723U 00000ABC 00001.00000000  .00000000  00000-0  00000+0 0    07
2 02723  53.0000 180.0000 0000001   0.0000 268.3636 15.76629586    03
Starlink-340 2723
1 02724U 00000ABC 00001.00000000  .00000000  00000-0  00000+0 0    08
2 02724  53.0000 180.0000 0000001   0.0000 271.6364 15.76629586    09
Starlink-340 2724
1 02725U 00000ABC 00001.00000000  .00000000  00000-0  00000+0 0    09
2 02725  53.0000 180.0000 0000001   0.0000 274.9091 15.76629586    03
Starlink-340 2725
1 02726U 00000ABC 00001.00000000  .00000000  00000-0  00000+0 0    00
2 02726  53.0000 180.0000 0000001   0.0000 278.1818 15.76629586    07
Starlink-340 2726
1 02727U 00000ABC 00001.00000000  .00000000  00000-0  00000+0 0    01
2 02727  53.0000 180.0000 0000001   0.0000 281.4545 15.76629586    02
Starlink-340 2727
1 02728U 00000ABC 00001.00000000  .00000000  00000-0  00000+0 0    02
2 02728  53.0000 180.0000 0000001   0.0000 284.7273 15.76629586    07
Starlink-340 2728
1 02729U 00000ABC 00001.00000000  .00000000  00000-0  00000+0 0    03
2 02729  53.0000 180.0000 0000001   0.0000 288.0000 15.76629586    03
Starlink-340 2729
1 02730U 00000ABC 00001.00000000  .00000000  00000-0  00000+0 0    05
2 02730  53.0000 180.0000 0000001   0.0000 291.2727 15.76629586    07
Starlink-340 2730
1 02731U 00000ABC 00001.00000000  .00000000  00000-0  00000+0 0    06
2 02731  53.0000 180.0000 0000001   0.0000 294.5455 15.76629586    02
Starlink-340 2731
1 02732U 00000ABC 00001.00000000  .00000000  00000-0  00000+0 0    07
2 02732  53.0000 180.0000 0000001   0.0000 297.8182 15.76629586    06
Starlink-340 2732
1 02733U 00000ABC 00001.00000000  .00000000  00000-0  00000+0 0    08
2 02733  53.0000 180.0000 0000001   0.0000 301.0909 15.76629586    02
Starlink-340 2733
1 02734U 00000ABC 00001.00000000  .00000000  00000-0  00000+0 0    09
2 02734  53.0000 180.0000 0000001   0.0000 304.3636 15.76629586    06
Starlink-340 2734
1 02735U 00000ABC 00001.00000000  .00000000  00000-0  00000+0 0    00
2 02735  53.0000 180.0000 0000001   0.0000 307.6364 15.76629586    01
Starlink-340 2735
1 02736U 00000ABC 00001.00000000  .00000000  00000-0  00000+0 0    01
2 02736  53.0000 180.0000 0000001   0.0000 310.9091 15.76629586    06
Starlink-340 2736
1 02737U 00000ABC 00001.00000000  .00000000  00000-0  00000+0 0    02
2 02737  53.0000 180.0000 0000001   0.0000 314.1818 15.76629586    00
Starlink-340 2737
1 02738U 00000ABC 00001.00000000  .00000000  00000-0  00000+0 0    03
2 02738  53.0000 180.0000 0000001   0.0000 317.4545 15.76629586    04
Starlink-340 2738
1 02739U 00000ABC 00001.00000000  .00000000  00000-0  00000+0 0    04
2 02739  53.0000 180.0000 0000001   0.0000 320.7273 15.76629586    00
Starlink-340 2739
1 02740U 00000ABC 00001.00000000  .00000000  00000-0  00000+0 0    06
2 02740  53.0000 180.0000 0000001   0.0000 324.0000 15.76629586    07
Starlink-340 2740
1 02741U 00000ABC 00001.00000000  .00000000  00000-0  00000+0 0    07
2 02741  53.0000 180.0000 0000001   0.0000 327.2727 15.76629586    09
Starlink-340 2741
1 02742U 00000ABC 00001.00000000  .00000000  00000-0  00000+0 0    08
2 02742  53.0000 180.0000 0000001   0.0000 330.5455 15.76629586    05
Starlink-340 2742
1 02743U 00000ABC 00001.00000000  .00000000  00000-0  00000+0 0    09
2 02743  53.0000 180.0000 0000001   0.0000 333.8182 15.76629586    09
Starlink-340 2743
1 02744U 00000ABC 00001.00000000  .00000000  00000-0  00000+0 0    00
2 02744  53.0000 180.0000 0000001   0.0000 337.0909 15.76629586    03
Starlink-340 2744
1 02745U 00000ABC 00001.00000000  .00000000  00000-0  00000+0 0    01
2 02745  53.0000 180.0000 0000001   0.0000 340.3636 15.76629586    08
Starlink-340 2745
1 02746U 00000ABC 00001.00000000  .00000000  00000-0  00000+0 0    02
2 02746  53.0000 180.0000 0000001   0.0000 343.6364 15.76629586    03
Starlink-340 2746
1 02747U 00000ABC 00001.00000000  .00000000  00000-0  00000+0 0    03
2 02747  53.0000 180.0000 0000001   0.0000 346.9091 15.76629586    07
Starlink-340 2747
1 02748U 00000ABC 00001.00000000  .00000000  00000-0  00000+0 0    04
2 02748  53.0000 180.0000 0000001   0.0000 350.1818 15.76629586    02
Starlink-340 2748
1 02749U 00000ABC 00001.00000000  .00000000  00000-0  00000+0 0    05
2 02749  53.0000 180.0000 0000001   0.0000 353.4545 15.76629586    06
Starlink-340 2749
1 02750U 00000ABC 00001.00000000  .00000000  00000-0  00000+0 0    07
2 02750  53.0000 180.0000 0000001   0.0000 356.7273 15.76629586    02
Starlink-340 2750
1 02751U 00000ABC 00001.00000000  .00000000  00000-0  00000+0 0    08
2 02751  53.0000 187.5000 0000001   0.0000   1.6364 15.76629586    02
Starlink-340 2751
1 02752U 00000ABC 00001.00000000  .00000000  00000-0  00000+0 0    09
2 02752  53.0000 187.5000 0000001   0.0000   4.9091 15.76629586    06
Starlink-340 2752
1 02753U 00000ABC 00001.00000000  .00000000  00000-0  00000+0 0    00
2 02753  53.0000 187.5000 0000001   0.0000   8.1818 15.76629586    00
Starlink-340 2753
1 02754U 00000ABC 00001.00000000  .00000000  00000-0  00000+0 0    01
2 02754  53.0000 187.5000 0000001   0.0000  11.4545 15.76629586    05
Starlink-340 2754
1 02755U 00000ABC 00001.00000000  .00000000  00000-0  00000+0 0    02
2 02755  53.0000 187.5000 0000001   0.0000  14.7273 15.76629586    00
Starlink-340 2755
1 02756U 00000ABC 00001.00000000  .00000000  00000-0  00000+0 0    03
2 02756  53.0000 187.5000 0000001   0.0000  18.0000 15.76629586    06
Starlink-340 2756
1 02757U 00000ABC 00001.00000000  .00000000  00000-0  00000+0 0    04
2 02757  53.0000 187.5000 0000001   0.0000  21.2727 15.76629586    09
Starlink-340 2757
1 02758U 00000ABC 00001.00000000  .00000000  00000-0  00000+0 0    05
2 02758  53.0000 187.5000 0000001   0.0000  24.5455 15.76629586    04
Starlink-340 2758
1 02759U 00000ABC 00001.00000000  .00000000  00000-0  00000+0 0    06
2 02759  53.0000 187.5000 0000001   0.0000  27.8182 15.76629586    08
Starlink-340 2759
1 02760U 00000ABC 00001.00000000  .00000000  00000-0  00000+0 0    08
2 02760  53.0000 187.5000 0000001   0.0000  31.0909 15.76629586    04
Starlink-340 2760
1 02761U 00000ABC 00001.00000000  .00000000  00000-0  00000+0 0    09
2 02761  53.0000 187.5000 0000001   0.0000  34.3636 15.76629586    08
Starlink-340 2761
1 02762U 00000ABC 00001.00000000  .00000000  00000-0  00000+0 0    00
2 02762  53.0000 187.5000 0000001   0.0000  37.6364 15.76629586    03
Starlink-340 2762
1 02763U 00000ABC 00001.00000000  .00000000  00000-0  00000+0 0    01
2 02763  53.0000 187.5000 0000001   0.0000  40.9091 15.76629586    08
Starlink-340 2763
1 02764U 00000ABC 00001.00000000  .00000000  00000-0  00000+0 0    02
2 02764  53.0000 187.5000 0000001   0.0000  44.1818 15.76629586    02
Starlink-340 2764
1 02765U 00000ABC 00001.00000000  .00000000  00000-0  00000+0 0    03
2 02765  53.0000 187.5000 0000001   0.0000  47.4545 15.76629586    06
Starlink-340 2765
1 02766U 00000ABC 00001.00000000  .00000000  00000-0  00000+0 0    04
2 02766  53.0000 187.5000 0000001   0.0000  50.7273 15.76629586    02
Starlink-340 2766
1 02767U 00000ABC 00001.00000000  .00000000  00000-0  00000+0 0    05
2 02767  53.0000 187.5000 0000001   0.0000  54.0000 15.76629586    08
Starlink-340 2767
1 02768U 00000ABC 00001.00000000  .00000000  00000-0  00000+0 0    06
2 02768  53.0000 187.5000 0000001   0.0000  57.2727 15.76629586    00
Starlink-340 2768
1 02769U 00000ABC 00001.00000000  .00000000  00000-0  00000+0 0    07
2 02769  53.0000 187.5000 0000001   0.0000  60.5455 15.76629586    06
Starlink-340 2769
1 02770U 00000ABC 00001.00000000  .00000000  00000-0  00000+0 0    09
2 02770  53.0000 187.5000 0000001   0.0000  63.8182 15.76629586    01
Starlink-340 2770
1 02771U 00000ABC 00001.00000000  .00000000  00000-0  00000+0 0    00
2 02771  53.0000 187.5000 0000001   0.0000  67.0909 15.76629586    05
Starlink-340 2771
1 02772U 00000ABC 00001.00000000  .00000000  00000-0  00000+0 0    01
2 02772  53.0000 187.5000 0000001   0.0000  70.3636 15.76629586    00
Starlink-340 2772
1 02773U 00000ABC 00001.00000000  .00000000  00000-0  00000+0 0    02
2 02773  53.0000 187.5000 0000001   0.0000  73.6364 15.76629586    05
Starlink-340 2773
1 02774U 00000ABC 00001.00000000  .00000000  00000-0  00000+0 0    03
2 02774  53.0000 187.5000 0000001   0.0000  76.9091 15.76629586    09
Starlink-340 2774
1 02775U 00000ABC 00001.00000000  .00000000  00000-0  00000+0 0    04
2 02775  53.0000 187.5000 0000001   0.0000  80.1818 15.76629586    04
Starlink-340 2775
1 02776U 00000ABC 00001.00000000  .00000000  00000-0  00000+0 0    05
2 02776  53.0000 187.5000 0000001   0.0000  83.4545 15.76629586    08
Starlink-340 2776
1 02777U 00000ABC 00001.00000000  .00000000  00000-0  00000+0 0    06
2 02777  53.0000 187.5000 0000001   0.0000  86.7273 15.76629586    03
Starlink-340 2777
1 02778U 00000ABC 00001.00000000  .00000000  00000-0  00000+0 0    07
2 02778  53.0000 187.5000 0000001   0.0000  90.0000 15.76629586    00
Starlink-340 2778
1 02779U 00000ABC 00001.00000000  .00000000  00000-0  00000+0 0    08
2 02779  53.0000 187.5000 0000001   0.0000  93.2727 15.76629586    02
Starlink-340 2779
1 02780U 00000ABC 00001.00000000  .00000000  00000-0  00000+0 0    00
2 02780  53.0000 187.5000 0000001   0.0000  96.5455 15.76629586    08
Starlink-340 2780
1 02781U 00000ABC 00001.00000000  .00000000  00000-0  00000+0 0    01
2 02781  53.0000 187.5000 0000001   0.0000  99.8182 15.76629586    02
Starlink-340 2781
1 02782U 00000ABC 00001.00000000  .00000000  00000-0  00000+0 0    02
2 02782  53.0000 187.5000 0000001   0.0000 103.0909 15.76629586    08
Starlink-340 2782
1 02783U 00000ABC 00001.00000000  .00000000  00000-0  00000+0 0    03
2 02783  53.0000 187.5000 0000001   0.0000 106.3636 15.76629586    02
Starlink-340 2783
1 02784U 00000ABC 00001.00000000  .00000000  00000-0  00000+0 0    04
2 02784  53.0000 187.5000 0000001   0.0000 109.6364 15.76629586    07
Starlink-340 2784
1 02785U 00000ABC 00001.00000000  .00000000  00000-0  00000+0 0    05
2 02785  53.0000 187.5000 0000001   0.0000 112.9091 15.76629586    02
Starlink-340 2785
1 02786U 00000ABC 00001.00000000  .00000000  00000-0  00000+0 0    06
2 02786  53.0000 187.5000 0000001   0.0000 116.1818 15.76629586    06
Starlink-340 2786
1 02787U 00000ABC 00001.00000000  .00000000  00000-0  00000+0 0    07
2 02787  53.0000 187.5000 0000001   0.0000 119.4545 15.76629586    00
Starlink-340 2787
1 02788U 00000ABC 00001.00000000  .00000000  00000-0  00000+0 0    08
2 02788  53.0000 187.5000 0000001   0.0000 122.7273 15.76629586    06
Starlink-340 2788
1 02789U 00000ABC 00001.00000000  .00000000  00000-0  00000+0 0    09
2 02789  53.0000 187.5000 0000001   0.0000 126.0000 15.76629586    02
Starlink-340 2789
1 02790U 00000ABC 00001.00000000  .00000000  00000-0  00000+0 0    01
2 02790  53.0000 187.5000 0000001   0.0000 129.2727 15.76629586    05
Starlink-340 2790
1 02791U 00000ABC 00001.00000000  .00000000  00000-0  00000+0 0    02
2 02791  53.0000 187.5000 0000001   0.0000 132.5455 15.76629586    01
Starlink-340 2791
1 02792U 00000ABC 00001.00000000  .00000000  00000-0  00000+0 0    03
2 02792  53.0000 187.5000 0000001   0.0000 135.8182 15.76629586    05
Starlink-340 2792
1 02793U 00000ABC 00001.00000000  .00000000  00000-0  00000+0 0    04
2 02793  53.0000 187.5000 0000001   0.0000 139.0909 15.76629586    09
Starlink-340 2793
1 02794U 00000ABC 00001.00000000  .00000000  00000-0  00000+0 0    05
2 02794  53.0000 187.5000 0000001   0.0000 142.3636 15.76629586    04
Starlink-340 2794
1 02795U 00000ABC 00001.00000000  .00000000  00000-0  00000+0 0    06
2 02795  53.0000 187.5000 0000001   0.0000 145.6364 15.76629586    09
Starlink-340 2795
1 02796U 00000ABC 00001.00000000  .00000000  00000-0  00000+0 0    07
2 02796  53.0000 187.5000 0000001   0.0000 148.9091 15.76629586    03
Starlink-340 2796
1 02797U 00000ABC 00001.00000000  .00000000  00000-0  00000+0 0    08
2 02797  53.0000 187.5000 0000001   0.0000 152.1818 15.76629586    08
Starlink-340 2797
1 02798U 00000ABC 00001.00000000  .00000000  00000-0  00000+0 0    09
2 02798  53.0000 187.5000 0000001   0.0000 155.4545 15.76629586    02
Starlink-340 2798
1 02799U 00000ABC 00001.00000000  .00000000  00000-0  00000+0 0    00
2 02799  53.0000 187.5000 0000001   0.0000 158.7273 15.76629586    07
Starlink-340 2799
1 02800U 00000ABC 00001.00000000  .00000000  00000-0  00000+0 0    03
2 02800  53.0000 187.5000 0000001   0.0000 162.0000 15.76629586    06
Starlink-340 2800
1 02801U 00000ABC 00001.00000000  .00000000  00000-0  00000+0 0    04
2 02801  53.0000 187.5000 0000001   0.0000 165.2727 15.76629586    08
Starlink-340 2801
1 02802U 00000ABC 00001.00000000  .00000000  00000-0  00000+0 0    05
2 02802  53.0000 187.5000 0000001   0.0000 168.5455 15.76629586    03
Starlink-340 2802
1 02803U 00000ABC 00001.00000000  .00000000  00000-0  00000+0 0    06
2 02803  53.0000 187.5000 0000001   0.0000 171.8182 15.76629586    08
Starlink-340 2803
1 02804U 00000ABC 00001.00000000  .00000000  00000-0  00000+0 0    07
2 02804  53.0000 187.5000 0000001   0.0000 175.0909 15.76629586    02
Starlink-340 2804
1 02805U 00000ABC 00001.00000000  .00000000  00000-0  00000+0 0    08
2 02805  53.0000 187.5000 0000001   0.0000 178.3636 15.76629586    06
Starlink-340 2805
1 02806U 00000ABC 00001.00000000  .00000000  00000-0  00000+0 0    09
2 02806  53.0000 187.5000 0000001   0.0000 181.6364 15.76629586    02
Starlink-340 2806
1 02807U 00000ABC 00001.00000000  .00000000  00000-0  00000+0 0    00
2 02807  53.0000 187.5000 0000001   0.0000 184.9091 15.76629586    06
Starlink-340 2807
1 02808U 00000ABC 00001.00000000  .00000000  00000-0  00000+0 0    01
2 02808  53.0000 187.5000 0000001   0.0000 188.1818 15.76629586    00
Starlink-340 2808
1 02809U 00000ABC 00001.00000000  .00000000  00000-0  00000+0 0    02
2 02809  53.0000 187.5000 0000001   0.0000 191.4545 15.76629586    05
Starlink-340 2809
1 02810U 00000ABC 00001.00000000  .00000000  00000-0  00000+0 0    04
2 02810  53.0000 187.5000 0000001   0.0000 194.7273 15.76629586    01
Starlink-340 2810
1 02811U 00000ABC 00001.00000000  .00000000  00000-0  00000+0 0    05
2 02811  53.0000 187.5000 0000001   0.0000 198.0000 15.76629586    07
Starlink-340 2811
1 02812U 00000ABC 00001.00000000  .00000000  00000-0  00000+0 0    06
2 02812  53.0000 187.5000 0000001   0.0000 201.2727 15.76629586    01
Starlink-340 2812
1 02813U 00000ABC 00001.00000000  .00000000  00000-0  00000+0 0    07
2 02813  53.0000 187.5000 0000001   0.0000 204.5455 15.76629586    06
Starlink-340 2813
1 02814U 00000ABC 00001.00000000  .00000000  00000-0  00000+0 0    08
2 02814  53.0000 187.5000 0000001   0.0000 207.8182 15.76629586    00
Starlink-340 2814
1 02815U 00000ABC 00001.00000000  .00000000  00000-0  00000+0 0    09
2 02815  53.0000 187.5000 0000001   0.0000 211.0909 15.76629586    05
Starlink-340 2815
1 02816U 00000ABC 00001.00000000  .00000000  00000-0  00000+0 0    00
2 02816  53.0000 187.5000 0000001   0.0000 214.3636 15.76629586    09
Starlink-340 2816
1 02817U 00000ABC 00001.00000000  .00000000  00000-0  00000+0 0    01
2 02817  53.0000 187.5000 0000001   0.0000 217.6364 15.76629586    04
Starlink-340 2817
1 02818U 00000ABC 00001.00000000  .00000000  00000-0  00000+0 0    02
2 02818  53.0000 187.5000 0000001   0.0000 220.9091 15.76629586    09
Starlink-340 2818
1 02819U 00000ABC 00001.00000000  .00000000  00000-0  00000+0 0    03
2 02819  53.0000 187.5000 0000001   0.0000 224.1818 15.76629586    03
Starlink-340 2819
1 02820U 00000ABC 00001.00000000  .00000000  00000-0  00000+0 0    05
2 02820  53.0000 187.5000 0000001   0.0000 227.4545 15.76629586    08
Starlink-340 2820
1 02821U 00000ABC 00001.00000000  .00000000  00000-0  00000+0 0    06
2 02821  53.0000 187.5000 0000001   0.0000 230.7273 15.76629586    04
Starlink-340 2821
1 02822U 00000ABC 00001.00000000  .00000000  00000-0  00000+0 0    07
2 02822  53.0000 187.5000 0000001   0.0000 234.0000 15.76629586    00
Starlink-340 2822
1 02823U 00000ABC 00001.00000000  .00000000  00000-0  00000+0 0    08
2 02823  53.0000 187.5000 0000001   0.0000 237.2727 15.76629586    02
Starlink-340 2823
1 02824U 00000ABC 00001.00000000  .00000000  00000-0  00000+0 0    09
2 02824  53.0000 187.5000 0000001   0.0000 240.5455 15.76629586    08
Starlink-340 2824
1 02825U 00000ABC 00001.00000000  .00000000  00000-0  00000+0 0    00
2 02825  53.0000 187.5000 0000001   0.0000 243.8182 15.76629586    02
Starlink-340 2825
1 02826U 00000ABC 00001.00000000  .00000000  00000-0  00000+0 0    01
2 02826  53.0000 187.5000 0000001   0.0000 247.0909 15.76629586    06
Starlink-340 2826
1 02827U 00000ABC 00001.00000000  .00000000  00000-0  00000+0 0    02
2 02827  53.0000 187.5000 0000001   0.0000 250.3636 15.76629586    01
Starlink-340 2827
1 02828U 00000ABC 00001.00000000  .00000000  00000-0  00000+0 0    03
2 02828  53.0000 187.5000 0000001   0.0000 253.6364 15.76629586    06
Starlink-340 2828
1 02829U 00000ABC 00001.00000000  .00000000  00000-0  00000+0 0    04
2 02829  53.0000 187.5000 0000001   0.0000 256.9091 15.76629586    00
Starlink-340 2829
1 02830U 00000ABC 00001.00000000  .00000000  00000-0  00000+0 0    06
2 02830  53.0000 187.5000 0000001   0.0000 260.1818 15.76629586    06
Starlink-340 2830
1 02831U 00000ABC 00001.00000000  .00000000  00000-0  00000+0 0    07
2 02831  53.0000 187.5000 0000001   0.0000 263.4545 15.76629586    00
Starlink-340 2831
1 02832U 00000ABC 00001.00000000  .00000000  00000-0  00000+0 0    08
2 02832  53.0000 187.5000 0000001   0.0000 266.7273 15.76629586    05
Starlink-340 2832
1 02833U 00000ABC 00001.00000000  .00000000  00000-0  00000+0 0    09
2 02833  53.0000 187.5000 0000001   0.0000 270.0000 15.76629586    02
Starlink-340 2833
1 02834U 00000ABC 00001.00000000  .00000000  00000-0  00000+0 0    00
2 02834  53.0000 187.5000 0000001   0.0000 273.2727 15.76629586    04
Starlink-340 2834
1 02835U 00000ABC 00001.00000000  .00000000  00000-0  00000+0 0    01
2 02835  53.0000 187.5000 0000001   0.0000 276.5455 15.76629586    09
Starlink-340 2835
1 02836U 00000ABC 00001.00000000  .00000000  00000-0  00000+0 0    02
2 02836  53.0000 187.5000 0000001   0.0000 279.8182 15.76629586    03
Starlink-340 2836
1 02837U 00000ABC 00001.00000000  .00000000  00000-0  00000+0 0    03
2 02837  53.0000 187.5000 0000001   0.0000 283.0909 15.76629586    08
Starlink-340 2837
1 02838U 00000ABC 00001.00000000  .00000000  00000-0  00000+0 0    04
2 02838  53.0000 187.5000 0000001   0.0000 286.3636 15.76629586    02
Starlink-340 2838
1 02839U 00000ABC 00001.00000000  .00000000  00000-0  00000+0 0    05
2 02839  53.0000 187.5000 0000001   0.0000 289.6364 15.76629586    07
Starlink-340 2839
1 02840U 00000ABC 00001.00000000  .00000000  00000-0  00000+0 0    07
2 02840  53.0000 187.5000 0000001   0.0000 292.9091 15.76629586    03
Starlink-340 2840
1 02841U 00000ABC 00001.00000000  .00000000  00000-0  00000+0 0    08
2 02841  53.0000 187.5000 0000001   0.0000 296.1818 15.76629586    07
Starlink-340 2841
1 02842U 00000ABC 00001.00000000  .00000000  00000-0  00000+0 0    09
2 02842  53.0000 187.5000 0000001   0.0000 299.4545 15.76629586    01
Starlink-340 2842
1 02843U 00000ABC 00001.00000000  .00000000  00000-0  00000+0 0    00
2 02843  53.0000 187.5000 0000001   0.0000 302.7273 15.76629586    08
Starlink-340 2843
1 02844U 00000ABC 00001.00000000  .00000000  00000-0  00000+0 0    01
2 02844  53.0000 187.5000 0000001   0.0000 306.0000 15.76629586    04
Starlink-340 2844
1 02845U 00000ABC 00001.00000000  .00000000  00000-0  00000+0 0    02
2 02845  53.0000 187.5000 0000001   0.0000 309.2727 15.76629586    06
Starlink-340 2845
1 02846U 00000ABC 00001.00000000  .00000000  00000-0  00000+0 0    03
2 02846  53.0000 187.5000 0000001   0.0000 312.5455 15.76629586    02
Starlink-340 2846
1 02847U 00000ABC 00001.00000000  .00000000  00000-0  00000+0 0    04
2 02847  53.0000 187.5000 0000001   0.0000 315.8182 15.76629586    06
Starlink-340 2847
1 02848U 00000ABC 00001.00000000  .00000000  00000-0  00000+0 0    05
2 02848  53.0000 187.5000 0000001   0.0000 319.0909 15.76629586    00
Starlink-340 2848
1 02849U 00000ABC 00001.00000000  .00000000  00000-0  00000+0 0    06
2 02849  53.0000 187.5000 0000001   0.0000 322.3636 15.76629586    05
Starlink-340 2849
1 02850U 00000ABC 00001.00000000  .00000000  00000-0  00000+0 0    08
2 02850  53.0000 187.5000 0000001   0.0000 325.6364 15.76629586    01
Starlink-340 2850
1 02851U 00000ABC 00001.00000000  .00000000  00000-0  00000+0 0    09
2 02851  53.0000 187.5000 0000001   0.0000 328.9091 15.76629586    05
Starlink-340 2851
1 02852U 00000ABC 00001.00000000  .00000000  00000-0  00000+0 0    00
2 02852  53.0000 187.5000 0000001   0.0000 332.1818 15.76629586    00
Starlink-340 2852
1 02853U 00000ABC 00001.00000000  .00000000  00000-0  00000+0 0    01
2 02853  53.0000 187.5000 0000001   0.0000 335.4545 15.76629586    04
Starlink-340 2853
1 02854U 00000ABC 00001.00000000  .00000000  00000-0  00000+0 0    02
2 02854  53.0000 187.5000 0000001   0.0000 338.7273 15.76629586    09
Starlink-340 2854
1 02855U 00000ABC 00001.00000000  .00000000  00000-0  00000+0 0    03
2 02855  53.0000 187.5000 0000001   0.0000 342.0000 15.76629586    06
Starlink-340 2855
1 02856U 00000ABC 00001.00000000  .00000000  00000-0  00000+0 0    04
2 02856  53.0000 187.5000 0000001   0.0000 345.2727 15.76629586    08
Starlink-340 2856
1 02857U 00000ABC 00001.00000000  .00000000  00000-0  00000+0 0    05
2 02857  53.0000 187.5000 0000001   0.0000 348.5455 15.76629586    03
Starlink-340 2857
1 02858U 00000ABC 00001.00000000  .00000000  00000-0  00000+0 0    06
2 02858  53.0000 187.5000 0000001   0.0000 351.8182 15.76629586    08
Starlink-340 2858
1 02859U 00000ABC 00001.00000000  .00000000  00000-0  00000+0 0    07
2 02859  53.0000 187.5000 0000001   0.0000 355.0909 15.76629586    02
Starlink-340 2859
1 02860U 00000ABC 00001.00000000  .00000000  00000-0  00000+0 0    09
2 02860  53.0000 187.5000 0000001   0.0000 358.3636 15.76629586    07
Starlink-340 2860
1 02861U 00000ABC 00001.00000000  .00000000  00000-0  00000+0 0    00
2 02861  53.0000 195.0000 0000001   0.0000   0.0000 15.76629586    08
Starlink-340 2861
1 02862U 00000ABC 00001.00000000  .00000000  00000-0  00000+0 0    01
2 02862  53.0000 195.0000 0000001   0.0000   3.2727 15.76629586    00
Starlink-340 2862
1 02863U 00000ABC 00001.00000000  .00000000  00000-0  00000+0 0    02
2 02863  53.0000 195.0000 0000001   0.0000   6.5455 15.76629586    05
Starlink-340 2863
1 02864U 00000ABC 00001.00000000  .00000000  00000-0  00000+0 0    03
2 02864  53.0000 195.0000 0000001   0.0000   9.8182 15.76629586    09
Starlink-340 2864
1 02865U 00000ABC 00001.00000000  .00000000  00000-0  00000+0 0    04
2 02865  53.0000 195.0000 0000001   0.0000  13.0909 15.76629586    04
Starlink-340 2865
1 02866U 00000ABC 00001.00000000  .00000000  00000-0  00000+0 0    05
2 02866  53.0000 195.0000 0000001   0.0000  16.3636 15.76629586    08
Starlink-340 2866
1 02867U 00000ABC 00001.00000000  .00000000  00000-0  00000+0 0    06
2 02867  53.0000 195.0000 0000001   0.0000  19.6364 15.76629586    03
Starlink-340 2867
1 02868U 00000ABC 00001.00000000  .00000000  00000-0  00000+0 0    07
2 02868  53.0000 195.0000 0000001   0.0000  22.9091 15.76629586    08
Starlink-340 2868
1 02869U 00000ABC 00001.00000000  .00000000  00000-0  00000+0 0    08
2 02869  53.0000 195.0000 0000001   0.0000  26.1818 15.76629586    02
Starlink-340 2869
1 02870U 00000ABC 00001.00000000  .00000000  00000-0  00000+0 0    00
2 02870  53.0000 195.0000 0000001   0.0000  29.4545 15.76629586    07
Starlink-340 2870
1 02871U 00000ABC 00001.00000000  .00000000  00000-0  00000+0 0    01
2 02871  53.0000 195.0000 0000001   0.0000  32.7273 15.76629586    03
Starlink-340 2871
1 02872U 00000ABC 00001.00000000  .00000000  00000-0  00000+0 0    02
2 02872  53.0000 195.0000 0000001   0.0000  36.0000 15.76629586    09
Starlink-340 2872
1 02873U 00000ABC 00001.00000000  .00000000  00000-0  00000+0 0    03
2 02873  53.0000 195.0000 0000001   0.0000  39.2727 15.76629586    01
Starlink-340 2873
1 02874U 00000ABC 00001.00000000  .00000000  00000-0  00000+0 0    04
2 02874  53.0000 195.0000 0000001   0.0000  42.5455 15.76629586    07
Starlink-340 2874
1 02875U 00000ABC 00001.00000000  .00000000  00000-0  00000+0 0    05
2 02875  53.0000 195.0000 0000001   0.0000  45.8182 15.76629586    01
Starlink-340 2875
1 02876U 00000ABC 00001.00000000  .00000000  00000-0  00000+0 0    06
2 02876  53.0000 195.0000 0000001   0.0000  49.0909 15.76629586    05
Starlink-340 2876
1 02877U 00000ABC 00001.00000000  .00000000  00000-0  00000+0 0    07
2 02877  53.0000 195.0000 0000001   0.0000  52.3636 15.76629586    00
Starlink-340 2877
1 02878U 00000ABC 00001.00000000  .00000000  00000-0  00000+0 0    08
2 02878  53.0000 195.0000 0000001   0.0000  55.6364 15.76629586    05
Starlink-340 2878
1 02879U 00000ABC 00001.00000000  .00000000  00000-0  00000+0 0    09
2 02879  53.0000 195.0000 0000001   0.0000  58.9091 15.76629586    09
Starlink-340 2879
1 02880U 00000ABC 00001.00000000  .00000000  00000-0  00000+0 0    01
2 02880  53.0000 195.0000 0000001   0.0000  62.1818 15.76629586    05
Starlink-340 2880
1 02881U 00000ABC 00001.00000000  .00000000  00000-0  00000+0 0    02
2 02881  53.0000 195.0000 0000001   0.0000  65.4545 15.76629586    09
Starlink-340 2881
1 02882U 00000ABC 00001.00000000  .00000000  00000-0  00000+0 0    03
2 02882  53.0000 195.0000 0000001   0.0000  68.7273 15.76629586    04
Starlink-340 2882
1 02883U 00000ABC 00001.00000000  .00000000  00000-0  00000+0 0    04
2 02883  53.0000 195.0000 0000001   0.0000  72.0000 15.76629586    01
Starlink-340 2883
1 02884U 00000ABC 00001.00000000  .00000000  00000-0  00000+0 0    05
2 02884  53.0000 195.0000 0000001   0.0000  75.2727 15.76629586    03
Starlink-340 2884
1 02885U 00000ABC 00001.00000000  .00000000  00000-0  00000+0 0    06
2 02885  53.0000 195.0000 0000001   0.0000  78.5455 15.76629586    08
Starlink-340 2885
1 02886U 00000ABC 00001.00000000  .00000000  00000-0  00000+0 0    07
2 02886  53.0000 195.0000 0000001   0.0000  81.8182 15.76629586    03
Starlink-340 2886
1 02887U 00000ABC 00001.00000000  .00000000  00000-0  00000+0 0    08
2 02887  53.0000 195.0000 0000001   0.0000  85.0909 15.76629586    07
Starlink-340 2887
1 02888U 00000ABC 00001.00000000  .00000000  00000-0  00000+0 0    09
2 02888  53.0000 195.0000 0000001   0.0000  88.3636 15.76629586    01
Starlink-340 2888
1 02889U 00000ABC 00001.00000000  .00000000  00000-0  00000+0 0    00
2 02889  53.0000 195.0000 0000001   0.0000  91.6364 15.76629586    07
Starlink-340 2889
1 02890U 00000ABC 00001.00000000  .00000000  00000-0  00000+0 0    02
2 02890  53.0000 195.0000 0000001   0.0000  94.9091 15.76629586    02
Starlink-340 2890
1 02891U 00000ABC 00001.00000000  .00000000  00000-0  00000+0 0    03
2 02891  53.0000 195.0000 0000001   0.0000  98.1818 15.76629586    06
Starlink-340 2891
1 02892U 00000ABC 00001.00000000  .00000000  00000-0  00000+0 0    04
2 02892  53.0000 195.0000 0000001   0.0000 101.4545 15.76629586    02
Starlink-340 2892
1 02893U 00000ABC 00001.00000000  .00000000  00000-0  00000+0 0    05
2 02893  53.0000 195.0000 0000001   0.0000 104.7273 15.76629586    07
Starlink-340 2893
1 02894U 00000ABC 00001.00000000  .00000000  00000-0  00000+0 0    06
2 02894  53.0000 195.0000 0000001   0.0000 108.0000 15.76629586    03
Starlink-340 2894
1 02895U 00000ABC 00001.00000000  .00000000  00000-0  00000+0 0    07
2 02895  53.0000 195.0000 0000001   0.0000 111.2727 15.76629586    06
Starlink-340 2895
1 02896U 00000ABC 00001.00000000  .00000000  00000-0  00000+0 0    08
2 02896  53.0000 195.0000 0000001   0.0000 114.5455 15.76629586    01
Starlink-340 2896
1 02897U 00000ABC 00001.00000000  .00000000  00000-0  00000+0 0    09
2 02897  53.0000 195.0000 0000001   0.0000 117.8182 15.76629586    05
Starlink-340 2897
1 02898U 00000ABC 00001.00000000  .00000000  00000-0  00000+0 0    00
2 02898  53.0000 195.0000 0000001   0.0000 121.0909 15.76629586    00
Starlink-340 2898
1 02899U 00000ABC 00001.00000000  .00000000  00000-0  00000+0 0    01
2 02899  53.0000 195.0000 0000001   0.0000 124.3636 15.76629586    04
Starlink-340 2899
1 02900U 00000ABC 00001.00000000  .00000000  00000-0  00000+0 0    04
2 02900  53.0000 195.0000 0000001   0.0000 127.6364 15.76629586    01
Starlink-340 2900
1 02901U 00000ABC 00001.00000000  .00000000  00000-0  00000+0 0    05
2 02901  53.0000 195.0000 0000001   0.0000 130.9091 15.76629586    06
Starlink-340 2901
1 02902U 00000ABC 00001.00000000  .00000000  00000-0  00000+0 0    06
2 02902  53.0000 195.0000 0000001   0.0000 134.1818 15.76629586    00
Starlink-340 2902
1 02903U 00000ABC 00001.00000000  .00000000  00000-0  00000+0 0    07
2 02903  53.0000 195.0000 0000001   0.0000 137.4545 15.76629586    04
Starlink-340 2903
1 02904U 00000ABC 00001.00000000  .00000000  00000-0  00000+0 0    08
2 02904  53.0000 195.0000 0000001   0.0000 140.7273 15.76629586    00
Starlink-340 2904
1 02905U 00000ABC 00001.00000000  .00000000  00000-0  00000+0 0    09
2 02905  53.0000 195.0000 0000001   0.0000 144.0000 15.76629586    06
Starlink-340 2905
1 02906U 00000ABC 00001.00000000  .00000000  00000-0  00000+0 0    00
2 02906  53.0000 195.0000 0000001   0.0000 147.2727 15.76629586    08
Starlink-340 2906
1 02907U 00000ABC 00001.00000000  .00000000  00000-0  00000+0 0    01
2 02907  53.0000 195.0000 0000001   0.0000 150.5455 15.76629586    04
Starlink-340 2907
1 02908U 00000ABC 00001.00000000  .00000000  00000-0  00000+0 0    02
2 02908  53.0000 195.0000 0000001   0.0000 153.8182 15.76629586    08
Starlink-340 2908
1 02909U 00000ABC 00001.00000000  .00000000  00000-0  00000+0 0    03
2 02909  53.0000 195.0000 0000001   0.0000 157.0909 15.76629586    02
Starlink-340 2909
1 02910U 00000ABC 00001.00000000  .00000000  00000-0  00000+0 0    05
2 02910  53.0000 195.0000 0000001   0.0000 160.3636 15.76629586    08
Starlink-340 2910
1 02911U 00000ABC 00001.00000000  .00000000  00000-0  00000+0 0    06
2 02911  53.0000 195.0000 0000001   0.0000 163.6364 15.76629586    03
Starlink-340 2911
1 02912U 00000ABC 00001.00000000  .00000000  00000-0  00000+0 0    07
2 02912  53.0000 195.0000 0000001   0.0000 166.9091 15.76629586    07
Starlink-340 2912
1 02913U 00000ABC 00001.00000000  .00000000  00000-0  00000+0 0    08
2 02913  53.0000 195.0000 0000001   0.0000 170.1818 15.76629586    02
Starlink-340 2913
1 02914U 00000ABC 00001.00000000  .00000000  00000-0  00000+0 0    09
2 02914  53.0000 195.0000 0000001   0.0000 173.4545 15.76629586    06
Starlink-340 2914
1 02915U 00000ABC 00001.00000000  .00000000  00000-0  00000+0 0    00
2 02915  53.0000 195.0000 0000001   0.0000 176.7273 15.76629586    01
Starlink-340 2915
1 02916U 00000ABC 00001.00000000  .00000000  00000-0  00000+0 0    01
2 02916  53.0000 195.0000 0000001   0.0000 180.0000 15.76629586    08
Starlink-340 2916
1 02917U 00000ABC 00001.00000000  .00000000  00000-0  00000+0 0    02
2 02917  53.0000 195.0000 0000001   0.0000 183.2727 15.76629586    00
Starlink-340 2917
1 02918U 00000ABC 00001.00000000  .00000000  00000-0  00000+0 0    03
2 02918  53.0000 195.0000 0000001   0.0000 186.5455 15.76629586    05
Starlink-340 2918
1 02919U 00000ABC 00001.00000000  .00000000  00000-0  00000+0 0    04
2 02919  53.0000 195.0000 0000001   0.0000 189.8182 15.76629586    09
Starlink-340 2919
1 02920U 00000ABC 00001.00000000  .00000000  00000-0  00000+0 0    06
2 02920  53.0000 195.0000 0000001   0.0000 193.0909 15.76629586    05
Starlink-340 2920
1 02921U 00000ABC 00001.00000000  .00000000  00000-0  00000+0 0    07
2 02921  53.0000 195.0000 0000001   0.0000 196.3636 15.76629586    09
Starlink-340 2921
1 02922U 00000ABC 00001.00000000  .00000000  00000-0  00000+0 0    08
2 02922  53.0000 195.0000 0000001   0.0000 199.6364 15.76629586    04
Starlink-340 2922
1 02923U 00000ABC 00001.00000000  .00000000  00000-0  00000+0 0    09
2 02923  53.0000 195.0000 0000001   0.0000 202.9091 15.76629586    00
Starlink-340 2923
1 02924U 00000ABC 00001.00000000  .00000000  00000-0  00000+0 0    00
2 02924  53.0000 195.0000 0000001   0.0000 206.1818 15.76629586    04
Starlink-340 2924
1 02925U 00000ABC 00001.00000000  .00000000  00000-0  00000+0 0    01
2 02925  53.0000 195.0000 0000001   0.0000 209.4545 15.76629586    08
Starlink-340 2925
1 02926U 00000ABC 00001.00000000  .00000000  00000-0  00000+0 0    02
2 02926  53.0000 195.0000 0000001   0.0000 212.7273 15.76629586    04
Starlink-340 2926
1 02927U 00000ABC 00001.00000000  .00000000  00000-0  00000+0 0    03
2 02927  53.0000 195.0000 0000001   0.0000 216.0000 15.76629586    00
Starlink-340 2927
1 02928U 00000ABC 00001.00000000  .00000000  00000-0  00000+0 0    04
2 02928  53.0000 195.0000 0000001   0.0000 219.2727 15.76629586    02
Starlink-340 2928
1 02929U 00000ABC 00001.00000000  .00000000  00000-0  00000+0 0    05
2 02929  53.0000 195.0000 0000001   0.0000 222.5455 15.76629586    08
Starlink-340 2929
1 02930U 00000ABC 00001.00000000  .00000000  00000-0  00000+0 0    07
2 02930  53.0000 195.0000 0000001   0.0000 225.8182 15.76629586    03
Starlink-340 2930
1 02931U 00000ABC 00001.00000000  .00000000  00000-0  00000+0 0    08
2 02931  53.0000 195.0000 0000001   0.0000 229.0909 15.76629586    07
Starlink-340 2931
1 02932U 00000ABC 00001.00000000  .00000000  00000-0  00000+0 0    09
2 02932  53.0000 195.0000 0000001   0.0000 232.3636 15.76629586    02
Starlink-340 2932
1 02933U 00000ABC 00001.00000000  .00000000  00000-0  00000+0 0    00
2 02933  53.0000 195.0000 0000001   0.0000 235.6364 15.76629586    07
Starlink-340 2933
1 02934U 00000ABC 00001.00000000  .00000000  00000-0  00000+0 0    01
2 02934  53.0000 195.0000 0000001   0.0000 238.9091 15.76629586    01
Starlink-340 2934
1 02935U 00000ABC 00001.00000000  .00000000  00000-0  00000+0 0    02
2 02935  53.0000 195.0000 0000001   0.0000 242.1818 15.76629586    06
Starlink-340 2935
1 02936U 00000ABC 00001.00000000  .00000000  00000-0  00000+0 0    03
2 02936  53.0000 195.0000 0000001   0.0000 245.4545 15.76629586    00
Starlink-340 2936
1 02937U 00000ABC 00001.00000000  .00000000  00000-0  00000+0 0    04
2 02937  53.0000 195.0000 0000001   0.0000 248.7273 15.76629586    05
Starlink-340 2937
1 02938U 00000ABC 00001.00000000  .00000000  00000-0  00000+0 0    05
2 02938  53.0000 195.0000 0000001   0.0000 252.0000 15.76629586    02
Starlink-340 2938
1 02939U 00000ABC 00001.00000000  .00000000  00000-0  00000+0 0    06
2 02939  53.0000 195.0000 0000001   0.0000 255.2727 15.76629586    04
Starlink-340 2939
1 02940U 00000ABC 00001.00000000  .00000000  00000-0  00000+0 0    08
2 02940  53.0000 195.0000 0000001   0.0000 258.5455 15.76629586    00
Starlink-340 2940
1 02941U 00000ABC 00001.00000000  .00000000  00000-0  00000+0 0    09
2 02941  53.0000 195.0000 0000001   0.0000 261.8182 15.76629586    05
Starlink-340 2941
1 02942U 00000ABC 00001.00000000  .00000000  00000-0  00000+0 0    00
2 02942  53.0000 195.0000 0000001   0.0000 265.0909 15.76629586    09
Starlink-340 2942
1 02943U 00000ABC 00001.00000000  .00000000  00000-0  00000+0 0    01
2 02943  53.0000 195.0000 0000001   0.0000 268.3636 15.76629586    03
Starlink-340 2943
1 02944U 00000ABC 00001.00000000  .00000000  00000-0  00000+0 0    02
2 02944  53.0000 195.0000 0000001   0.0000 271.6364 15.76629586    09
Starlink-340 2944
1 02945U 00000ABC 00001.00000000  .00000000  00000-0  00000+0 0    03
2 02945  53.0000 195.0000 0000001   0.0000 274.9091 15.76629586    03
Starlink-340 2945
1 02946U 00000ABC 00001.00000000  .00000000  00000-0  00000+0 0    04
2 02946  53.0000 195.0000 0000001   0.0000 278.1818 15.76629586    07
Starlink-340 2946
1 02947U 00000ABC 00001.00000000  .00000000  00000-0  00000+0 0    05
2 02947  53.0000 195.0000 0000001   0.0000 281.4545 15.76629586    02
Starlink-340 2947
1 02948U 00000ABC 00001.00000000  .00000000  00000-0  00000+0 0    06
2 02948  53.0000 195.0000 0000001   0.0000 284.7273 15.76629586    07
Starlink-340 2948
1 02949U 00000ABC 00001.00000000  .00000000  00000-0  00000+0 0    07
2 02949  53.0000 195.0000 0000001   0.0000 288.0000 15.76629586    03
Starlink-340 2949
1 02950U 00000ABC 00001.00000000  .00000000  00000-0  00000+0 0    09
2 02950  53.0000 195.0000 0000001   0.0000 291.2727 15.76629586    07
Starlink-340 2950
1 02951U 00000ABC 00001.00000000  .00000000  00000-0  00000+0 0    00
2 02951  53.0000 195.0000 0000001   0.0000 294.5455 15.76629586    02
Starlink-340 2951
1 02952U 00000ABC 00001.00000000  .00000000  00000-0  00000+0 0    01
2 02952  53.0000 195.0000 0000001   0.0000 297.8182 15.76629586    06
Starlink-340 2952
1 02953U 00000ABC 00001.00000000  .00000000  00000-0  00000+0 0    02
2 02953  53.0000 195.0000 0000001   0.0000 301.0909 15.76629586    02
Starlink-340 2953
1 02954U 00000ABC 00001.00000000  .00000000  00000-0  00000+0 0    03
2 02954  53.0000 195.0000 0000001   0.0000 304.3636 15.76629586    06
Starlink-340 2954
1 02955U 00000ABC 00001.00000000  .00000000  00000-0  00000+0 0    04
2 02955  53.0000 195.0000 0000001   0.0000 307.6364 15.76629586    01
Starlink-340 2955
1 02956U 00000ABC 00001.00000000  .00000000  00000-0  00000+0 0    05
2 02956  53.0000 195.0000 0000001   0.0000 310.9091 15.76629586    06
Starlink-340 2956
1 02957U 00000ABC 00001.00000000  .00000000  00000-0  00000+0 0    06
2 02957  53.0000 195.0000 0000001   0.0000 314.1818 15.76629586    00
Starlink-340 2957
1 02958U 00000ABC 00001.00000000  .00000000  00000-0  00000+0 0    07
2 02958  53.0000 195.0000 0000001   0.0000 317.4545 15.76629586    04
Starlink-340 2958
1 02959U 00000ABC 00001.00000000  .00000000  00000-0  00000+0 0    08
2 02959  53.0000 195.0000 0000001   0.0000 320.7273 15.76629586    00
Starlink-340 2959
1 02960U 00000ABC 00001.00000000  .00000000  00000-0  00000+0 0    00
2 02960  53.0000 195.0000 0000001   0.0000 324.0000 15.76629586    07
Starlink-340 2960
1 02961U 00000ABC 00001.00000000  .00000000  00000-0  00000+0 0    01
2 02961  53.0000 195.0000 0000001   0.0000 327.2727 15.76629586    09
Starlink-340 2961
1 02962U 00000ABC 00001.00000000  .00000000  00000-0  00000+0 0    02
2 02962  53.0000 195.0000 0000001   0.0000 330.5455 15.76629586    05
Starlink-340 2962
1 02963U 00000ABC 00001.00000000  .00000000  00000-0  00000+0 0    03
2 02963  53.0000 195.0000 0000001   0.0000 333.8182 15.76629586    09
Starlink-340 2963
1 02964U 00000ABC 00001.00000000  .00000000  00000-0  00000+0 0    04
2 02964  53.0000 195.0000 0000001   0.0000 337.0909 15.76629586    03
Starlink-340 2964
1 02965U 00000ABC 00001.00000000  .00000000  00000-0  00000+0 0    05
2 02965  53.0000 195.0000 0000001   0.0000 340.3636 15.76629586    08
Starlink-340 2965
1 02966U 00000ABC 00001.00000000  .00000000  00000-0  00000+0 0    06
2 02966  53.0000 195.0000 0000001   0.0000 343.6364 15.76629586    03
Starlink-340 2966
1 02967U 00000ABC 00001.00000000  .00000000  00000-0  00000+0 0    07
2 02967  53.0000 195.0000 0000001   0.0000 346.9091 15.76629586    07
Starlink-340 2967
1 02968U 00000ABC 00001.00000000  .00000000  00000-0  00000+0 0    08
2 02968  53.0000 195.0000 0000001   0.0000 350.1818 15.76629586    02
Starlink-340 2968
1 02969U 00000ABC 00001.00000000  .00000000  00000-0  00000+0 0    09
2 02969  53.0000 195.0000 0000001   0.0000 353.4545 15.76629586    06
Starlink-340 2969
1 02970U 00000ABC 00001.00000000  .00000000  00000-0  00000+0 0    01
2 02970  53.0000 195.0000 0000001   0.0000 356.7273 15.76629586    02
Starlink-340 2970
1 02971U 00000ABC 00001.00000000  .00000000  00000-0  00000+0 0    02
2 02971  53.0000 202.5000 0000001   0.0000   1.6364 15.76629586    04
Starlink-340 2971
1 02972U 00000ABC 00001.00000000  .00000000  00000-0  00000+0 0    03
2 02972  53.0000 202.5000 0000001   0.0000   4.9091 15.76629586    08
Starlink-340 2972
1 02973U 00000ABC 00001.00000000  .00000000  00000-0  00000+0 0    04
2 02973  53.0000 202.5000 0000001   0.0000   8.1818 15.76629586    02
Starlink-340 2973
1 02974U 00000ABC 00001.00000000  .00000000  00000-0  00000+0 0    05
2 02974  53.0000 202.5000 0000001   0.0000  11.4545 15.76629586    07
Starlink-340 2974
1 02975U 00000ABC 00001.00000000  .00000000  00000-0  00000+0 0    06
2 02975  53.0000 202.5000 0000001   0.0000  14.7273 15.76629586    02
Starlink-340 2975
1 02976U 00000ABC 00001.00000000  .00000000  00000-0  00000+0 0    07
2 02976  53.0000 202.5000 0000001   0.0000  18.0000 15.76629586    08
Starlink-340 2976
1 02977U 00000ABC 00001.00000000  .00000000  00000-0  00000+0 0    08
2 02977  53.0000 202.5000 0000001   0.0000  21.2727 15.76629586    01
Starlink-340 2977
1 02978U 00000ABC 00001.00000000  .00000000  00000-0  00000+0 0    09
2 02978  53.0000 202.5000 0000001   0.0000  24.5455 15.76629586    06
Starlink-340 2978
1 02979U 00000ABC 00001.00000000  .00000000  00000-0  00000+0 0    00
2 02979  53.0000 202.5000 0000001   0.0000  27.8182 15.76629586    00
Starlink-340 2979
1 02980U 00000ABC 00001.00000000  .00000000  00000-0  00000+0 0    02
2 02980  53.0000 202.5000 0000001   0.0000  31.0909 15.76629586    06
Starlink-340 2980
1 02981U 00000ABC 00001.00000000  .00000000  00000-0  00000+0 0    03
2 02981  53.0000 202.5000 0000001   0.0000  34.3636 15.76629586    00
Starlink-340 2981
1 02982U 00000ABC 00001.00000000  .00000000  00000-0  00000+0 0    04
2 02982  53.0000 202.5000 0000001   0.0000  37.6364 15.76629586    05
Starlink-340 2982
1 02983U 00000ABC 00001.00000000  .00000000  00000-0  00000+0 0    05
2 02983  53.0000 202.5000 0000001   0.0000  40.9091 15.76629586    00
Starlink-340 2983
1 02984U 00000ABC 00001.00000000  .00000000  00000-0  00000+0 0    06
2 02984  53.0000 202.5000 0000001   0.0000  44.1818 15.76629586    04
Starlink-340 2984
1 02985U 00000ABC 00001.00000000  .00000000  00000-0  00000+0 0    07
2 02985  53.0000 202.5000 0000001   0.0000  47.4545 15.76629586    08
Starlink-340 2985
1 02986U 00000ABC 00001.00000000  .00000000  00000-0  00000+0 0    08
2 02986  53.0000 202.5000 0000001   0.0000  50.7273 15.76629586    04
Starlink-340 2986
1 02987U 00000ABC 00001.00000000  .00000000  00000-0  00000+0 0    09
2 02987  53.0000 202.5000 0000001   0.0000  54.0000 15.76629586    00
Starlink-340 2987
1 02988U 00000ABC 00001.00000000  .00000000  00000-0  00000+0 0    00
2 02988  53.0000 202.5000 0000001   0.0000  57.2727 15.76629586    02
Starlink-340 2988
1 02989U 00000ABC 00001.00000000  .00000000  00000-0  00000+0 0    01
2 02989  53.0000 202.5000 0000001   0.0000  60.5455 15.76629586    08
Starlink-340 2989
1 02990U 00000ABC 00001.00000000  .00000000  00000-0  00000+0 0    03
2 02990  53.0000 202.5000 0000001   0.0000  63.8182 15.76629586    03
Starlink-340 2990
1 02991U 00000ABC 00001.00000000  .00000000  00000-0  00000+0 0    04
2 02991  53.0000 202.5000 0000001   0.0000  67.0909 15.76629586    07
Starlink-340 2991
1 02992U 00000ABC 00001.00000000  .00000000  00000-0  00000+0 0    05
2 02992  53.0000 202.5000 0000001   0.0000  70.3636 15.76629586    02
Starlink-340 2992
1 02993U 00000ABC 00001.00000000  .00000000  00000-0  00000+0 0    06
2 02993  53.0000 202.5000 0000001   0.0000  73.6364 15.76629586    07
Starlink-340 2993
1 02994U 00000ABC 00001.00000000  .00000000  00000-0  00000+0 0    07
2 02994  53.0000 202.5000 0000001   0.0000  76.9091 15.76629586    01
Starlink-340 2994
1 02995U 00000ABC 00001.00000000  .00000000  00000-0  00000+0 0    08
2 02995  53.0000 202.5000 0000001   0.0000  80.1818 15.76629586    06
Starlink-340 2995
1 02996U 00000ABC 00001.00000000  .00000000  00000-0  00000+0 0    09
2 02996  53.0000 202.5000 0000001   0.0000  83.4545 15.76629586    00
Starlink-340 2996
1 02997U 00000ABC 00001.00000000  .00000000  00000-0  00000+0 0    00
2 02997  53.0000 202.5000 0000001   0.0000  86.7273 15.76629586    05
Starlink-340 2997
1 02998U 00000ABC 00001.00000000  .00000000  00000-0  00000+0 0    01
2 02998  53.0000 202.5000 0000001   0.0000  90.0000 15.76629586    02
Starlink-340 2998
1 02999U 00000ABC 00001.00000000  .00000000  00000-0  00000+0 0    02
2 02999  53.0000 202.5000 0000001   0.0000  93.2727 15.76629586    04
Starlink-340 2999
1 03000U 00000ABC 00001.00000000  .00000000  00000-0  00000+0 0    06
2 03000  53.0000 202.5000 0000001   0.0000  96.5455 15.76629586    02
Starlink-340 3000
1 03001U 00000ABC 00001.00000000  .00000000  00000-0  00000+0 0    07
2 03001  53.0000 202.5000 0000001   0.0000  99.8182 15.76629586    06
Starlink-340 3001
1 03002U 00000ABC 00001.00000000  .00000000  00000-0  00000+0 0    08
2 03002  53.0000 202.5000 0000001   0.0000 103.0909 15.76629586    02
Starlink-340 3002
1 03003U 00000ABC 00001.00000000  .00000000  00000-0  00000+0 0    09
2 03003  53.0000 202.5000 0000001   0.0000 106.3636 15.76629586    06
Starlink-340 3003
1 03004U 00000ABC 00001.00000000  .00000000  00000-0  00000+0 0    00
2 03004  53.0000 202.5000 0000001   0.0000 109.6364 15.76629586    01
Starlink-340 3004
1 03005U 00000ABC 00001.00000000  .00000000  00000-0  00000+0 0    01
2 03005  53.0000 202.5000 0000001   0.0000 112.9091 15.76629586    06
Starlink-340 3005
1 03006U 00000ABC 00001.00000000  .00000000  00000-0  00000+0 0    02
2 03006  53.0000 202.5000 0000001   0.0000 116.1818 15.76629586    00
Starlink-340 3006
1 03007U 00000ABC 00001.00000000  .00000000  00000-0  00000+0 0    03
2 03007  53.0000 202.5000 0000001   0.0000 119.4545 15.76629586    04
Starlink-340 3007
1 03008U 00000ABC 00001.00000000  .00000000  00000-0  00000+0 0    04
2 03008  53.0000 202.5000 0000001   0.0000 122.7273 15.76629586    00
Starlink-340 3008
1 03009U 00000ABC 00001.00000000  .00000000  00000-0  00000+0 0    05
2 03009  53.0000 202.5000 0000001   0.0000 126.0000 15.76629586    06
Starlink-340 3009
1 03010U 00000ABC 00001.00000000  .00000000  00000-0  00000+0 0    07
2 03010  53.0000 202.5000 0000001   0.0000 129.2727 15.76629586    09
Starlink-340 3010
1 03011U 00000ABC 00001.00000000  .00000000  00000-0  00000+0 0    08
2 03011  53.0000 202.5000 0000001   0.0000 132.5455 15.76629586    05
Starlink-340 3011
1 03012U 00000ABC 00001.00000000  .00000000  00000-0  00000+0 0    09
2 03012  53.0000 202.5000 0000001   0.0000 135.8182 15.76629586    09
Starlink-340 3012
1 03013U 00000ABC 00001.00000000  .00000000  00000-0  00000+0 0    00
2 03013  53.0000 202.5000 0000001   0.0000 139.0909 15.76629586    03
Starlink-340 3013
1 03014U 00000ABC 00001.00000000  .00000000  00000-0  00000+0 0    01
2 03014  53.0000 202.5000 0000001   0.0000 142.3636 15.76629586    08
Starlink-340 3014
1 03015U 00000ABC 00001.00000000  .00000000  00000-0  00000+0 0    02
2 03015  53.0000 202.5000 0000001   0.0000 145.6364 15.76629586    03
Starlink-340 3015
1 03016U 00000ABC 00001.00000000  .00000000  00000-0  00000+0 0    03
2 03016  53.0000 202.5000 0000001   0.0000 148.9091 15.76629586    07
Starlink-340 3016
1 03017U 00000ABC 00001.00000000  .00000000  00000-0  00000+0 0    04
2 03017  53.0000 202.5000 0000001   0.0000 152.1818 15.76629586    02
Starlink-340 3017
1 03018U 00000ABC 00001.00000000  .00000000  00000-0  00000+0 0    05
2 03018  53.0000 202.5000 0000001   0.0000 155.4545 15.76629586    06
Starlink-340 3018
1 03019U 00000ABC 00001.00000000  .00000000  00000-0  00000+0 0    06
2 03019  53.0000 202.5000 0000001   0.0000 158.7273 15.76629586    01
Starlink-340 3019
1 03020U 00000ABC 00001.00000000  .00000000  00000-0  00000+0 0    08
2 03020  53.0000 202.5000 0000001   0.0000 162.0000 15.76629586    09
Starlink-340 3020
1 03021U 00000ABC 00001.00000000  .00000000  00000-0  00000+0 0    09
2 03021  53.0000 202.5000 0000001   0.0000 165.2727 15.76629586    01
Starlink-340 3021
1 03022U 00000ABC 00001.00000000  .00000000  00000-0  00000+0 0    00
2 03022  53.0000 202.5000 0000001   0.0000 168.5455 15.76629586    06
Starlink-340 3022
1 03023U 00000ABC 00001.00000000  .00000000  00000-0  00000+0 0    01
2 03023  53.0000 202.5000 0000001   0.0000 171.8182 15.76629586    01
Starlink-340 3023
1 03024U 00000ABC 00001.00000000  .00000000  00000-0  00000+0 0    02
2 03024  53.0000 202.5000 0000001   0.0000 175.0909 15.76629586    05
Starlink-340 3024
1 03025U 00000ABC 00001.00000000  .00000000  00000-0  00000+0 0    03
2 03025  53.0000 202.5000 0000001   0.0000 178.3636 15.76629586    09
Starlink-340 3025
1 03026U 00000ABC 00001.00000000  .00000000  00000-0  00000+0 0    04
2 03026  53.0000 202.5000 0000001   0.0000 181.6364 15.76629586    05
Starlink-340 3026
1 03027U 00000ABC 00001.00000000  .00000000  00000-0  00000+0 0    05
2 03027  53.0000 202.5000 0000001   0.0000 184.9091 15.76629586    09
Starlink-340 3027
1 03028U 00000ABC 00001.00000000  .00000000  00000-0  00000+0 0    06
2 03028  53.0000 202.5000 0000001   0.0000 188.1818 15.76629586    03
Starlink-340 3028
1 03029U 00000ABC 00001.00000000  .00000000  00000-0  00000+0 0    07
2 03029  53.0000 202.5000 0000001   0.0000 191.4545 15.76629586    08
Starlink-340 3029
1 03030U 00000ABC 00001.00000000  .00000000  00000-0  00000+0 0    09
2 03030  53.0000 202.5000 0000001   0.0000 194.7273 15.76629586    04
Starlink-340 3030
1 03031U 00000ABC 00001.00000000  .00000000  00000-0  00000+0 0    00
2 03031  53.0000 202.5000 0000001   0.0000 198.0000 15.76629586    00
Starlink-340 3031
1 03032U 00000ABC 00001.00000000  .00000000  00000-0  00000+0 0    01
2 03032  53.0000 202.5000 0000001   0.0000 201.2727 15.76629586    04
Starlink-340 3032
1 03033U 00000ABC 00001.00000000  .00000000  00000-0  00000+0 0    02
2 03033  53.0000 202.5000 0000001   0.0000 204.5455 15.76629586    09
Starlink-340 3033
1 03034U 00000ABC 00001.00000000  .00000000  00000-0  00000+0 0    03
2 03034  53.0000 202.5000 0000001   0.0000 207.8182 15.76629586    03
Starlink-340 3034
1 03035U 00000ABC 00001.00000000  .00000000  00000-0  00000+0 0    04
2 03035  53.0000 202.5000 0000001   0.0000 211.0909 15.76629586    08
Starlink-340 3035
1 03036U 00000ABC 00001.00000000  .00000000  00000-0  00000+0 0    05
2 03036  53.0000 202.5000 0000001   0.0000 214.3636 15.76629586    02
Starlink-340 3036
1 03037U 00000ABC 00001.00000000  .00000000  00000-0  00000+0 0    06
2 03037  53.0000 202.5000 0000001   0.0000 217.6364 15.76629586    07
Starlink-340 3037
1 03038U 00000ABC 00001.00000000  .00000000  00000-0  00000+0 0    07
2 03038  53.0000 202.5000 0000001   0.0000 220.9091 15.76629586    02
Starlink-340 3038
1 03039U 00000ABC 00001.00000000  .00000000  00000-0  00000+0 0    08
2 03039  53.0000 202.5000 0000001   0.0000 224.1818 15.76629586    06
Starlink-340 3039
1 03040U 00000ABC 00001.00000000  .00000000  00000-0  00000+0 0    00
2 03040  53.0000 202.5000 0000001   0.0000 227.4545 15.76629586    01
Starlink-340 3040
1 03041U 00000ABC 00001.00000000  .00000000  00000-0  00000+0 0    01
2 03041  53.0000 202.5000 0000001   0.0000 230.7273 15.76629586    07
Starlink-340 3041
1 03042U 00000ABC 00001.00000000  .00000000  00000-0  00000+0 0    02
2 03042  53.0000 202.5000 0000001   0.0000 234.0000 15.76629586    03
Starlink-340 3042
1 03043U 00000ABC 00001.00000000  .00000000  00000-0  00000+0 0    03
2 03043  53.0000 202.5000 0000001   0.0000 237.2727 15.76629586    05
Starlink-340 3043
1 03044U 00000ABC 00001.00000000  .00000000  00000-0  00000+0 0    04
2 03044  53.0000 202.5000 0000001   0.0000 240.5455 15.76629586    01
Starlink-340 3044
1 03045U 00000ABC 00001.00000000  .00000000  00000-0  00000+0 0    05
2 03045  53.0000 202.5000 0000001   0.0000 243.8182 15.76629586    05
Starlink-340 3045
1 03046U 00000ABC 00001.00000000  .00000000  00000-0  00000+0 0    06
2 03046  53.0000 202.5000 0000001   0.0000 247.0909 15.76629586    09
Starlink-340 3046
1 03047U 00000ABC 00001.00000000  .00000000  00000-0  00000+0 0    07
2 03047  53.0000 202.5000 0000001   0.0000 250.3636 15.76629586    04
Starlink-340 3047
1 03048U 00000ABC 00001.00000000  .00000000  00000-0  00000+0 0    08
2 03048  53.0000 202.5000 0000001   0.0000 253.6364 15.76629586    09
Starlink-340 3048
1 03049U 00000ABC 00001.00000000  .00000000  00000-0  00000+0 0    09
2 03049  53.0000 202.5000 0000001   0.0000 256.9091 15.76629586    03
Starlink-340 3049
1 03050U 00000ABC 00001.00000000  .00000000  00000-0  00000+0 0    01
2 03050  53.0000 202.5000 0000001   0.0000 260.1818 15.76629586    09
Starlink-340 3050
1 03051U 00000ABC 00001.00000000  .00000000  00000-0  00000+0 0    02
2 03051  53.0000 202.5000 0000001   0.0000 263.4545 15.76629586    03
Starlink-340 3051
1 03052U 00000ABC 00001.00000000  .00000000  00000-0  00000+0 0    03
2 03052  53.0000 202.5000 0000001   0.0000 266.7273 15.76629586    08
Starlink-340 3052
1 03053U 00000ABC 00001.00000000  .00000000  00000-0  00000+0 0    04
2 03053  53.0000 202.5000 0000001   0.0000 270.0000 15.76629586    05
Starlink-340 3053
1 03054U 00000ABC 00001.00000000  .00000000  00000-0  00000+0 0    05
2 03054  53.0000 202.5000 0000001   0.0000 273.2727 15.76629586    07
Starlink-340 3054
1 03055U 00000ABC 00001.00000000  .00000000  00000-0  00000+0 0    06
2 03055  53.0000 202.5000 0000001   0.0000 276.5455 15.76629586    02
Starlink-340 3055
1 03056U 00000ABC 00001.00000000  .00000000  00000-0  00000+0 0    07
2 03056  53.0000 202.5000 0000001   0.0000 279.8182 15.76629586    06
Starlink-340 3056
1 03057U 00000ABC 00001.00000000  .00000000  00000-0  00000+0 0    08
2 03057  53.0000 202.5000 0000001   0.0000 283.0909 15.76629586    01
Starlink-340 3057
1 03058U 00000ABC 00001.00000000  .00000000  00000-0  00000+0 0    09
2 03058  53.0000 202.5000 0000001   0.0000 286.3636 15.76629586    05
Starlink-340 3058
1 03059U 00000ABC 00001.00000000  .00000000  00000-0  00000+0 0    00
2 03059  53.0000 202.5000 0000001   0.0000 289.6364 15.76629586    00
Starlink-340 3059
1 03060U 00000ABC 00001.00000000  .00000000  00000-0  00000+0 0    02
2 03060  53.0000 202.5000 0000001   0.0000 292.9091 15.76629586    06
Starlink-340 3060
1 03061U 00000ABC 00001.00000000  .00000000  00000-0  00000+0 0    03
2 03061  53.0000 202.5000 0000001   0.0000 296.1818 15.76629586    00
Starlink-340 3061
1 03062U 00000ABC 00001.00000000  .00000000  00000-0  00000+0 0    04
2 03062  53.0000 202.5000 0000001   0.0000 299.4545 15.76629586    04
Starlink-340 3062
1 03063U 00000ABC 00001.00000000  .00000000  00000-0  00000+0 0    05
2 03063  53.0000 202.5000 0000001   0.0000 302.7273 15.76629586    01
Starlink-340 3063
1 03064U 00000ABC 00001.00000000  .00000000  00000-0  00000+0 0    06
2 03064  53.0000 202.5000 0000001   0.0000 306.0000 15.76629586    07
Starlink-340 3064
1 03065U 00000ABC 00001.00000000  .00000000  00000-0  00000+0 0    07
2 03065  53.0000 202.5000 0000001   0.0000 309.2727 15.76629586    09
Starlink-340 3065
1 03066U 00000ABC 00001.00000000  .00000000  00000-0  00000+0 0    08
2 03066  53.0000 202.5000 0000001   0.0000 312.5455 15.76629586    05
Starlink-340 3066
1 03067U 00000ABC 00001.00000000  .00000000  00000-0  00000+0 0    09
2 03067  53.0000 202.5000 0000001   0.0000 315.8182 15.76629586    09
Starlink-340 3067
1 03068U 00000ABC 00001.00000000  .00000000  00000-0  00000+0 0    00
2 03068  53.0000 202.5000 0000001   0.0000 319.0909 15.76629586    03
Starlink-340 3068
1 03069U 00000ABC 00001.00000000  .00000000  00000-0  00000+0 0    01
2 03069  53.0000 202.5000 0000001   0.0000 322.3636 15.76629586    08
Starlink-340 3069
1 03070U 00000ABC 00001.00000000  .00000000  00000-0  00000+0 0    03
2 03070  53.0000 202.5000 0000001   0.0000 325.6364 15.76629586    04
Starlink-340 3070
1 03071U 00000ABC 00001.00000000  .00000000  00000-0  00000+0 0    04
2 03071  53.0000 202.5000 0000001   0.0000 328.9091 15.76629586    08
Starlink-340 3071
1 03072U 00000ABC 00001.00000000  .00000000  00000-0  00000+0 0    05
2 03072  53.0000 202.5000 0000001   0.0000 332.1818 15.76629586    03
Starlink-340 3072
1 03073U 00000ABC 00001.00000000  .00000000  00000-0  00000+0 0    06
2 03073  53.0000 202.5000 0000001   0.0000 335.4545 15.76629586    07
Starlink-340 3073
1 03074U 00000ABC 00001.00000000  .00000000  00000-0  00000+0 0    07
2 03074  53.0000 202.5000 0000001   0.0000 338.7273 15.76629586    02
Starlink-340 3074
1 03075U 00000ABC 00001.00000000  .00000000  00000-0  00000+0 0    08
2 03075  53.0000 202.5000 0000001   0.0000 342.0000 15.76629586    09
Starlink-340 3075
1 03076U 00000ABC 00001.00000000  .00000000  00000-0  00000+0 0    09
2 03076  53.0000 202.5000 0000001   0.0000 345.2727 15.76629586    01
Starlink-340 3076
1 03077U 00000ABC 00001.00000000  .00000000  00000-0  00000+0 0    00
2 03077  53.0000 202.5000 0000001   0.0000 348.5455 15.76629586    06
Starlink-340 3077
1 03078U 00000ABC 00001.00000000  .00000000  00000-0  00000+0 0    01
2 03078  53.0000 202.5000 0000001   0.0000 351.8182 15.76629586    01
Starlink-340 3078
1 03079U 00000ABC 00001.00000000  .00000000  00000-0  00000+0 0    02
2 03079  53.0000 202.5000 0000001   0.0000 355.0909 15.76629586    05
Starlink-340 3079
1 03080U 00000ABC 00001.00000000  .00000000  00000-0  00000+0 0    04
2 03080  53.0000 202.5000 0000001   0.0000 358.3636 15.76629586    00
Starlink-340 3080
1 03081U 00000ABC 00001.00000000  .00000000  00000-0  00000+0 0    05
2 03081  53.0000 210.0000 0000001   0.0000   0.0000 15.76629586    01
Starlink-340 3081
1 03082U 00000ABC 00001.00000000  .00000000  00000-0  00000+0 0    06
2 03082  53.0000 210.0000 0000001   0.0000   3.2727 15.76629586    03
Starlink-340 3082
1 03083U 00000ABC 00001.00000000  .00000000  00000-0  00000+0 0    07
2 03083  53.0000 210.0000 0000001   0.0000   6.5455 15.76629586    08
Starlink-340 3083
1 03084U 00000ABC 00001.00000000  .00000000  00000-0  00000+0 0    08
2 03084  53.0000 210.0000 0000001   0.0000   9.8182 15.76629586    02
Starlink-340 3084
1 03085U 00000ABC 00001.00000000  .00000000  00000-0  00000+0 0    09
2 03085  53.0000 210.0000 0000001   0.0000  13.0909 15.76629586    07
Starlink-340 3085
1 03086U 00000ABC 00001.00000000  .00000000  00000-0  00000+0 0    00
2 03086  53.0000 210.0000 0000001   0.0000  16.3636 15.76629586    01
Starlink-340 3086
1 03087U 00000ABC 00001.00000000  .00000000  00000-0  00000+0 0    01
2 03087  53.0000 210.0000 0000001   0.0000  19.6364 15.76629586    06
Starlink-340 3087
1 03088U 00000ABC 00001.00000000  .00000000  00000-0  00000+0 0    02
2 03088  53.0000 210.0000 0000001   0.0000  22.9091 15.76629586    01
Starlink-340 3088
1 03089U 00000ABC 00001.00000000  .00000000  00000-0  00000+0 0    03
2 03089  53.0000 210.0000 0000001   0.0000  26.1818 15.76629586    05
Starlink-340 3089
1 03090U 00000ABC 00001.00000000  .00000000  00000-0  00000+0 0    05
2 03090  53.0000 210.0000 0000001   0.0000  29.4545 15.76629586    00
Starlink-340 3090
1 03091U 00000ABC 00001.00000000  .00000000  00000-0  00000+0 0    06
2 03091  53.0000 210.0000 0000001   0.0000  32.7273 15.76629586    06
Starlink-340 3091
1 03092U 00000ABC 00001.00000000  .00000000  00000-0  00000+0 0    07
2 03092  53.0000 210.0000 0000001   0.0000  36.0000 15.76629586    02
Starlink-340 3092
1 03093U 00000ABC 00001.00000000  .00000000  00000-0  00000+0 0    08
2 03093  53.0000 210.0000 0000001   0.0000  39.2727 15.76629586    04
Starlink-340 3093
1 03094U 00000ABC 00001.00000000  .00000000  00000-0  00000+0 0    09
2 03094  53.0000 210.0000 0000001   0.0000  42.5455 15.76629586    00
Starlink-340 3094
1 03095U 00000ABC 00001.00000000  .00000000  00000-0  00000+0 0    00
2 03095  53.0000 210.0000 0000001   0.0000  45.8182 15.76629586    04
Starlink-340 3095
1 03096U 00000ABC 00001.00000000  .00000000  00000-0  00000+0 0    01
2 03096  53.0000 210.0000 0000001   0.0000  49.0909 15.76629586    08
Starlink-340 3096
1 03097U 00000ABC 00001.00000000  .00000000  00000-0  00000+0 0    02
2 03097  53.0000 210.0000 0000001   0.0000  52.3636 15.76629586    03
Starlink-340 3097
1 03098U 00000ABC 00001.00000000  .00000000  00000-0  00000+0 0    03
2 03098  53.0000 210.0000 0000001   0.0000  55.6364 15.76629586    08
Starlink-340 3098
1 03099U 00000ABC 00001.00000000  .00000000  00000-0  00000+0 0    04
2 03099  53.0000 210.0000 0000001   0.0000  58.9091 15.76629586    02
Starlink-340 3099
1 03100U 00000ABC 00001.00000000  .00000000  00000-0  00000+0 0    07
2 03100  53.0000 210.0000 0000001   0.0000  62.1818 15.76629586    09
Starlink-340 3100
1 03101U 00000ABC 00001.00000000  .00000000  00000-0  00000+0 0    08
2 03101  53.0000 210.0000 0000001   0.0000  65.4545 15.76629586    03
Starlink-340 3101
1 03102U 00000ABC 00001.00000000  .00000000  00000-0  00000+0 0    09
2 03102  53.0000 210.0000 0000001   0.0000  68.7273 15.76629586    08
Starlink-340 3102
1 03103U 00000ABC 00001.00000000  .00000000  00000-0  00000+0 0    00
2 03103  53.0000 210.0000 0000001   0.0000  72.0000 15.76629586    05
Starlink-340 3103
1 03104U 00000ABC 00001.00000000  .00000000  00000-0  00000+0 0    01
2 03104  53.0000 210.0000 0000001   0.0000  75.2727 15.76629586    07
Starlink-340 3104
1 03105U 00000ABC 00001.00000000  .00000000  00000-0  00000+0 0    02
2 03105  53.0000 210.0000 0000001   0.0000  78.5455 15.76629586    02
Starlink-340 3105
1 03106U 00000ABC 00001.00000000  .00000000  00000-0  00000+0 0    03
2 03106  53.0000 210.0000 0000001   0.0000  81.8182 15.76629586    07
Starlink-340 3106
1 03107U 00000ABC 00001.00000000  .00000000  00000-0  00000+0 0    04
2 03107  53.0000 210.0000 0000001   0.0000  85.0909 15.76629586    01
Starlink-340 3107
1 03108U 00000ABC 00001.00000000  .00000000  00000-0  00000+0 0    05
2 03108  53.0000 210.0000 0000001   0.0000  88.3636 15.76629586    05
Starlink-340 3108
1 03109U 00000ABC 00001.00000000  .00000000  00000-0  00000+0 0    06
2 03109  53.0000 210.0000 0000001   0.0000  91.6364 15.76629586    01
Starlink-340 3109
1 03110U 00000ABC 00001.00000000  .00000000  00000-0  00000+0 0    08
2 03110  53.0000 210.0000 0000001   0.0000  94.9091 15.76629586    06
Starlink-340 3110
1 03111U 00000ABC 00001.00000000  .00000000  00000-0  00000+0 0    09
2 03111  53.0000 210.0000 0000001   0.0000  98.1818 15.76629586    00
Starlink-340 3111
1 03112U 00000ABC 00001.00000000  .00000000  00000-0  00000+0 0    00
2 03112  53.0000 210.0000 0000001   0.0000 101.4545 15.76629586    06
Starlink-340 3112
1 03113U 00000ABC 00001.00000000  .00000000  00000-0  00000+0 0    01
2 03113  53.0000 210.0000 0000001   0.0000 104.7273 15.76629586    01
Starlink-340 3113
1 03114U 00000ABC 00001.00000000  .00000000  00000-0  00000+0 0    02
2 03114  53.0000 210.0000 0000001   0.0000 108.0000 15.76629586    07
Starlink-340 3114
1 03115U 00000ABC 00001.00000000  .00000000  00000-0  00000+0 0    03
2 03115  53.0000 210.0000 0000001   0.0000 111.2727 15.76629586    00
Starlink-340 3115
1 03116U 00000ABC 00001.00000000  .00000000  00000-0  00000+0 0    04
2 03116  53.0000 210.0000 0000001   0.0000 114.5455 15.76629586    05
Starlink-340 3116
1 03117U 00000ABC 00001.00000000  .00000000  00000-0  00000+0 0    05
2 03117  53.0000 210.0000 0000001   0.0000 117.8182 15.76629586    09
Starlink-340 3117
1 03118U 00000ABC 00001.00000000  .00000000  00000-0  00000+0 0    06
2 03118  53.0000 210.0000 0000001   0.0000 121.0909 15.76629586    04
Starlink-340 3118
1 03119U 00000ABC 00001.00000000  .00000000  00000-0  00000+0 0    07
2 03119  53.0000 210.0000 0000001   0.0000 124.3636 15.76629586    08
Starlink-340 3119
1 03120U 00000ABC 00001.00000000  .00000000  00000-0  00000+0 0    09
2 03120  53.0000 210.0000 0000001   0.0000 127.6364 15.76629586    04
Starlink-340 3120
1 03121U 00000ABC 00001.00000000  .00000000  00000-0  00000+0 0    00
2 03121  53.0000 210.0000 0000001   0.0000 130.9091 15.76629586    09
Starlink-340 3121
1 03122U 00000ABC 00001.00000000  .00000000  00000-0  00000+0 0    01
2 03122  53.0000 210.0000 0000001   0.0000 134.1818 15.76629586    03
Starlink-340 3122
1 03123U 00000ABC 00001.00000000  .00000000  00000-0  00000+0 0    02
2 03123  53.0000 210.0000 0000001   0.0000 137.4545 15.76629586    07
Starlink-340 3123
1 03124U 00000ABC 00001.00000000  .00000000  00000-0  00000+0 0    03
2 03124  53.0000 210.0000 0000001   0.0000 140.7273 15.76629586    03
Starlink-340 3124
1 03125U 00000ABC 00001.00000000  .00000000  00000-0  00000+0 0    04
2 03125  53.0000 210.0000 0000001   0.0000 144.0000 15.76629586    09
Starlink-340 3125
1 03126U 00000ABC 00001.00000000  .00000000  00000-0  00000+0 0    05
2 03126  53.0000 210.0000 0000001   0.0000 147.2727 15.76629586    01
Starlink-340 3126
1 03127U 00000ABC 00001.00000000  .00000000  00000-0  00000+0 0    06
2 03127  53.0000 210.0000 0000001   0.0000 150.5455 15.76629586    07
Starlink-340 3127
1 03128U 00000ABC 00001.00000000  .00000000  00000-0  00000+0 0    07
2 03128  53.0000 210.0000 0000001   0.0000 153.8182 15.76629586    01
Starlink-340 3128
1 03129U 00000ABC 00001.00000000  .00000000  00000-0  00000+0 0    08
2 03129  53.0000 210.0000 0000001   0.0000 157.0909 15.76629586    05
Starlink-340 3129
1 03130U 00000ABC 00001.00000000  .00000000  00000-0  00000+0 0    00
2 03130  53.0000 210.0000 0000001   0.0000 160.3636 15.76629586    01
Starlink-340 3130
1 03131U 00000ABC 00001.00000000  .00000000  00000-0  00000+0 0    01
2 03131  53.0000 210.0000 0000001   0.0000 163.6364 15.76629586    06
Starlink-340 3131
1 03132U 00000ABC 00001.00000000  .00000000  00000-0  00000+0 0    02
2 03132  53.0000 210.0000 0000001   0.0000 166.9091 15.76629586    00
Starlink-340 3132
1 03133U 00000ABC 00001.00000000  .00000000  00000-0  00000+0 0    03
2 03133  53.0000 210.0000 0000001   0.0000 170.1818 15.76629586    05
Starlink-340 3133
1 03134U 00000ABC 00001.00000000  .00000000  00000-0  00000+0 0    04
2 03134  53.0000 210.0000 0000001   0.0000 173.4545 15.76629586    09
Starlink-340 3134
1 03135U 00000ABC 00001.00000000  .00000000  00000-0  00000+0 0    05
2 03135  53.0000 210.0000 0000001   0.0000 176.7273 15.76629586    04
Starlink-340 3135
1 03136U 00000ABC 00001.00000000  .00000000  00000-0  00000+0 0    06
2 03136  53.0000 210.0000 0000001   0.0000 180.0000 15.76629586    01
Starlink-340 3136
1 03137U 00000ABC 00001.00000000  .00000000  00000-0  00000+0 0    07
2 03137  53.0000 210.0000 0000001   0.0000 183.2727 15.76629586    03
Starlink-340 3137
1 03138U 00000ABC 00001.00000000  .00000000  00000-0  00000+0 0    08
2 03138  53.0000 210.0000 0000001   0.0000 186.5455 15.76629586    08
Starlink-340 3138
1 03139U 00000ABC 00001.00000000  .00000000  00000-0  00000+0 0    09
2 03139  53.0000 210.0000 0000001   0.0000 189.8182 15.76629586    02
Starlink-340 3139
1 03140U 00000ABC 00001.00000000  .00000000  00000-0  00000+0 0    01
2 03140  53.0000 210.0000 0000001   0.0000 193.0909 15.76629586    08
Starlink-340 3140
1 03141U 00000ABC 00001.00000000  .00000000  00000-0  00000+0 0    02
2 03141  53.0000 210.0000 0000001   0.0000 196.3636 15.76629586    02
Starlink-340 3141
1 03142U 00000ABC 00001.00000000  .00000000  00000-0  00000+0 0    03
2 03142  53.0000 210.0000 0000001   0.0000 199.6364 15.76629586    07
Starlink-340 3142
1 03143U 00000ABC 00001.00000000  .00000000  00000-0  00000+0 0    04
2 03143  53.0000 210.0000 0000001   0.0000 202.9091 15.76629586    03
Starlink-340 3143
1 03144U 00000ABC 00001.00000000  .00000000  00000-0  00000+0 0    05
2 03144  53.0000 210.0000 0000001   0.0000 206.1818 15.76629586    07
Starlink-340 3144
1 03145U 00000ABC 00001.00000000  .00000000  00000-0  00000+0 0    06
2 03145  53.0000 210.0000 0000001   0.0000 209.4545 15.76629586    01
Starlink-340 3145
1 03146U 00000ABC 00001.00000000  .00000000  00000-0  00000+0 0    07
2 03146  53.0000 210.0000 0000001   0.0000 212.7273 15.76629586    07
Starlink-340 3146
1 03147U 00000ABC 00001.00000000  .00000000  00000-0  00000+0 0    08
2 03147  53.0000 210.0000 0000001   0.0000 216.0000 15.76629586    03
Starlink-340 3147
1 03148U 00000ABC 00001.00000000  .00000000  00000-0  00000+0 0    09
2 03148  53.0000 210.0000 0000001   0.0000 219.2727 15.76629586    05
Starlink-340 3148
1 03149U 00000ABC 00001.00000000  .00000000  00000-0  00000+0 0    00
2 03149  53.0000 210.0000 0000001   0.0000 222.5455 15.76629586    01
Starlink-340 3149
1 03150U 00000ABC 00001.00000000  .00000000  00000-0  00000+0 0    02
2 03150  53.0000 210.0000 0000001   0.0000 225.8182 15.76629586    06
Starlink-340 3150
1 03151U 00000ABC 00001.00000000  .00000000  00000-0  00000+0 0    03
2 03151  53.0000 210.0000 0000001   0.0000 229.0909 15.76629586    00
Starlink-340 3151
1 03152U 00000ABC 00001.00000000  .00000000  00000-0  00000+0 0    04
2 03152  53.0000 210.0000 0000001   0.0000 232.3636 15.76629586    05
Starlink-340 3152
1 03153U 00000ABC 00001.00000000  .00000000  00000-0  00000+0 0    05
2 03153  53.0000 210.0000 0000001   0.0000 235.6364 15.76629586    00
Starlink-340 3153
1 03154U 00000ABC 00001.00000000  .00000000  00000-0  00000+0 0    06
2 03154  53.0000 210.0000 0000001   0.0000 238.9091 15.76629586    04
Starlink-340 3154
1 03155U 00000ABC 00001.00000000  .00000000  00000-0  00000+0 0    07
2 03155  53.0000 210.0000 0000001   0.0000 242.1818 15.76629586    09
Starlink-340 3155
1 03156U 00000ABC 00001.00000000  .00000000  00000-0  00000+0 0    08
2 03156  53.0000 210.0000 0000001   0.0000 245.4545 15.76629586    03
Starlink-340 3156
1 03157U 00000ABC 00001.00000000  .00000000  00000-0  00000+0 0    09
2 03157  53.0000 210.0000 0000001   0.0000 248.7273 15.76629586    08
Starlink-340 3157
1 03158U 00000ABC 00001.00000000  .00000000  00000-0  00000+0 0    00
2 03158  53.0000 210.0000 0000001   0.0000 252.0000 15.76629586    05
Starlink-340 3158
1 03159U 00000ABC 00001.00000000  .00000000  00000-0  00000+0 0    01
2 03159  53.0000 210.0000 0000001   0.0000 255.2727 15.76629586    07
Starlink-340 3159
1 03160U 00000ABC 00001.00000000  .00000000  00000-0  00000+0 0    03
2 03160  53.0000 210.0000 0000001   0.0000 258.5455 15.76629586    03
Starlink-340 3160
1 03161U 00000ABC 00001.00000000  .00000000  00000-0  00000+0 0    04
2 03161  53.0000 210.0000 0000001   0.0000 261.8182 15.76629586    08
Starlink-340 3161
1 03162U 00000ABC 00001.00000000  .00000000  00000-0  00000+0 0    05
2 03162  53.0000 210.0000 0000001   0.0000 265.0909 15.76629586    02
Starlink-340 3162
1 03163U 00000ABC 00001.00000000  .00000000  00000-0  00000+0 0    06
2 03163  53.0000 210.0000 0000001   0.0000 268.3636 15.76629586    06
Starlink-340 3163
1 03164U 00000ABC 00001.00000000  .00000000  00000-0  00000+0 0    07
2 03164  53.0000 210.0000 0000001   0.0000 271.6364 15.76629586    02
Starlink-340 3164
1 03165U 00000ABC 00001.00000000  .00000000  00000-0  00000+0 0    08
2 03165  53.0000 210.0000 0000001   0.0000 274.9091 15.76629586    06
Starlink-340 3165
1 03166U 00000ABC 00001.00000000  .00000000  00000-0  00000+0 0    09
2 03166  53.0000 210.0000 0000001   0.0000 278.1818 15.76629586    00
Starlink-340 3166
1 03167U 00000ABC 00001.00000000  .00000000  00000-0  00000+0 0    00
2 03167  53.0000 210.0000 0000001   0.0000 281.4545 15.76629586    05
Starlink-340 3167
1 03168U 00000ABC 00001.00000000  .00000000  00000-0  00000+0 0    01
2 03168  53.0000 210.0000 0000001   0.0000 284.7273 15.76629586    00
Starlink-340 3168
1 03169U 00000ABC 00001.00000000  .00000000  00000-0  00000+0 0    02
2 03169  53.0000 210.0000 0000001   0.0000 288.0000 15.76629586    06
Starlink-340 3169
1 03170U 00000ABC 00001.00000000  .00000000  00000-0  00000+0 0    04
2 03170  53.0000 210.0000 0000001   0.0000 291.2727 15.76629586    00
Starlink-340 3170
1 03171U 00000ABC 00001.00000000  .00000000  00000-0  00000+0 0    05
2 03171  53.0000 210.0000 0000001   0.0000 294.5455 15.76629586    05
Starlink-340 3171
1 03172U 00000ABC 00001.00000000  .00000000  00000-0  00000+0 0    06
2 03172  53.0000 210.0000 0000001   0.0000 297.8182 15.76629586    09
Starlink-340 3172
1 03173U 00000ABC 00001.00000000  .00000000  00000-0  00000+0 0    07
2 03173  53.0000 210.0000 0000001   0.0000 301.0909 15.76629586    05
Starlink-340 3173
1 03174U 00000ABC 00001.00000000  .00000000  00000-0  00000+0 0    08
2 03174  53.0000 210.0000 0000001   0.0000 304.3636 15.76629586    09
Starlink-340 3174
1 03175U 00000ABC 00001.00000000  .00000000  00000-0  00000+0 0    09
2 03175  53.0000 210.0000 0000001   0.0000 307.6364 15.76629586    04
Starlink-340 3175
1 03176U 00000ABC 00001.00000000  .00000000  00000-0  00000+0 0    00
2 03176  53.0000 210.0000 0000001   0.0000 310.9091 15.76629586    09
Starlink-340 3176
1 03177U 00000ABC 00001.00000000  .00000000  00000-0  00000+0 0    01
2 03177  53.0000 210.0000 0000001   0.0000 314.1818 15.76629586    03
Starlink-340 3177
1 03178U 00000ABC 00001.00000000  .00000000  00000-0  00000+0 0    02
2 03178  53.0000 210.0000 0000001   0.0000 317.4545 15.76629586    07
Starlink-340 3178
1 03179U 00000ABC 00001.00000000  .00000000  00000-0  00000+0 0    03
2 03179  53.0000 210.0000 0000001   0.0000 320.7273 15.76629586    03
Starlink-340 3179
1 03180U 00000ABC 00001.00000000  .00000000  00000-0  00000+0 0    05
2 03180  53.0000 210.0000 0000001   0.0000 324.0000 15.76629586    00
Starlink-340 3180
1 03181U 00000ABC 00001.00000000  .00000000  00000-0  00000+0 0    06
2 03181  53.0000 210.0000 0000001   0.0000 327.2727 15.76629586    02
Starlink-340 3181
1 03182U 00000ABC 00001.00000000  .00000000  00000-0  00000+0 0    07
2 03182  53.0000 210.0000 0000001   0.0000 330.5455 15.76629586    08
Starlink-340 3182
1 03183U 00000ABC 00001.00000000  .00000000  00000-0  00000+0 0    08
2 03183  53.0000 210.0000 0000001   0.0000 333.8182 15.76629586    02
Starlink-340 3183
1 03184U 00000ABC 00001.00000000  .00000000  00000-0  00000+0 0    09
2 03184  53.0000 210.0000 0000001   0.0000 337.0909 15.76629586    06
Starlink-340 3184
1 03185U 00000ABC 00001.00000000  .00000000  00000-0  00000+0 0    00
2 03185  53.0000 210.0000 0000001   0.0000 340.3636 15.76629586    01
Starlink-340 3185
1 03186U 00000ABC 00001.00000000  .00000000  00000-0  00000+0 0    01
2 03186  53.0000 210.0000 0000001   0.0000 343.6364 15.76629586    06
Starlink-340 3186
1 03187U 00000ABC 00001.00000000  .00000000  00000-0  00000+0 0    02
2 03187  53.0000 210.0000 0000001   0.0000 346.9091 15.76629586    00
Starlink-340 3187
1 03188U 00000ABC 00001.00000000  .00000000  00000-0  00000+0 0    03
2 03188  53.0000 210.0000 0000001   0.0000 350.1818 15.76629586    05
Starlink-340 3188
1 03189U 00000ABC 00001.00000000  .00000000  00000-0  00000+0 0    04
2 03189  53.0000 210.0000 0000001   0.0000 353.4545 15.76629586    09
Starlink-340 3189
1 03190U 00000ABC 00001.00000000  .00000000  00000-0  00000+0 0    06
2 03190  53.0000 210.0000 0000001   0.0000 356.7273 15.76629586    05
Starlink-340 3190
1 03191U 00000ABC 00001.00000000  .00000000  00000-0  00000+0 0    07
2 03191  53.0000 217.5000 0000001   0.0000   1.6364 15.76629586    05
Starlink-340 3191
1 03192U 00000ABC 00001.00000000  .00000000  00000-0  00000+0 0    08
2 03192  53.0000 217.5000 0000001   0.0000   4.9091 15.76629586    09
Starlink-340 3192
1 03193U 00000ABC 00001.00000000  .00000000  00000-0  00000+0 0    09
2 03193  53.0000 217.5000 0000001   0.0000   8.1818 15.76629586    03
Starlink-340 3193
1 03194U 00000ABC 00001.00000000  .00000000  00000-0  00000+0 0    00
2 03194  53.0000 217.5000 0000001   0.0000  11.4545 15.76629586    08
Starlink-340 3194
1 03195U 00000ABC 00001.00000000  .00000000  00000-0  00000+0 0    01
2 03195  53.0000 217.5000 0000001   0.0000  14.7273 15.76629586    03
Starlink-340 3195
1 03196U 00000ABC 00001.00000000  .00000000  00000-0  00000+0 0    02
2 03196  53.0000 217.5000 0000001   0.0000  18.0000 15.76629586    09
Starlink-340 3196
1 03197U 00000ABC 00001.00000000  .00000000  00000-0  00000+0 0    03
2 03197  53.0000 217.5000 0000001   0.0000  21.2727 15.76629586    02
Starlink-340 3197
1 03198U 00000ABC 00001.00000000  .00000000  00000-0  00000+0 0    04
2 03198  53.0000 217.5000 0000001   0.0000  24.5455 15.76629586    07
Starlink-340 3198
1 03199U 00000ABC 00001.00000000  .00000000  00000-0  00000+0 0    05
2 03199  53.0000 217.5000 0000001   0.0000  27.8182 15.76629586    01
Starlink-340 3199
1 03200U 00000ABC 00001.00000000  .00000000  00000-0  00000+0 0    08
2 03200  53.0000 217.5000 0000001   0.0000  31.0909 15.76629586    08
Starlink-340 3200
1 03201U 00000ABC 00001.00000000  .00000000  00000-0  00000+0 0    09
2 03201  53.0000 217.5000 0000001   0.0000  34.3636 15.76629586    02
Starlink-340 3201
1 03202U 00000ABC 00001.00000000  .00000000  00000-0  00000+0 0    00
2 03202  53.0000 217.5000 0000001   0.0000  37.6364 15.76629586    07
Starlink-340 3202
1 03203U 00000ABC 00001.00000000  .00000000  00000-0  00000+0 0    01
2 03203  53.0000 217.5000 0000001   0.0000  40.9091 15.76629586    02
Starlink-340 3203
1 03204U 00000ABC 00001.00000000  .00000000  00000-0  00000+0 0    02
2 03204  53.0000 217.5000 0000001   0.0000  44.1818 15.76629586    06
Starlink-340 3204
1 03205U 00000ABC 00001.00000000  .00000000  00000-0  00000+0 0    03
2 03205  53.0000 217.5000 0000001   0.0000  47.4545 15.76629586    00
Starlink-340 3205
1 03206U 00000ABC 00001.00000000  .00000000  00000-0  00000+0 0    04
2 03206  53.0000 217.5000 0000001   0.0000  50.7273 15.76629586    06
Starlink-340 3206
1 03207U 00000ABC 00001.00000000  .00000000  00000-0  00000+0 0    05
2 03207  53.0000 217.5000 0000001   0.0000  54.0000 15.76629586    02
Starlink-340 3207
1 03208U 00000ABC 00001.00000000  .00000000  00000-0  00000+0 0    06
2 03208  53.0000 217.5000 0000001   0.0000  57.2727 15.76629586    04
Starlink-340 3208
1 03209U 00000ABC 00001.00000000  .00000000  00000-0  00000+0 0    07
2 03209  53.0000 217.5000 0000001   0.0000  60.5455 15.76629586    00
Starlink-340 3209
1 03210U 00000ABC 00001.00000000  .00000000  00000-0  00000+0 0    09
2 03210  53.0000 217.5000 0000001   0.0000  63.8182 15.76629586    05
Starlink-340 3210
1 03211U 00000ABC 00001.00000000  .00000000  00000-0  00000+0 0    00
2 03211  53.0000 217.5000 0000001   0.0000  67.0909 15.76629586    09
Starlink-340 3211
1 03212U 00000ABC 00001.00000000  .00000000  00000-0  00000+0 0    01
2 03212  53.0000 217.5000 0000001   0.0000  70.3636 15.76629586    04
Starlink-340 3212
1 03213U 00000ABC 00001.00000000  .00000000  00000-0  00000+0 0    02
2 03213  53.0000 217.5000 0000001   0.0000  73.6364 15.76629586    09
Starlink-340 3213
1 03214U 00000ABC 00001.00000000  .00000000  00000-0  00000+0 0    03
2 03214  53.0000 217.5000 0000001   0.0000  76.9091 15.76629586    03
Starlink-340 3214
1 03215U 00000ABC 00001.00000000  .00000000  00000-0  00000+0 0    04
2 03215  53.0000 217.5000 0000001   0.0000  80.1818 15.76629586    08
Starlink-340 3215
1 03216U 00000ABC 00001.00000000  .00000000  00000-0  00000+0 0    05
2 03216  53.0000 217.5000 0000001   0.0000  83.4545 15.76629586    02
Starlink-340 3216
1 03217U 00000ABC 00001.00000000  .00000000  00000-0  00000+0 0    06
2 03217  53.0000 217.5000 0000001   0.0000  86.7273 15.76629586    07
Starlink-340 3217
1 03218U 00000ABC 00001.00000000  .00000000  00000-0  00000+0 0    07
2 03218  53.0000 217.5000 0000001   0.0000  90.0000 15.76629586    04
Starlink-340 3218
1 03219U 00000ABC 00001.00000000  .00000000  00000-0  00000+0 0    08
2 03219  53.0000 217.5000 0000001   0.0000  93.2727 15.76629586    06
Starlink-340 3219
1 03220U 00000ABC 00001.00000000  .00000000  00000-0  00000+0 0    00
2 03220  53.0000 217.5000 0000001   0.0000  96.5455 15.76629586    02
Starlink-340 3220
1 03221U 00000ABC 00001.00000000  .00000000  00000-0  00000+0 0    01
2 03221  53.0000 217.5000 0000001   0.0000  99.8182 15.76629586    06
Starlink-340 3221
1 03222U 00000ABC 00001.00000000  .00000000  00000-0  00000+0 0    02
2 03222  53.0000 217.5000 0000001   0.0000 103.0909 15.76629586    02
Starlink-340 3222
1 03223U 00000ABC 00001.00000000  .00000000  00000-0  00000+0 0    03
2 03223  53.0000 217.5000 0000001   0.0000 106.3636 15.76629586    06
Starlink-340 3223
1 03224U 00000ABC 00001.00000000  .00000000  00000-0  00000+0 0    04
2 03224  53.0000 217.5000 0000001   0.0000 109.6364 15.76629586    01
Starlink-340 3224
1 03225U 00000ABC 00001.00000000  .00000000  00000-0  00000+0 0    05
2 03225  53.0000 217.5000 0000001   0.0000 112.9091 15.76629586    06
Starlink-340 3225
1 03226U 00000ABC 00001.00000000  .00000000  00000-0  00000+0 0    06
2 03226  53.0000 217.5000 0000001   0.0000 116.1818 15.76629586    00
Starlink-340 3226
1 03227U 00000ABC 00001.00000000  .00000000  00000-0  00000+0 0    07
2 03227  53.0000 217.5000 0000001   0.0000 119.4545 15.76629586    04
Starlink-340 3227
1 03228U 00000ABC 00001.00000000  .00000000  00000-0  00000+0 0    08
2 03228  53.0000 217.5000 0000001   0.0000 122.7273 15.76629586    00
Starlink-340 3228
1 03229U 00000ABC 00001.00000000  .00000000  00000-0  00000+0 0    09
2 03229  53.0000 217.5000 0000001   0.0000 126.0000 15.76629586    06
Starlink-340 3229
1 03230U 00000ABC 00001.00000000  .00000000  00000-0  00000+0 0    01
2 03230  53.0000 217.5000 0000001   0.0000 129.2727 15.76629586    09
Starlink-340 3230
1 03231U 00000ABC 00001.00000000  .00000000  00000-0  00000+0 0    02
2 03231  53.0000 217.5000 0000001   0.0000 132.5455 15.76629586    05
Starlink-340 3231
1 03232U 00000ABC 00001.00000000  .00000000  00000-0  00000+0 0    03
2 03232  53.0000 217.5000 0000001   0.0000 135.8182 15.76629586    09
Starlink-340 3232
1 03233U 00000ABC 00001.00000000  .00000000  00000-0  00000+0 0    04
2 03233  53.0000 217.5000 0000001   0.0000 139.0909 15.76629586    03
Starlink-340 3233
1 03234U 00000ABC 00001.00000000  .00000000  00000-0  00000+0 0    05
2 03234  53.0000 217.5000 0000001   0.0000 142.3636 15.76629586    08
Starlink-340 3234
1 03235U 00000ABC 00001.00000000  .00000000  00000-0  00000+0 0    06
2 03235  53.0000 217.5000 0000001   0.0000 145.6364 15.76629586    03
Starlink-340 3235
1 03236U 00000ABC 00001.00000000  .00000000  00000-0  00000+0 0    07
2 03236  53.0000 217.5000 0000001   0.0000 148.9091 15.76629586    07
Starlink-340 3236
1 03237U 00000ABC 00001.00000000  .00000000  00000-0  00000+0 0    08
2 03237  53.0000 217.5000 0000001   0.0000 152.1818 15.76629586    02
Starlink-340 3237
1 03238U 00000ABC 00001.00000000  .00000000  00000-0  00000+0 0    09
2 03238  53.0000 217.5000 0000001   0.0000 155.4545 15.76629586    06
Starlink-340 3238
1 03239U 00000ABC 00001.00000000  .00000000  00000-0  00000+0 0    00
2 03239  53.0000 217.5000 0000001   0.0000 158.7273 15.76629586    01
Starlink-340 3239
1 03240U 00000ABC 00001.00000000  .00000000  00000-0  00000+0 0    02
2 03240  53.0000 217.5000 0000001   0.0000 162.0000 15.76629586    09
Starlink-340 3240
1 03241U 00000ABC 00001.00000000  .00000000  00000-0  00000+0 0    03
2 03241  53.0000 217.5000 0000001   0.0000 165.2727 15.76629586    01
Starlink-340 3241
1 03242U 00000ABC 00001.00000000  .00000000  00000-0  00000+0 0    04
2 03242  53.0000 217.5000 0000001   0.0000 168.5455 15.76629586    06
Starlink-340 3242
1 03243U 00000ABC 00001.00000000  .00000000  00000-0  00000+0 0    05
2 03243  53.0000 217.5000 0000001   0.0000 171.8182 15.76629586    01
Starlink-340 3243
1 03244U 00000ABC 00001.00000000  .00000000  00000-0  00000+0 0    06
2 03244  53.0000 217.5000 0000001   0.0000 175.0909 15.76629586    05
Starlink-340 3244
1 03245U 00000ABC 00001.00000000  .00000000  00000-0  00000+0 0    07
2 03245  53.0000 217.5000 0000001   0.0000 178.3636 15.76629586    09
Starlink-340 3245
1 03246U 00000ABC 00001.00000000  .00000000  00000-0  00000+0 0    08
2 03246  53.0000 217.5000 0000001   0.0000 181.6364 15.76629586    05
Starlink-340 3246
1 03247U 00000ABC 00001.00000000  .00000000  00000-0  00000+0 0    09
2 03247  53.0000 217.5000 0000001   0.0000 184.9091 15.76629586    09
Starlink-340 3247
1 03248U 00000ABC 00001.00000000  .00000000  00000-0  00000+0 0    00
2 03248  53.0000 217.5000 0000001   0.0000 188.1818 15.76629586    03
Starlink-340 3248
1 03249U 00000ABC 00001.00000000  .00000000  00000-0  00000+0 0    01
2 03249  53.0000 217.5000 0000001   0.0000 191.4545 15.76629586    08
Starlink-340 3249
1 03250U 00000ABC 00001.00000000  .00000000  00000-0  00000+0 0    03
2 03250  53.0000 217.5000 0000001   0.0000 194.7273 15.76629586    04
Starlink-340 3250
1 03251U 00000ABC 00001.00000000  .00000000  00000-0  00000+0 0    04
2 03251  53.0000 217.5000 0000001   0.0000 198.0000 15.76629586    00
Starlink-340 3251
1 03252U 00000ABC 00001.00000000  .00000000  00000-0  00000+0 0    05
2 03252  53.0000 217.5000 0000001   0.0000 201.2727 15.76629586    04
Starlink-340 3252
1 03253U 00000ABC 00001.00000000  .00000000  00000-0  00000+0 0    06
2 03253  53.0000 217.5000 0000001   0.0000 204.5455 15.76629586    09
Starlink-340 3253
1 03254U 00000ABC 00001.00000000  .00000000  00000-0  00000+0 0    07
2 03254  53.0000 217.5000 0000001   0.0000 207.8182 15.76629586    03
Starlink-340 3254
1 03255U 00000ABC 00001.00000000  .00000000  00000-0  00000+0 0    08
2 03255  53.0000 217.5000 0000001   0.0000 211.0909 15.76629586    08
Starlink-340 3255
1 03256U 00000ABC 00001.00000000  .00000000  00000-0  00000+0 0    09
2 03256  53.0000 217.5000 0000001   0.0000 214.3636 15.76629586    02
Starlink-340 3256
1 03257U 00000ABC 00001.00000000  .00000000  00000-0  00000+0 0    00
2 03257  53.0000 217.5000 0000001   0.0000 217.6364 15.76629586    07
Starlink-340 3257
1 03258U 00000ABC 00001.00000000  .00000000  00000-0  00000+0 0    01
2 03258  53.0000 217.5000 0000001   0.0000 220.9091 15.76629586    02
Starlink-340 3258
1 03259U 00000ABC 00001.00000000  .00000000  00000-0  00000+0 0    02
2 03259  53.0000 217.5000 0000001   0.0000 224.1818 15.76629586    06
Starlink-340 3259
1 03260U 00000ABC 00001.00000000  .00000000  00000-0  00000+0 0    04
2 03260  53.0000 217.5000 0000001   0.0000 227.4545 15.76629586    01
Starlink-340 3260
1 03261U 00000ABC 00001.00000000  .00000000  00000-0  00000+0 0    05
2 03261  53.0000 217.5000 0000001   0.0000 230.7273 15.76629586    07
Starlink-340 3261
1 03262U 00000ABC 00001.00000000  .00000000  00000-0  00000+0 0    06
2 03262  53.0000 217.5000 0000001   0.0000 234.0000 15.76629586    03
Starlink-340 3262
1 03263U 00000ABC 00001.00000000  .00000000  00000-0  00000+0 0    07
2 03263  53.0000 217.5000 0000001   0.0000 237.2727 15.76629586    05
Starlink-340 3263
1 03264U 00000ABC 00001.00000000  .00000000  00000-0  00000+0 0    08
2 03264  53.0000 217.5000 0000001   0.0000 240.5455 15.76629586    01
Starlink-340 3264
1 03265U 00000ABC 00001.00000000  .00000000  00000-0  00000+0 0    09
2 03265  53.0000 217.5000 0000001   0.0000 243.8182 15.76629586    05
Starlink-340 3265
1 03266U 00000ABC 00001.00000000  .00000000  00000-0  00000+0 0    00
2 03266  53.0000 217.5000 0000001   0.0000 247.0909 15.76629586    09
Starlink-340 3266
1 03267U 00000ABC 00001.00000000  .00000000  00000-0  00000+0 0    01
2 03267  53.0000 217.5000 0000001   0.0000 250.3636 15.76629586    04
Starlink-340 3267
1 03268U 00000ABC 00001.00000000  .00000000  00000-0  00000+0 0    02
2 03268  53.0000 217.5000 0000001   0.0000 253.6364 15.76629586    09
Starlink-340 3268
1 03269U 00000ABC 00001.00000000  .00000000  00000-0  00000+0 0    03
2 03269  53.0000 217.5000 0000001   0.0000 256.9091 15.76629586    03
Starlink-340 3269
1 03270U 00000ABC 00001.00000000  .00000000  00000-0  00000+0 0    05
2 03270  53.0000 217.5000 0000001   0.0000 260.1818 15.76629586    09
Starlink-340 3270
1 03271U 00000ABC 00001.00000000  .00000000  00000-0  00000+0 0    06
2 03271  53.0000 217.5000 0000001   0.0000 263.4545 15.76629586    03
Starlink-340 3271
1 03272U 00000ABC 00001.00000000  .00000000  00000-0  00000+0 0    07
2 03272  53.0000 217.5000 0000001   0.0000 266.7273 15.76629586    08
Starlink-340 3272
1 03273U 00000ABC 00001.00000000  .00000000  00000-0  00000+0 0    08
2 03273  53.0000 217.5000 0000001   0.0000 270.0000 15.76629586    05
Starlink-340 3273
1 03274U 00000ABC 00001.00000000  .00000000  00000-0  00000+0 0    09
2 03274  53.0000 217.5000 0000001   0.0000 273.2727 15.76629586    07
Starlink-340 3274
1 03275U 00000ABC 00001.00000000  .00000000  00000-0  00000+0 0    00
2 03275  53.0000 217.5000 0000001   0.0000 276.5455 15.76629586    02
Starlink-340 3275
1 03276U 00000ABC 00001.00000000  .00000000  00000-0  00000+0 0    01
2 03276  53.0000 217.5000 0000001   0.0000 279.8182 15.76629586    06
Starlink-340 3276
1 03277U 00000ABC 00001.00000000  .00000000  00000-0  00000+0 0    02
2 03277  53.0000 217.5000 0000001   0.0000 283.0909 15.76629586    01
Starlink-340 3277
1 03278U 00000ABC 00001.00000000  .00000000  00000-0  00000+0 0    03
2 03278  53.0000 217.5000 0000001   0.0000 286.3636 15.76629586    05
Starlink-340 3278
1 03279U 00000ABC 00001.00000000  .00000000  00000-0  00000+0 0    04
2 03279  53.0000 217.5000 0000001   0.0000 289.6364 15.76629586    00
Starlink-340 3279
1 03280U 00000ABC 00001.00000000  .00000000  00000-0  00000+0 0    06
2 03280  53.0000 217.5000 0000001   0.0000 292.9091 15.76629586    06
Starlink-340 3280
1 03281U 00000ABC 00001.00000000  .00000000  00000-0  00000+0 0    07
2 03281  53.0000 217.5000 0000001   0.0000 296.1818 15.76629586    00
Starlink-340 3281
1 03282U 00000ABC 00001.00000000  .00000000  00000-0  00000+0 0    08
2 03282  53.0000 217.5000 0000001   0.0000 299.4545 15.76629586    04
Starlink-340 3282
1 03283U 00000ABC 00001.00000000  .00000000  00000-0  00000+0 0    09
2 03283  53.0000 217.5000 0000001   0.0000 302.7273 15.76629586    01
Starlink-340 3283
1 03284U 00000ABC 00001.00000000  .00000000  00000-0  00000+0 0    00
2 03284  53.0000 217.5000 0000001   0.0000 306.0000 15.76629586    07
Starlink-340 3284
1 03285U 00000ABC 00001.00000000  .00000000  00000-0  00000+0 0    01
2 03285  53.0000 217.5000 0000001   0.0000 309.2727 15.76629586    09
Starlink-340 3285
1 03286U 00000ABC 00001.00000000  .00000000  00000-0  00000+0 0    02
2 03286  53.0000 217.5000 0000001   0.0000 312.5455 15.76629586    05
Starlink-340 3286
1 03287U 00000ABC 00001.00000000  .00000000  00000-0  00000+0 0    03
2 03287  53.0000 217.5000 0000001   0.0000 315.8182 15.76629586    09
Starlink-340 3287
1 03288U 00000ABC 00001.00000000  .00000000  00000-0  00000+0 0    04
2 03288  53.0000 217.5000 0000001   0.0000 319.0909 15.76629586    03
Starlink-340 3288
1 03289U 00000ABC 00001.00000000  .00000000  00000-0  00000+0 0    05
2 03289  53.0000 217.5000 0000001   0.0000 322.3636 15.76629586    08
Starlink-340 3289
1 03290U 00000ABC 00001.00000000  .00000000  00000-0  00000+0 0    07
2 03290  53.0000 217.5000 0000001   0.0000 325.6364 15.76629586    04
Starlink-340 3290
1 03291U 00000ABC 00001.00000000  .00000000  00000-0  00000+0 0    08
2 03291  53.0000 217.5000 0000001   0.0000 328.9091 15.76629586    08
Starlink-340 3291
1 03292U 00000ABC 00001.00000000  .00000000  00000-0  00000+0 0    09
2 03292  53.0000 217.5000 0000001   0.0000 332.1818 15.76629586    03
Starlink-340 3292
1 03293U 00000ABC 00001.00000000  .00000000  00000-0  00000+0 0    00
2 03293  53.0000 217.5000 0000001   0.0000 335.4545 15.76629586    07
Starlink-340 3293
1 03294U 00000ABC 00001.00000000  .00000000  00000-0  00000+0 0    01
2 03294  53.0000 217.5000 0000001   0.0000 338.7273 15.76629586    02
Starlink-340 3294
1 03295U 00000ABC 00001.00000000  .00000000  00000-0  00000+0 0    02
2 03295  53.0000 217.5000 0000001   0.0000 342.0000 15.76629586    09
Starlink-340 3295
1 03296U 00000ABC 00001.00000000  .00000000  00000-0  00000+0 0    03
2 03296  53.0000 217.5000 0000001   0.0000 345.2727 15.76629586    01
Starlink-340 3296
1 03297U 00000ABC 00001.00000000  .00000000  00000-0  00000+0 0    04
2 03297  53.0000 217.5000 0000001   0.0000 348.5455 15.76629586    06
Starlink-340 3297
1 03298U 00000ABC 00001.00000000  .00000000  00000-0  00000+0 0    05
2 03298  53.0000 217.5000 0000001   0.0000 351.8182 15.76629586    01
Starlink-340 3298
1 03299U 00000ABC 00001.00000000  .00000000  00000-0  00000+0 0    06
2 03299  53.0000 217.5000 0000001   0.0000 355.0909 15.76629586    05
Starlink-340 3299
1 03300U 00000ABC 00001.00000000  .00000000  00000-0  00000+0 0    09
2 03300  53.0000 217.5000 0000001   0.0000 358.3636 15.76629586    01
Starlink-340 3300
1 03301U 00000ABC 00001.00000000  .00000000  00000-0  00000+0 0    00
2 03301  53.0000 225.0000 0000001   0.0000   0.0000 15.76629586    02
Starlink-340 3301
1 03302U 00000ABC 00001.00000000  .00000000  00000-0  00000+0 0    01
2 03302  53.0000 225.0000 0000001   0.0000   3.2727 15.76629586    04
Starlink-340 3302
1 03303U 00000ABC 00001.00000000  .00000000  00000-0  00000+0 0    02
2 03303  53.0000 225.0000 0000001   0.0000   6.5455 15.76629586    09
Starlink-340 3303
1 03304U 00000ABC 00001.00000000  .00000000  00000-0  00000+0 0    03
2 03304  53.0000 225.0000 0000001   0.0000   9.8182 15.76629586    03
Starlink-340 3304
1 03305U 00000ABC 00001.00000000  .00000000  00000-0  00000+0 0    04
2 03305  53.0000 225.0000 0000001   0.0000  13.0909 15.76629586    08
Starlink-340 3305
1 03306U 00000ABC 00001.00000000  .00000000  00000-0  00000+0 0    05
2 03306  53.0000 225.0000 0000001   0.0000  16.3636 15.76629586    02
Starlink-340 3306
1 03307U 00000ABC 00001.00000000  .00000000  00000-0  00000+0 0    06
2 03307  53.0000 225.0000 0000001   0.0000  19.6364 15.76629586    07
Starlink-340 3307
1 03308U 00000ABC 00001.00000000  .00000000  00000-0  00000+0 0    07
2 03308  53.0000 225.0000 0000001   0.0000  22.9091 15.76629586    02
Starlink-340 3308
1 03309U 00000ABC 00001.00000000  .00000000  00000-0  00000+0 0    08
2 03309  53.0000 225.0000 0000001   0.0000  26.1818 15.76629586    06
Starlink-340 3309
1 03310U 00000ABC 00001.00000000  .00000000  00000-0  00000+0 0    00
2 03310  53.0000 225.0000 0000001   0.0000  29.4545 15.76629586    01
Starlink-340 3310
1 03311U 00000ABC 00001.00000000  .00000000  00000-0  00000+0 0    01
2 03311  53.0000 225.0000 0000001   0.0000  32.7273 15.76629586    07
Starlink-340 3311
1 03312U 00000ABC 00001.00000000  .00000000  00000-0  00000+0 0    02
2 03312  53.0000 225.0000 0000001   0.0000  36.0000 15.76629586    03
Starlink-340 3312
1 03313U 00000ABC 00001.00000000  .00000000  00000-0  00000+0 0    03
2 03313  53.0000 225.0000 0000001   0.0000  39.2727 15.76629586    05
Starlink-340 3313
1 03314U 00000ABC 00001.00000000  .00000000  00000-0  00000+0 0    04
2 03314  53.0000 225.0000 0000001   0.0000  42.5455 15.76629586    01
Starlink-340 3314
1 03315U 00000ABC 00001.00000000  .00000000  00000-0  00000+0 0    05
2 03315  53.0000 225.0000 0000001   0.0000  45.8182 15.76629586    05
Starlink-340 3315
1 03316U 00000ABC 00001.00000000  .00000000  00000-0  00000+0 0    06
2 03316  53.0000 225.0000 0000001   0.0000  49.0909 15.76629586    09
Starlink-340 3316
1 03317U 00000ABC 00001.00000000  .00000000  00000-0  00000+0 0    07
2 03317  53.0000 225.0000 0000001   0.0000  52.3636 15.76629586    04
Starlink-340 3317
1 03318U 00000ABC 00001.00000000  .00000000  00000-0  00000+0 0    08
2 03318  53.0000 225.0000 0000001   0.0000  55.6364 15.76629586    09
Starlink-340 3318
1 03319U 00000ABC 00001.00000000  .00000000  00000-0  00000+0 0    09
2 03319  53.0000 225.0000 0000001   0.0000  58.9091 15.76629586    03
Starlink-340 3319
1 03320U 00000ABC 00001.00000000  .00000000  00000-0  00000+0 0    01
2 03320  53.0000 225.0000 0000001   0.0000  62.1818 15.76629586    09
Starlink-340 3320
1 03321U 00000ABC 00001.00000000  .00000000  00000-0  00000+0 0    02
2 03321  53.0000 225.0000 0000001   0.0000  65.4545 15.76629586    03
Starlink-340 3321
1 03322U 00000ABC 00001.00000000  .00000000  00000-0  00000+0 0    03
2 03322  53.0000 225.0000 0000001   0.0000  68.7273 15.76629586    08
Starlink-340 3322
1 03323U 00000ABC 00001.00000000  .00000000  00000-0  00000+0 0    04
2 03323  53.0000 225.0000 0000001   0.0000  72.0000 15.76629586    05
Starlink-340 3323
1 03324U 00000ABC 00001.00000000  .00000000  00000-0  00000+0 0    05
2 03324  53.0000 225.0000 0000001   0.0000  75.2727 15.76629586    07
Starlink-340 3324
1 03325U 00000ABC 00001.00000000  .00000000  00000-0  00000+0 0    06
2 03325  53.0000 225.0000 0000001   0.0000  78.5455 15.76629586    02
Starlink-340 3325
1 03326U 00000ABC 00001.00000000  .00000000  00000-0  00000+0 0    07
2 03326  53.0000 225.0000 0000001   0.0000  81.8182 15.76629586    07
Starlink-340 3326
1 03327U 00000ABC 00001.00000000  .00000000  00000-0  00000+0 0    08
2 03327  53.0000 225.0000 0000001   0.0000  85.0909 15.76629586    01
Starlink-340 3327
1 03328U 00000ABC 00001.00000000  .00000000  00000-0  00000+0 0    09
2 03328  53.0000 225.0000 0000001   0.0000  88.3636 15.76629586    05
Starlink-340 3328
1 03329U 00000ABC 00001.00000000  .00000000  00000-0  00000+0 0    00
2 03329  53.0000 225.0000 0000001   0.0000  91.6364 15.76629586    01
Starlink-340 3329
1 03330U 00000ABC 00001.00000000  .00000000  00000-0  00000+0 0    02
2 03330  53.0000 225.0000 0000001   0.0000  94.9091 15.76629586    06
Starlink-340 3330
1 03331U 00000ABC 00001.00000000  .00000000  00000-0  00000+0 0    03
2 03331  53.0000 225.0000 0000001   0.0000  98.1818 15.76629586    00
Starlink-340 3331
1 03332U 00000ABC 00001.00000000  .00000000  00000-0  00000+0 0    04
2 03332  53.0000 225.0000 0000001   0.0000 101.4545 15.76629586    06
Starlink-340 3332
1 03333U 00000ABC 00001.00000000  .00000000  00000-0  00000+0 0    05
2 03333  53.0000 225.0000 0000001   0.0000 104.7273 15.76629586    01
Starlink-340 3333
1 03334U 00000ABC 00001.00000000  .00000000  00000-0  00000+0 0    06
2 03334  53.0000 225.0000 0000001   0.0000 108.0000 15.76629586    07
Starlink-340 3334
1 03335U 00000ABC 00001.00000000  .00000000  00000-0  00000+0 0    07
2 03335  53.0000 225.0000 0000001   0.0000 111.2727 15.76629586    00
Starlink-340 3335
1 03336U 00000ABC 00001.00000000  .00000000  00000-0  00000+0 0    08
2 03336  53.0000 225.0000 0000001   0.0000 114.5455 15.76629586    05
Starlink-340 3336
1 03337U 00000ABC 00001.00000000  .00000000  00000-0  00000+0 0    09
2 03337  53.0000 225.0000 0000001   0.0000 117.8182 15.76629586    09
Starlink-340 3337
1 03338U 00000ABC 00001.00000000  .00000000  00000-0  00000+0 0    00
2 03338  53.0000 225.0000 0000001   0.0000 121.0909 15.76629586    04
Starlink-340 3338
1 03339U 00000ABC 00001.00000000  .00000000  00000-0  00000+0 0    01
2 03339  53.0000 225.0000 0000001   0.0000 124.3636 15.76629586    08
Starlink-340 3339
1 03340U 00000ABC 00001.00000000  .00000000  00000-0  00000+0 0    03
2 03340  53.0000 225.0000 0000001   0.0000 127.6364 15.76629586    04
Starlink-340 3340
1 03341U 00000ABC 00001.00000000  .00000000  00000-0  00000+0 0    04
2 03341  53.0000 225.0000 0000001   0.0000 130.9091 15.76629586    09
Starlink-340 3341
1 03342U 00000ABC 00001.00000000  .00000000  00000-0  00000+0 0    05
2 03342  53.0000 225.0000 0000001   0.0000 134.1818 15.76629586    03
Starlink-340 3342
1 03343U 00000ABC 00001.00000000  .00000000  00000-0  00000+0 0    06
2 03343  53.0000 225.0000 0000001   0.0000 137.4545 15.76629586    07
Starlink-340 3343
1 03344U 00000ABC 00001.00000000  .00000000  00000-0  00000+0 0    07
2 03344  53.0000 225.0000 0000001   0.0000 140.7273 15.76629586    03
Starlink-340 3344
1 03345U 00000ABC 00001.00000000  .00000000  00000-0  00000+0 0    08
2 03345  53.0000 225.0000 0000001   0.0000 144.0000 15.76629586    09
Starlink-340 3345
1 03346U 00000ABC 00001.00000000  .00000000  00000-0  00000+0 0    09
2 03346  53.0000 225.0000 0000001   0.0000 147.2727 15.76629586    01
Starlink-340 3346
1 03347U 00000ABC 00001.00000000  .00000000  00000-0  00000+0 0    00
2 03347  53.0000 225.0000 0000001   0.0000 150.5455 15.76629586    07
Starlink-340 3347
1 03348U 00000ABC 00001.00000000  .00000000  00000-0  00000+0 0    01
2 03348  53.0000 225.0000 0000001   0.0000 153.8182 15.76629586    01
Starlink-340 3348
1 03349U 00000ABC 00001.00000000  .00000000  00000-0  00000+0 0    02
2 03349  53.0000 225.0000 0000001   0.0000 157.0909 15.76629586    05
Starlink-340 3349
1 03350U 00000ABC 00001.00000000  .00000000  00000-0  00000+0 0    04
2 03350  53.0000 225.0000 0000001   0.0000 160.3636 15.76629586    01
Starlink-340 3350
1 03351U 00000ABC 00001.00000000  .00000000  00000-0  00000+0 0    05
2 03351  53.0000 225.0000 0000001   0.0000 163.6364 15.76629586    06
Starlink-340 3351
1 03352U 00000ABC 00001.00000000  .00000000  00000-0  00000+0 0    06
2 03352  53.0000 225.0000 0000001   0.0000 166.9091 15.76629586    00
Starlink-340 3352
1 03353U 00000ABC 00001.00000000  .00000000  00000-0  00000+0 0    07
2 03353  53.0000 225.0000 0000001   0.0000 170.1818 15.76629586    05
Starlink-340 3353
1 03354U 00000ABC 00001.00000000  .00000000  00000-0  00000+0 0    08
2 03354  53.0000 225.0000 0000001   0.0000 173.4545 15.76629586    09
Starlink-340 3354
1 03355U 00000ABC 00001.00000000  .00000000  00000-0  00000+0 0    09
2 03355  53.0000 225.0000 0000001   0.0000 176.7273 15.76629586    04
Starlink-340 3355
1 03356U 00000ABC 00001.00000000  .00000000  00000-0  00000+0 0    00
2 03356  53.0000 225.0000 0000001   0.0000 180.0000 15.76629586    01
Starlink-340 3356
1 03357U 00000ABC 00001.00000000  .00000000  00000-0  00000+0 0    01
2 03357  53.0000 225.0000 0000001   0.0000 183.2727 15.76629586    03
Starlink-340 3357
1 03358U 00000ABC 00001.00000000  .00000000  00000-0  00000+0 0    02
2 03358  53.0000 225.0000 0000001   0.0000 186.5455 15.76629586    08
Starlink-340 3358
1 03359U 00000ABC 00001.00000000  .00000000  00000-0  00000+0 0    03
2 03359  53.0000 225.0000 0000001   0.0000 189.8182 15.76629586    02
Starlink-340 3359
1 03360U 00000ABC 00001.00000000  .00000000  00000-0  00000+0 0    05
2 03360  53.0000 225.0000 0000001   0.0000 193.0909 15.76629586    08
Starlink-340 3360
1 03361U 00000ABC 00001.00000000  .00000000  00000-0  00000+0 0    06
2 03361  53.0000 225.0000 0000001   0.0000 196.3636 15.76629586    02
Starlink-340 3361
1 03362U 00000ABC 00001.00000000  .00000000  00000-0  00000+0 0    07
2 03362  53.0000 225.0000 0000001   0.0000 199.6364 15.76629586    07
Starlink-340 3362
1 03363U 00000ABC 00001.00000000  .00000000  00000-0  00000+0 0    08
2 03363  53.0000 225.0000 0000001   0.0000 202.9091 15.76629586    03
Starlink-340 3363
1 03364U 00000ABC 00001.00000000  .00000000  00000-0  00000+0 0    09
2 03364  53.0000 225.0000 0000001   0.0000 206.1818 15.76629586    07
Starlink-340 3364
1 03365U 00000ABC 00001.00000000  .00000000  00000-0  00000+0 0    00
2 03365  53.0000 225.0000 0000001   0.0000 209.4545 15.76629586    01
Starlink-340 3365
1 03366U 00000ABC 00001.00000000  .00000000  00000-0  00000+0 0    01
2 03366  53.0000 225.0000 0000001   0.0000 212.7273 15.76629586    07
Starlink-340 3366
1 03367U 00000ABC 00001.00000000  .00000000  00000-0  00000+0 0    02
2 03367  53.0000 225.0000 0000001   0.0000 216.0000 15.76629586    03
Starlink-340 3367
1 03368U 00000ABC 00001.00000000  .00000000  00000-0  00000+0 0    03
2 03368  53.0000 225.0000 0000001   0.0000 219.2727 15.76629586    05
Starlink-340 3368
1 03369U 00000ABC 00001.00000000  .00000000  00000-0  00000+0 0    04
2 03369  53.0000 225.0000 0000001   0.0000 222.5455 15.76629586    01
Starlink-340 3369
1 03370U 00000ABC 00001.00000000  .00000000  00000-0  00000+0 0    06
2 03370  53.0000 225.0000 0000001   0.0000 225.8182 15.76629586    06
Starlink-340 3370
1 03371U 00000ABC 00001.00000000  .00000000  00000-0  00000+0 0    07
2 03371  53.0000 225.0000 0000001   0.0000 229.0909 15.76629586    00
Starlink-340 3371
1 03372U 00000ABC 00001.00000000  .00000000  00000-0  00000+0 0    08
2 03372  53.0000 225.0000 0000001   0.0000 232.3636 15.76629586    05
Starlink-340 3372
1 03373U 00000ABC 00001.00000000  .00000000  00000-0  00000+0 0    09
2 03373  53.0000 225.0000 0000001   0.0000 235.6364 15.76629586    00
Starlink-340 3373
1 03374U 00000ABC 00001.00000000  .00000000  00000-0  00000+0 0    00
2 03374  53.0000 225.0000 0000001   0.0000 238.9091 15.76629586    04
Starlink-340 3374
1 03375U 00000ABC 00001.00000000  .00000000  00000-0  00000+0 0    01
2 03375  53.0000 225.0000 0000001   0.0000 242.1818 15.76629586    09
Starlink-340 3375
1 03376U 00000ABC 00001.00000000  .00000000  00000-0  00000+0 0    02
2 03376  53.0000 225.0000 0000001   0.0000 245.4545 15.76629586    03
Starlink-340 3376
1 03377U 00000ABC 00001.00000000  .00000000  00000-0  00000+0 0    03
2 03377  53.0000 225.0000 0000001   0.0000 248.7273 15.76629586    08
Starlink-340 3377
1 03378U 00000ABC 00001.00000000  .00000000  00000-0  00000+0 0    04
2 03378  53.0000 225.0000 0000001   0.0000 252.0000 15.76629586    05
Starlink-340 3378
1 03379U 00000ABC 00001.00000000  .00000000  00000-0  00000+0 0    05
2 03379  53.0000 225.0000 0000001   0.0000 255.2727 15.76629586    07
Starlink-340 3379
1 03380U 00000ABC 00001.00000000  .00000000  00000-0  00000+0 0    07
2 03380  53.0000 225.0000 0000001   0.0000 258.5455 15.76629586    03
Starlink-340 3380
1 03381U 00000ABC 00001.00000000  .00000000  00000-0  00000+0 0    08
2 03381  53.0000 225.0000 0000001   0.0000 261.8182 15.76629586    08
Starlink-340 3381
1 03382U 00000ABC 00001.00000000  .00000000  00000-0  00000+0 0    09
2 03382  53.0000 225.0000 0000001   0.0000 265.0909 15.76629586    02
Starlink-340 3382
1 03383U 00000ABC 00001.00000000  .00000000  00000-0  00000+0 0    00
2 03383  53.0000 225.0000 0000001   0.0000 268.3636 15.76629586    06
Starlink-340 3383
1 03384U 00000ABC 00001.00000000  .00000000  00000-0  00000+0 0    01
2 03384  53.0000 225.0000 0000001   0.0000 271.6364 15.76629586    02
Starlink-340 3384
1 03385U 00000ABC 00001.00000000  .00000000  00000-0  00000+0 0    02
2 03385  53.0000 225.0000 0000001   0.0000 274.9091 15.76629586    06
Starlink-340 3385
1 03386U 00000ABC 00001.00000000  .00000000  00000-0  00000+0 0    03
2 03386  53.0000 225.0000 0000001   0.0000 278.1818 15.76629586    00
Starlink-340 3386
1 03387U 00000ABC 00001.00000000  .00000000  00000-0  00000+0 0    04
2 03387  53.0000 225.0000 0000001   0.0000 281.4545 15.76629586    05
Starlink-340 3387
1 03388U 00000ABC 00001.00000000  .00000000  00000-0  00000+0 0    05
2 03388  53.0000 225.0000 0000001   0.0000 284.7273 15.76629586    00
Starlink-340 3388
1 03389U 00000ABC 00001.00000000  .00000000  00000-0  00000+0 0    06
2 03389  53.0000 225.0000 0000001   0.0000 288.0000 15.76629586    06
Starlink-340 3389
1 03390U 00000ABC 00001.00000000  .00000000  00000-0  00000+0 0    08
2 03390  53.0000 225.0000 0000001   0.0000 291.2727 15.76629586    00
Starlink-340 3390
1 03391U 00000ABC 00001.00000000  .00000000  00000-0  00000+0 0    09
2 03391  53.0000 225.0000 0000001   0.0000 294.5455 15.76629586    05
Starlink-340 3391
1 03392U 00000ABC 00001.00000000  .00000000  00000-0  00000+0 0    00
2 03392  53.0000 225.0000 0000001   0.0000 297.8182 15.76629586    09
Starlink-340 3392
1 03393U 00000ABC 00001.00000000  .00000000  00000-0  00000+0 0    01
2 03393  53.0000 225.0000 0000001   0.0000 301.0909 15.76629586    05
Starlink-340 3393
1 03394U 00000ABC 00001.00000000  .00000000  00000-0  00000+0 0    02
2 03394  53.0000 225.0000 0000001   0.0000 304.3636 15.76629586    09
Starlink-340 3394
1 03395U 00000ABC 00001.00000000  .00000000  00000-0  00000+0 0    03
2 03395  53.0000 225.0000 0000001   0.0000 307.6364 15.76629586    04
Starlink-340 3395
1 03396U 00000ABC 00001.00000000  .00000000  00000-0  00000+0 0    04
2 03396  53.0000 225.0000 0000001   0.0000 310.9091 15.76629586    09
Starlink-340 3396
1 03397U 00000ABC 00001.00000000  .00000000  00000-0  00000+0 0    05
2 03397  53.0000 225.0000 0000001   0.0000 314.1818 15.76629586    03
Starlink-340 3397
1 03398U 00000ABC 00001.00000000  .00000000  00000-0  00000+0 0    06
2 03398  53.0000 225.0000 0000001   0.0000 317.4545 15.76629586    07
Starlink-340 3398
1 03399U 00000ABC 00001.00000000  .00000000  00000-0  00000+0 0    07
2 03399  53.0000 225.0000 0000001   0.0000 320.7273 15.76629586    03
Starlink-340 3399
1 03400U 00000ABC 00001.00000000  .00000000  00000-0  00000+0 0    00
2 03400  53.0000 225.0000 0000001   0.0000 324.0000 15.76629586    01
Starlink-340 3400
1 03401U 00000ABC 00001.00000000  .00000000  00000-0  00000+0 0    01
2 03401  53.0000 225.0000 0000001   0.0000 327.2727 15.76629586    03
Starlink-340 3401
1 03402U 00000ABC 00001.00000000  .00000000  00000-0  00000+0 0    02
2 03402  53.0000 225.0000 0000001   0.0000 330.5455 15.76629586    09
Starlink-340 3402
1 03403U 00000ABC 00001.00000000  .00000000  00000-0  00000+0 0    03
2 03403  53.0000 225.0000 0000001   0.0000 333.8182 15.76629586    03
Starlink-340 3403
1 03404U 00000ABC 00001.00000000  .00000000  00000-0  00000+0 0    04
2 03404  53.0000 225.0000 0000001   0.0000 337.0909 15.76629586    07
Starlink-340 3404
1 03405U 00000ABC 00001.00000000  .00000000  00000-0  00000+0 0    05
2 03405  53.0000 225.0000 0000001   0.0000 340.3636 15.76629586    02
Starlink-340 3405
1 03406U 00000ABC 00001.00000000  .00000000  00000-0  00000+0 0    06
2 03406  53.0000 225.0000 0000001   0.0000 343.6364 15.76629586    07
Starlink-340 3406
1 03407U 00000ABC 00001.00000000  .00000000  00000-0  00000+0 0    07
2 03407  53.0000 225.0000 0000001   0.0000 346.9091 15.76629586    01
Starlink-340 3407
1 03408U 00000ABC 00001.00000000  .00000000  00000-0  00000+0 0    08
2 03408  53.0000 225.0000 0000001   0.0000 350.1818 15.76629586    06
Starlink-340 3408
1 03409U 00000ABC 00001.00000000  .00000000  00000-0  00000+0 0    09
2 03409  53.0000 225.0000 0000001   0.0000 353.4545 15.76629586    00
Starlink-340 3409
1 03410U 00000ABC 00001.00000000  .00000000  00000-0  00000+0 0    01
2 03410  53.0000 225.0000 0000001   0.0000 356.7273 15.76629586    06
Starlink-340 3410
1 03411U 00000ABC 00001.00000000  .00000000  00000-0  00000+0 0    02
2 03411  53.0000 232.5000 0000001   0.0000   1.6364 15.76629586    07
Starlink-340 3411
1 03412U 00000ABC 00001.00000000  .00000000  00000-0  00000+0 0    03
2 03412  53.0000 232.5000 0000001   0.0000   4.9091 15.76629586    01
Starlink-340 3412
1 03413U 00000ABC 00001.00000000  .00000000  00000-0  00000+0 0    04
2 03413  53.0000 232.5000 0000001   0.0000   8.1818 15.76629586    05
Starlink-340 3413
1 03414U 00000ABC 00001.00000000  .00000000  00000-0  00000+0 0    05
2 03414  53.0000 232.5000 0000001   0.0000  11.4545 15.76629586    00
Starlink-340 3414
1 03415U 00000ABC 00001.00000000  .00000000  00000-0  00000+0 0    06
2 03415  53.0000 232.5000 0000001   0.0000  14.7273 15.76629586    05
Starlink-340 3415
1 03416U 00000ABC 00001.00000000  .00000000  00000-0  00000+0 0    07
2 03416  53.0000 232.5000 0000001   0.0000  18.0000 15.76629586    01
Starlink-340 3416
1 03417U 00000ABC 00001.00000000  .00000000  00000-0  00000+0 0    08
2 03417  53.0000 232.5000 0000001   0.0000  21.2727 15.76629586    04
Starlink-340 3417
1 03418U 00000ABC 00001.00000000  .00000000  00000-0  00000+0 0    09
2 03418  53.0000 232.5000 0000001   0.0000  24.5455 15.76629586    09
Starlink-340 3418
1 03419U 00000ABC 00001.00000000  .00000000  00000-0  00000+0 0    00
2 03419  53.0000 232.5000 0000001   0.0000  27.8182 15.76629586    03
Starlink-340 3419
1 03420U 00000ABC 00001.00000000  .00000000  00000-0  00000+0 0    02
2 03420  53.0000 232.5000 0000001   0.0000  31.0909 15.76629586    09
Starlink-340 3420
1 03421U 00000ABC 00001.00000000  .00000000  00000-0  00000+0 0    03
2 03421  53.0000 232.5000 0000001   0.0000  34.3636 15.76629586    03
Starlink-340 3421
1 03422U 00000ABC 00001.00000000  .00000000  00000-0  00000+0 0    04
2 03422  53.0000 232.5000 0000001   0.0000  37.6364 15.76629586    08
Starlink-340 3422
1 03423U 00000ABC 00001.00000000  .00000000  00000-0  00000+0 0    05
2 03423  53.0000 232.5000 0000001   0.0000  40.9091 15.76629586    03
Starlink-340 3423
1 03424U 00000ABC 00001.00000000  .00000000  00000-0  00000+0 0    06
2 03424  53.0000 232.5000 0000001   0.0000  44.1818 15.76629586    07
Starlink-340 3424
1 03425U 00000ABC 00001.00000000  .00000000  00000-0  00000+0 0    07
2 03425  53.0000 232.5000 0000001   0.0000  47.4545 15.76629586    01
Starlink-340 3425
1 03426U 00000ABC 00001.00000000  .00000000  00000-0  00000+0 0    08
2 03426  53.0000 232.5000 0000001   0.0000  50.7273 15.76629586    07
Starlink-340 3426
1 03427U 00000ABC 00001.00000000  .00000000  00000-0  00000+0 0    09
2 03427  53.0000 232.5000 0000001   0.0000  54.0000 15.76629586    03
Starlink-340 3427
1 03428U 00000ABC 00001.00000000  .00000000  00000-0  00000+0 0    00
2 03428  53.0000 232.5000 0000001   0.0000  57.2727 15.76629586    05
Starlink-340 3428
1 03429U 00000ABC 00001.00000000  .00000000  00000-0  00000+0 0    01
2 03429  53.0000 232.5000 0000001   0.0000  60.5455 15.76629586    01
Starlink-340 3429
1 03430U 00000ABC 00001.00000000  .00000000  00000-0  00000+0 0    03
2 03430  53.0000 232.5000 0000001   0.0000  63.8182 15.76629586    06
Starlink-340 3430
1 03431U 00000ABC 00001.00000000  .00000000  00000-0  00000+0 0    04
2 03431  53.0000 232.5000 0000001   0.0000  67.0909 15.76629586    00
Starlink-340 3431
1 03432U 00000ABC 00001.00000000  .00000000  00000-0  00000+0 0    05
2 03432  53.0000 232.5000 0000001   0.0000  70.3636 15.76629586    05
Starlink-340 3432
1 03433U 00000ABC 00001.00000000  .00000000  00000-0  00000+0 0    06
2 03433  53.0000 232.5000 0000001   0.0000  73.6364 15.76629586    00
Starlink-340 3433
1 03434U 00000ABC 00001.00000000  .00000000  00000-0  00000+0 0    07
2 03434  53.0000 232.5000 0000001   0.0000  76.9091 15.76629586    04
Starlink-340 3434
1 03435U 00000ABC 00001.00000000  .00000000  00000-0  00000+0 0    08
2 03435  53.0000 232.5000 0000001   0.0000  80.1818 15.76629586    09
Starlink-340 3435
1 03436U 00000ABC 00001.00000000  .00000000  00000-0  00000+0 0    09
2 03436  53.0000 232.5000 0000001   0.0000  83.4545 15.76629586    03
Starlink-340 3436
1 03437U 00000ABC 00001.00000000  .00000000  00000-0  00000+0 0    00
2 03437  53.0000 232.5000 0000001   0.0000  86.7273 15.76629586    08
Starlink-340 3437
1 03438U 00000ABC 00001.00000000  .00000000  00000-0  00000+0 0    01
2 03438  53.0000 232.5000 0000001   0.0000  90.0000 15.76629586    05
Starlink-340 3438
1 03439U 00000ABC 00001.00000000  .00000000  00000-0  00000+0 0    02
2 03439  53.0000 232.5000 0000001   0.0000  93.2727 15.76629586    07
Starlink-340 3439
1 03440U 00000ABC 00001.00000000  .00000000  00000-0  00000+0 0    04
2 03440  53.0000 232.5000 0000001   0.0000  96.5455 15.76629586    03
Starlink-340 3440
1 03441U 00000ABC 00001.00000000  .00000000  00000-0  00000+0 0    05
2 03441  53.0000 232.5000 0000001   0.0000  99.8182 15.76629586    07
Starlink-340 3441
1 03442U 00000ABC 00001.00000000  .00000000  00000-0  00000+0 0    06
2 03442  53.0000 232.5000 0000001   0.0000 103.0909 15.76629586    03
Starlink-340 3442
1 03443U 00000ABC 00001.00000000  .00000000  00000-0  00000+0 0    07
2 03443  53.0000 232.5000 0000001   0.0000 106.3636 15.76629586    07
Starlink-340 3443
1 03444U 00000ABC 00001.00000000  .00000000  00000-0  00000+0 0    08
2 03444  53.0000 232.5000 0000001   0.0000 109.6364 15.76629586    02
Starlink-340 3444
1 03445U 00000ABC 00001.00000000  .00000000  00000-0  00000+0 0    09
2 03445  53.0000 232.5000 0000001   0.0000 112.9091 15.76629586    07
Starlink-340 3445
1 03446U 00000ABC 00001.00000000  .00000000  00000-0  00000+0 0    00
2 03446  53.0000 232.5000 0000001   0.0000 116.1818 15.76629586    01
Starlink-340 3446
1 03447U 00000ABC 00001.00000000  .00000000  00000-0  00000+0 0    01
2 03447  53.0000 232.5000 0000001   0.0000 119.4545 15.76629586    05
Starlink-340 3447
1 03448U 00000ABC 00001.00000000  .00000000  00000-0  00000+0 0    02
2 03448  53.0000 232.5000 0000001   0.0000 122.7273 15.76629586    01
Starlink-340 3448
1 03449U 00000ABC 00001.00000000  .00000000  00000-0  00000+0 0    03
2 03449  53.0000 232.5000 0000001   0.0000 126.0000 15.76629586    07
Starlink-340 3449
1 03450U 00000ABC 00001.00000000  .00000000  00000-0  00000+0 0    05
2 03450  53.0000 232.5000 0000001   0.0000 129.2727 15.76629586    00
Starlink-340 3450
1 03451U 00000ABC 00001.00000000  .00000000  00000-0  00000+0 0    06
2 03451  53.0000 232.5000 0000001   0.0000 132.5455 15.76629586    06
Starlink-340 3451
1 03452U 00000ABC 00001.00000000  .00000000  00000-0  00000+0 0    07
2 03452  53.0000 232.5000 0000001   0.0000 135.8182 15.76629586    00
Starlink-340 3452
1 03453U 00000ABC 00001.00000000  .00000000  00000-0  00000+0 0    08
2 03453  53.0000 232.5000 0000001   0.0000 139.0909 15.76629586    04
Starlink-340 3453
1 03454U 00000ABC 00001.00000000  .00000000  00000-0  00000+0 0    09
2 03454  53.0000 232.5000 0000001   0.0000 142.3636 15.76629586    09
Starlink-340 3454
1 03455U 00000ABC 00001.00000000  .00000000  00000-0  00000+0 0    00
2 03455  53.0000 232.5000 0000001   0.0000 145.6364 15.76629586    04
Starlink-340 3455
1 03456U 00000ABC 00001.00000000  .00000000  00000-0  00000+0 0    01
2 03456  53.0000 232.5000 0000001   0.0000 148.9091 15.76629586    08
Starlink-340 3456
1 03457U 00000ABC 00001.00000000  .00000000  00000-0  00000+0 0    02
2 03457  53.0000 232.5000 0000001   0.0000 152.1818 15.76629586    03
Starlink-340 3457
1 03458U 00000ABC 00001.00000000  .00000000  00000-0  00000+0 0    03
2 03458  53.0000 232.5000 0000001   0.0000 155.4545 15.76629586    07
Starlink-340 3458
1 03459U 00000ABC 00001.00000000  .00000000  00000-0  00000+0 0    04
2 03459  53.0000 232.5000 0000001   0.0000 158.7273 15.76629586    02
Starlink-340 3459
1 03460U 00000ABC 00001.00000000  .00000000  00000-0  00000+0 0    06
2 03460  53.0000 232.5000 0000001   0.0000 162.0000 15.76629586    00
Starlink-340 3460
1 03461U 00000ABC 00001.00000000  .00000000  00000-0  00000+0 0    07
2 03461  53.0000 232.5000 0000001   0.0000 165.2727 15.76629586    02
Starlink-340 3461
1 03462U 00000ABC 00001.00000000  .00000000  00000-0  00000+0 0    08
2 03462  53.0000 232.5000 0000001   0.0000 168.5455 15.76629586    07
Starlink-340 3462
1 03463U 00000ABC 00001.00000000  .00000000  00000-0  00000+0 0    09
2 03463  53.0000 232.5000 0000001   0.0000 171.8182 15.76629586    02
Starlink-340 3463
1 03464U 00000ABC 00001.00000000  .00000000  00000-0  00000+0 0    00
2 03464  53.0000 232.5000 0000001   0.0000 175.0909 15.76629586    06
Starlink-340 3464
1 03465U 00000ABC 00001.00000000  .00000000  00000-0  00000+0 0    01
2 03465  53.0000 232.5000 0000001   0.0000 178.3636 15.76629586    00
Starlink-340 3465
1 03466U 00000ABC 00001.00000000  .00000000  00000-0  00000+0 0    02
2 03466  53.0000 232.5000 0000001   0.0000 181.6364 15.76629586    06
Starlink-340 3466
1 03467U 00000ABC 00001.00000000  .00000000  00000-0  00000+0 0    03
2 03467  53.0000 232.5000 0000001   0.0000 184.9091 15.76629586    00
Starlink-340 3467
1 03468U 00000ABC 00001.00000000  .00000000  00000-0  00000+0 0    04
2 03468  53.0000 232.5000 0000001   0.0000 188.1818 15.76629586    04
Starlink-340 3468
1 03469U 00000ABC 00001.00000000  .00000000  00000-0  00000+0 0    05
2 03469  53.0000 232.5000 0000001   0.0000 191.4545 15.76629586    09
Starlink-340 3469
1 03470U 00000ABC 00001.00000000  .00000000  00000-0  00000+0 0    07
2 03470  53.0000 232.5000 0000001   0.0000 194.7273 15.76629586    05
Starlink-340 3470
1 03471U 00000ABC 00001.00000000  .00000000  00000-0  00000+0 0    08
2 03471  53.0000 232.5000 0000001   0.0000 198.0000 15.76629586    01
Starlink-340 3471
1 03472U 00000ABC 00001.00000000  .00000000  00000-0  00000+0 0    09
2 03472  53.0000 232.5000 0000001   0.0000 201.2727 15.76629586    05
Starlink-340 3472
1 03473U 00000ABC 00001.00000000  .00000000  00000-0  00000+0 0    00
2 03473  53.0000 232.5000 0000001   0.0000 204.5455 15.76629586    00
Starlink-340 3473
1 03474U 00000ABC 00001.00000000  .00000000  00000-0  00000+0 0    01
2 03474  53.0000 232.5000 0000001   0.0000 207.8182 15.76629586    04
Starlink-340 3474
1 03475U 00000ABC 00001.00000000  .00000000  00000-0  00000+0 0    02
2 03475  53.0000 232.5000 0000001   0.0000 211.0909 15.76629586    09
Starlink-340 3475
1 03476U 00000ABC 00001.00000000  .00000000  00000-0  00000+0 0    03
2 03476  53.0000 232.5000 0000001   0.0000 214.3636 15.76629586    03
Starlink-340 3476
1 03477U 00000ABC 00001.00000000  .00000000  00000-0  00000+0 0    04
2 03477  53.0000 232.5000 0000001   0.0000 217.6364 15.76629586    08
Starlink-340 3477
1 03478U 00000ABC 00001.00000000  .00000000  00000-0  00000+0 0    05
2 03478  53.0000 232.5000 0000001   0.0000 220.9091 15.76629586    03
Starlink-340 3478
1 03479U 00000ABC 00001.00000000  .00000000  00000-0  00000+0 0    06
2 03479  53.0000 232.5000 0000001   0.0000 224.1818 15.76629586    07
Starlink-340 3479
1 03480U 00000ABC 00001.00000000  .00000000  00000-0  00000+0 0    08
2 03480  53.0000 232.5000 0000001   0.0000 227.4545 15.76629586    02
Starlink-340 3480
1 03481U 00000ABC 00001.00000000  .00000000  00000-0  00000+0 0    09
2 03481  53.0000 232.5000 0000001   0.0000 230.7273 15.76629586    08
Starlink-340 3481
1 03482U 00000ABC 00001.00000000  .00000000  00000-0  00000+0 0    00
2 03482  53.0000 232.5000 0000001   0.0000 234.0000 15.76629586    04
Starlink-340 3482
1 03483U 00000ABC 00001.00000000  .00000000  00000-0  00000+0 0    01
2 03483  53.0000 232.5000 0000001   0.0000 237.2727 15.76629586    06
Starlink-340 3483
1 03484U 00000ABC 00001.00000000  .00000000  00000-0  00000+0 0    02
2 03484  53.0000 232.5000 0000001   0.0000 240.5455 15.76629586    02
Starlink-340 3484
1 03485U 00000ABC 00001.00000000  .00000000  00000-0  00000+0 0    03
2 03485  53.0000 232.5000 0000001   0.0000 243.8182 15.76629586    06
Starlink-340 3485
1 03486U 00000ABC 00001.00000000  .00000000  00000-0  00000+0 0    04
2 03486  53.0000 232.5000 0000001   0.0000 247.0909 15.76629586    00
Starlink-340 3486
1 03487U 00000ABC 00001.00000000  .00000000  00000-0  00000+0 0    05
2 03487  53.0000 232.5000 0000001   0.0000 250.3636 15.76629586    05
Starlink-340 3487
1 03488U 00000ABC 00001.00000000  .00000000  00000-0  00000+0 0    06
2 03488  53.0000 232.5000 0000001   0.0000 253.6364 15.76629586    00
Starlink-340 3488
1 03489U 00000ABC 00001.00000000  .00000000  00000-0  00000+0 0    07
2 03489  53.0000 232.5000 0000001   0.0000 256.9091 15.76629586    04
Starlink-340 3489
1 03490U 00000ABC 00001.00000000  .00000000  00000-0  00000+0 0    09
2 03490  53.0000 232.5000 0000001   0.0000 260.1818 15.76629586    00
Starlink-340 3490
1 03491U 00000ABC 00001.00000000  .00000000  00000-0  00000+0 0    00
2 03491  53.0000 232.5000 0000001   0.0000 263.4545 15.76629586    04
Starlink-340 3491
1 03492U 00000ABC 00001.00000000  .00000000  00000-0  00000+0 0    01
2 03492  53.0000 232.5000 0000001   0.0000 266.7273 15.76629586    09
Starlink-340 3492
1 03493U 00000ABC 00001.00000000  .00000000  00000-0  00000+0 0    02
2 03493  53.0000 232.5000 0000001   0.0000 270.0000 15.76629586    06
Starlink-340 3493
1 03494U 00000ABC 00001.00000000  .00000000  00000-0  00000+0 0    03
2 03494  53.0000 232.5000 0000001   0.0000 273.2727 15.76629586    08
Starlink-340 3494
1 03495U 00000ABC 00001.00000000  .00000000  00000-0  00000+0 0    04
2 03495  53.0000 232.5000 0000001   0.0000 276.5455 15.76629586    03
Starlink-340 3495
1 03496U 00000ABC 00001.00000000  .00000000  00000-0  00000+0 0    05
2 03496  53.0000 232.5000 0000001   0.0000 279.8182 15.76629586    07
Starlink-340 3496
1 03497U 00000ABC 00001.00000000  .00000000  00000-0  00000+0 0    06
2 03497  53.0000 232.5000 0000001   0.0000 283.0909 15.76629586    02
Starlink-340 3497
1 03498U 00000ABC 00001.00000000  .00000000  00000-0  00000+0 0    07
2 03498  53.0000 232.5000 0000001   0.0000 286.3636 15.76629586    06
Starlink-340 3498
1 03499U 00000ABC 00001.00000000  .00000000  00000-0  00000+0 0    08
2 03499  53.0000 232.5000 0000001   0.0000 289.6364 15.76629586    01
Starlink-340 3499
1 03500U 00000ABC 00001.00000000  .00000000  00000-0  00000+0 0    01
2 03500  53.0000 232.5000 0000001   0.0000 292.9091 15.76629586    08
Starlink-340 3500
1 03501U 00000ABC 00001.00000000  .00000000  00000-0  00000+0 0    02
2 03501  53.0000 232.5000 0000001   0.0000 296.1818 15.76629586    02
Starlink-340 3501
1 03502U 00000ABC 00001.00000000  .00000000  00000-0  00000+0 0    03
2 03502  53.0000 232.5000 0000001   0.0000 299.4545 15.76629586    06
Starlink-340 3502
1 03503U 00000ABC 00001.00000000  .00000000  00000-0  00000+0 0    04
2 03503  53.0000 232.5000 0000001   0.0000 302.7273 15.76629586    03
Starlink-340 3503
1 03504U 00000ABC 00001.00000000  .00000000  00000-0  00000+0 0    05
2 03504  53.0000 232.5000 0000001   0.0000 306.0000 15.76629586    09
Starlink-340 3504
1 03505U 00000ABC 00001.00000000  .00000000  00000-0  00000+0 0    06
2 03505  53.0000 232.5000 0000001   0.0000 309.2727 15.76629586    01
Starlink-340 3505
1 03506U 00000ABC 00001.00000000  .00000000  00000-0  00000+0 0    07
2 03506  53.0000 232.5000 0000001   0.0000 312.5455 15.76629586    07
Starlink-340 3506
1 03507U 00000ABC 00001.00000000  .00000000  00000-0  00000+0 0    08
2 03507  53.0000 232.5000 0000001   0.0000 315.8182 15.76629586    01
Starlink-340 3507
1 03508U 00000ABC 00001.00000000  .00000000  00000-0  00000+0 0    09
2 03508  53.0000 232.5000 0000001   0.0000 319.0909 15.76629586    05
Starlink-340 3508
1 03509U 00000ABC 00001.00000000  .00000000  00000-0  00000+0 0    00
2 03509  53.0000 232.5000 0000001   0.0000 322.3636 15.76629586    00
Starlink-340 3509
1 03510U 00000ABC 00001.00000000  .00000000  00000-0  00000+0 0    02
2 03510  53.0000 232.5000 0000001   0.0000 325.6364 15.76629586    06
Starlink-340 3510
1 03511U 00000ABC 00001.00000000  .00000000  00000-0  00000+0 0    03
2 03511  53.0000 232.5000 0000001   0.0000 328.9091 15.76629586    00
Starlink-340 3511
1 03512U 00000ABC 00001.00000000  .00000000  00000-0  00000+0 0    04
2 03512  53.0000 232.5000 0000001   0.0000 332.1818 15.76629586    05
Starlink-340 3512
1 03513U 00000ABC 00001.00000000  .00000000  00000-0  00000+0 0    05
2 03513  53.0000 232.5000 0000001   0.0000 335.4545 15.76629586    09
Starlink-340 3513
1 03514U 00000ABC 00001.00000000  .00000000  00000-0  00000+0 0    06
2 03514  53.0000 232.5000 0000001   0.0000 338.7273 15.76629586    04
Starlink-340 3514
1 03515U 00000ABC 00001.00000000  .00000000  00000-0  00000+0 0    07
2 03515  53.0000 232.5000 0000001   0.0000 342.0000 15.76629586    01
Starlink-340 3515
1 03516U 00000ABC 00001.00000000  .00000000  00000-0  00000+0 0    08
2 03516  53.0000 232.5000 0000001   0.0000 345.2727 15.76629586    03
Starlink-340 3516
1 03517U 00000ABC 00001.00000000  .00000000  00000-0  00000+0 0    09
2 03517  53.0000 232.5000 0000001   0.0000 348.5455 15.76629586    08
Starlink-340 3517
1 03518U 00000ABC 00001.00000000  .00000000  00000-0  00000+0 0    00
2 03518  53.0000 232.5000 0000001   0.0000 351.8182 15.76629586    03
Starlink-340 3518
1 03519U 00000ABC 00001.00000000  .00000000  00000-0  00000+0 0    01
2 03519  53.0000 232.5000 0000001   0.0000 355.0909 15.76629586    07
Starlink-340 3519
1 03520U 00000ABC 00001.00000000  .00000000  00000-0  00000+0 0    03
2 03520  53.0000 232.5000 0000001   0.0000 358.3636 15.76629586    02
Starlink-340 3520
1 03521U 00000ABC 00001.00000000  .00000000  00000-0  00000+0 0    04
2 03521  53.0000 240.0000 0000001   0.0000   0.0000 15.76629586    03
Starlink-340 3521
1 03522U 00000ABC 00001.00000000  .00000000  00000-0  00000+0 0    05
2 03522  53.0000 240.0000 0000001   0.0000   3.2727 15.76629586    05
Starlink-340 3522
1 03523U 00000ABC 00001.00000000  .00000000  00000-0  00000+0 0    06
2 03523  53.0000 240.0000 0000001   0.0000   6.5455 15.76629586    00
Starlink-340 3523
1 03524U 00000ABC 00001.00000000  .00000000  00000-0  00000+0 0    07
2 03524  53.0000 240.0000 0000001   0.0000   9.8182 15.76629586    04
Starlink-340 3524
1 03525U 00000ABC 00001.00000000  .00000000  00000-0  00000+0 0    08
2 03525  53.0000 240.0000 0000001   0.0000  13.0909 15.76629586    09
Starlink-340 3525
1 03526U 00000ABC 00001.00000000  .00000000  00000-0  00000+0 0    09
2 03526  53.0000 240.0000 0000001   0.0000  16.3636 15.76629586    03
Starlink-340 3526
1 03527U 00000ABC 00001.00000000  .00000000  00000-0  00000+0 0    00
2 03527  53.0000 240.0000 0000001   0.0000  19.6364 15.76629586    08
Starlink-340 3527
1 03528U 00000ABC 00001.00000000  .00000000  00000-0  00000+0 0    01
2 03528  53.0000 240.0000 0000001   0.0000  22.9091 15.76629586    03
Starlink-340 3528
1 03529U 00000ABC 00001.00000000  .00000000  00000-0  00000+0 0    02
2 03529  53.0000 240.0000 0000001   0.0000  26.1818 15.76629586    07
Starlink-340 3529
1 03530U 00000ABC 00001.00000000  .00000000  00000-0  00000+0 0    04
2 03530  53.0000 240.0000 0000001   0.0000  29.4545 15.76629586    02
Starlink-340 3530
1 03531U 00000ABC 00001.00000000  .00000000  00000-0  00000+0 0    05
2 03531  53.0000 240.0000 0000001   0.0000  32.7273 15.76629586    08
Starlink-340 3531
1 03532U 00000ABC 00001.00000000  .00000000  00000-0  00000+0 0    06
2 03532  53.0000 240.0000 0000001   0.0000  36.0000 15.76629586    04
Starlink-340 3532
1 03533U 00000ABC 00001.00000000  .00000000  00000-0  00000+0 0    07
2 03533  53.0000 240.0000 0000001   0.0000  39.2727 15.76629586    06
Starlink-340 3533
1 03534U 00000ABC 00001.00000000  .00000000  00000-0  00000+0 0    08
2 03534  53.0000 240.0000 0000001   0.0000  42.5455 15.76629586    02
Starlink-340 3534
1 03535U 00000ABC 00001.00000000  .00000000  00000-0  00000+0 0    09
2 03535  53.0000 240.0000 0000001   0.0000  45.8182 15.76629586    06
Starlink-340 3535
1 03536U 00000ABC 00001.00000000  .00000000  00000-0  00000+0 0    00
2 03536  53.0000 240.0000 0000001   0.0000  49.0909 15.76629586    00
Starlink-340 3536
1 03537U 00000ABC 00001.00000000  .00000000  00000-0  00000+0 0    01
2 03537  53.0000 240.0000 0000001   0.0000  52.3636 15.76629586    05
Starlink-340 3537
1 03538U 00000ABC 00001.00000000  .00000000  00000-0  00000+0 0    02
2 03538  53.0000 240.0000 0000001   0.0000  55.6364 15.76629586    00
Starlink-340 3538
1 03539U 00000ABC 00001.00000000  .00000000  00000-0  00000+0 0    03
2 03539  53.0000 240.0000 0000001   0.0000  58.9091 15.76629586    04
Starlink-340 3539
1 03540U 00000ABC 00001.00000000  .00000000  00000-0  00000+0 0    05
2 03540  53.0000 240.0000 0000001   0.0000  62.1818 15.76629586    00
Starlink-340 3540
1 03541U 00000ABC 00001.00000000  .00000000  00000-0  00000+0 0    06
2 03541  53.0000 240.0000 0000001   0.0000  65.4545 15.76629586    04
Starlink-340 3541
1 03542U 00000ABC 00001.00000000  .00000000  00000-0  00000+0 0    07
2 03542  53.0000 240.0000 0000001   0.0000  68.7273 15.76629586    09
Starlink-340 3542
1 03543U 00000ABC 00001.00000000  .00000000  00000-0  00000+0 0    08
2 03543  53.0000 240.0000 0000001   0.0000  72.0000 15.76629586    06
Starlink-340 3543
1 03544U 00000ABC 00001.00000000  .00000000  00000-0  00000+0 0    09
2 03544  53.0000 240.0000 0000001   0.0000  75.2727 15.76629586    08
Starlink-340 3544
1 03545U 00000ABC 00001.00000000  .00000000  00000-0  00000+0 0    00
2 03545  53.0000 240.0000 0000001   0.0000  78.5455 15.76629586    03
Starlink-340 3545
1 03546U 00000ABC 00001.00000000  .00000000  00000-0  00000+0 0    01
2 03546  53.0000 240.0000 0000001   0.0000  81.8182 15.76629586    08
Starlink-340 3546
1 03547U 00000ABC 00001.00000000  .00000000  00000-0  00000+0 0    02
2 03547  53.0000 240.0000 0000001   0.0000  85.0909 15.76629586    02
Starlink-340 3547
1 03548U 00000ABC 00001.00000000  .00000000  00000-0  00000+0 0    03
2 03548  53.0000 240.0000 0000001   0.0000  88.3636 15.76629586    06
Starlink-340 3548
1 03549U 00000ABC 00001.00000000  .00000000  00000-0  00000+0 0    04
2 03549  53.0000 240.0000 0000001   0.0000  91.6364 15.76629586    02
Starlink-340 3549
1 03550U 00000ABC 00001.00000000  .00000000  00000-0  00000+0 0    06
2 03550  53.0000 240.0000 0000001   0.0000  94.9091 15.76629586    07
Starlink-340 3550
1 03551U 00000ABC 00001.00000000  .00000000  00000-0  00000+0 0    07
2 03551  53.0000 240.0000 0000001   0.0000  98.1818 15.76629586    01
Starlink-340 3551
1 03552U 00000ABC 00001.00000000  .00000000  00000-0  00000+0 0    08
2 03552  53.0000 240.0000 0000001   0.0000 101.4545 15.76629586    07
Starlink-340 3552
1 03553U 00000ABC 00001.00000000  .00000000  00000-0  00000+0 0    09
2 03553  53.0000 240.0000 0000001   0.0000 104.7273 15.76629586    02
Starlink-340 3553
1 03554U 00000ABC 00001.00000000  .00000000  00000-0  00000+0 0    00
2 03554  53.0000 240.0000 0000001   0.0000 108.0000 15.76629586    08
Starlink-340 3554
1 03555U 00000ABC 00001.00000000  .00000000  00000-0  00000+0 0    01
2 03555  53.0000 240.0000 0000001   0.0000 111.2727 15.76629586    01
Starlink-340 3555
1 03556U 00000ABC 00001.00000000  .00000000  00000-0  00000+0 0    02
2 03556  53.0000 240.0000 0000001   0.0000 114.5455 15.76629586    06
Starlink-340 3556
1 03557U 00000ABC 00001.00000000  .00000000  00000-0  00000+0 0    03
2 03557  53.0000 240.0000 0000001   0.0000 117.8182 15.76629586    00
Starlink-340 3557
1 03558U 00000ABC 00001.00000000  .00000000  00000-0  00000+0 0    04
2 03558  53.0000 240.0000 0000001   0.0000 121.0909 15.76629586    05
Starlink-340 3558
1 03559U 00000ABC 00001.00000000  .00000000  00000-0  00000+0 0    05
2 03559  53.0000 240.0000 0000001   0.0000 124.3636 15.76629586    09
Starlink-340 3559
1 03560U 00000ABC 00001.00000000  .00000000  00000-0  00000+0 0    07
2 03560  53.0000 240.0000 0000001   0.0000 127.6364 15.76629586    05
Starlink-340 3560
1 03561U 00000ABC 00001.00000000  .00000000  00000-0  00000+0 0    08
2 03561  53.0000 240.0000 0000001   0.0000 130.9091 15.76629586    00
Starlink-340 3561
1 03562U 00000ABC 00001.00000000  .00000000  00000-0  00000+0 0    09
2 03562  53.0000 240.0000 0000001   0.0000 134.1818 15.76629586    04
Starlink-340 3562
1 03563U 00000ABC 00001.00000000  .00000000  00000-0  00000+0 0    00
2 03563  53.0000 240.0000 0000001   0.0000 137.4545 15.76629586    08
Starlink-340 3563
1 03564U 00000ABC 00001.00000000  .00000000  00000-0  00000+0 0    01
2 03564  53.0000 240.0000 0000001   0.0000 140.7273 15.76629586    04
Starlink-340 3564
1 03565U 00000ABC 00001.00000000  .00000000  00000-0  00000+0 0    02
2 03565  53.0000 240.0000 0000001   0.0000 144.0000 15.76629586    00
Starlink-340 3565
1 03566U 00000ABC 00001.00000000  .00000000  00000-0  00000+0 0    03
2 03566  53.0000 240.0000 0000001   0.0000 147.2727 15.76629586    02
Starlink-340 3566
1 03567U 00000ABC 00001.00000000  .00000000  00000-0  00000+0 0    04
2 03567  53.0000 240.0000 0000001   0.0000 150.5455 15.76629586    08
Starlink-340 3567
1 03568U 00000ABC 00001.00000000  .00000000  00000-0  00000+0 0    05
2 03568  53.0000 240.0000 0000001   0.0000 153.8182 15.76629586    02
Starlink-340 3568
1 03569U 00000ABC 00001.00000000  .00000000  00000-0  00000+0 0    06
2 03569  53.0000 240.0000 0000001   0.0000 157.0909 15.76629586    06
Starlink-340 3569
1 03570U 00000ABC 00001.00000000  .00000000  00000-0  00000+0 0    08
2 03570  53.0000 240.0000 0000001   0.0000 160.3636 15.76629586    02
Starlink-340 3570
1 03571U 00000ABC 00001.00000000  .00000000  00000-0  00000+0 0    09
2 03571  53.0000 240.0000 0000001   0.0000 163.6364 15.76629586    07
Starlink-340 3571
1 03572U 00000ABC 00001.00000000  .00000000  00000-0  00000+0 0    00
2 03572  53.0000 240.0000 0000001   0.0000 166.9091 15.76629586    01
Starlink-340 3572
1 03573U 00000ABC 00001.00000000  .00000000  00000-0  00000+0 0    01
2 03573  53.0000 240.0000 0000001   0.0000 170.1818 15.76629586    06
Starlink-340 3573
1 03574U 00000ABC 00001.00000000  .00000000  00000-0  00000+0 0    02
2 03574  53.0000 240.0000 0000001   0.0000 173.4545 15.76629586    00
Starlink-340 3574
1 03575U 00000ABC 00001.00000000  .00000000  00000-0  00000+0 0    03
2 03575  53.0000 240.0000 0000001   0.0000 176.7273 15.76629586    05
Starlink-340 3575
1 03576U 00000ABC 00001.00000000  .00000000  00000-0  00000+0 0    04
2 03576  53.0000 240.0000 0000001   0.0000 180.0000 15.76629586    02
Starlink-340 3576
1 03577U 00000ABC 00001.00000000  .00000000  00000-0  00000+0 0    05
2 03577  53.0000 240.0000 0000001   0.0000 183.2727 15.76629586    04
Starlink-340 3577
1 03578U 00000ABC 00001.00000000  .00000000  00000-0  00000+0 0    06
2 03578  53.0000 240.0000 0000001   0.0000 186.5455 15.76629586    09
Starlink-340 3578
1 03579U 00000ABC 00001.00000000  .00000000  00000-0  00000+0 0    07
2 03579  53.0000 240.0000 0000001   0.0000 189.8182 15.76629586    03
Starlink-340 3579
1 03580U 00000ABC 00001.00000000  .00000000  00000-0  00000+0 0    09
2 03580  53.0000 240.0000 0000001   0.0000 193.0909 15.76629586    09
Starlink-340 3580
1 03581U 00000ABC 00001.00000000  .00000000  00000-0  00000+0 0    00
2 03581  53.0000 240.0000 0000001   0.0000 196.3636 15.76629586    03
Starlink-340 3581
1 03582U 00000ABC 00001.00000000  .00000000  00000-0  00000+0 0    01
2 03582  53.0000 240.0000 0000001   0.0000 199.6364 15.76629586    08
Starlink-340 3582
1 03583U 00000ABC 00001.00000000  .00000000  00000-0  00000+0 0    02
2 03583  53.0000 240.0000 0000001   0.0000 202.9091 15.76629586    04
Starlink-340 3583
1 03584U 00000ABC 00001.00000000  .00000000  00000-0  00000+0 0    03
2 03584  53.0000 240.0000 0000001   0.0000 206.1818 15.76629586    08
Starlink-340 3584
1 03585U 00000ABC 00001.00000000  .00000000  00000-0  00000+0 0    04
2 03585  53.0000 240.0000 0000001   0.0000 209.4545 15.76629586    02
Starlink-340 3585
1 03586U 00000ABC 00001.00000000  .00000000  00000-0  00000+0 0    05
2 03586  53.0000 240.0000 0000001   0.0000 212.7273 15.76629586    08
Starlink-340 3586
1 03587U 00000ABC 00001.00000000  .00000000  00000-0  00000+0 0    06
2 03587  53.0000 240.0000 0000001   0.0000 216.0000 15.76629586    04
Starlink-340 3587
1 03588U 00000ABC 00001.00000000  .00000000  00000-0  00000+0 0    07
2 03588  53.0000 240.0000 0000001   0.0000 219.2727 15.76629586    06
Starlink-340 3588
1 03589U 00000ABC 00001.00000000  .00000000  00000-0  00000+0 0    08
2 03589  53.0000 240.0000 0000001   0.0000 222.5455 15.76629586    02
Starlink-340 3589
1 03590U 00000ABC 00001.00000000  .00000000  00000-0  00000+0 0    00
2 03590  53.0000 240.0000 0000001   0.0000 225.8182 15.76629586    07
Starlink-340 3590
1 03591U 00000ABC 00001.00000000  .00000000  00000-0  00000+0 0    01
2 03591  53.0000 240.0000 0000001   0.0000 229.0909 15.76629586    01
Starlink-340 3591
1 03592U 00000ABC 00001.00000000  .00000000  00000-0  00000+0 0    02
2 03592  53.0000 240.0000 0000001   0.0000 232.3636 15.76629586    06
Starlink-340 3592
1 03593U 00000ABC 00001.00000000  .00000000  00000-0  00000+0 0    03
2 03593  53.0000 240.0000 0000001   0.0000 235.6364 15.76629586    01
Starlink-340 3593
1 03594U 00000ABC 00001.00000000  .00000000  00000-0  00000+0 0    04
2 03594  53.0000 240.0000 0000001   0.0000 238.9091 15.76629586    05
Starlink-340 3594
1 03595U 00000ABC 00001.00000000  .00000000  00000-0  00000+0 0    05
2 03595  53.0000 240.0000 0000001   0.0000 242.1818 15.76629586    00
Starlink-340 3595
1 03596U 00000ABC 00001.00000000  .00000000  00000-0  00000+0 0    06
2 03596  53.0000 240.0000 0000001   0.0000 245.4545 15.76629586    04
Starlink-340 3596
1 03597U 00000ABC 00001.00000000  .00000000  00000-0  00000+0 0    07
2 03597  53.0000 240.0000 0000001   0.0000 248.7273 15.76629586    09
Starlink-340 3597
1 03598U 00000ABC 00001.00000000  .00000000  00000-0  00000+0 0    08
2 03598  53.0000 240.0000 0000001   0.0000 252.0000 15.76629586    06
Starlink-340 3598
1 03599U 00000ABC 00001.00000000  .00000000  00000-0  00000+0 0    09
2 03599  53.0000 240.0000 0000001   0.0000 255.2727 15.76629586    08
Starlink-340 3599
1 03600U 00000ABC 00001.00000000  .00000000  00000-0  00000+0 0    02
2 03600  53.0000 240.0000 0000001   0.0000 258.5455 15.76629586    05
Starlink-340 3600
1 03601U 00000ABC 00001.00000000  .00000000  00000-0  00000+0 0    03
2 03601  53.0000 240.0000 0000001   0.0000 261.8182 15.76629586    00
Starlink-340 3601
1 03602U 00000ABC 00001.00000000  .00000000  00000-0  00000+0 0    04
2 03602  53.0000 240.0000 0000001   0.0000 265.0909 15.76629586    04
Starlink-340 3602
1 03603U 00000ABC 00001.00000000  .00000000  00000-0  00000+0 0    05
2 03603  53.0000 240.0000 0000001   0.0000 268.3636 15.76629586    08
Starlink-340 3603
1 03604U 00000ABC 00001.00000000  .00000000  00000-0  00000+0 0    06
2 03604  53.0000 240.0000 0000001   0.0000 271.6364 15.76629586    04
Starlink-340 3604
1 03605U 00000ABC 00001.00000000  .00000000  00000-0  00000+0 0    07
2 03605  53.0000 240.0000 0000001   0.0000 274.9091 15.76629586    08
Starlink-340 3605
1 03606U 00000ABC 00001.00000000  .00000000  00000-0  00000+0 0    08
2 03606  53.0000 240.0000 0000001   0.0000 278.1818 15.76629586    02
Starlink-340 3606
1 03607U 00000ABC 00001.00000000  .00000000  00000-0  00000+0 0    09
2 03607  53.0000 240.0000 0000001   0.0000 281.4545 15.76629586    07
Starlink-340 3607
1 03608U 00000ABC 00001.00000000  .00000000  00000-0  00000+0 0    00
2 03608  53.0000 240.0000 0000001   0.0000 284.7273 15.76629586    02
Starlink-340 3608
1 03609U 00000ABC 00001.00000000  .00000000  00000-0  00000+0 0    01
2 03609  53.0000 240.0000 0000001   0.0000 288.0000 15.76629586    08
Starlink-340 3609
1 03610U 00000ABC 00001.00000000  .00000000  00000-0  00000+0 0    03
2 03610  53.0000 240.0000 0000001   0.0000 291.2727 15.76629586    02
Starlink-340 3610
1 03611U 00000ABC 00001.00000000  .00000000  00000-0  00000+0 0    04
2 03611  53.0000 240.0000 0000001   0.0000 294.5455 15.76629586    07
Starlink-340 3611
1 03612U 00000ABC 00001.00000000  .00000000  00000-0  00000+0 0    05
2 03612  53.0000 240.0000 0000001   0.0000 297.8182 15.76629586    01
Starlink-340 3612
1 03613U 00000ABC 00001.00000000  .00000000  00000-0  00000+0 0    06
2 03613  53.0000 240.0000 0000001   0.0000 301.0909 15.76629586    07
Starlink-340 3613
1 03614U 00000ABC 00001.00000000  .00000000  00000-0  00000+0 0    07
2 03614  53.0000 240.0000 0000001   0.0000 304.3636 15.76629586    01
Starlink-340 3614
1 03615U 00000ABC 00001.00000000  .00000000  00000-0  00000+0 0    08
2 03615  53.0000 240.0000 0000001   0.0000 307.6364 15.76629586    06
Starlink-340 3615
1 03616U 00000ABC 00001.00000000  .00000000  00000-0  00000+0 0    09
2 03616  53.0000 240.0000 0000001   0.0000 310.9091 15.76629586    01
Starlink-340 3616
1 03617U 00000ABC 00001.00000000  .00000000  00000-0  00000+0 0    00
2 03617  53.0000 240.0000 0000001   0.0000 314.1818 15.76629586    05
Starlink-340 3617
1 03618U 00000ABC 00001.00000000  .00000000  00000-0  00000+0 0    01
2 03618  53.0000 240.0000 0000001   0.0000 317.4545 15.76629586    09
Starlink-340 3618
1 03619U 00000ABC 00001.00000000  .00000000  00000-0  00000+0 0    02
2 03619  53.0000 240.0000 0000001   0.0000 320.7273 15.76629586    05
Starlink-340 3619
1 03620U 00000ABC 00001.00000000  .00000000  00000-0  00000+0 0    04
2 03620  53.0000 240.0000 0000001   0.0000 324.0000 15.76629586    02
Starlink-340 3620
1 03621U 00000ABC 00001.00000000  .00000000  00000-0  00000+0 0    05
2 03621  53.0000 240.0000 0000001   0.0000 327.2727 15.76629586    04
Starlink-340 3621
1 03622U 00000ABC 00001.00000000  .00000000  00000-0  00000+0 0    06
2 03622  53.0000 240.0000 0000001   0.0000 330.5455 15.76629586    00
Starlink-340 3622
1 03623U 00000ABC 00001.00000000  .00000000  00000-0  00000+0 0    07
2 03623  53.0000 240.0000 0000001   0.0000 333.8182 15.76629586    04
Starlink-340 3623
1 03624U 00000ABC 00001.00000000  .00000000  00000-0  00000+0 0    08
2 03624  53.0000 240.0000 0000001   0.0000 337.0909 15.76629586    08
Starlink-340 3624
1 03625U 00000ABC 00001.00000000  .00000000  00000-0  00000+0 0    09
2 03625  53.0000 240.0000 0000001   0.0000 340.3636 15.76629586    03
Starlink-340 3625
1 03626U 00000ABC 00001.00000000  .00000000  00000-0  00000+0 0    00
2 03626  53.0000 240.0000 0000001   0.0000 343.6364 15.76629586    08
Starlink-340 3626
1 03627U 00000ABC 00001.00000000  .00000000  00000-0  00000+0 0    01
2 03627  53.0000 240.0000 0000001   0.0000 346.9091 15.76629586    02
Starlink-340 3627
1 03628U 00000ABC 00001.00000000  .00000000  00000-0  00000+0 0    02
2 03628  53.0000 240.0000 0000001   0.0000 350.1818 15.76629586    07
Starlink-340 3628
1 03629U 00000ABC 00001.00000000  .00000000  00000-0  00000+0 0    03
2 03629  53.0000 240.0000 0000001   0.0000 353.4545 15.76629586    01
Starlink-340 3629
1 03630U 00000ABC 00001.00000000  .00000000  00000-0  00000+0 0    05
2 03630  53.0000 240.0000 0000001   0.0000 356.7273 15.76629586    07
Starlink-340 3630
1 03631U 00000ABC 00001.00000000  .00000000  00000-0  00000+0 0    06
2 03631  53.0000 247.5000 0000001   0.0000   1.6364 15.76629586    07
Starlink-340 3631
1 03632U 00000ABC 00001.00000000  .00000000  00000-0  00000+0 0    07
2 03632  53.0000 247.5000 0000001   0.0000   4.9091 15.76629586    01
Starlink-340 3632
1 03633U 00000ABC 00001.00000000  .00000000  00000-0  00000+0 0    08
2 03633  53.0000 247.5000 0000001   0.0000   8.1818 15.76629586    05
Starlink-340 3633
1 03634U 00000ABC 00001.00000000  .00000000  00000-0  00000+0 0    09
2 03634  53.0000 247.5000 0000001   0.0000  11.4545 15.76629586    00
Starlink-340 3634
1 03635U 00000ABC 00001.00000000  .00000000  00000-0  00000+0 0    00
2 03635  53.0000 247.5000 0000001   0.0000  14.7273 15.76629586    05
Starlink-340 3635
1 03636U 00000ABC 00001.00000000  .00000000  00000-0  00000+0 0    01
2 03636  53.0000 247.5000 0000001   0.0000  18.0000 15.76629586    01
Starlink-340 3636
1 03637U 00000ABC 00001.00000000  .00000000  00000-0  00000+0 0    02
2 03637  53.0000 247.5000 0000001   0.0000  21.2727 15.76629586    04
Starlink-340 3637
1 03638U 00000ABC 00001.00000000  .00000000  00000-0  00000+0 0    03
2 03638  53.0000 247.5000 0000001   0.0000  24.5455 15.76629586    09
Starlink-340 3638
1 03639U 00000ABC 00001.00000000  .00000000  00000-0  00000+0 0    04
2 03639  53.0000 247.5000 0000001   0.0000  27.8182 15.76629586    03
Starlink-340 3639
1 03640U 00000ABC 00001.00000000  .00000000  00000-0  00000+0 0    06
2 03640  53.0000 247.5000 0000001   0.0000  31.0909 15.76629586    09
Starlink-340 3640
1 03641U 00000ABC 00001.00000000  .00000000  00000-0  00000+0 0    07
2 03641  53.0000 247.5000 0000001   0.0000  34.3636 15.76629586    03
Starlink-340 3641
1 03642U 00000ABC 00001.00000000  .00000000  00000-0  00000+0 0    08
2 03642  53.0000 247.5000 0000001   0.0000  37.6364 15.76629586    08
Starlink-340 3642
1 03643U 00000ABC 00001.00000000  .00000000  00000-0  00000+0 0    09
2 03643  53.0000 247.5000 0000001   0.0000  40.9091 15.76629586    03
Starlink-340 3643
1 03644U 00000ABC 00001.00000000  .00000000  00000-0  00000+0 0    00
2 03644  53.0000 247.5000 0000001   0.0000  44.1818 15.76629586    07
Starlink-340 3644
1 03645U 00000ABC 00001.00000000  .00000000  00000-0  00000+0 0    01
2 03645  53.0000 247.5000 0000001   0.0000  47.4545 15.76629586    01
Starlink-340 3645
1 03646U 00000ABC 00001.00000000  .00000000  00000-0  00000+0 0    02
2 03646  53.0000 247.5000 0000001   0.0000  50.7273 15.76629586    07
Starlink-340 3646
1 03647U 00000ABC 00001.00000000  .00000000  00000-0  00000+0 0    03
2 03647  53.0000 247.5000 0000001   0.0000  54.0000 15.76629586    03
Starlink-340 3647
1 03648U 00000ABC 00001.00000000  .00000000  00000-0  00000+0 0    04
2 03648  53.0000 247.5000 0000001   0.0000  57.2727 15.76629586    05
Starlink-340 3648
1 03649U 00000ABC 00001.00000000  .00000000  00000-0  00000+0 0    05
2 03649  53.0000 247.5000 0000001   0.0000  60.5455 15.76629586    01
Starlink-340 3649
1 03650U 00000ABC 00001.00000000  .00000000  00000-0  00000+0 0    07
2 03650  53.0000 247.5000 0000001   0.0000  63.8182 15.76629586    06
Starlink-340 3650
1 03651U 00000ABC 00001.00000000  .00000000  00000-0  00000+0 0    08
2 03651  53.0000 247.5000 0000001   0.0000  67.0909 15.76629586    00
Starlink-340 3651
1 03652U 00000ABC 00001.00000000  .00000000  00000-0  00000+0 0    09
2 03652  53.0000 247.5000 0000001   0.0000  70.3636 15.76629586    05
Starlink-340 3652
1 03653U 00000ABC 00001.00000000  .00000000  00000-0  00000+0 0    00
2 03653  53.0000 247.5000 0000001   0.0000  73.6364 15.76629586    00
Starlink-340 3653
1 03654U 00000ABC 00001.00000000  .00000000  00000-0  00000+0 0    01
2 03654  53.0000 247.5000 0000001   0.0000  76.9091 15.76629586    04
Starlink-340 3654
1 03655U 00000ABC 00001.00000000  .00000000  00000-0  00000+0 0    02
2 03655  53.0000 247.5000 0000001   0.0000  80.1818 15.76629586    09
Starlink-340 3655
1 03656U 00000ABC 00001.00000000  .00000000  00000-0  00000+0 0    03
2 03656  53.0000 247.5000 0000001   0.0000  83.4545 15.76629586    03
Starlink-340 3656
1 03657U 00000ABC 00001.00000000  .00000000  00000-0  00000+0 0    04
2 03657  53.0000 247.5000 0000001   0.0000  86.7273 15.76629586    08
Starlink-340 3657
1 03658U 00000ABC 00001.00000000  .00000000  00000-0  00000+0 0    05
2 03658  53.0000 247.5000 0000001   0.0000  90.0000 15.76629586    05
Starlink-340 3658
1 03659U 00000ABC 00001.00000000  .00000000  00000-0  00000+0 0    06
2 03659  53.0000 247.5000 0000001   0.0000  93.2727 15.76629586    07
Starlink-340 3659
1 03660U 00000ABC 00001.00000000  .00000000  00000-0  00000+0 0    08
2 03660  53.0000 247.5000 0000001   0.0000  96.5455 15.76629586    03
Starlink-340 3660
1 03661U 00000ABC 00001.00000000  .00000000  00000-0  00000+0 0    09
2 03661  53.0000 247.5000 0000001   0.0000  99.8182 15.76629586    07
Starlink-340 3661
1 03662U 00000ABC 00001.00000000  .00000000  00000-0  00000+0 0    00
2 03662  53.0000 247.5000 0000001   0.0000 103.0909 15.76629586    03
Starlink-340 3662
1 03663U 00000ABC 00001.00000000  .00000000  00000-0  00000+0 0    01
2 03663  53.0000 247.5000 0000001   0.0000 106.3636 15.76629586    07
Starlink-340 3663
1 03664U 00000ABC 00001.00000000  .00000000  00000-0  00000+0 0    02
2 03664  53.0000 247.5000 0000001   0.0000 109.6364 15.76629586    02
Starlink-340 3664
1 03665U 00000ABC 00001.00000000  .00000000  00000-0  00000+0 0    03
2 03665  53.0000 247.5000 0000001   0.0000 112.9091 15.76629586    07
Starlink-340 3665
1 03666U 00000ABC 00001.00000000  .00000000  00000-0  00000+0 0    04
2 03666  53.0000 247.5000 0000001   0.0000 116.1818 15.76629586    01
Starlink-340 3666
1 03667U 00000ABC 00001.00000000  .00000000  00000-0  00000+0 0    05
2 03667  53.0000 247.5000 0000001   0.0000 119.4545 15.76629586    05
Starlink-340 3667
1 03668U 00000ABC 00001.00000000  .00000000  00000-0  00000+0 0    06
2 03668  53.0000 247.5000 0000001   0.0000 122.7273 15.76629586    01
Starlink-340 3668
1 03669U 00000ABC 00001.00000000  .00000000  00000-0  00000+0 0    07
2 03669  53.0000 247.5000 0000001   0.0000 126.0000 15.76629586    07
Starlink-340 3669
1 03670U 00000ABC 00001.00000000  .00000000  00000-0  00000+0 0    09
2 03670  53.0000 247.5000 0000001   0.0000 129.2727 15.76629586    00
Starlink-340 3670
1 03671U 00000ABC 00001.00000000  .00000000  00000-0  00000+0 0    00
2 03671  53.0000 247.5000 0000001   0.0000 132.5455 15.76629586    06
Starlink-340 3671
1 03672U 00000ABC 00001.00000000  .00000000  00000-0  00000+0 0    01
2 03672  53.0000 247.5000 0000001   0.0000 135.8182 15.76629586    00
Starlink-340 3672
1 03673U 00000ABC 00001.00000000  .00000000  00000-0  00000+0 0    02
2 03673  53.0000 247.5000 0000001   0.0000 139.0909 15.76629586    04
Starlink-340 3673
1 03674U 00000ABC 00001.00000000  .00000000  00000-0  00000+0 0    03
2 03674  53.0000 247.5000 0000001   0.0000 142.3636 15.76629586    09
Starlink-340 3674
1 03675U 00000ABC 00001.00000000  .00000000  00000-0  00000+0 0    04
2 03675  53.0000 247.5000 0000001   0.0000 145.6364 15.76629586    04
Starlink-340 3675
1 03676U 00000ABC 00001.00000000  .00000000  00000-0  00000+0 0    05
2 03676  53.0000 247.5000 0000001   0.0000 148.9091 15.76629586    08
Starlink-340 3676
1 03677U 00000ABC 00001.00000000  .00000000  00000-0  00000+0 0    06
2 03677  53.0000 247.5000 0000001   0.0000 152.1818 15.76629586    03
Starlink-340 3677
1 03678U 00000ABC 00001.00000000  .00000000  00000-0  00000+0 0    07
2 03678  53.0000 247.5000 0000001   0.0000 155.4545 15.76629586    07
Starlink-340 3678
1 03679U 00000ABC 00001.00000000  .00000000  00000-0  00000+0 0    08
2 03679  53.0000 247.5000 0000001   0.0000 158.7273 15.76629586    02
Starlink-340 3679
1 03680U 00000ABC 00001.00000000  .00000000  00000-0  00000+0 0    00
2 03680  53.0000 247.5000 0000001   0.0000 162.0000 15.76629586    00
Starlink-340 3680
1 03681U 00000ABC 00001.00000000  .00000000  00000-0  00000+0 0    01
2 03681  53.0000 247.5000 0000001   0.0000 165.2727 15.76629586    02
Starlink-340 3681
1 03682U 00000ABC 00001.00000000  .00000000  00000-0  00000+0 0    02
2 03682  53.0000 247.5000 0000001   0.0000 168.5455 15.76629586    07
Starlink-340 3682
1 03683U 00000ABC 00001.00000000  .00000000  00000-0  00000+0 0    03
2 03683  53.0000 247.5000 0000001   0.0000 171.8182 15.76629586    02
Starlink-340 3683
1 03684U 00000ABC 00001.00000000  .00000000  00000-0  00000+0 0    04
2 03684  53.0000 247.5000 0000001   0.0000 175.0909 15.76629586    06
Starlink-340 3684
1 03685U 00000ABC 00001.00000000  .00000000  00000-0  00000+0 0    05
2 03685  53.0000 247.5000 0000001   0.0000 178.3636 15.76629586    00
Starlink-340 3685
1 03686U 00000ABC 00001.00000000  .00000000  00000-0  00000+0 0    06
2 03686  53.0000 247.5000 0000001   0.0000 181.6364 15.76629586    06
Starlink-340 3686
1 03687U 00000ABC 00001.00000000  .00000000  00000-0  00000+0 0    07
2 03687  53.0000 247.5000 0000001   0.0000 184.9091 15.76629586    00
Starlink-340 3687
1 03688U 00000ABC 00001.00000000  .00000000  00000-0  00000+0 0    08
2 03688  53.0000 247.5000 0000001   0.0000 188.1818 15.76629586    04
Starlink-340 3688
1 03689U 00000ABC 00001.00000000  .00000000  00000-0  00000+0 0    09
2 03689  53.0000 247.5000 0000001   0.0000 191.4545 15.76629586    09
Starlink-340 3689
1 03690U 00000ABC 00001.00000000  .00000000  00000-0  00000+0 0    01
2 03690  53.0000 247.5000 0000001   0.0000 194.7273 15.76629586    05
Starlink-340 3690
1 03691U 00000ABC 00001.00000000  .00000000  00000-0  00000+0 0    02
2 03691  53.0000 247.5000 0000001   0.0000 198.0000 15.76629586    01
Starlink-340 3691
1 03692U 00000ABC 00001.00000000  .00000000  00000-0  00000+0 0    03
2 03692  53.0000 247.5000 0000001   0.0000 201.2727 15.76629586    05
Starlink-340 3692
1 03693U 00000ABC 00001.00000000  .00000000  00000-0  00000+0 0    04
2 03693  53.0000 247.5000 0000001   0.0000 204.5455 15.76629586    00
Starlink-340 3693
1 03694U 00000ABC 00001.00000000  .00000000  00000-0  00000+0 0    05
2 03694  53.0000 247.5000 0000001   0.0000 207.8182 15.76629586    04
Starlink-340 3694
1 03695U 00000ABC 00001.00000000  .00000000  00000-0  00000+0 0    06
2 03695  53.0000 247.5000 0000001   0.0000 211.0909 15.76629586    09
Starlink-340 3695
1 03696U 00000ABC 00001.00000000  .00000000  00000-0  00000+0 0    07
2 03696  53.0000 247.5000 0000001   0.0000 214.3636 15.76629586    03
Starlink-340 3696
1 03697U 00000ABC 00001.00000000  .00000000  00000-0  00000+0 0    08
2 03697  53.0000 247.5000 0000001   0.0000 217.6364 15.76629586    08
Starlink-340 3697
1 03698U 00000ABC 00001.00000000  .00000000  00000-0  00000+0 0    09
2 03698  53.0000 247.5000 0000001   0.0000 220.9091 15.76629586    03
Starlink-340 3698
1 03699U 00000ABC 00001.00000000  .00000000  00000-0  00000+0 0    00
2 03699  53.0000 247.5000 0000001   0.0000 224.1818 15.76629586    07
Starlink-340 3699
1 03700U 00000ABC 00001.00000000  .00000000  00000-0  00000+0 0    03
2 03700  53.0000 247.5000 0000001   0.0000 227.4545 15.76629586    03
Starlink-340 3700
1 03701U 00000ABC 00001.00000000  .00000000  00000-0  00000+0 0    04
2 03701  53.0000 247.5000 0000001   0.0000 230.7273 15.76629586    09
Starlink-340 3701
1 03702U 00000ABC 00001.00000000  .00000000  00000-0  00000+0 0    05
2 03702  53.0000 247.5000 0000001   0.0000 234.0000 15.76629586    05
Starlink-340 3702
1 03703U 00000ABC 00001.00000000  .00000000  00000-0  00000+0 0    06
2 03703  53.0000 247.5000 0000001   0.0000 237.2727 15.76629586    07
Starlink-340 3703
1 03704U 00000ABC 00001.00000000  .00000000  00000-0  00000+0 0    07
2 03704  53.0000 247.5000 0000001   0.0000 240.5455 15.76629586    03
Starlink-340 3704
1 03705U 00000ABC 00001.00000000  .00000000  00000-0  00000+0 0    08
2 03705  53.0000 247.5000 0000001   0.0000 243.8182 15.76629586    07
Starlink-340 3705
1 03706U 00000ABC 00001.00000000  .00000000  00000-0  00000+0 0    09
2 03706  53.0000 247.5000 0000001   0.0000 247.0909 15.76629586    01
Starlink-340 3706
1 03707U 00000ABC 00001.00000000  .00000000  00000-0  00000+0 0    00
2 03707  53.0000 247.5000 0000001   0.0000 250.3636 15.76629586    06
Starlink-340 3707
1 03708U 00000ABC 00001.00000000  .00000000  00000-0  00000+0 0    01
2 03708  53.0000 247.5000 0000001   0.0000 253.6364 15.76629586    01
Starlink-340 3708
1 03709U 00000ABC 00001.00000000  .00000000  00000-0  00000+0 0    02
2 03709  53.0000 247.5000 0000001   0.0000 256.9091 15.76629586    05
Starlink-340 3709
1 03710U 00000ABC 00001.00000000  .00000000  00000-0  00000+0 0    04
2 03710  53.0000 247.5000 0000001   0.0000 260.1818 15.76629586    01
Starlink-340 3710
1 03711U 00000ABC 00001.00000000  .00000000  00000-0  00000+0 0    05
2 03711  53.0000 247.5000 0000001   0.0000 263.4545 15.76629586    05
Starlink-340 3711
1 03712U 00000ABC 00001.00000000  .00000000  00000-0  00000+0 0    06
2 03712  53.0000 247.5000 0000001   0.0000 266.7273 15.76629586    00
Starlink-340 3712
1 03713U 00000ABC 00001.00000000  .00000000  00000-0  00000+0 0    07
2 03713  53.0000 247.5000 0000001   0.0000 270.0000 15.76629586    07
Starlink-340 3713
1 03714U 00000ABC 00001.00000000  .00000000  00000-0  00000+0 0    08
2 03714  53.0000 247.5000 0000001   0.0000 273.2727 15.76629586    09
Starlink-340 3714
1 03715U 00000ABC 00001.00000000  .00000000  00000-0  00000+0 0    09
2 03715  53.0000 247.5000 0000001   0.0000 276.5455 15.76629586    04
Starlink-340 3715
1 03716U 00000ABC 00001.00000000  .00000000  00000-0  00000+0 0    00
2 03716  53.0000 247.5000 0000001   0.0000 279.8182 15.76629586    08
Starlink-340 3716
1 03717U 00000ABC 00001.00000000  .00000000  00000-0  00000+0 0    01
2 03717  53.0000 247.5000 0000001   0.0000 283.0909 15.76629586    03
Starlink-340 3717
1 03718U 00000ABC 00001.00000000  .00000000  00000-0  00000+0 0    02
2 03718  53.0000 247.5000 0000001   0.0000 286.3636 15.76629586    07
Starlink-340 3718
1 03719U 00000ABC 00001.00000000  .00000000  00000-0  00000+0 0    03
2 03719  53.0000 247.5000 0000001   0.0000 289.6364 15.76629586    02
Starlink-340 3719
1 03720U 00000ABC 00001.00000000  .00000000  00000-0  00000+0 0    05
2 03720  53.0000 247.5000 0000001   0.0000 292.9091 15.76629586    08
Starlink-340 3720
1 03721U 00000ABC 00001.00000000  .00000000  00000-0  00000+0 0    06
2 03721  53.0000 247.5000 0000001   0.0000 296.1818 15.76629586    02
Starlink-340 3721
1 03722U 00000ABC 00001.00000000  .00000000  00000-0  00000+0 0    07
2 03722  53.0000 247.5000 0000001   0.0000 299.4545 15.76629586    06
Starlink-340 3722
1 03723U 00000ABC 00001.00000000  .00000000  00000-0  00000+0 0    08
2 03723  53.0000 247.5000 0000001   0.0000 302.7273 15.76629586    03
Starlink-340 3723
1 03724U 00000ABC 00001.00000000  .00000000  00000-0  00000+0 0    09
2 03724  53.0000 247.5000 0000001   0.0000 306.0000 15.76629586    09
Starlink-340 3724
1 03725U 00000ABC 00001.00000000  .00000000  00000-0  00000+0 0    00
2 03725  53.0000 247.5000 0000001   0.0000 309.2727 15.76629586    01
Starlink-340 3725
1 03726U 00000ABC 00001.00000000  .00000000  00000-0  00000+0 0    01
2 03726  53.0000 247.5000 0000001   0.0000 312.5455 15.76629586    07
Starlink-340 3726
1 03727U 00000ABC 00001.00000000  .00000000  00000-0  00000+0 0    02
2 03727  53.0000 247.5000 0000001   0.0000 315.8182 15.76629586    01
Starlink-340 3727
1 03728U 00000ABC 00001.00000000  .00000000  00000-0  00000+0 0    03
2 03728  53.0000 247.5000 0000001   0.0000 319.0909 15.76629586    05
Starlink-340 3728
1 03729U 00000ABC 00001.00000000  .00000000  00000-0  00000+0 0    04
2 03729  53.0000 247.5000 0000001   0.0000 322.3636 15.76629586    00
Starlink-340 3729
1 03730U 00000ABC 00001.00000000  .00000000  00000-0  00000+0 0    06
2 03730  53.0000 247.5000 0000001   0.0000 325.6364 15.76629586    06
Starlink-340 3730
1 03731U 00000ABC 00001.00000000  .00000000  00000-0  00000+0 0    07
2 03731  53.0000 247.5000 0000001   0.0000 328.9091 15.76629586    00
Starlink-340 3731
1 03732U 00000ABC 00001.00000000  .00000000  00000-0  00000+0 0    08
2 03732  53.0000 247.5000 0000001   0.0000 332.1818 15.76629586    05
Starlink-340 3732
1 03733U 00000ABC 00001.00000000  .00000000  00000-0  00000+0 0    09
2 03733  53.0000 247.5000 0000001   0.0000 335.4545 15.76629586    09
Starlink-340 3733
1 03734U 00000ABC 00001.00000000  .00000000  00000-0  00000+0 0    00
2 03734  53.0000 247.5000 0000001   0.0000 338.7273 15.76629586    04
Starlink-340 3734
1 03735U 00000ABC 00001.00000000  .00000000  00000-0  00000+0 0    01
2 03735  53.0000 247.5000 0000001   0.0000 342.0000 15.76629586    01
Starlink-340 3735
1 03736U 00000ABC 00001.00000000  .00000000  00000-0  00000+0 0    02
2 03736  53.0000 247.5000 0000001   0.0000 345.2727 15.76629586    03
Starlink-340 3736
1 03737U 00000ABC 00001.00000000  .00000000  00000-0  00000+0 0    03
2 03737  53.0000 247.5000 0000001   0.0000 348.5455 15.76629586    08
Starlink-340 3737
1 03738U 00000ABC 00001.00000000  .00000000  00000-0  00000+0 0    04
2 03738  53.0000 247.5000 0000001   0.0000 351.8182 15.76629586    03
Starlink-340 3738
1 03739U 00000ABC 00001.00000000  .00000000  00000-0  00000+0 0    05
2 03739  53.0000 247.5000 0000001   0.0000 355.0909 15.76629586    07
Starlink-340 3739
1 03740U 00000ABC 00001.00000000  .00000000  00000-0  00000+0 0    07
2 03740  53.0000 247.5000 0000001   0.0000 358.3636 15.76629586    02
Starlink-340 3740
1 03741U 00000ABC 00001.00000000  .00000000  00000-0  00000+0 0    08
2 03741  53.0000 255.0000 0000001   0.0000   0.0000 15.76629586    03
Starlink-340 3741
1 03742U 00000ABC 00001.00000000  .00000000  00000-0  00000+0 0    09
2 03742  53.0000 255.0000 0000001   0.0000   3.2727 15.76629586    05
Starlink-340 3742
1 03743U 00000ABC 00001.00000000  .00000000  00000-0  00000+0 0    00
2 03743  53.0000 255.0000 0000001   0.0000   6.5455 15.76629586    00
Starlink-340 3743
1 03744U 00000ABC 00001.00000000  .00000000  00000-0  00000+0 0    01
2 03744  53.0000 255.0000 0000001   0.0000   9.8182 15.76629586    04
Starlink-340 3744
1 03745U 00000ABC 00001.00000000  .00000000  00000-0  00000+0 0    02
2 03745  53.0000 255.0000 0000001   0.0000  13.0909 15.76629586    09
Starlink-340 3745
1 03746U 00000ABC 00001.00000000  .00000000  00000-0  00000+0 0    03
2 03746  53.0000 255.0000 0000001   0.0000  16.3636 15.76629586    03
Starlink-340 3746
1 03747U 00000ABC 00001.00000000  .00000000  00000-0  00000+0 0    04
2 03747  53.0000 255.0000 0000001   0.0000  19.6364 15.76629586    08
Starlink-340 3747
1 03748U 00000ABC 00001.00000000  .00000000  00000-0  00000+0 0    05
2 03748  53.0000 255.0000 0000001   0.0000  22.9091 15.76629586    03
Starlink-340 3748
1 03749U 00000ABC 00001.00000000  .00000000  00000-0  00000+0 0    06
2 03749  53.0000 255.0000 0000001   0.0000  26.1818 15.76629586    07
Starlink-340 3749
1 03750U 00000ABC 00001.00000000  .00000000  00000-0  00000+0 0    08
2 03750  53.0000 255.0000 0000001   0.0000  29.4545 15.76629586    02
Starlink-340 3750
1 03751U 00000ABC 00001.00000000  .00000000  00000-0  00000+0 0    09
2 03751  53.0000 255.0000 0000001   0.0000  32.7273 15.76629586    08
Starlink-340 3751
1 03752U 00000ABC 00001.00000000  .00000000  00000-0  00000+0 0    00
2 03752  53.0000 255.0000 0000001   0.0000  36.0000 15.76629586    04
Starlink-340 3752
1 03753U 00000ABC 00001.00000000  .00000000  00000-0  00000+0 0    01
2 03753  53.0000 255.0000 0000001   0.0000  39.2727 15.76629586    06
Starlink-340 3753
1 03754U 00000ABC 00001.00000000  .00000000  00000-0  00000+0 0    02
2 03754  53.0000 255.0000 0000001   0.0000  42.5455 15.76629586    02
Starlink-340 3754
1 03755U 00000ABC 00001.00000000  .00000000  00000-0  00000+0 0    03
2 03755  53.0000 255.0000 0000001   0.0000  45.8182 15.76629586    06
Starlink-340 3755
1 03756U 00000ABC 00001.00000000  .00000000  00000-0  00000+0 0    04
2 03756  53.0000 255.0000 0000001   0.0000  49.0909 15.76629586    00
Starlink-340 3756
1 03757U 00000ABC 00001.00000000  .00000000  00000-0  00000+0 0    05
2 03757  53.0000 255.0000 0000001   0.0000  52.3636 15.76629586    05
Starlink-340 3757
1 03758U 00000ABC 00001.00000000  .00000000  00000-0  00000+0 0    06
2 03758  53.0000 255.0000 0000001   0.0000  55.6364 15.76629586    00
Starlink-340 3758
1 03759U 00000ABC 00001.00000000  .00000000  00000-0  00000+0 0    07
2 03759  53.0000 255.0000 0000001   0.0000  58.9091 15.76629586    04
Starlink-340 3759
1 03760U 00000ABC 00001.00000000  .00000000  00000-0  00000+0 0    09
2 03760  53.0000 255.0000 0000001   0.0000  62.1818 15.76629586    00
Starlink-340 3760
1 03761U 00000ABC 00001.00000000  .00000000  00000-0  00000+0 0    00
2 03761  53.0000 255.0000 0000001   0.0000  65.4545 15.76629586    04
Starlink-340 3761
1 03762U 00000ABC 00001.00000000  .00000000  00000-0  00000+0 0    01
2 03762  53.0000 255.0000 0000001   0.0000  68.7273 15.76629586    09
Starlink-340 3762
1 03763U 00000ABC 00001.00000000  .00000000  00000-0  00000+0 0    02
2 03763  53.0000 255.0000 0000001   0.0000  72.0000 15.76629586    06
Starlink-340 3763
1 03764U 00000ABC 00001.00000000  .00000000  00000-0  00000+0 0    03
2 03764  53.0000 255.0000 0000001   0.0000  75.2727 15.76629586    08
Starlink-340 3764
1 03765U 00000ABC 00001.00000000  .00000000  00000-0  00000+0 0    04
2 03765  53.0000 255.0000 0000001   0.0000  78.5455 15.76629586    03
Starlink-340 3765
1 03766U 00000ABC 00001.00000000  .00000000  00000-0  00000+0 0    05
2 03766  53.0000 255.0000 0000001   0.0000  81.8182 15.76629586    08
Starlink-340 3766
1 03767U 00000ABC 00001.00000000  .00000000  00000-0  00000+0 0    06
2 03767  53.0000 255.0000 0000001   0.0000  85.0909 15.76629586    02
Starlink-340 3767
1 03768U 00000ABC 00001.00000000  .00000000  00000-0  00000+0 0    07
2 03768  53.0000 255.0000 0000001   0.0000  88.3636 15.76629586    06
Starlink-340 3768
1 03769U 00000ABC 00001.00000000  .00000000  00000-0  00000+0 0    08
2 03769  53.0000 255.0000 0000001   0.0000  91.6364 15.76629586    02
Starlink-340 3769
1 03770U 00000ABC 00001.00000000  .00000000  00000-0  00000+0 0    00
2 03770  53.0000 255.0000 0000001   0.0000  94.9091 15.76629586    07
Starlink-340 3770
1 03771U 00000ABC 00001.00000000  .00000000  00000-0  00000+0 0    01
2 03771  53.0000 255.0000 0000001   0.0000  98.1818 15.76629586    01
Starlink-340 3771
1 03772U 00000ABC 00001.00000000  .00000000  00000-0  00000+0 0    02
2 03772  53.0000 255.0000 0000001   0.0000 101.4545 15.76629586    07
Starlink-340 3772
1 03773U 00000ABC 00001.00000000  .00000000  00000-0  00000+0 0    03
2 03773  53.0000 255.0000 0000001   0.0000 104.7273 15.76629586    02
Starlink-340 3773
1 03774U 00000ABC 00001.00000000  .00000000  00000-0  00000+0 0    04
2 03774  53.0000 255.0000 0000001   0.0000 108.0000 15.76629586    08
Starlink-340 3774
1 03775U 00000ABC 00001.00000000  .00000000  00000-0  00000+0 0    05
2 03775  53.0000 255.0000 0000001   0.0000 111.2727 15.76629586    01
Starlink-340 3775
1 03776U 00000ABC 00001.00000000  .00000000  00000-0  00000+0 0    06
2 03776  53.0000 255.0000 0000001   0.0000 114.5455 15.76629586    06
Starlink-340 3776
1 03777U 00000ABC 00001.00000000  .00000000  00000-0  00000+0 0    07
2 03777  53.0000 255.0000 0000001   0.0000 117.8182 15.76629586    00
Starlink-340 3777
1 03778U 00000ABC 00001.00000000  .00000000  00000-0  00000+0 0    08
2 03778  53.0000 255.0000 0000001   0.0000 121.0909 15.76629586    05
Starlink-340 3778
1 03779U 00000ABC 00001.00000000  .00000000  00000-0  00000+0 0    09
2 03779  53.0000 255.0000 0000001   0.0000 124.3636 15.76629586    09
Starlink-340 3779
1 03780U 00000ABC 00001.00000000  .00000000  00000-0  00000+0 0    01
2 03780  53.0000 255.0000 0000001   0.0000 127.6364 15.76629586    05
Starlink-340 3780
1 03781U 00000ABC 00001.00000000  .00000000  00000-0  00000+0 0    02
2 03781  53.0000 255.0000 0000001   0.0000 130.9091 15.76629586    00
Starlink-340 3781
1 03782U 00000ABC 00001.00000000  .00000000  00000-0  00000+0 0    03
2 03782  53.0000 255.0000 0000001   0.0000 134.1818 15.76629586    04
Starlink-340 3782
1 03783U 00000ABC 00001.00000000  .00000000  00000-0  00000+0 0    04
2 03783  53.0000 255.0000 0000001   0.0000 137.4545 15.76629586    08
Starlink-340 3783
1 03784U 00000ABC 00001.00000000  .00000000  00000-0  00000+0 0    05
2 03784  53.0000 255.0000 0000001   0.0000 140.7273 15.76629586    04
Starlink-340 3784
1 03785U 00000ABC 00001.00000000  .00000000  00000-0  00000+0 0    06
2 03785  53.0000 255.0000 0000001   0.0000 144.0000 15.76629586    00
Starlink-340 3785
1 03786U 00000ABC 00001.00000000  .00000000  00000-0  00000+0 0    07
2 03786  53.0000 255.0000 0000001   0.0000 147.2727 15.76629586    02
Starlink-340 3786
1 03787U 00000ABC 00001.00000000  .00000000  00000-0  00000+0 0    08
2 03787  53.0000 255.0000 0000001   0.0000 150.5455 15.76629586    08
Starlink-340 3787
1 03788U 00000ABC 00001.00000000  .00000000  00000-0  00000+0 0    09
2 03788  53.0000 255.0000 0000001   0.0000 153.8182 15.76629586    02
Starlink-340 3788
1 03789U 00000ABC 00001.00000000  .00000000  00000-0  00000+0 0    00
2 03789  53.0000 255.0000 0000001   0.0000 157.0909 15.76629586    06
Starlink-340 3789
1 03790U 00000ABC 00001.00000000  .00000000  00000-0  00000+0 0    02
2 03790  53.0000 255.0000 0000001   0.0000 160.3636 15.76629586    02
Starlink-340 3790
1 03791U 00000ABC 00001.00000000  .00000000  00000-0  00000+0 0    03
2 03791  53.0000 255.0000 0000001   0.0000 163.6364 15.76629586    07
Starlink-340 3791
1 03792U 00000ABC 00001.00000000  .00000000  00000-0  00000+0 0    04
2 03792  53.0000 255.0000 0000001   0.0000 166.9091 15.76629586    01
Starlink-340 3792
1 03793U 00000ABC 00001.00000000  .00000000  00000-0  00000+0 0    05
2 03793  53.0000 255.0000 0000001   0.0000 170.1818 15.76629586    06
Starlink-340 3793
1 03794U 00000ABC 00001.00000000  .00000000  00000-0  00000+0 0    06
2 03794  53.0000 255.0000 0000001   0.0000 173.4545 15.76629586    00
Starlink-340 3794
1 03795U 00000ABC 00001.00000000  .00000000  00000-0  00000+0 0    07
2 03795  53.0000 255.0000 0000001   0.0000 176.7273 15.76629586    05
Starlink-340 3795
1 03796U 00000ABC 00001.00000000  .00000000  00000-0  00000+0 0    08
2 03796  53.0000 255.0000 0000001   0.0000 180.0000 15.76629586    02
Starlink-340 3796
1 03797U 00000ABC 00001.00000000  .00000000  00000-0  00000+0 0    09
2 03797  53.0000 255.0000 0000001   0.0000 183.2727 15.76629586    04
Starlink-340 3797
1 03798U 00000ABC 00001.00000000  .00000000  00000-0  00000+0 0    00
2 03798  53.0000 255.0000 0000001   0.0000 186.5455 15.76629586    09
Starlink-340 3798
1 03799U 00000ABC 00001.00000000  .00000000  00000-0  00000+0 0    01
2 03799  53.0000 255.0000 0000001   0.0000 189.8182 15.76629586    03
Starlink-340 3799
1 03800U 00000ABC 00001.00000000  .00000000  00000-0  00000+0 0    04
2 03800  53.0000 255.0000 0000001   0.0000 193.0909 15.76629586    00
Starlink-340 3800
1 03801U 00000ABC 00001.00000000  .00000000  00000-0  00000+0 0    05
2 03801  53.0000 255.0000 0000001   0.0000 196.3636 15.76629586    04
Starlink-340 3801
1 03802U 00000ABC 00001.00000000  .00000000  00000-0  00000+0 0    06
2 03802  53.0000 255.0000 0000001   0.0000 199.6364 15.76629586    09
Starlink-340 3802
1 03803U 00000ABC 00001.00000000  .00000000  00000-0  00000+0 0    07
2 03803  53.0000 255.0000 0000001   0.0000 202.9091 15.76629586    05
Starlink-340 3803
1 03804U 00000ABC 00001.00000000  .00000000  00000-0  00000+0 0    08
2 03804  53.0000 255.0000 0000001   0.0000 206.1818 15.76629586    09
Starlink-340 3804
1 03805U 00000ABC 00001.00000000  .00000000  00000-0  00000+0 0    09
2 03805  53.0000 255.0000 0000001   0.0000 209.4545 15.76629586    03
Starlink-340 3805
1 03806U 00000ABC 00001.00000000  .00000000  00000-0  00000+0 0    00
2 03806  53.0000 255.0000 0000001   0.0000 212.7273 15.76629586    09
Starlink-340 3806
1 03807U 00000ABC 00001.00000000  .00000000  00000-0  00000+0 0    01
2 03807  53.0000 255.0000 0000001   0.0000 216.0000 15.76629586    05
Starlink-340 3807
1 03808U 00000ABC 00001.00000000  .00000000  00000-0  00000+0 0    02
2 03808  53.0000 255.0000 0000001   0.0000 219.2727 15.76629586    07
Starlink-340 3808
1 03809U 00000ABC 00001.00000000  .00000000  00000-0  00000+0 0    03
2 03809  53.0000 255.0000 0000001   0.0000 222.5455 15.76629586    03
Starlink-340 3809
1 03810U 00000ABC 00001.00000000  .00000000  00000-0  00000+0 0    05
2 03810  53.0000 255.0000 0000001   0.0000 225.8182 15.76629586    08
Starlink-340 3810
1 03811U 00000ABC 00001.00000000  .00000000  00000-0  00000+0 0    06
2 03811  53.0000 255.0000 0000001   0.0000 229.0909 15.76629586    02
Starlink-340 3811
1 03812U 00000ABC 00001.00000000  .00000000  00000-0  00000+0 0    07
2 03812  53.0000 255.0000 0000001   0.0000 232.3636 15.76629586    07
Starlink-340 3812
1 03813U 00000ABC 00001.00000000  .00000000  00000-0  00000+0 0    08
2 03813  53.0000 255.0000 0000001   0.0000 235.6364 15.76629586    02
Starlink-340 3813
1 03814U 00000ABC 00001.00000000  .00000000  00000-0  00000+0 0    09
2 03814  53.0000 255.0000 0000001   0.0000 238.9091 15.76629586    06
Starlink-340 3814
1 03815U 00000ABC 00001.00000000  .00000000  00000-0  00000+0 0    00
2 03815  53.0000 255.0000 0000001   0.0000 242.1818 15.76629586    01
Starlink-340 3815
1 03816U 00000ABC 00001.00000000  .00000000  00000-0  00000+0 0    01
2 03816  53.0000 255.0000 0000001   0.0000 245.4545 15.76629586    05
Starlink-340 3816
1 03817U 00000ABC 00001.00000000  .00000000  00000-0  00000+0 0    02
2 03817  53.0000 255.0000 0000001   0.0000 248.7273 15.76629586    00
Starlink-340 3817
1 03818U 00000ABC 00001.00000000  .00000000  00000-0  00000+0 0    03
2 03818  53.0000 255.0000 0000001   0.0000 252.0000 15.76629586    07
Starlink-340 3818
1 03819U 00000ABC 00001.00000000  .00000000  00000-0  00000+0 0    04
2 03819  53.0000 255.0000 0000001   0.0000 255.2727 15.76629586    09
Starlink-340 3819
1 03820U 00000ABC 00001.00000000  .00000000  00000-0  00000+0 0    06
2 03820  53.0000 255.0000 0000001   0.0000 258.5455 15.76629586    05
Starlink-340 3820
1 03821U 00000ABC 00001.00000000  .00000000  00000-0  00000+0 0    07
2 03821  53.0000 255.0000 0000001   0.0000 261.8182 15.76629586    00
Starlink-340 3821
1 03822U 00000ABC 00001.00000000  .00000000  00000-0  00000+0 0    08
2 03822  53.0000 255.0000 0000001   0.0000 265.0909 15.76629586    04
Starlink-340 3822
1 03823U 00000ABC 00001.00000000  .00000000  00000-0  00000+0 0    09
2 03823  53.0000 255.0000 0000001   0.0000 268.3636 15.76629586    08
Starlink-340 3823
1 03824U 00000ABC 00001.00000000  .00000000  00000-0  00000+0 0    00
2 03824  53.0000 255.0000 0000001   0.0000 271.6364 15.76629586    04
Starlink-340 3824
1 03825U 00000ABC 00001.00000000  .00000000  00000-0  00000+0 0    01
2 03825  53.0000 255.0000 0000001   0.0000 274.9091 15.76629586    08
Starlink-340 3825
1 03826U 00000ABC 00001.00000000  .00000000  00000-0  00000+0 0    02
2 03826  53.0000 255.0000 0000001   0.0000 278.1818 15.76629586    02
Starlink-340 3826
1 03827U 00000ABC 00001.00000000  .00000000  00000-0  00000+0 0    03
2 03827  53.0000 255.0000 0000001   0.0000 281.4545 15.76629586    07
Starlink-340 3827
1 03828U 00000ABC 00001.00000000  .00000000  00000-0  00000+0 0    04
2 03828  53.0000 255.0000 0000001   0.0000 284.7273 15.76629586    02
Starlink-340 3828
1 03829U 00000ABC 00001.00000000  .00000000  00000-0  00000+0 0    05
2 03829  53.0000 255.0000 0000001   0.0000 288.0000 15.76629586    08
Starlink-340 3829
1 03830U 00000ABC 00001.00000000  .00000000  00000-0  00000+0 0    07
2 03830  53.0000 255.0000 0000001   0.0000 291.2727 15.76629586    02
Starlink-340 3830
1 03831U 00000ABC 00001.00000000  .00000000  00000-0  00000+0 0    08
2 03831  53.0000 255.0000 0000001   0.0000 294.5455 15.76629586    07
Starlink-340 3831
1 03832U 00000ABC 00001.00000000  .00000000  00000-0  00000+0 0    09
2 03832  53.0000 255.0000 0000001   0.0000 297.8182 15.76629586    01
Starlink-340 3832
1 03833U 00000ABC 00001.00000000  .00000000  00000-0  00000+0 0    00
2 03833  53.0000 255.0000 0000001   0.0000 301.0909 15.76629586    07
Starlink-340 3833
1 03834U 00000ABC 00001.00000000  .00000000  00000-0  00000+0 0    01
2 03834  53.0000 255.0000 0000001   0.0000 304.3636 15.76629586    01
Starlink-340 3834
1 03835U 00000ABC 00001.00000000  .00000000  00000-0  00000+0 0    02
2 03835  53.0000 255.0000 0000001   0.0000 307.6364 15.76629586    06
Starlink-340 3835
1 03836U 00000ABC 00001.00000000  .00000000  00000-0  00000+0 0    03
2 03836  53.0000 255.0000 0000001   0.0000 310.9091 15.76629586    01
Starlink-340 3836
1 03837U 00000ABC 00001.00000000  .00000000  00000-0  00000+0 0    04
2 03837  53.0000 255.0000 0000001   0.0000 314.1818 15.76629586    05
Starlink-340 3837
1 03838U 00000ABC 00001.00000000  .00000000  00000-0  00000+0 0    05
2 03838  53.0000 255.0000 0000001   0.0000 317.4545 15.76629586    09
Starlink-340 3838
1 03839U 00000ABC 00001.00000000  .00000000  00000-0  00000+0 0    06
2 03839  53.0000 255.0000 0000001   0.0000 320.7273 15.76629586    05
Starlink-340 3839
1 03840U 00000ABC 00001.00000000  .00000000  00000-0  00000+0 0    08
2 03840  53.0000 255.0000 0000001   0.0000 324.0000 15.76629586    02
Starlink-340 3840
1 03841U 00000ABC 00001.00000000  .00000000  00000-0  00000+0 0    09
2 03841  53.0000 255.0000 0000001   0.0000 327.2727 15.76629586    04
Starlink-340 3841
1 03842U 00000ABC 00001.00000000  .00000000  00000-0  00000+0 0    00
2 03842  53.0000 255.0000 0000001   0.0000 330.5455 15.76629586    00
Starlink-340 3842
1 03843U 00000ABC 00001.00000000  .00000000  00000-0  00000+0 0    01
2 03843  53.0000 255.0000 0000001   0.0000 333.8182 15.76629586    04
Starlink-340 3843
1 03844U 00000ABC 00001.00000000  .00000000  00000-0  00000+0 0    02
2 03844  53.0000 255.0000 0000001   0.0000 337.0909 15.76629586    08
Starlink-340 3844
1 03845U 00000ABC 00001.00000000  .00000000  00000-0  00000+0 0    03
2 03845  53.0000 255.0000 0000001   0.0000 340.3636 15.76629586    03
Starlink-340 3845
1 03846U 00000ABC 00001.00000000  .00000000  00000-0  00000+0 0    04
2 03846  53.0000 255.0000 0000001   0.0000 343.6364 15.76629586    08
Starlink-340 3846
1 03847U 00000ABC 00001.00000000  .00000000  00000-0  00000+0 0    05
2 03847  53.0000 255.0000 0000001   0.0000 346.9091 15.76629586    02
Starlink-340 3847
1 03848U 00000ABC 00001.00000000  .00000000  00000-0  00000+0 0    06
2 03848  53.0000 255.0000 0000001   0.0000 350.1818 15.76629586    07
Starlink-340 3848
1 03849U 00000ABC 00001.00000000  .00000000  00000-0  00000+0 0    07
2 03849  53.0000 255.0000 0000001   0.0000 353.4545 15.76629586    01
Starlink-340 3849
1 03850U 00000ABC 00001.00000000  .00000000  00000-0  00000+0 0    09
2 03850  53.0000 255.0000 0000001   0.0000 356.7273 15.76629586    07
Starlink-340 3850
1 03851U 00000ABC 00001.00000000  .00000000  00000-0  00000+0 0    00
2 03851  53.0000 262.5000 0000001   0.0000   1.6364 15.76629586    08
Starlink-340 3851
1 03852U 00000ABC 00001.00000000  .00000000  00000-0  00000+0 0    01
2 03852  53.0000 262.5000 0000001   0.0000   4.9091 15.76629586    02
Starlink-340 3852
1 03853U 00000ABC 00001.00000000  .00000000  00000-0  00000+0 0    02
2 03853  53.0000 262.5000 0000001   0.0000   8.1818 15.76629586    06
Starlink-340 3853
1 03854U 00000ABC 00001.00000000  .00000000  00000-0  00000+0 0    03
2 03854  53.0000 262.5000 0000001   0.0000  11.4545 15.76629586    01
Starlink-340 3854
1 03855U 00000ABC 00001.00000000  .00000000  00000-0  00000+0 0    04
2 03855  53.0000 262.5000 0000001   0.0000  14.7273 15.76629586    06
Starlink-340 3855
1 03856U 00000ABC 00001.00000000  .00000000  00000-0  00000+0 0    05
2 03856  53.0000 262.5000 0000001   0.0000  18.0000 15.76629586    02
Starlink-340 3856
1 03857U 00000ABC 00001.00000000  .00000000  00000-0  00000+0 0    06
2 03857  53.0000 262.5000 0000001   0.0000  21.2727 15.76629586    05
Starlink-340 3857
1 03858U 00000ABC 00001.00000000  .00000000  00000-0  00000+0 0    07
2 03858  53.0000 262.5000 0000001   0.0000  24.5455 15.76629586    00
Starlink-340 3858
1 03859U 00000ABC 00001.00000000  .00000000  00000-0  00000+0 0    08
2 03859  53.0000 262.5000 0000001   0.0000  27.8182 15.76629586    04
Starlink-340 3859
1 03860U 00000ABC 00001.00000000  .00000000  00000-0  00000+0 0    00
2 03860  53.0000 262.5000 0000001   0.0000  31.0909 15.76629586    00
Starlink-340 3860
1 03861U 00000ABC 00001.00000000  .00000000  00000-0  00000+0 0    01
2 03861  53.0000 262.5000 0000001   0.0000  34.3636 15.76629586    04
Starlink-340 3861
1 03862U 00000ABC 00001.00000000  .00000000  00000-0  00000+0 0    02
2 03862  53.0000 262.5000 0000001   0.0000  37.6364 15.76629586    09
Starlink-340 3862
1 03863U 00000ABC 00001.00000000  .00000000  00000-0  00000+0 0    03
2 03863  53.0000 262.5000 0000001   0.0000  40.9091 15.76629586    04
Starlink-340 3863
1 03864U 00000ABC 00001.00000000  .00000000  00000-0  00000+0 0    04
2 03864  53.0000 262.5000 0000001   0.0000  44.1818 15.76629586    08
Starlink-340 3864
1 03865U 00000ABC 00001.00000000  .00000000  00000-0  00000+0 0    05
2 03865  53.0000 262.5000 0000001   0.0000  47.4545 15.76629586    02
Starlink-340 3865
1 03866U 00000ABC 00001.00000000  .00000000  00000-0  00000+0 0    06
2 03866  53.0000 262.5000 0000001   0.0000  50.7273 15.76629586    08
Starlink-340 3866
1 03867U 00000ABC 00001.00000000  .00000000  00000-0  00000+0 0    07
2 03867  53.0000 262.5000 0000001   0.0000  54.0000 15.76629586    04
Starlink-340 3867
1 03868U 00000ABC 00001.00000000  .00000000  00000-0  00000+0 0    08
2 03868  53.0000 262.5000 0000001   0.0000  57.2727 15.76629586    06
Starlink-340 3868
1 03869U 00000ABC 00001.00000000  .00000000  00000-0  00000+0 0    09
2 03869  53.0000 262.5000 0000001   0.0000  60.5455 15.76629586    02
Starlink-340 3869
1 03870U 00000ABC 00001.00000000  .00000000  00000-0  00000+0 0    01
2 03870  53.0000 262.5000 0000001   0.0000  63.8182 15.76629586    07
Starlink-340 3870
1 03871U 00000ABC 00001.00000000  .00000000  00000-0  00000+0 0    02
2 03871  53.0000 262.5000 0000001   0.0000  67.0909 15.76629586    01
Starlink-340 3871
1 03872U 00000ABC 00001.00000000  .00000000  00000-0  00000+0 0    03
2 03872  53.0000 262.5000 0000001   0.0000  70.3636 15.76629586    06
Starlink-340 3872
1 03873U 00000ABC 00001.00000000  .00000000  00000-0  00000+0 0    04
2 03873  53.0000 262.5000 0000001   0.0000  73.6364 15.76629586    01
Starlink-340 3873
1 03874U 00000ABC 00001.00000000  .00000000  00000-0  00000+0 0    05
2 03874  53.0000 262.5000 0000001   0.0000  76.9091 15.76629586    05
Starlink-340 3874
1 03875U 00000ABC 00001.00000000  .00000000  00000-0  00000+0 0    06
2 03875  53.0000 262.5000 0000001   0.0000  80.1818 15.76629586    00
Starlink-340 3875
1 03876U 00000ABC 00001.00000000  .00000000  00000-0  00000+0 0    07
2 03876  53.0000 262.5000 0000001   0.0000  83.4545 15.76629586    04
Starlink-340 3876
1 03877U 00000ABC 00001.00000000  .00000000  00000-0  00000+0 0    08
2 03877  53.0000 262.5000 0000001   0.0000  86.7273 15.76629586    09
Starlink-340 3877
1 03878U 00000ABC 00001.00000000  .00000000  00000-0  00000+0 0    09
2 03878  53.0000 262.5000 0000001   0.0000  90.0000 15.76629586    06
Starlink-340 3878
1 03879U 00000ABC 00001.00000000  .00000000  00000-0  00000+0 0    00
2 03879  53.0000 262.5000 0000001   0.0000  93.2727 15.76629586    08
Starlink-340 3879
1 03880U 00000ABC 00001.00000000  .00000000  00000-0  00000+0 0    02
2 03880  53.0000 262.5000 0000001   0.0000  96.5455 15.76629586    04
Starlink-340 3880
1 03881U 00000ABC 00001.00000000  .00000000  00000-0  00000+0 0    03
2 03881  53.0000 262.5000 0000001   0.0000  99.8182 15.76629586    08
Starlink-340 3881
1 03882U 00000ABC 00001.00000000  .00000000  00000-0  00000+0 0    04
2 03882  53.0000 262.5000 0000001   0.0000 103.0909 15.76629586    04
Starlink-340 3882
1 03883U 00000ABC 00001.00000000  .00000000  00000-0  00000+0 0    05
2 03883  53.0000 262.5000 0000001   0.0000 106.3636 15.76629586    08
Starlink-340 3883
1 03884U 00000ABC 00001.00000000  .00000000  00000-0  00000+0 0    06
2 03884  53.0000 262.5000 0000001   0.0000 109.6364 15.76629586    03
Starlink-340 3884
1 03885U 00000ABC 00001.00000000  .00000000  00000-0  00000+0 0    07
2 03885  53.0000 262.5000 0000001   0.0000 112.9091 15.76629586    08
Starlink-340 3885
1 03886U 00000ABC 00001.00000000  .00000000  00000-0  00000+0 0    08
2 03886  53.0000 262.5000 0000001   0.0000 116.1818 15.76629586    02
Starlink-340 3886
1 03887U 00000ABC 00001.00000000  .00000000  00000-0  00000+0 0    09
2 03887  53.0000 262.5000 0000001   0.0000 119.4545 15.76629586    06
Starlink-340 3887
1 03888U 00000ABC 00001.00000000  .00000000  00000-0  00000+0 0    00
2 03888  53.0000 262.5000 0000001   0.0000 122.7273 15.76629586    02
Starlink-340 3888
1 03889U 00000ABC 00001.00000000  .00000000  00000-0  00000+0 0    01
2 03889  53.0000 262.5000 0000001   0.0000 126.0000 15.76629586    08
Starlink-340 3889
1 03890U 00000ABC 00001.00000000  .00000000  00000-0  00000+0 0    03
2 03890  53.0000 262.5000 0000001   0.0000 129.2727 15.76629586    01
Starlink-340 3890
1 03891U 00000ABC 00001.00000000  .00000000  00000-0  00000+0 0    04
2 03891  53.0000 262.5000 0000001   0.0000 132.5455 15.76629586    07
Starlink-340 3891
1 03892U 00000ABC 00001.00000000  .00000000  00000-0  00000+0 0    05
2 03892  53.0000 262.5000 0000001   0.0000 135.8182 15.76629586    01
Starlink-340 3892
1 03893U 00000ABC 00001.00000000  .00000000  00000-0  00000+0 0    06
2 03893  53.0000 262.5000 0000001   0.0000 139.0909 15.76629586    05
Starlink-340 3893
1 03894U 00000ABC 00001.00000000  .00000000  00000-0  00000+0 0    07
2 03894  53.0000 262.5000 0000001   0.0000 142.3636 15.76629586    00
Starlink-340 3894
1 03895U 00000ABC 00001.00000000  .00000000  00000-0  00000+0 0    08
2 03895  53.0000 262.5000 0000001   0.0000 145.6364 15.76629586    05
Starlink-340 3895
1 03896U 00000ABC 00001.00000000  .00000000  00000-0  00000+0 0    09
2 03896  53.0000 262.5000 0000001   0.0000 148.9091 15.76629586    09
Starlink-340 3896
1 03897U 00000ABC 00001.00000000  .00000000  00000-0  00000+0 0    00
2 03897  53.0000 262.5000 0000001   0.0000 152.1818 15.76629586    04
Starlink-340 3897
1 03898U 00000ABC 00001.00000000  .00000000  00000-0  00000+0 0    01
2 03898  53.0000 262.5000 0000001   0.0000 155.4545 15.76629586    08
Starlink-340 3898
1 03899U 00000ABC 00001.00000000  .00000000  00000-0  00000+0 0    02
2 03899  53.0000 262.5000 0000001   0.0000 158.7273 15.76629586    03
Starlink-340 3899
1 03900U 00000ABC 00001.00000000  .00000000  00000-0  00000+0 0    05
2 03900  53.0000 262.5000 0000001   0.0000 162.0000 15.76629586    02
Starlink-340 3900
1 03901U 00000ABC 00001.00000000  .00000000  00000-0  00000+0 0    06
2 03901  53.0000 262.5000 0000001   0.0000 165.2727 15.76629586    04
Starlink-340 3901
1 03902U 00000ABC 00001.00000000  .00000000  00000-0  00000+0 0    07
2 03902  53.0000 262.5000 0000001   0.0000 168.5455 15.76629586    09
Starlink-340 3902
1 03903U 00000ABC 00001.00000000  .00000000  00000-0  00000+0 0    08
2 03903  53.0000 262.5000 0000001   0.0000 171.8182 15.76629586    04
Starlink-340 3903
1 03904U 00000ABC 00001.00000000  .00000000  00000-0  00000+0 0    09
2 03904  53.0000 262.5000 0000001   0.0000 175.0909 15.76629586    08
Starlink-340 3904
1 03905U 00000ABC 00001.00000000  .00000000  00000-0  00000+0 0    00
2 03905  53.0000 262.5000 0000001   0.0000 178.3636 15.76629586    02
Starlink-340 3905
1 03906U 00000ABC 00001.00000000  .00000000  00000-0  00000+0 0    01
2 03906  53.0000 262.5000 0000001   0.0000 181.6364 15.76629586    08
Starlink-340 3906
1 03907U 00000ABC 00001.00000000  .00000000  00000-0  00000+0 0    02
2 03907  53.0000 262.5000 0000001   0.0000 184.9091 15.76629586    02
Starlink-340 3907
1 03908U 00000ABC 00001.00000000  .00000000  00000-0  00000+0 0    03
2 03908  53.0000 262.5000 0000001   0.0000 188.1818 15.76629586    06
Starlink-340 3908
1 03909U 00000ABC 00001.00000000  .00000000  00000-0  00000+0 0    04
2 03909  53.0000 262.5000 0000001   0.0000 191.4545 15.76629586    01
Starlink-340 3909
1 03910U 00000ABC 00001.00000000  .00000000  00000-0  00000+0 0    06
2 03910  53.0000 262.5000 0000001   0.0000 194.7273 15.76629586    07
Starlink-340 3910
1 03911U 00000ABC 00001.00000000  .00000000  00000-0  00000+0 0    07
2 03911  53.0000 262.5000 0000001   0.0000 198.0000 15.76629586    03
Starlink-340 3911
1 03912U 00000ABC 00001.00000000  .00000000  00000-0  00000+0 0    08
2 03912  53.0000 262.5000 0000001   0.0000 201.2727 15.76629586    07
Starlink-340 3912
1 03913U 00000ABC 00001.00000000  .00000000  00000-0  00000+0 0    09
2 03913  53.0000 262.5000 0000001   0.0000 204.5455 15.76629586    02
Starlink-340 3913
1 03914U 00000ABC 00001.00000000  .00000000  00000-0  00000+0 0    00
2 03914  53.0000 262.5000 0000001   0.0000 207.8182 15.76629586    06
Starlink-340 3914
1 03915U 00000ABC 00001.00000000  .00000000  00000-0  00000+0 0    01
2 03915  53.0000 262.5000 0000001   0.0000 211.0909 15.76629586    01
Starlink-340 3915
1 03916U 00000ABC 00001.00000000  .00000000  00000-0  00000+0 0    02
2 03916  53.0000 262.5000 0000001   0.0000 214.3636 15.76629586    05
Starlink-340 3916
1 03917U 00000ABC 00001.00000000  .00000000  00000-0  00000+0 0    03
2 03917  53.0000 262.5000 0000001   0.0000 217.6364 15.76629586    00
Starlink-340 3917
1 03918U 00000ABC 00001.00000000  .00000000  00000-0  00000+0 0    04
2 03918  53.0000 262.5000 0000001   0.0000 220.9091 15.76629586    05
Starlink-340 3918
1 03919U 00000ABC 00001.00000000  .00000000  00000-0  00000+0 0    05
2 03919  53.0000 262.5000 0000001   0.0000 224.1818 15.76629586    09
Starlink-340 3919
1 03920U 00000ABC 00001.00000000  .00000000  00000-0  00000+0 0    07
2 03920  53.0000 262.5000 0000001   0.0000 227.4545 15.76629586    04
Starlink-340 3920
1 03921U 00000ABC 00001.00000000  .00000000  00000-0  00000+0 0    08
2 03921  53.0000 262.5000 0000001   0.0000 230.7273 15.76629586    00
Starlink-340 3921
1 03922U 00000ABC 00001.00000000  .00000000  00000-0  00000+0 0    09
2 03922  53.0000 262.5000 0000001   0.0000 234.0000 15.76629586    06
Starlink-340 3922
1 03923U 00000ABC 00001.00000000  .00000000  00000-0  00000+0 0    00
2 03923  53.0000 262.5000 0000001   0.0000 237.2727 15.76629586    08
Starlink-340 3923
1 03924U 00000ABC 00001.00000000  .00000000  00000-0  00000+0 0    01
2 03924  53.0000 262.5000 0000001   0.0000 240.5455 15.76629586    04
Starlink-340 3924
1 03925U 00000ABC 00001.00000000  .00000000  00000-0  00000+0 0    02
2 03925  53.0000 262.5000 0000001   0.0000 243.8182 15.76629586    08
Starlink-340 3925
1 03926U 00000ABC 00001.00000000  .00000000  00000-0  00000+0 0    03
2 03926  53.0000 262.5000 0000001   0.0000 247.0909 15.76629586    02
Starlink-340 3926
1 03927U 00000ABC 00001.00000000  .00000000  00000-0  00000+0 0    04
2 03927  53.0000 262.5000 0000001   0.0000 250.3636 15.76629586    07
Starlink-340 3927
1 03928U 00000ABC 00001.00000000  .00000000  00000-0  00000+0 0    05
2 03928  53.0000 262.5000 0000001   0.0000 253.6364 15.76629586    02
Starlink-340 3928
1 03929U 00000ABC 00001.00000000  .00000000  00000-0  00000+0 0    06
2 03929  53.0000 262.5000 0000001   0.0000 256.9091 15.76629586    06
Starlink-340 3929
1 03930U 00000ABC 00001.00000000  .00000000  00000-0  00000+0 0    08
2 03930  53.0000 262.5000 0000001   0.0000 260.1818 15.76629586    02
Starlink-340 3930
1 03931U 00000ABC 00001.00000000  .00000000  00000-0  00000+0 0    09
2 03931  53.0000 262.5000 0000001   0.0000 263.4545 15.76629586    06
Starlink-340 3931
1 03932U 00000ABC 00001.00000000  .00000000  00000-0  00000+0 0    00
2 03932  53.0000 262.5000 0000001   0.0000 266.7273 15.76629586    01
Starlink-340 3932
1 03933U 00000ABC 00001.00000000  .00000000  00000-0  00000+0 0    01
2 03933  53.0000 262.5000 0000001   0.0000 270.0000 15.76629586    08
Starlink-340 3933
1 03934U 00000ABC 00001.00000000  .00000000  00000-0  00000+0 0    02
2 03934  53.0000 262.5000 0000001   0.0000 273.2727 15.76629586    00
Starlink-340 3934
1 03935U 00000ABC 00001.00000000  .00000000  00000-0  00000+0 0    03
2 03935  53.0000 262.5000 0000001   0.0000 276.5455 15.76629586    05
Starlink-340 3935
1 03936U 00000ABC 00001.00000000  .00000000  00000-0  00000+0 0    04
2 03936  53.0000 262.5000 0000001   0.0000 279.8182 15.76629586    09
Starlink-340 3936
1 03937U 00000ABC 00001.00000000  .00000000  00000-0  00000+0 0    05
2 03937  53.0000 262.5000 0000001   0.0000 283.0909 15.76629586    04
Starlink-340 3937
1 03938U 00000ABC 00001.00000000  .00000000  00000-0  00000+0 0    06
2 03938  53.0000 262.5000 0000001   0.0000 286.3636 15.76629586    08
Starlink-340 3938
1 03939U 00000ABC 00001.00000000  .00000000  00000-0  00000+0 0    07
2 03939  53.0000 262.5000 0000001   0.0000 289.6364 15.76629586    03
Starlink-340 3939
1 03940U 00000ABC 00001.00000000  .00000000  00000-0  00000+0 0    09
2 03940  53.0000 262.5000 0000001   0.0000 292.9091 15.76629586    09
Starlink-340 3940
1 03941U 00000ABC 00001.00000000  .00000000  00000-0  00000+0 0    00
2 03941  53.0000 262.5000 0000001   0.0000 296.1818 15.76629586    03
Starlink-340 3941
1 03942U 00000ABC 00001.00000000  .00000000  00000-0  00000+0 0    01
2 03942  53.0000 262.5000 0000001   0.0000 299.4545 15.76629586    07
Starlink-340 3942
1 03943U 00000ABC 00001.00000000  .00000000  00000-0  00000+0 0    02
2 03943  53.0000 262.5000 0000001   0.0000 302.7273 15.76629586    04
Starlink-340 3943
1 03944U 00000ABC 00001.00000000  .00000000  00000-0  00000+0 0    03
2 03944  53.0000 262.5000 0000001   0.0000 306.0000 15.76629586    00
Starlink-340 3944
1 03945U 00000ABC 00001.00000000  .00000000  00000-0  00000+0 0    04
2 03945  53.0000 262.5000 0000001   0.0000 309.2727 15.76629586    02
Starlink-340 3945
1 03946U 00000ABC 00001.00000000  .00000000  00000-0  00000+0 0    05
2 03946  53.0000 262.5000 0000001   0.0000 312.5455 15.76629586    08
Starlink-340 3946
1 03947U 00000ABC 00001.00000000  .00000000  00000-0  00000+0 0    06
2 03947  53.0000 262.5000 0000001   0.0000 315.8182 15.76629586    02
Starlink-340 3947
1 03948U 00000ABC 00001.00000000  .00000000  00000-0  00000+0 0    07
2 03948  53.0000 262.5000 0000001   0.0000 319.0909 15.76629586    06
Starlink-340 3948
1 03949U 00000ABC 00001.00000000  .00000000  00000-0  00000+0 0    08
2 03949  53.0000 262.5000 0000001   0.0000 322.3636 15.76629586    01
Starlink-340 3949
1 03950U 00000ABC 00001.00000000  .00000000  00000-0  00000+0 0    00
2 03950  53.0000 262.5000 0000001   0.0000 325.6364 15.76629586    07
Starlink-340 3950
1 03951U 00000ABC 00001.00000000  .00000000  00000-0  00000+0 0    01
2 03951  53.0000 262.5000 0000001   0.0000 328.9091 15.76629586    01
Starlink-340 3951
1 03952U 00000ABC 00001.00000000  .00000000  00000-0  00000+0 0    02
2 03952  53.0000 262.5000 0000001   0.0000 332.1818 15.76629586    06
Starlink-340 3952
1 03953U 00000ABC 00001.00000000  .00000000  00000-0  00000+0 0    03
2 03953  53.0000 262.5000 0000001   0.0000 335.4545 15.76629586    00
Starlink-340 3953
1 03954U 00000ABC 00001.00000000  .00000000  00000-0  00000+0 0    04
2 03954  53.0000 262.5000 0000001   0.0000 338.7273 15.76629586    05
Starlink-340 3954
1 03955U 00000ABC 00001.00000000  .00000000  00000-0  00000+0 0    05
2 03955  53.0000 262.5000 0000001   0.0000 342.0000 15.76629586    02
Starlink-340 3955
1 03956U 00000ABC 00001.00000000  .00000000  00000-0  00000+0 0    06
2 03956  53.0000 262.5000 0000001   0.0000 345.2727 15.76629586    04
Starlink-340 3956
1 03957U 00000ABC 00001.00000000  .00000000  00000-0  00000+0 0    07
2 03957  53.0000 262.5000 0000001   0.0000 348.5455 15.76629586    09
Starlink-340 3957
1 03958U 00000ABC 00001.00000000  .00000000  00000-0  00000+0 0    08
2 03958  53.0000 262.5000 0000001   0.0000 351.8182 15.76629586    04
Starlink-340 3958
1 03959U 00000ABC 00001.00000000  .00000000  00000-0  00000+0 0    09
2 03959  53.0000 262.5000 0000001   0.0000 355.0909 15.76629586    08
Starlink-340 3959
1 03960U 00000ABC 00001.00000000  .00000000  00000-0  00000+0 0    01
2 03960  53.0000 262.5000 0000001   0.0000 358.3636 15.76629586    03
Starlink-340 3960
1 03961U 00000ABC 00001.00000000  .00000000  00000-0  00000+0 0    02
2 03961  53.0000 270.0000 0000001   0.0000   0.0000 15.76629586    04
Starlink-340 3961
1 03962U 00000ABC 00001.00000000  .00000000  00000-0  00000+0 0    03
2 03962  53.0000 270.0000 0000001   0.0000   3.2727 15.76629586    06
Starlink-340 3962
1 03963U 00000ABC 00001.00000000  .00000000  00000-0  00000+0 0    04
2 03963  53.0000 270.0000 0000001   0.0000   6.5455 15.76629586    01
Starlink-340 3963
1 03964U 00000ABC 00001.00000000  .00000000  00000-0  00000+0 0    05
2 03964  53.0000 270.0000 0000001   0.0000   9.8182 15.76629586    05
Starlink-340 3964
1 03965U 00000ABC 00001.00000000  .00000000  00000-0  00000+0 0    06
2 03965  53.0000 270.0000 0000001   0.0000  13.0909 15.76629586    00
Starlink-340 3965
1 03966U 00000ABC 00001.00000000  .00000000  00000-0  00000+0 0    07
2 03966  53.0000 270.0000 0000001   0.0000  16.3636 15.76629586    04
Starlink-340 3966
1 03967U 00000ABC 00001.00000000  .00000000  00000-0  00000+0 0    08
2 03967  53.0000 270.0000 0000001   0.0000  19.6364 15.76629586    09
Starlink-340 3967
1 03968U 00000ABC 00001.00000000  .00000000  00000-0  00000+0 0    09
2 03968  53.0000 270.0000 0000001   0.0000  22.9091 15.76629586    04
Starlink-340 3968
1 03969U 00000ABC 00001.00000000  .00000000  00000-0  00000+0 0    00
2 03969  53.0000 270.0000 0000001   0.0000  26.1818 15.76629586    08
Starlink-340 3969
1 03970U 00000ABC 00001.00000000  .00000000  00000-0  00000+0 0    02
2 03970  53.0000 270.0000 0000001   0.0000  29.4545 15.76629586    03
Starlink-340 3970
1 03971U 00000ABC 00001.00000000  .00000000  00000-0  00000+0 0    03
2 03971  53.0000 270.0000 0000001   0.0000  32.7273 15.76629586    09
Starlink-340 3971
1 03972U 00000ABC 00001.00000000  .00000000  00000-0  00000+0 0    04
2 03972  53.0000 270.0000 0000001   0.0000  36.0000 15.76629586    05
Starlink-340 3972
1 03973U 00000ABC 00001.00000000  .00000000  00000-0  00000+0 0    05
2 03973  53.0000 270.0000 0000001   0.0000  39.2727 15.76629586    07
Starlink-340 3973
1 03974U 00000ABC 00001.00000000  .00000000  00000-0  00000+0 0    06
2 03974  53.0000 270.0000 0000001   0.0000  42.5455 15.76629586    03
Starlink-340 3974
1 03975U 00000ABC 00001.00000000  .00000000  00000-0  00000+0 0    07
2 03975  53.0000 270.0000 0000001   0.0000  45.8182 15.76629586    07
Starlink-340 3975
1 03976U 00000ABC 00001.00000000  .00000000  00000-0  00000+0 0    08
2 03976  53.0000 270.0000 0000001   0.0000  49.0909 15.76629586    01
Starlink-340 3976
1 03977U 00000ABC 00001.00000000  .00000000  00000-0  00000+0 0    09
2 03977  53.0000 270.0000 0000001   0.0000  52.3636 15.76629586    06
Starlink-340 3977
1 03978U 00000ABC 00001.00000000  .00000000  00000-0  00000+0 0    00
2 03978  53.0000 270.0000 0000001   0.0000  55.6364 15.76629586    01
Starlink-340 3978
1 03979U 00000ABC 00001.00000000  .00000000  00000-0  00000+0 0    01
2 03979  53.0000 270.0000 0000001   0.0000  58.9091 15.76629586    05
Starlink-340 3979
1 03980U 00000ABC 00001.00000000  .00000000  00000-0  00000+0 0    03
2 03980  53.0000 270.0000 0000001   0.0000  62.1818 15.76629586    01
Starlink-340 3980
1 03981U 00000ABC 00001.00000000  .00000000  00000-0  00000+0 0    04
2 03981  53.0000 270.0000 0000001   0.0000  65.4545 15.76629586    05
Starlink-340 3981
1 03982U 00000ABC 00001.00000000  .00000000  00000-0  00000+0 0    05
2 03982  53.0000 270.0000 0000001   0.0000  68.7273 15.76629586    00
Starlink-340 3982
1 03983U 00000ABC 00001.00000000  .00000000  00000-0  00000+0 0    06
2 03983  53.0000 270.0000 0000001   0.0000  72.0000 15.76629586    07
Starlink-340 3983
1 03984U 00000ABC 00001.00000000  .00000000  00000-0  00000+0 0    07
2 03984  53.0000 270.0000 0000001   0.0000  75.2727 15.76629586    09
Starlink-340 3984
1 03985U 00000ABC 00001.00000000  .00000000  00000-0  00000+0 0    08
2 03985  53.0000 270.0000 0000001   0.0000  78.5455 15.76629586    04
Starlink-340 3985
1 03986U 00000ABC 00001.00000000  .00000000  00000-0  00000+0 0    09
2 03986  53.0000 270.0000 0000001   0.0000  81.8182 15.76629586    09
Starlink-340 3986
1 03987U 00000ABC 00001.00000000  .00000000  00000-0  00000+0 0    00
2 03987  53.0000 270.0000 0000001   0.0000  85.0909 15.76629586    03
Starlink-340 3987
1 03988U 00000ABC 00001.00000000  .00000000  00000-0  00000+0 0    01
2 03988  53.0000 270.0000 0000001   0.0000  88.3636 15.76629586    07
Starlink-340 3988
1 03989U 00000ABC 00001.00000000  .00000000  00000-0  00000+0 0    02
2 03989  53.0000 270.0000 0000001   0.0000  91.6364 15.76629586    03
Starlink-340 3989
1 03990U 00000ABC 00001.00000000  .00000000  00000-0  00000+0 0    04
2 03990  53.0000 270.0000 0000001   0.0000  94.9091 15.76629586    08
Starlink-340 3990
1 03991U 00000ABC 00001.00000000  .00000000  00000-0  00000+0 0    05
2 03991  53.0000 270.0000 0000001   0.0000  98.1818 15.76629586    02
Starlink-340 3991
1 03992U 00000ABC 00001.00000000  .00000000  00000-0  00000+0 0    06
2 03992  53.0000 270.0000 0000001   0.0000 101.4545 15.76629586    08
Starlink-340 3992
1 03993U 00000ABC 00001.00000000  .00000000  00000-0  00000+0 0    07
2 03993  53.0000 270.0000 0000001   0.0000 104.7273 15.76629586    03
Starlink-340 3993
1 03994U 00000ABC 00001.00000000  .00000000  00000-0  00000+0 0    08
2 03994  53.0000 270.0000 0000001   0.0000 108.0000 15.76629586    09
Starlink-340 3994
1 03995U 00000ABC 00001.00000000  .00000000  00000-0  00000+0 0    09
2 03995  53.0000 270.0000 0000001   0.0000 111.2727 15.76629586    02
Starlink-340 3995
1 03996U 00000ABC 00001.00000000  .00000000  00000-0  00000+0 0    00
2 03996  53.0000 270.0000 0000001   0.0000 114.5455 15.76629586    07
Starlink-340 3996
1 03997U 00000ABC 00001.00000000  .00000000  00000-0  00000+0 0    01
2 03997  53.0000 270.0000 0000001   0.0000 117.8182 15.76629586    01
Starlink-340 3997
1 03998U 00000ABC 00001.00000000  .00000000  00000-0  00000+0 0    02
2 03998  53.0000 270.0000 0000001   0.0000 121.0909 15.76629586    06
Starlink-340 3998
1 03999U 00000ABC 00001.00000000  .00000000  00000-0  00000+0 0    03
2 03999  53.0000 270.0000 0000001   0.0000 124.3636 15.76629586    00
Starlink-340 3999
1 04000U 00000ABC 00001.00000000  .00000000  00000-0  00000+0 0    07
2 04000  53.0000 270.0000 0000001   0.0000 127.6364 15.76629586    08
Starlink-340 4000
1 04001U 00000ABC 00001.00000000  .00000000  00000-0  00000+0 0    08
2 04001  53.0000 270.0000 0000001   0.0000 130.9091 15.76629586    03
Starlink-340 4001
1 04002U 00000ABC 00001.00000000  .00000000  00000-0  00000+0 0    09
2 04002  53.0000 270.0000 0000001   0.0000 134.1818 15.76629586    07
Starlink-340 4002
1 04003U 00000ABC 00001.00000000  .00000000  00000-0  00000+0 0    00
2 04003  53.0000 270.0000 0000001   0.0000 137.4545 15.76629586    01
Starlink-340 4003
1 04004U 00000ABC 00001.00000000  .00000000  00000-0  00000+0 0    01
2 04004  53.0000 270.0000 0000001   0.0000 140.7273 15.76629586    07
Starlink-340 4004
1 04005U 00000ABC 00001.00000000  .00000000  00000-0  00000+0 0    02
2 04005  53.0000 270.0000 0000001   0.0000 144.0000 15.76629586    03
Starlink-340 4005
1 04006U 00000ABC 00001.00000000  .00000000  00000-0  00000+0 0    03
2 04006  53.0000 270.0000 0000001   0.0000 147.2727 15.76629586    05
Starlink-340 4006
1 04007U 00000ABC 00001.00000000  .00000000  00000-0  00000+0 0    04
2 04007  53.0000 270.0000 0000001   0.0000 150.5455 15.76629586    01
Starlink-340 4007
1 04008U 00000ABC 00001.00000000  .00000000  00000-0  00000+0 0    05
2 04008  53.0000 270.0000 0000001   0.0000 153.8182 15.76629586    05
Starlink-340 4008
1 04009U 00000ABC 00001.00000000  .00000000  00000-0  00000+0 0    06
2 04009  53.0000 270.0000 0000001   0.0000 157.0909 15.76629586    09
Starlink-340 4009
1 04010U 00000ABC 00001.00000000  .00000000  00000-0  00000+0 0    08
2 04010  53.0000 270.0000 0000001   0.0000 160.3636 15.76629586    05
Starlink-340 4010
1 04011U 00000ABC 00001.00000000  .00000000  00000-0  00000+0 0    09
2 04011  53.0000 270.0000 0000001   0.0000 163.6364 15.76629586    00
Starlink-340 4011
1 04012U 00000ABC 00001.00000000  .00000000  00000-0  00000+0 0    00
2 04012  53.0000 270.0000 0000001   0.0000 166.9091 15.76629586    04
Starlink-340 4012
1 04013U 00000ABC 00001.00000000  .00000000  00000-0  00000+0 0    01
2 04013  53.0000 270.0000 0000001   0.0000 170.1818 15.76629586    09
Starlink-340 4013
1 04014U 00000ABC 00001.00000000  .00000000  00000-0  00000+0 0    02
2 04014  53.0000 270.0000 0000001   0.0000 173.4545 15.76629586    03
Starlink-340 4014
1 04015U 00000ABC 00001.00000000  .00000000  00000-0  00000+0 0    03
2 04015  53.0000 270.0000 0000001   0.0000 176.7273 15.76629586    08
Starlink-340 4015
1 04016U 00000ABC 00001.00000000  .00000000  00000-0  00000+0 0    04
2 04016  53.0000 270.0000 0000001   0.0000 180.0000 15.76629586    05
Starlink-340 4016
1 04017U 00000ABC 00001.00000000  .00000000  00000-0  00000+0 0    05
2 04017  53.0000 270.0000 0000001   0.0000 183.2727 15.76629586    07
Starlink-340 4017
1 04018U 00000ABC 00001.00000000  .00000000  00000-0  00000+0 0    06
2 04018  53.0000 270.0000 0000001   0.0000 186.5455 15.76629586    02
Starlink-340 4018
1 04019U 00000ABC 00001.00000000  .00000000  00000-0  00000+0 0    07
2 04019  53.0000 270.0000 0000001   0.0000 189.8182 15.76629586    06
Starlink-340 4019
1 04020U 00000ABC 00001.00000000  .00000000  00000-0  00000+0 0    09
2 04020  53.0000 270.0000 0000001   0.0000 193.0909 15.76629586    02
Starlink-340 4020
1 04021U 00000ABC 00001.00000000  .00000000  00000-0  00000+0 0    00
2 04021  53.0000 270.0000 0000001   0.0000 196.3636 15.76629586    06
Starlink-340 4021
1 04022U 00000ABC 00001.00000000  .00000000  00000-0  00000+0 0    01
2 04022  53.0000 270.0000 0000001   0.0000 199.6364 15.76629586    01
Starlink-340 4022
1 04023U 00000ABC 00001.00000000  .00000000  00000-0  00000+0 0    02
2 04023  53.0000 270.0000 0000001   0.0000 202.9091 15.76629586    07
Starlink-340 4023
1 04024U 00000ABC 00001.00000000  .00000000  00000-0  00000+0 0    03
2 04024  53.0000 270.0000 0000001   0.0000 206.1818 15.76629586    01
Starlink-340 4024
1 04025U 00000ABC 00001.00000000  .00000000  00000-0  00000+0 0    04
2 04025  53.0000 270.0000 0000001   0.0000 209.4545 15.76629586    05
Starlink-340 4025
1 04026U 00000ABC 00001.00000000  .00000000  00000-0  00000+0 0    05
2 04026  53.0000 270.0000 0000001   0.0000 212.7273 15.76629586    01
Starlink-340 4026
1 04027U 00000ABC 00001.00000000  .00000000  00000-0  00000+0 0    06
2 04027  53.0000 270.0000 0000001   0.0000 216.0000 15.76629586    07
Starlink-340 4027
1 04028U 00000ABC 00001.00000000  .00000000  00000-0  00000+0 0    07
2 04028  53.0000 270.0000 0000001   0.0000 219.2727 15.76629586    09
Starlink-340 4028
1 04029U 00000ABC 00001.00000000  .00000000  00000-0  00000+0 0    08
2 04029  53.0000 270.0000 0000001   0.0000 222.5455 15.76629586    05
Starlink-340 4029
1 04030U 00000ABC 00001.00000000  .00000000  00000-0  00000+0 0    00
2 04030  53.0000 270.0000 0000001   0.0000 225.8182 15.76629586    00
Starlink-340 4030
1 04031U 00000ABC 00001.00000000  .00000000  00000-0  00000+0 0    01
2 04031  53.0000 270.0000 0000001   0.0000 229.0909 15.76629586    04
Starlink-340 4031
1 04032U 00000ABC 00001.00000000  .00000000  00000-0  00000+0 0    02
2 04032  53.0000 270.0000 0000001   0.0000 232.3636 15.76629586    09
Starlink-340 4032
1 04033U 00000ABC 00001.00000000  .00000000  00000-0  00000+0 0    03
2 04033  53.0000 270.0000 0000001   0.0000 235.6364 15.76629586    04
Starlink-340 4033
1 04034U 00000ABC 00001.00000000  .00000000  00000-0  00000+0 0    04
2 04034  53.0000 270.0000 0000001   0.0000 238.9091 15.76629586    08
Starlink-340 4034
1 04035U 00000ABC 00001.00000000  .00000000  00000-0  00000+0 0    05
2 04035  53.0000 270.0000 0000001   0.0000 242.1818 15.76629586    03
Starlink-340 4035
1 04036U 00000ABC 00001.00000000  .00000000  00000-0  00000+0 0    06
2 04036  53.0000 270.0000 0000001   0.0000 245.4545 15.76629586    07
Starlink-340 4036
1 04037U 00000ABC 00001.00000000  .00000000  00000-0  00000+0 0    07
2 04037  53.0000 270.0000 0000001   0.0000 248.7273 15.76629586    02
Starlink-340 4037
1 04038U 00000ABC 00001.00000000  .00000000  00000-0  00000+0 0    08
2 04038  53.0000 270.0000 0000001   0.0000 252.0000 15.76629586    09
Starlink-340 4038
1 04039U 00000ABC 00001.00000000  .00000000  00000-0  00000+0 0    09
2 04039  53.0000 270.0000 0000001   0.0000 255.2727 15.76629586    01
Starlink-340 4039
1 04040U 00000ABC 00001.00000000  .00000000  00000-0  00000+0 0    01
2 04040  53.0000 270.0000 0000001   0.0000 258.5455 15.76629586    07
Starlink-340 4040
1 04041U 00000ABC 00001.00000000  .00000000  00000-0  00000+0 0    02
2 04041  53.0000 270.0000 0000001   0.0000 261.8182 15.76629586    02
Starlink-340 4041
1 04042U 00000ABC 00001.00000000  .00000000  00000-0  00000+0 0    03
2 04042  53.0000 270.0000 0000001   0.0000 265.0909 15.76629586    06
Starlink-340 4042
1 04043U 00000ABC 00001.00000000  .00000000  00000-0  00000+0 0    04
2 04043  53.0000 270.0000 0000001   0.0000 268.3636 15.76629586    00
Starlink-340 4043
1 04044U 00000ABC 00001.00000000  .00000000  00000-0  00000+0 0    05
2 04044  53.0000 270.0000 0000001   0.0000 271.6364 15.76629586    06
Starlink-340 4044
1 04045U 00000ABC 00001.00000000  .00000000  00000-0  00000+0 0    06
2 04045  53.0000 270.0000 0000001   0.0000 274.9091 15.76629586    00
Starlink-340 4045
1 04046U 00000ABC 00001.00000000  .00000000  00000-0  00000+0 0    07
2 04046  53.0000 270.0000 0000001   0.0000 278.1818 15.76629586    04
Starlink-340 4046
1 04047U 00000ABC 00001.00000000  .00000000  00000-0  00000+0 0    08
2 04047  53.0000 270.0000 0000001   0.0000 281.4545 15.76629586    09
Starlink-340 4047
1 04048U 00000ABC 00001.00000000  .00000000  00000-0  00000+0 0    09
2 04048  53.0000 270.0000 0000001   0.0000 284.7273 15.76629586    04
Starlink-340 4048
1 04049U 00000ABC 00001.00000000  .00000000  00000-0  00000+0 0    00
2 04049  53.0000 270.0000 0000001   0.0000 288.0000 15.76629586    00
Starlink-340 4049
1 04050U 00000ABC 00001.00000000  .00000000  00000-0  00000+0 0    02
2 04050  53.0000 270.0000 0000001   0.0000 291.2727 15.76629586    04
Starlink-340 4050
1 04051U 00000ABC 00001.00000000  .00000000  00000-0  00000+0 0    03
2 04051  53.0000 270.0000 0000001   0.0000 294.5455 15.76629586    09
Starlink-340 4051
1 04052U 00000ABC 00001.00000000  .00000000  00000-0  00000+0 0    04
2 04052  53.0000 270.0000 0000001   0.0000 297.8182 15.76629586    03
Starlink-340 4052
1 04053U 00000ABC 00001.00000000  .00000000  00000-0  00000+0 0    05
2 04053  53.0000 270.0000 0000001   0.0000 301.0909 15.76629586    09
Starlink-340 4053
1 04054U 00000ABC 00001.00000000  .00000000  00000-0  00000+0 0    06
2 04054  53.0000 270.0000 0000001   0.0000 304.3636 15.76629586    03
Starlink-340 4054
1 04055U 00000ABC 00001.00000000  .00000000  00000-0  00000+0 0    07
2 04055  53.0000 270.0000 0000001   0.0000 307.6364 15.76629586    08
Starlink-340 4055
1 04056U 00000ABC 00001.00000000  .00000000  00000-0  00000+0 0    08
2 04056  53.0000 270.0000 0000001   0.0000 310.9091 15.76629586    03
Starlink-340 4056
1 04057U 00000ABC 00001.00000000  .00000000  00000-0  00000+0 0    09
2 04057  53.0000 270.0000 0000001   0.0000 314.1818 15.76629586    07
Starlink-340 4057
1 04058U 00000ABC 00001.00000000  .00000000  00000-0  00000+0 0    00
2 04058  53.0000 270.0000 0000001   0.0000 317.4545 15.76629586    01
Starlink-340 4058
1 04059U 00000ABC 00001.00000000  .00000000  00000-0  00000+0 0    01
2 04059  53.0000 270.0000 0000001   0.0000 320.7273 15.76629586    07
Starlink-340 4059
1 04060U 00000ABC 00001.00000000  .00000000  00000-0  00000+0 0    03
2 04060  53.0000 270.0000 0000001   0.0000 324.0000 15.76629586    04
Starlink-340 4060
1 04061U 00000ABC 00001.00000000  .00000000  00000-0  00000+0 0    04
2 04061  53.0000 270.0000 0000001   0.0000 327.2727 15.76629586    06
Starlink-340 4061
1 04062U 00000ABC 00001.00000000  .00000000  00000-0  00000+0 0    05
2 04062  53.0000 270.0000 0000001   0.0000 330.5455 15.76629586    02
Starlink-340 4062
1 04063U 00000ABC 00001.00000000  .00000000  00000-0  00000+0 0    06
2 04063  53.0000 270.0000 0000001   0.0000 333.8182 15.76629586    06
Starlink-340 4063
1 04064U 00000ABC 00001.00000000  .00000000  00000-0  00000+0 0    07
2 04064  53.0000 270.0000 0000001   0.0000 337.0909 15.76629586    00
Starlink-340 4064
1 04065U 00000ABC 00001.00000000  .00000000  00000-0  00000+0 0    08
2 04065  53.0000 270.0000 0000001   0.0000 340.3636 15.76629586    05
Starlink-340 4065
1 04066U 00000ABC 00001.00000000  .00000000  00000-0  00000+0 0    09
2 04066  53.0000 270.0000 0000001   0.0000 343.6364 15.76629586    00
Starlink-340 4066
1 04067U 00000ABC 00001.00000000  .00000000  00000-0  00000+0 0    00
2 04067  53.0000 270.0000 0000001   0.0000 346.9091 15.76629586    04
Starlink-340 4067
1 04068U 00000ABC 00001.00000000  .00000000  00000-0  00000+0 0    01
2 04068  53.0000 270.0000 0000001   0.0000 350.1818 15.76629586    09
Starlink-340 4068
1 04069U 00000ABC 00001.00000000  .00000000  00000-0  00000+0 0    02
2 04069  53.0000 270.0000 0000001   0.0000 353.4545 15.76629586    03
Starlink-340 4069
1 04070U 00000ABC 00001.00000000  .00000000  00000-0  00000+0 0    04
2 04070  53.0000 270.0000 0000001   0.0000 356.7273 15.76629586    09
Starlink-340 4070
1 04071U 00000ABC 00001.00000000  .00000000  00000-0  00000+0 0    05
2 04071  53.0000 277.5000 0000001   0.0000   1.6364 15.76629586    09
Starlink-340 4071
1 04072U 00000ABC 00001.00000000  .00000000  00000-0  00000+0 0    06
2 04072  53.0000 277.5000 0000001   0.0000   4.9091 15.76629586    03
Starlink-340 4072
1 04073U 00000ABC 00001.00000000  .00000000  00000-0  00000+0 0    07
2 04073  53.0000 277.5000 0000001   0.0000   8.1818 15.76629586    07
Starlink-340 4073
1 04074U 00000ABC 00001.00000000  .00000000  00000-0  00000+0 0    08
2 04074  53.0000 277.5000 0000001   0.0000  11.4545 15.76629586    02
Starlink-340 4074
1 04075U 00000ABC 00001.00000000  .00000000  00000-0  00000+0 0    09
2 04075  53.0000 277.5000 0000001   0.0000  14.7273 15.76629586    07
Starlink-340 4075
1 04076U 00000ABC 00001.00000000  .00000000  00000-0  00000+0 0    00
2 04076  53.0000 277.5000 0000001   0.0000  18.0000 15.76629586    03
Starlink-340 4076
1 04077U 00000ABC 00001.00000000  .00000000  00000-0  00000+0 0    01
2 04077  53.0000 277.5000 0000001   0.0000  21.2727 15.76629586    06
Starlink-340 4077
1 04078U 00000ABC 00001.00000000  .00000000  00000-0  00000+0 0    02
2 04078  53.0000 277.5000 0000001   0.0000  24.5455 15.76629586    01
Starlink-340 4078
1 04079U 00000ABC 00001.00000000  .00000000  00000-0  00000+0 0    03
2 04079  53.0000 277.5000 0000001   0.0000  27.8182 15.76629586    05
Starlink-340 4079
1 04080U 00000ABC 00001.00000000  .00000000  00000-0  00000+0 0    05
2 04080  53.0000 277.5000 0000001   0.0000  31.0909 15.76629586    01
Starlink-340 4080
1 04081U 00000ABC 00001.00000000  .00000000  00000-0  00000+0 0    06
2 04081  53.0000 277.5000 0000001   0.0000  34.3636 15.76629586    05
Starlink-340 4081
1 04082U 00000ABC 00001.00000000  .00000000  00000-0  00000+0 0    07
2 04082  53.0000 277.5000 0000001   0.0000  37.6364 15.76629586    00
Starlink-340 4082
1 04083U 00000ABC 00001.00000000  .00000000  00000-0  00000+0 0    08
2 04083  53.0000 277.5000 0000001   0.0000  40.9091 15.76629586    05
Starlink-340 4083
1 04084U 00000ABC 00001.00000000  .00000000  00000-0  00000+0 0    09
2 04084  53.0000 277.5000 0000001   0.0000  44.1818 15.76629586    09
Starlink-340 4084
1 04085U 00000ABC 00001.00000000  .00000000  00000-0  00000+0 0    00
2 04085  53.0000 277.5000 0000001   0.0000  47.4545 15.76629586    03
Starlink-340 4085
1 04086U 00000ABC 00001.00000000  .00000000  00000-0  00000+0 0    01
2 04086  53.0000 277.5000 0000001   0.0000  50.7273 15.76629586    09
Starlink-340 4086
1 04087U 00000ABC 00001.00000000  .00000000  00000-0  00000+0 0    02
2 04087  53.0000 277.5000 0000001   0.0000  54.0000 15.76629586    05
Starlink-340 4087
1 04088U 00000ABC 00001.00000000  .00000000  00000-0  00000+0 0    03
2 04088  53.0000 277.5000 0000001   0.0000  57.2727 15.76629586    07
Starlink-340 4088
1 04089U 00000ABC 00001.00000000  .00000000  00000-0  00000+0 0    04
2 04089  53.0000 277.5000 0000001   0.0000  60.5455 15.76629586    03
Starlink-340 4089
1 04090U 00000ABC 00001.00000000  .00000000  00000-0  00000+0 0    06
2 04090  53.0000 277.5000 0000001   0.0000  63.8182 15.76629586    08
Starlink-340 4090
1 04091U 00000ABC 00001.00000000  .00000000  00000-0  00000+0 0    07
2 04091  53.0000 277.5000 0000001   0.0000  67.0909 15.76629586    02
Starlink-340 4091
1 04092U 00000ABC 00001.00000000  .00000000  00000-0  00000+0 0    08
2 04092  53.0000 277.5000 0000001   0.0000  70.3636 15.76629586    07
Starlink-340 4092
1 04093U 00000ABC 00001.00000000  .00000000  00000-0  00000+0 0    09
2 04093  53.0000 277.5000 0000001   0.0000  73.6364 15.76629586    02
Starlink-340 4093
1 04094U 00000ABC 00001.00000000  .00000000  00000-0  00000+0 0    00
2 04094  53.0000 277.5000 0000001   0.0000  76.9091 15.76629586    06
Starlink-340 4094
1 04095U 00000ABC 00001.00000000  .00000000  00000-0  00000+0 0    01
2 04095  53.0000 277.5000 0000001   0.0000  80.1818 15.76629586    01
Starlink-340 4095
1 04096U 00000ABC 00001.00000000  .00000000  00000-0  00000+0 0    02
2 04096  53.0000 277.5000 0000001   0.0000  83.4545 15.76629586    05
Starlink-340 4096
1 04097U 00000ABC 00001.00000000  .00000000  00000-0  00000+0 0    03
2 04097  53.0000 277.5000 0000001   0.0000  86.7273 15.76629586    00
Starlink-340 4097
1 04098U 00000ABC 00001.00000000  .00000000  00000-0  00000+0 0    04
2 04098  53.0000 277.5000 0000001   0.0000  90.0000 15.76629586    07
Starlink-340 4098
1 04099U 00000ABC 00001.00000000  .00000000  00000-0  00000+0 0    05
2 04099  53.0000 277.5000 0000001   0.0000  93.2727 15.76629586    09
Starlink-340 4099
1 04100U 00000ABC 00001.00000000  .00000000  00000-0  00000+0 0    08
2 04100  53.0000 277.5000 0000001   0.0000  96.5455 15.76629586    06
Starlink-340 4100
1 04101U 00000ABC 00001.00000000  .00000000  00000-0  00000+0 0    09
2 04101  53.0000 277.5000 0000001   0.0000  99.8182 15.76629586    00
Starlink-340 4101
1 04102U 00000ABC 00001.00000000  .00000000  00000-0  00000+0 0    00
2 04102  53.0000 277.5000 0000001   0.0000 103.0909 15.76629586    06
Starlink-340 4102
1 04103U 00000ABC 00001.00000000  .00000000  00000-0  00000+0 0    01
2 04103  53.0000 277.5000 0000001   0.0000 106.3636 15.76629586    00
Starlink-340 4103
1 04104U 00000ABC 00001.00000000  .00000000  00000-0  00000+0 0    02
2 04104  53.0000 277.5000 0000001   0.0000 109.6364 15.76629586    05
Starlink-340 4104
1 04105U 00000ABC 00001.00000000  .00000000  00000-0  00000+0 0    03
2 04105  53.0000 277.5000 0000001   0.0000 112.9091 15.76629586    00
Starlink-340 4105
1 04106U 00000ABC 00001.00000000  .00000000  00000-0  00000+0 0    04
2 04106  53.0000 277.5000 0000001   0.0000 116.1818 15.76629586    04
Starlink-340 4106
1 04107U 00000ABC 00001.00000000  .00000000  00000-0  00000+0 0    05
2 04107  53.0000 277.5000 0000001   0.0000 119.4545 15.76629586    08
Starlink-340 4107
1 04108U 00000ABC 00001.00000000  .00000000  00000-0  00000+0 0    06
2 04108  53.0000 277.5000 0000001   0.0000 122.7273 15.76629586    04
Starlink-340 4108
1 04109U 00000ABC 00001.00000000  .00000000  00000-0  00000+0 0    07
2 04109  53.0000 277.5000 0000001   0.0000 126.0000 15.76629586    00
Starlink-340 4109
1 04110U 00000ABC 00001.00000000  .00000000  00000-0  00000+0 0    09
2 04110  53.0000 277.5000 0000001   0.0000 129.2727 15.76629586    03
Starlink-340 4110
1 04111U 00000ABC 00001.00000000  .00000000  00000-0  00000+0 0    00
2 04111  53.0000 277.5000 0000001   0.0000 132.5455 15.76629586    09
Starlink-340 4111
1 04112U 00000ABC 00001.00000000  .00000000  00000-0  00000+0 0    01
2 04112  53.0000 277.5000 0000001   0.0000 135.8182 15.76629586    03
Starlink-340 4112
1 04113U 00000ABC 00001.00000000  .00000000  00000-0  00000+0 0    02
2 04113  53.0000 277.5000 0000001   0.0000 139.0909 15.76629586    07
Starlink-340 4113
1 04114U 00000ABC 00001.00000000  .00000000  00000-0  00000+0 0    03
2 04114  53.0000 277.5000 0000001   0.0000 142.3636 15.76629586    02
Starlink-340 4114
1 04115U 00000ABC 00001.00000000  .00000000  00000-0  00000+0 0    04
2 04115  53.0000 277.5000 0000001   0.0000 145.6364 15.76629586    07
Starlink-340 4115
1 04116U 00000ABC 00001.00000000  .00000000  00000-0  00000+0 0    05
2 04116  53.0000 277.5000 0000001   0.0000 148.9091 15.76629586    01
Starlink-340 4116
1 04117U 00000ABC 00001.00000000  .00000000  00000-0  00000+0 0    06
2 04117  53.0000 277.5000 0000001   0.0000 152.1818 15.76629586    06
Starlink-340 4117
1 04118U 00000ABC 00001.00000000  .00000000  00000-0  00000+0 0    07
2 04118  53.0000 277.5000 0000001   0.0000 155.4545 15.76629586    00
Starlink-340 4118
1 04119U 00000ABC 00001.00000000  .00000000  00000-0  00000+0 0    08
2 04119  53.0000 277.5000 0000001   0.0000 158.7273 15.76629586    05
Starlink-340 4119
1 04120U 00000ABC 00001.00000000  .00000000  00000-0  00000+0 0    00
2 04120  53.0000 277.5000 0000001   0.0000 162.0000 15.76629586    03
Starlink-340 4120
1 04121U 00000ABC 00001.00000000  .00000000  00000-0  00000+0 0    01
2 04121  53.0000 277.5000 0000001   0.0000 165.2727 15.76629586    05
Starlink-340 4121
1 04122U 00000ABC 00001.00000000  .00000000  00000-0  00000+0 0    02
2 04122  53.0000 277.5000 0000001   0.0000 168.5455 15.76629586    00
Starlink-340 4122
1 04123U 00000ABC 00001.00000000  .00000000  00000-0  00000+0 0    03
2 04123  53.0000 277.5000 0000001   0.0000 171.8182 15.76629586    05
Starlink-340 4123
1 04124U 00000ABC 00001.00000000  .00000000  00000-0  00000+0 0    04
2 04124  53.0000 277.5000 0000001   0.0000 175.0909 15.76629586    09
Starlink-340 4124
1 04125U 00000ABC 00001.00000000  .00000000  00000-0  00000+0 0    05
2 04125  53.0000 277.5000 0000001   0.0000 178.3636 15.76629586    03
Starlink-340 4125
1 04126U 00000ABC 00001.00000000  .00000000  00000-0  00000+0 0    06
2 04126  53.0000 277.5000 0000001   0.0000 181.6364 15.76629586    09
Starlink-340 4126
1 04127U 00000ABC 00001.00000000  .00000000  00000-0  00000+0 0    07
2 04127  53.0000 277.5000 0000001   0.0000 184.9091 15.76629586    03
Starlink-340 4127
1 04128U 00000ABC 00001.00000000  .00000000  00000-0  00000+0 0    08
2 04128  53.0000 277.5000 0000001   0.0000 188.1818 15.76629586    07
Starlink-340 4128
1 04129U 00000ABC 00001.00000000  .00000000  00000-0  00000+0 0    09
2 04129  53.0000 277.5000 0000001   0.0000 191.4545 15.76629586    02
Starlink-340 4129
1 04130U 00000ABC 00001.00000000  .00000000  00000-0  00000+0 0    01
2 04130  53.0000 277.5000 0000001   0.0000 194.7273 15.76629586    08
Starlink-340 4130
1 04131U 00000ABC 00001.00000000  .00000000  00000-0  00000+0 0    02
2 04131  53.0000 277.5000 0000001   0.0000 198.0000 15.76629586    04
Starlink-340 4131
1 04132U 00000ABC 00001.00000000  .00000000  00000-0  00000+0 0    03
2 04132  53.0000 277.5000 0000001   0.0000 201.2727 15.76629586    08
Starlink-340 4132
1 04133U 00000ABC 00001.00000000  .00000000  00000-0  00000+0 0    04
2 04133  53.0000 277.5000 0000001   0.0000 204.5455 15.76629586    03
Starlink-340 4133
1 04134U 00000ABC 00001.00000000  .00000000  00000-0  00000+0 0    05
2 04134  53.0000 277.5000 0000001   0.0000 207.8182 15.76629586    07
Starlink-340 4134
1 04135U 00000ABC 00001.00000000  .00000000  00000-0  00000+0 0    06
2 04135  53.0000 277.5000 0000001   0.0000 211.0909 15.76629586    02
Starlink-340 4135
1 04136U 00000ABC 00001.00000000  .00000000  00000-0  00000+0 0    07
2 04136  53.0000 277.5000 0000001   0.0000 214.3636 15.76629586    06
Starlink-340 4136
1 04137U 00000ABC 00001.00000000  .00000000  00000-0  00000+0 0    08
2 04137  53.0000 277.5000 0000001   0.0000 217.6364 15.76629586    01
Starlink-340 4137
1 04138U 00000ABC 00001.00000000  .00000000  00000-0  00000+0 0    09
2 04138  53.0000 277.5000 0000001   0.0000 220.9091 15.76629586    06
Starlink-340 4138
1 04139U 00000ABC 00001.00000000  .00000000  00000-0  00000+0 0    00
2 04139  53.0000 277.5000 0000001   0.0000 224.1818 15.76629586    00
Starlink-340 4139
1 04140U 00000ABC 00001.00000000  .00000000  00000-0  00000+0 0    02
2 04140  53.0000 277.5000 0000001   0.0000 227.4545 15.76629586    05
Starlink-340 4140
1 04141U 00000ABC 00001.00000000  .00000000  00000-0  00000+0 0    03
2 04141  53.0000 277.5000 0000001   0.0000 230.7273 15.76629586    01
Starlink-340 4141
1 04142U 00000ABC 00001.00000000  .00000000  00000-0  00000+0 0    04
2 04142  53.0000 277.5000 0000001   0.0000 234.0000 15.76629586    07
Starlink-340 4142
1 04143U 00000ABC 00001.00000000  .00000000  00000-0  00000+0 0    05
2 04143  53.0000 277.5000 0000001   0.0000 237.2727 15.76629586    09
Starlink-340 4143
1 04144U 00000ABC 00001.00000000  .00000000  00000-0  00000+0 0    06
2 04144  53.0000 277.5000 0000001   0.0000 240.5455 15.76629586    05
Starlink-340 4144
1 04145U 00000ABC 00001.00000000  .00000000  00000-0  00000+0 0    07
2 04145  53.0000 277.5000 0000001   0.0000 243.8182 15.76629586    09
Starlink-340 4145
1 04146U 00000ABC 00001.00000000  .00000000  00000-0  00000+0 0    08
2 04146  53.0000 277.5000 0000001   0.0000 247.0909 15.76629586    03
Starlink-340 4146
1 04147U 00000ABC 00001.00000000  .00000000  00000-0  00000+0 0    09
2 04147  53.0000 277.5000 0000001   0.0000 250.3636 15.76629586    08
Starlink-340 4147
1 04148U 00000ABC 00001.00000000  .00000000  00000-0  00000+0 0    00
2 04148  53.0000 277.5000 0000001   0.0000 253.6364 15.76629586    03
Starlink-340 4148
1 04149U 00000ABC 00001.00000000  .00000000  00000-0  00000+0 0    01
2 04149  53.0000 277.5000 0000001   0.0000 256.9091 15.76629586    07
Starlink-340 4149
1 04150U 00000ABC 00001.00000000  .00000000  00000-0  00000+0 0    03
2 04150  53.0000 277.5000 0000001   0.0000 260.1818 15.76629586    03
Starlink-340 4150
1 04151U 00000ABC 00001.00000000  .00000000  00000-0  00000+0 0    04
2 04151  53.0000 277.5000 0000001   0.0000 263.4545 15.76629586    07
Starlink-340 4151
1 04152U 00000ABC 00001.00000000  .00000000  00000-0  00000+0 0    05
2 04152  53.0000 277.5000 0000001   0.0000 266.7273 15.76629586    02
Starlink-340 4152
1 04153U 00000ABC 00001.00000000  .00000000  00000-0  00000+0 0    06
2 04153  53.0000 277.5000 0000001   0.0000 270.0000 15.76629586    09
Starlink-340 4153
1 04154U 00000ABC 00001.00000000  .00000000  00000-0  00000+0 0    07
2 04154  53.0000 277.5000 0000001   0.0000 273.2727 15.76629586    01
Starlink-340 4154
1 04155U 00000ABC 00001.00000000  .00000000  00000-0  00000+0 0    08
2 04155  53.0000 277.5000 0000001   0.0000 276.5455 15.76629586    06
Starlink-340 4155
1 04156U 00000ABC 00001.00000000  .00000000  00000-0  00000+0 0    09
2 04156  53.0000 277.5000 0000001   0.0000 279.8182 15.76629586    00
Starlink-340 4156
1 04157U 00000ABC 00001.00000000  .00000000  00000-0  00000+0 0    00
2 04157  53.0000 277.5000 0000001   0.0000 283.0909 15.76629586    05
Starlink-340 4157
1 04158U 00000ABC 00001.00000000  .00000000  00000-0  00000+0 0    01
2 04158  53.0000 277.5000 0000001   0.0000 286.3636 15.76629586    09
Starlink-340 4158
1 04159U 00000ABC 00001.00000000  .00000000  00000-0  00000+0 0    02
2 04159  53.0000 277.5000 0000001   0.0000 289.6364 15.76629586    04
Starlink-340 4159
1 04160U 00000ABC 00001.00000000  .00000000  00000-0  00000+0 0    04
2 04160  53.0000 277.5000 0000001   0.0000 292.9091 15.76629586    00
Starlink-340 4160
1 04161U 00000ABC 00001.00000000  .00000000  00000-0  00000+0 0    05
2 04161  53.0000 277.5000 0000001   0.0000 296.1818 15.76629586    04
Starlink-340 4161
1 04162U 00000ABC 00001.00000000  .00000000  00000-0  00000+0 0    06
2 04162  53.0000 277.5000 0000001   0.0000 299.4545 15.76629586    08
Starlink-340 4162
1 04163U 00000ABC 00001.00000000  .00000000  00000-0  00000+0 0    07
2 04163  53.0000 277.5000 0000001   0.0000 302.7273 15.76629586    05
Starlink-340 4163
1 04164U 00000ABC 00001.00000000  .00000000  00000-0  00000+0 0    08
2 04164  53.0000 277.5000 0000001   0.0000 306.0000 15.76629586    01
Starlink-340 4164
1 04165U 00000ABC 00001.00000000  .00000000  00000-0  00000+0 0    09
2 04165  53.0000 277.5000 0000001   0.0000 309.2727 15.76629586    03
Starlink-340 4165
1 04166U 00000ABC 00001.00000000  .00000000  00000-0  00000+0 0    00
2 04166  53.0000 277.5000 0000001   0.0000 312.5455 15.76629586    09
Starlink-340 4166
1 04167U 00000ABC 00001.00000000  .00000000  00000-0  00000+0 0    01
2 04167  53.0000 277.5000 0000001   0.0000 315.8182 15.76629586    03
Starlink-340 4167
1 04168U 00000ABC 00001.00000000  .00000000  00000-0  00000+0 0    02
2 04168  53.0000 277.5000 0000001   0.0000 319.0909 15.76629586    07
Starlink-340 4168
1 04169U 00000ABC 00001.00000000  .00000000  00000-0  00000+0 0    03
2 04169  53.0000 277.5000 0000001   0.0000 322.3636 15.76629586    02
Starlink-340 4169
1 04170U 00000ABC 00001.00000000  .00000000  00000-0  00000+0 0    05
2 04170  53.0000 277.5000 0000001   0.0000 325.6364 15.76629586    08
Starlink-340 4170
1 04171U 00000ABC 00001.00000000  .00000000  00000-0  00000+0 0    06
2 04171  53.0000 277.5000 0000001   0.0000 328.9091 15.76629586    02
Starlink-340 4171
1 04172U 00000ABC 00001.00000000  .00000000  00000-0  00000+0 0    07
2 04172  53.0000 277.5000 0000001   0.0000 332.1818 15.76629586    07
Starlink-340 4172
1 04173U 00000ABC 00001.00000000  .00000000  00000-0  00000+0 0    08
2 04173  53.0000 277.5000 0000001   0.0000 335.4545 15.76629586    01
Starlink-340 4173
1 04174U 00000ABC 00001.00000000  .00000000  00000-0  00000+0 0    09
2 04174  53.0000 277.5000 0000001   0.0000 338.7273 15.76629586    06
Starlink-340 4174
1 04175U 00000ABC 00001.00000000  .00000000  00000-0  00000+0 0    00
2 04175  53.0000 277.5000 0000001   0.0000 342.0000 15.76629586    03
Starlink-340 4175
1 04176U 00000ABC 00001.00000000  .00000000  00000-0  00000+0 0    01
2 04176  53.0000 277.5000 0000001   0.0000 345.2727 15.76629586    05
Starlink-340 4176
1 04177U 00000ABC 00001.00000000  .00000000  00000-0  00000+0 0    02
2 04177  53.0000 277.5000 0000001   0.0000 348.5455 15.76629586    00
Starlink-340 4177
1 04178U 00000ABC 00001.00000000  .00000000  00000-0  00000+0 0    03
2 04178  53.0000 277.5000 0000001   0.0000 351.8182 15.76629586    05
Starlink-340 4178
1 04179U 00000ABC 00001.00000000  .00000000  00000-0  00000+0 0    04
2 04179  53.0000 277.5000 0000001   0.0000 355.0909 15.76629586    09
Starlink-340 4179
1 04180U 00000ABC 00001.00000000  .00000000  00000-0  00000+0 0    06
2 04180  53.0000 277.5000 0000001   0.0000 358.3636 15.76629586    04
Starlink-340 4180
1 04181U 00000ABC 00001.00000000  .00000000  00000-0  00000+0 0    07
2 04181  53.0000 285.0000 0000001   0.0000   0.0000 15.76629586    05
Starlink-340 4181
1 04182U 00000ABC 00001.00000000  .00000000  00000-0  00000+0 0    08
2 04182  53.0000 285.0000 0000001   0.0000   3.2727 15.76629586    07
Starlink-340 4182
1 04183U 00000ABC 00001.00000000  .00000000  00000-0  00000+0 0    09
2 04183  53.0000 285.0000 0000001   0.0000   6.5455 15.76629586    02
Starlink-340 4183
1 04184U 00000ABC 00001.00000000  .00000000  00000-0  00000+0 0    00
2 04184  53.0000 285.0000 0000001   0.0000   9.8182 15.76629586    06
Starlink-340 4184
1 04185U 00000ABC 00001.00000000  .00000000  00000-0  00000+0 0    01
2 04185  53.0000 285.0000 0000001   0.0000  13.0909 15.76629586    01
Starlink-340 4185
1 04186U 00000ABC 00001.00000000  .00000000  00000-0  00000+0 0    02
2 04186  53.0000 285.0000 0000001   0.0000  16.3636 15.76629586    05
Starlink-340 4186
1 04187U 00000ABC 00001.00000000  .00000000  00000-0  00000+0 0    03
2 04187  53.0000 285.0000 0000001   0.0000  19.6364 15.76629586    00
Starlink-340 4187
1 04188U 00000ABC 00001.00000000  .00000000  00000-0  00000+0 0    04
2 04188  53.0000 285.0000 0000001   0.0000  22.9091 15.76629586    05
Starlink-340 4188
1 04189U 00000ABC 00001.00000000  .00000000  00000-0  00000+0 0    05
2 04189  53.0000 285.0000 0000001   0.0000  26.1818 15.76629586    09
Starlink-340 4189
1 04190U 00000ABC 00001.00000000  .00000000  00000-0  00000+0 0    07
2 04190  53.0000 285.0000 0000001   0.0000  29.4545 15.76629586    04
Starlink-340 4190
1 04191U 00000ABC 00001.00000000  .00000000  00000-0  00000+0 0    08
2 04191  53.0000 285.0000 0000001   0.0000  32.7273 15.76629586    00
Starlink-340 4191
1 04192U 00000ABC 00001.00000000  .00000000  00000-0  00000+0 0    09
2 04192  53.0000 285.0000 0000001   0.0000  36.0000 15.76629586    06
Starlink-340 4192
1 04193U 00000ABC 00001.00000000  .00000000  00000-0  00000+0 0    00
2 04193  53.0000 285.0000 0000001   0.0000  39.2727 15.76629586    08
Starlink-340 4193
1 04194U 00000ABC 00001.00000000  .00000000  00000-0  00000+0 0    01
2 04194  53.0000 285.0000 0000001   0.0000  42.5455 15.76629586    04
Starlink-340 4194
1 04195U 00000ABC 00001.00000000  .00000000  00000-0  00000+0 0    02
2 04195  53.0000 285.0000 0000001   0.0000  45.8182 15.76629586    08
Starlink-340 4195
1 04196U 00000ABC 00001.00000000  .00000000  00000-0  00000+0 0    03
2 04196  53.0000 285.0000 0000001   0.0000  49.0909 15.76629586    02
Starlink-340 4196
1 04197U 00000ABC 00001.00000000  .00000000  00000-0  00000+0 0    04
2 04197  53.0000 285.0000 0000001   0.0000  52.3636 15.76629586    07
Starlink-340 4197
1 04198U 00000ABC 00001.00000000  .00000000  00000-0  00000+0 0    05
2 04198  53.0000 285.0000 0000001   0.0000  55.6364 15.76629586    02
Starlink-340 4198
1 04199U 00000ABC 00001.00000000  .00000000  00000-0  00000+0 0    06
2 04199  53.0000 285.0000 0000001   0.0000  58.9091 15.76629586    06
Starlink-340 4199
1 04200U 00000ABC 00001.00000000  .00000000  00000-0  00000+0 0    09
2 04200  53.0000 285.0000 0000001   0.0000  62.1818 15.76629586    03
Starlink-340 4200
1 04201U 00000ABC 00001.00000000  .00000000  00000-0  00000+0 0    00
2 04201  53.0000 285.0000 0000001   0.0000  65.4545 15.76629586    07
Starlink-340 4201
1 04202U 00000ABC 00001.00000000  .00000000  00000-0  00000+0 0    01
2 04202  53.0000 285.0000 0000001   0.0000  68.7273 15.76629586    02
Starlink-340 4202
1 04203U 00000ABC 00001.00000000  .00000000  00000-0  00000+0 0    02
2 04203  53.0000 285.0000 0000001   0.0000  72.0000 15.76629586    09
Starlink-340 4203
1 04204U 00000ABC 00001.00000000  .00000000  00000-0  00000+0 0    03
2 04204  53.0000 285.0000 0000001   0.0000  75.2727 15.76629586    01
Starlink-340 4204
1 04205U 00000ABC 00001.00000000  .00000000  00000-0  00000+0 0    04
2 04205  53.0000 285.0000 0000001   0.0000  78.5455 15.76629586    06
Starlink-340 4205
1 04206U 00000ABC 00001.00000000  .00000000  00000-0  00000+0 0    05
2 04206  53.0000 285.0000 0000001   0.0000  81.8182 15.76629586    01
Starlink-340 4206
1 04207U 00000ABC 00001.00000000  .00000000  00000-0  00000+0 0    06
2 04207  53.0000 285.0000 0000001   0.0000  85.0909 15.76629586    05
Starlink-340 4207
1 04208U 00000ABC 00001.00000000  .00000000  00000-0  00000+0 0    07
2 04208  53.0000 285.0000 0000001   0.0000  88.3636 15.76629586    09
Starlink-340 4208
1 04209U 00000ABC 00001.00000000  .00000000  00000-0  00000+0 0    08
2 04209  53.0000 285.0000 0000001   0.0000  91.6364 15.76629586    05
Starlink-340 4209
1 04210U 00000ABC 00001.00000000  .00000000  00000-0  00000+0 0    00
2 04210  53.0000 285.0000 0000001   0.0000  94.9091 15.76629586    00
Starlink-340 4210
1 04211U 00000ABC 00001.00000000  .00000000  00000-0  00000+0 0    01
2 04211  53.0000 285.0000 0000001   0.0000  98.1818 15.76629586    04
Starlink-340 4211
1 04212U 00000ABC 00001.00000000  .00000000  00000-0  00000+0 0    02
2 04212  53.0000 285.0000 0000001   0.0000 101.4545 15.76629586    00
Starlink-340 4212
1 04213U 00000ABC 00001.00000000  .00000000  00000-0  00000+0 0    03
2 04213  53.0000 285.0000 0000001   0.0000 104.7273 15.76629586    05
Starlink-340 4213
1 04214U 00000ABC 00001.00000000  .00000000  00000-0  00000+0 0    04
2 04214  53.0000 285.0000 0000001   0.0000 108.0000 15.76629586    01
Starlink-340 4214
1 04215U 00000ABC 00001.00000000  .00000000  00000-0  00000+0 0    05
2 04215  53.0000 285.0000 0000001   0.0000 111.2727 15.76629586    04
Starlink-340 4215
1 04216U 00000ABC 00001.00000000  .00000000  00000-0  00000+0 0    06
2 04216  53.0000 285.0000 0000001   0.0000 114.5455 15.76629586    09
Starlink-340 4216
1 04217U 00000ABC 00001.00000000  .00000000  00000-0  00000+0 0    07
2 04217  53.0000 285.0000 0000001   0.0000 117.8182 15.76629586    03
Starlink-340 4217
1 04218U 00000ABC 00001.00000000  .00000000  00000-0  00000+0 0    08
2 04218  53.0000 285.0000 0000001   0.0000 121.0909 15.76629586    08
Starlink-340 4218
1 04219U 00000ABC 00001.00000000  .00000000  00000-0  00000+0 0    09
2 04219  53.0000 285.0000 0000001   0.0000 124.3636 15.76629586    02
Starlink-340 4219
1 04220U 00000ABC 00001.00000000  .00000000  00000-0  00000+0 0    01
2 04220  53.0000 285.0000 0000001   0.0000 127.6364 15.76629586    08
Starlink-340 4220
1 04221U 00000ABC 00001.00000000  .00000000  00000-0  00000+0 0    02
2 04221  53.0000 285.0000 0000001   0.0000 130.9091 15.76629586    03
Starlink-340 4221
1 04222U 00000ABC 00001.00000000  .00000000  00000-0  00000+0 0    03
2 04222  53.0000 285.0000 0000001   0.0000 134.1818 15.76629586    07
Starlink-340 4222
1 04223U 00000ABC 00001.00000000  .00000000  00000-0  00000+0 0    04
2 04223  53.0000 285.0000 0000001   0.0000 137.4545 15.76629586    01
Starlink-340 4223
1 04224U 00000ABC 00001.00000000  .00000000  00000-0  00000+0 0    05
2 04224  53.0000 285.0000 0000001   0.0000 140.7273 15.76629586    07
Starlink-340 4224
1 04225U 00000ABC 00001.00000000  .00000000  00000-0  00000+0 0    06
2 04225  53.0000 285.0000 0000001   0.0000 144.0000 15.76629586    03
Starlink-340 4225
1 04226U 00000ABC 00001.00000000  .00000000  00000-0  00000+0 0    07
2 04226  53.0000 285.0000 0000001   0.0000 147.2727 15.76629586    05
Starlink-340 4226
1 04227U 00000ABC 00001.00000000  .00000000  00000-0  00000+0 0    08
2 04227  53.0000 285.0000 0000001   0.0000 150.5455 15.76629586    01
Starlink-340 4227
1 04228U 00000ABC 00001.00000000  .00000000  00000-0  00000+0 0    09
2 04228  53.0000 285.0000 0000001   0.0000 153.8182 15.76629586    05
Starlink-340 4228
1 04229U 00000ABC 00001.00000000  .00000000  00000-0  00000+0 0    00
2 04229  53.0000 285.0000 0000001   0.0000 157.0909 15.76629586    09
Starlink-340 4229
1 04230U 00000ABC 00001.00000000  .00000000  00000-0  00000+0 0    02
2 04230  53.0000 285.0000 0000001   0.0000 160.3636 15.76629586    05
Starlink-340 4230
1 04231U 00000ABC 00001.00000000  .00000000  00000-0  00000+0 0    03
2 04231  53.0000 285.0000 0000001   0.0000 163.6364 15.76629586    00
Starlink-340 4231
1 04232U 00000ABC 00001.00000000  .00000000  00000-0  00000+0 0    04
2 04232  53.0000 285.0000 0000001   0.0000 166.9091 15.76629586    04
Starlink-340 4232
1 04233U 00000ABC 00001.00000000  .00000000  00000-0  00000+0 0    05
2 04233  53.0000 285.0000 0000001   0.0000 170.1818 15.76629586    09
Starlink-340 4233
1 04234U 00000ABC 00001.00000000  .00000000  00000-0  00000+0 0    06
2 04234  53.0000 285.0000 0000001   0.0000 173.4545 15.76629586    03
Starlink-340 4234
1 04235U 00000ABC 00001.00000000  .00000000  00000-0  00000+0 0    07
2 04235  53.0000 285.0000 0000001   0.0000 176.7273 15.76629586    08
Starlink-340 4235
1 04236U 00000ABC 00001.00000000  .00000000  00000-0  00000+0 0    08
2 04236  53.0000 285.0000 0000001   0.0000 180.0000 15.76629586    05
Starlink-340 4236
1 04237U 00000ABC 00001.00000000  .00000000  00000-0  00000+0 0    09
2 04237  53.0000 285.0000 0000001   0.0000 183.2727 15.76629586    07
Starlink-340 4237
1 04238U 00000ABC 00001.00000000  .00000000  00000-0  00000+0 0    00
2 04238  53.0000 285.0000 0000001   0.0000 186.5455 15.76629586    02
Starlink-340 4238
1 04239U 00000ABC 00001.00000000  .00000000  00000-0  00000+0 0    01
2 04239  53.0000 285.0000 0000001   0.0000 189.8182 15.76629586    06
Starlink-340 4239
1 04240U 00000ABC 00001.00000000  .00000000  00000-0  00000+0 0    03
2 04240  53.0000 285.0000 0000001   0.0000 193.0909 15.76629586    02
Starlink-340 4240
1 04241U 00000ABC 00001.00000000  .00000000  00000-0  00000+0 0    04
2 04241  53.0000 285.0000 0000001   0.0000 196.3636 15.76629586    06
Starlink-340 4241
1 04242U 00000ABC 00001.00000000  .00000000  00000-0  00000+0 0    05
2 04242  53.0000 285.0000 0000001   0.0000 199.6364 15.76629586    01
Starlink-340 4242
1 04243U 00000ABC 00001.00000000  .00000000  00000-0  00000+0 0    06
2 04243  53.0000 285.0000 0000001   0.0000 202.9091 15.76629586    07
Starlink-340 4243
1 04244U 00000ABC 00001.00000000  .00000000  00000-0  00000+0 0    07
2 04244  53.0000 285.0000 0000001   0.0000 206.1818 15.76629586    01
Starlink-340 4244
1 04245U 00000ABC 00001.00000000  .00000000  00000-0  00000+0 0    08
2 04245  53.0000 285.0000 0000001   0.0000 209.4545 15.76629586    05
Starlink-340 4245
1 04246U 00000ABC 00001.00000000  .00000000  00000-0  00000+0 0    09
2 04246  53.0000 285.0000 0000001   0.0000 212.7273 15.76629586    01
Starlink-340 4246
1 04247U 00000ABC 00001.00000000  .00000000  00000-0  00000+0 0    00
2 04247  53.0000 285.0000 0000001   0.0000 216.0000 15.76629586    07
Starlink-340 4247
1 04248U 00000ABC 00001.00000000  .00000000  00000-0  00000+0 0    01
2 04248  53.0000 285.0000 0000001   0.0000 219.2727 15.76629586    09
Starlink-340 4248
1 04249U 00000ABC 00001.00000000  .00000000  00000-0  00000+0 0    02
2 04249  53.0000 285.0000 0000001   0.0000 222.5455 15.76629586    05
Starlink-340 4249
1 04250U 00000ABC 00001.00000000  .00000000  00000-0  00000+0 0    04
2 04250  53.0000 285.0000 0000001   0.0000 225.8182 15.76629586    00
Starlink-340 4250
1 04251U 00000ABC 00001.00000000  .00000000  00000-0  00000+0 0    05
2 04251  53.0000 285.0000 0000001   0.0000 229.0909 15.76629586    04
Starlink-340 4251
1 04252U 00000ABC 00001.00000000  .00000000  00000-0  00000+0 0    06
2 04252  53.0000 285.0000 0000001   0.0000 232.3636 15.76629586    09
Starlink-340 4252
1 04253U 00000ABC 00001.00000000  .00000000  00000-0  00000+0 0    07
2 04253  53.0000 285.0000 0000001   0.0000 235.6364 15.76629586    04
Starlink-340 4253
1 04254U 00000ABC 00001.00000000  .00000000  00000-0  00000+0 0    08
2 04254  53.0000 285.0000 0000001   0.0000 238.9091 15.76629586    08
Starlink-340 4254
1 04255U 00000ABC 00001.00000000  .00000000  00000-0  00000+0 0    09
2 04255  53.0000 285.0000 0000001   0.0000 242.1818 15.76629586    03
Starlink-340 4255
1 04256U 00000ABC 00001.00000000  .00000000  00000-0  00000+0 0    00
2 04256  53.0000 285.0000 0000001   0.0000 245.4545 15.76629586    07
Starlink-340 4256
1 04257U 00000ABC 00001.00000000  .00000000  00000-0  00000+0 0    01
2 04257  53.0000 285.0000 0000001   0.0000 248.7273 15.76629586    02
Starlink-340 4257
1 04258U 00000ABC 00001.00000000  .00000000  00000-0  00000+0 0    02
2 04258  53.0000 285.0000 0000001   0.0000 252.0000 15.76629586    09
Starlink-340 4258
1 04259U 00000ABC 00001.00000000  .00000000  00000-0  00000+0 0    03
2 04259  53.0000 285.0000 0000001   0.0000 255.2727 15.76629586    01
Starlink-340 4259
1 04260U 00000ABC 00001.00000000  .00000000  00000-0  00000+0 0    05
2 04260  53.0000 285.0000 0000001   0.0000 258.5455 15.76629586    07
Starlink-340 4260
1 04261U 00000ABC 00001.00000000  .00000000  00000-0  00000+0 0    06
2 04261  53.0000 285.0000 0000001   0.0000 261.8182 15.76629586    02
Starlink-340 4261
1 04262U 00000ABC 00001.00000000  .00000000  00000-0  00000+0 0    07
2 04262  53.0000 285.0000 0000001   0.0000 265.0909 15.76629586    06
Starlink-340 4262
1 04263U 00000ABC 00001.00000000  .00000000  00000-0  00000+0 0    08
2 04263  53.0000 285.0000 0000001   0.0000 268.3636 15.76629586    00
Starlink-340 4263
1 04264U 00000ABC 00001.00000000  .00000000  00000-0  00000+0 0    09
2 04264  53.0000 285.0000 0000001   0.0000 271.6364 15.76629586    06
Starlink-340 4264
1 04265U 00000ABC 00001.00000000  .00000000  00000-0  00000+0 0    00
2 04265  53.0000 285.0000 0000001   0.0000 274.9091 15.76629586    00
Starlink-340 4265
1 04266U 00000ABC 00001.00000000  .00000000  00000-0  00000+0 0    01
2 04266  53.0000 285.0000 0000001   0.0000 278.1818 15.76629586    04
Starlink-340 4266
1 04267U 00000ABC 00001.00000000  .00000000  00000-0  00000+0 0    02
2 04267  53.0000 285.0000 0000001   0.0000 281.4545 15.76629586    09
Starlink-340 4267
1 04268U 00000ABC 00001.00000000  .00000000  00000-0  00000+0 0    03
2 04268  53.0000 285.0000 0000001   0.0000 284.7273 15.76629586    04
Starlink-340 4268
1 04269U 00000ABC 00001.00000000  .00000000  00000-0  00000+0 0    04
2 04269  53.0000 285.0000 0000001   0.0000 288.0000 15.76629586    00
Starlink-340 4269
1 04270U 00000ABC 00001.00000000  .00000000  00000-0  00000+0 0    06
2 04270  53.0000 285.0000 0000001   0.0000 291.2727 15.76629586    04
Starlink-340 4270
1 04271U 00000ABC 00001.00000000  .00000000  00000-0  00000+0 0    07
2 04271  53.0000 285.0000 0000001   0.0000 294.5455 15.76629586    09
Starlink-340 4271
1 04272U 00000ABC 00001.00000000  .00000000  00000-0  00000+0 0    08
2 04272  53.0000 285.0000 0000001   0.0000 297.8182 15.76629586    03
Starlink-340 4272
1 04273U 00000ABC 00001.00000000  .00000000  00000-0  00000+0 0    09
2 04273  53.0000 285.0000 0000001   0.0000 301.0909 15.76629586    09
Starlink-340 4273
1 04274U 00000ABC 00001.00000000  .00000000  00000-0  00000+0 0    00
2 04274  53.0000 285.0000 0000001   0.0000 304.3636 15.76629586    03
Starlink-340 4274
1 04275U 00000ABC 00001.00000000  .00000000  00000-0  00000+0 0    01
2 04275  53.0000 285.0000 0000001   0.0000 307.6364 15.76629586    08
Starlink-340 4275
1 04276U 00000ABC 00001.00000000  .00000000  00000-0  00000+0 0    02
2 04276  53.0000 285.0000 0000001   0.0000 310.9091 15.76629586    03
Starlink-340 4276
1 04277U 00000ABC 00001.00000000  .00000000  00000-0  00000+0 0    03
2 04277  53.0000 285.0000 0000001   0.0000 314.1818 15.76629586    07
Starlink-340 4277
1 04278U 00000ABC 00001.00000000  .00000000  00000-0  00000+0 0    04
2 04278  53.0000 285.0000 0000001   0.0000 317.4545 15.76629586    01
Starlink-340 4278
1 04279U 00000ABC 00001.00000000  .00000000  00000-0  00000+0 0    05
2 04279  53.0000 285.0000 0000001   0.0000 320.7273 15.76629586    07
Starlink-340 4279
1 04280U 00000ABC 00001.00000000  .00000000  00000-0  00000+0 0    07
2 04280  53.0000 285.0000 0000001   0.0000 324.0000 15.76629586    04
Starlink-340 4280
1 04281U 00000ABC 00001.00000000  .00000000  00000-0  00000+0 0    08
2 04281  53.0000 285.0000 0000001   0.0000 327.2727 15.76629586    06
Starlink-340 4281
1 04282U 00000ABC 00001.00000000  .00000000  00000-0  00000+0 0    09
2 04282  53.0000 285.0000 0000001   0.0000 330.5455 15.76629586    02
Starlink-340 4282
1 04283U 00000ABC 00001.00000000  .00000000  00000-0  00000+0 0    00
2 04283  53.0000 285.0000 0000001   0.0000 333.8182 15.76629586    06
Starlink-340 4283
1 04284U 00000ABC 00001.00000000  .00000000  00000-0  00000+0 0    01
2 04284  53.0000 285.0000 0000001   0.0000 337.0909 15.76629586    00
Starlink-340 4284
1 04285U 00000ABC 00001.00000000  .00000000  00000-0  00000+0 0    02
2 04285  53.0000 285.0000 0000001   0.0000 340.3636 15.76629586    05
Starlink-340 4285
1 04286U 00000ABC 00001.00000000  .00000000  00000-0  00000+0 0    03
2 04286  53.0000 285.0000 0000001   0.0000 343.6364 15.76629586    00
Starlink-340 4286
1 04287U 00000ABC 00001.00000000  .00000000  00000-0  00000+0 0    04
2 04287  53.0000 285.0000 0000001   0.0000 346.9091 15.76629586    04
Starlink-340 4287
1 04288U 00000ABC 00001.00000000  .00000000  00000-0  00000+0 0    05
2 04288  53.0000 285.0000 0000001   0.0000 350.1818 15.76629586    09
Starlink-340 4288
1 04289U 00000ABC 00001.00000000  .00000000  00000-0  00000+0 0    06
2 04289  53.0000 285.0000 0000001   0.0000 353.4545 15.76629586    03
Starlink-340 4289
1 04290U 00000ABC 00001.00000000  .00000000  00000-0  00000+0 0    08
2 04290  53.0000 285.0000 0000001   0.0000 356.7273 15.76629586    09
Starlink-340 4290
1 04291U 00000ABC 00001.00000000  .00000000  00000-0  00000+0 0    09
2 04291  53.0000 292.5000 0000001   0.0000   1.6364 15.76629586    00
Starlink-340 4291
1 04292U 00000ABC 00001.00000000  .00000000  00000-0  00000+0 0    00
2 04292  53.0000 292.5000 0000001   0.0000   4.9091 15.76629586    04
Starlink-340 4292
1 04293U 00000ABC 00001.00000000  .00000000  00000-0  00000+0 0    01
2 04293  53.0000 292.5000 0000001   0.0000   8.1818 15.76629586    08
Starlink-340 4293
1 04294U 00000ABC 00001.00000000  .00000000  00000-0  00000+0 0    02
2 04294  53.0000 292.5000 0000001   0.0000  11.4545 15.76629586    03
Starlink-340 4294
1 04295U 00000ABC 00001.00000000  .00000000  00000-0  00000+0 0    03
2 04295  53.0000 292.5000 0000001   0.0000  14.7273 15.76629586    08
Starlink-340 4295
1 04296U 00000ABC 00001.00000000  .00000000  00000-0  00000+0 0    04
2 04296  53.0000 292.5000 0000001   0.0000  18.0000 15.76629586    04
Starlink-340 4296
1 04297U 00000ABC 00001.00000000  .00000000  00000-0  00000+0 0    05
2 04297  53.0000 292.5000 0000001   0.0000  21.2727 15.76629586    07
Starlink-340 4297
1 04298U 00000ABC 00001.00000000  .00000000  00000-0  00000+0 0    06
2 04298  53.0000 292.5000 0000001   0.0000  24.5455 15.76629586    02
Starlink-340 4298
1 04299U 00000ABC 00001.00000000  .00000000  00000-0  00000+0 0    07
2 04299  53.0000 292.5000 0000001   0.0000  27.8182 15.76629586    06
Starlink-340 4299
1 04300U 00000ABC 00001.00000000  .00000000  00000-0  00000+0 0    00
2 04300  53.0000 292.5000 0000001   0.0000  31.0909 15.76629586    03
Starlink-340 4300
1 04301U 00000ABC 00001.00000000  .00000000  00000-0  00000+0 0    01
2 04301  53.0000 292.5000 0000001   0.0000  34.3636 15.76629586    07
Starlink-340 4301
1 04302U 00000ABC 00001.00000000  .00000000  00000-0  00000+0 0    02
2 04302  53.0000 292.5000 0000001   0.0000  37.6364 15.76629586    02
Starlink-340 4302
1 04303U 00000ABC 00001.00000000  .00000000  00000-0  00000+0 0    03
2 04303  53.0000 292.5000 0000001   0.0000  40.9091 15.76629586    07
Starlink-340 4303
1 04304U 00000ABC 00001.00000000  .00000000  00000-0  00000+0 0    04
2 04304  53.0000 292.5000 0000001   0.0000  44.1818 15.76629586    01
Starlink-340 4304
1 04305U 00000ABC 00001.00000000  .00000000  00000-0  00000+0 0    05
2 04305  53.0000 292.5000 0000001   0.0000  47.4545 15.76629586    05
Starlink-340 4305
1 04306U 00000ABC 00001.00000000  .00000000  00000-0  00000+0 0    06
2 04306  53.0000 292.5000 0000001   0.0000  50.7273 15.76629586    01
Starlink-340 4306
1 04307U 00000ABC 00001.00000000  .00000000  00000-0  00000+0 0    07
2 04307  53.0000 292.5000 0000001   0.0000  54.0000 15.76629586    07
Starlink-340 4307
1 04308U 00000ABC 00001.00000000  .00000000  00000-0  00000+0 0    08
2 04308  53.0000 292.5000 0000001   0.0000  57.2727 15.76629586    09
Starlink-340 4308
1 04309U 00000ABC 00001.00000000  .00000000  00000-0  00000+0 0    09
2 04309  53.0000 292.5000 0000001   0.0000  60.5455 15.76629586    05
Starlink-340 4309
1 04310U 00000ABC 00001.00000000  .00000000  00000-0  00000+0 0    01
2 04310  53.0000 292.5000 0000001   0.0000  63.8182 15.76629586    00
Starlink-340 4310
1 04311U 00000ABC 00001.00000000  .00000000  00000-0  00000+0 0    02
2 04311  53.0000 292.5000 0000001   0.0000  67.0909 15.76629586    04
Starlink-340 4311
1 04312U 00000ABC 00001.00000000  .00000000  00000-0  00000+0 0    03
2 04312  53.0000 292.5000 0000001   0.0000  70.3636 15.76629586    09
Starlink-340 4312
1 04313U 00000ABC 00001.00000000  .00000000  00000-0  00000+0 0    04
2 04313  53.0000 292.5000 0000001   0.0000  73.6364 15.76629586    04
Starlink-340 4313
1 04314U 00000ABC 00001.00000000  .00000000  00000-0  00000+0 0    05
2 04314  53.0000 292.5000 0000001   0.0000  76.9091 15.76629586    08
Starlink-340 4314
1 04315U 00000ABC 00001.00000000  .00000000  00000-0  00000+0 0    06
2 04315  53.0000 292.5000 0000001   0.0000  80.1818 15.76629586    03
Starlink-340 4315
1 04316U 00000ABC 00001.00000000  .00000000  00000-0  00000+0 0    07
2 04316  53.0000 292.5000 0000001   0.0000  83.4545 15.76629586    07
Starlink-340 4316
1 04317U 00000ABC 00001.00000000  .00000000  00000-0  00000+0 0    08
2 04317  53.0000 292.5000 0000001   0.0000  86.7273 15.76629586    02
Starlink-340 4317
1 04318U 00000ABC 00001.00000000  .00000000  00000-0  00000+0 0    09
2 04318  53.0000 292.5000 0000001   0.0000  90.0000 15.76629586    09
Starlink-340 4318
1 04319U 00000ABC 00001.00000000  .00000000  00000-0  00000+0 0    00
2 04319  53.0000 292.5000 0000001   0.0000  93.2727 15.76629586    01
Starlink-340 4319
1 04320U 00000ABC 00001.00000000  .00000000  00000-0  00000+0 0    02
2 04320  53.0000 292.5000 0000001   0.0000  96.5455 15.76629586    07
Starlink-340 4320
1 04321U 00000ABC 00001.00000000  .00000000  00000-0  00000+0 0    03
2 04321  53.0000 292.5000 0000001   0.0000  99.8182 15.76629586    01
Starlink-340 4321
1 04322U 00000ABC 00001.00000000  .00000000  00000-0  00000+0 0    04
2 04322  53.0000 292.5000 0000001   0.0000 103.0909 15.76629586    07
Starlink-340 4322
1 04323U 00000ABC 00001.00000000  .00000000  00000-0  00000+0 0    05
2 04323  53.0000 292.5000 0000001   0.0000 106.3636 15.76629586    01
Starlink-340 4323
1 04324U 00000ABC 00001.00000000  .00000000  00000-0  00000+0 0    06
2 04324  53.0000 292.5000 0000001   0.0000 109.6364 15.76629586    06
Starlink-340 4324
1 04325U 00000ABC 00001.00000000  .00000000  00000-0  00000+0 0    07
2 04325  53.0000 292.5000 0000001   0.0000 112.9091 15.76629586    01
Starlink-340 4325
1 04326U 00000ABC 00001.00000000  .00000000  00000-0  00000+0 0    08
2 04326  53.0000 292.5000 0000001   0.0000 116.1818 15.76629586    05
Starlink-340 4326
1 04327U 00000ABC 00001.00000000  .00000000  00000-0  00000+0 0    09
2 04327  53.0000 292.5000 0000001   0.0000 119.4545 15.76629586    09
Starlink-340 4327
1 04328U 00000ABC 00001.00000000  .00000000  00000-0  00000+0 0    00
2 04328  53.0000 292.5000 0000001   0.0000 122.7273 15.76629586    05
Starlink-340 4328
1 04329U 00000ABC 00001.00000000  .00000000  00000-0  00000+0 0    01
2 04329  53.0000 292.5000 0000001   0.0000 126.0000 15.76629586    01
Starlink-340 4329
1 04330U 00000ABC 00001.00000000  .00000000  00000-0  00000+0 0    03
2 04330  53.0000 292.5000 0000001   0.0000 129.2727 15.76629586    04
Starlink-340 4330
1 04331U 00000ABC 00001.00000000  .00000000  00000-0  00000+0 0    04
2 04331  53.0000 292.5000 0000001   0.0000 132.5455 15.76629586    00
Starlink-340 4331
1 04332U 00000ABC 00001.00000000  .00000000  00000-0  00000+0 0    05
2 04332  53.0000 292.5000 0000001   0.0000 135.8182 15.76629586    04
Starlink-340 4332
1 04333U 00000ABC 00001.00000000  .00000000  00000-0  00000+0 0    06
2 04333  53.0000 292.5000 0000001   0.0000 139.0909 15.76629586    08
Starlink-340 4333
1 04334U 00000ABC 00001.00000000  .00000000  00000-0  00000+0 0    07
2 04334  53.0000 292.5000 0000001   0.0000 142.3636 15.76629586    03
Starlink-340 4334
1 04335U 00000ABC 00001.00000000  .00000000  00000-0  00000+0 0    08
2 04335  53.0000 292.5000 0000001   0.0000 145.6364 15.76629586    08
Starlink-340 4335
1 04336U 00000ABC 00001.00000000  .00000000  00000-0  00000+0 0    09
2 04336  53.0000 292.5000 0000001   0.0000 148.9091 15.76629586    02
Starlink-340 4336
1 04337U 00000ABC 00001.00000000  .00000000  00000-0  00000+0 0    00
2 04337  53.0000 292.5000 0000001   0.0000 152.1818 15.76629586    07
Starlink-340 4337
1 04338U 00000ABC 00001.00000000  .00000000  00000-0  00000+0 0    01
2 04338  53.0000 292.5000 0000001   0.0000 155.4545 15.76629586    01
Starlink-340 4338
1 04339U 00000ABC 00001.00000000  .00000000  00000-0  00000+0 0    02
2 04339  53.0000 292.5000 0000001   0.0000 158.7273 15.76629586    06
Starlink-340 4339
1 04340U 00000ABC 00001.00000000  .00000000  00000-0  00000+0 0    04
2 04340  53.0000 292.5000 0000001   0.0000 162.0000 15.76629586    04
Starlink-340 4340
1 04341U 00000ABC 00001.00000000  .00000000  00000-0  00000+0 0    05
2 04341  53.0000 292.5000 0000001   0.0000 165.2727 15.76629586    06
Starlink-340 4341
1 04342U 00000ABC 00001.00000000  .00000000  00000-0  00000+0 0    06
2 04342  53.0000 292.5000 0000001   0.0000 168.5455 15.76629586    01
Starlink-340 4342
1 04343U 00000ABC 00001.00000000  .00000000  00000-0  00000+0 0    07
2 04343  53.0000 292.5000 0000001   0.0000 171.8182 15.76629586    06
Starlink-340 4343
1 04344U 00000ABC 00001.00000000  .00000000  00000-0  00000+0 0    08
2 04344  53.0000 292.5000 0000001   0.0000 175.0909 15.76629586    00
Starlink-340 4344
1 04345U 00000ABC 00001.00000000  .00000000  00000-0  00000+0 0    09
2 04345  53.0000 292.5000 0000001   0.0000 178.3636 15.76629586    04
Starlink-340 4345
1 04346U 00000ABC 00001.00000000  .00000000  00000-0  00000+0 0    00
2 04346  53.0000 292.5000 0000001   0.0000 181.6364 15.76629586    00
Starlink-340 4346
1 04347U 00000ABC 00001.00000000  .00000000  00000-0  00000+0 0    01
2 04347  53.0000 292.5000 0000001   0.0000 184.9091 15.76629586    04
Starlink-340 4347
1 04348U 00000ABC 00001.00000000  .00000000  00000-0  00000+0 0    02
2 04348  53.0000 292.5000 0000001   0.0000 188.1818 15.76629586    08
Starlink-340 4348
1 04349U 00000ABC 00001.00000000  .00000000  00000-0  00000+0 0    03
2 04349  53.0000 292.5000 0000001   0.0000 191.4545 15.76629586    03
Starlink-340 4349
1 04350U 00000ABC 00001.00000000  .00000000  00000-0  00000+0 0    05
2 04350  53.0000 292.5000 0000001   0.0000 194.7273 15.76629586    09
Starlink-340 4350
1 04351U 00000ABC 00001.00000000  .00000000  00000-0  00000+0 0    06
2 04351  53.0000 292.5000 0000001   0.0000 198.0000 15.76629586    05
Starlink-340 4351
1 04352U 00000ABC 00001.00000000  .00000000  00000-0  00000+0 0    07
2 04352  53.0000 292.5000 0000001   0.0000 201.2727 15.76629586    09
Starlink-340 4352
1 04353U 00000ABC 00001.00000000  .00000000  00000-0  00000+0 0    08
2 04353  53.0000 292.5000 0000001   0.0000 204.5455 15.76629586    04
Starlink-340 4353
1 04354U 00000ABC 00001.00000000  .00000000  00000-0  00000+0 0    09
2 04354  53.0000 292.5000 0000001   0.0000 207.8182 15.76629586    08
Starlink-340 4354
1 04355U 00000ABC 00001.00000000  .00000000  00000-0  00000+0 0    00
2 04355  53.0000 292.5000 0000001   0.0000 211.0909 15.76629586    03
Starlink-340 4355
1 04356U 00000ABC 00001.00000000  .00000000  00000-0  00000+0 0    01
2 04356  53.0000 292.5000 0000001   0.0000 214.3636 15.76629586    07
Starlink-340 4356
1 04357U 00000ABC 00001.00000000  .00000000  00000-0  00000+0 0    02
2 04357  53.0000 292.5000 0000001   0.0000 217.6364 15.76629586    02
Starlink-340 4357
1 04358U 00000ABC 00001.00000000  .00000000  00000-0  00000+0 0    03
2 04358  53.0000 292.5000 0000001   0.0000 220.9091 15.76629586    07
Starlink-340 4358
1 04359U 00000ABC 00001.00000000  .00000000  00000-0  00000+0 0    04
2 04359  53.0000 292.5000 0000001   0.0000 224.1818 15.76629586    01
Starlink-340 4359
1 04360U 00000ABC 00001.00000000  .00000000  00000-0  00000+0 0    06
2 04360  53.0000 292.5000 0000001   0.0000 227.4545 15.76629586    06
Starlink-340 4360
1 04361U 00000ABC 00001.00000000  .00000000  00000-0  00000+0 0    07
2 04361  53.0000 292.5000 0000001   0.0000 230.7273 15.76629586    02
Starlink-340 4361
1 04362U 00000ABC 00001.00000000  .00000000  00000-0  00000+0 0    08
2 04362  53.0000 292.5000 0000001   0.0000 234.0000 15.76629586    08
Starlink-340 4362
1 04363U 00000ABC 00001.00000000  .00000000  00000-0  00000+0 0    09
2 04363  53.0000 292.5000 0000001   0.0000 237.2727 15.76629586    00
Starlink-340 4363
1 04364U 00000ABC 00001.00000000  .00000000  00000-0  00000+0 0    00
2 04364  53.0000 292.5000 0000001   0.0000 240.5455 15.76629586    06
Starlink-340 4364
1 04365U 00000ABC 00001.00000000  .00000000  00000-0  00000+0 0    01
2 04365  53.0000 292.5000 0000001   0.0000 243.8182 15.76629586    00
Starlink-340 4365
1 04366U 00000ABC 00001.00000000  .00000000  00000-0  00000+0 0    02
2 04366  53.0000 292.5000 0000001   0.0000 247.0909 15.76629586    04
Starlink-340 4366
1 04367U 00000ABC 00001.00000000  .00000000  00000-0  00000+0 0    03
2 04367  53.0000 292.5000 0000001   0.0000 250.3636 15.76629586    09
Starlink-340 4367
1 04368U 00000ABC 00001.00000000  .00000000  00000-0  00000+0 0    04
2 04368  53.0000 292.5000 0000001   0.0000 253.6364 15.76629586    04
Starlink-340 4368
1 04369U 00000ABC 00001.00000000  .00000000  00000-0  00000+0 0    05
2 04369  53.0000 292.5000 0000001   0.0000 256.9091 15.76629586    08
Starlink-340 4369
1 04370U 00000ABC 00001.00000000  .00000000  00000-0  00000+0 0    07
2 04370  53.0000 292.5000 0000001   0.0000 260.1818 15.76629586    04
Starlink-340 4370
1 04371U 00000ABC 00001.00000000  .00000000  00000-0  00000+0 0    08
2 04371  53.0000 292.5000 0000001   0.0000 263.4545 15.76629586    08
Starlink-340 4371
1 04372U 00000ABC 00001.00000000  .00000000  00000-0  00000+0 0    09
2 04372  53.0000 292.5000 0000001   0.0000 266.7273 15.76629586    03
Starlink-340 4372
1 04373U 00000ABC 00001.00000000  .00000000  00000-0  00000+0 0    00
2 04373  53.0000 292.5000 0000001   0.0000 270.0000 15.76629586    00
Starlink-340 4373
1 04374U 00000ABC 00001.00000000  .00000000  00000-0  00000+0 0    01
2 04374  53.0000 292.5000 0000001   0.0000 273.2727 15.76629586    02
Starlink-340 4374
1 04375U 00000ABC 00001.00000000  .00000000  00000-0  00000+0 0    02
2 04375  53.0000 292.5000 0000001   0.0000 276.5455 15.76629586    07
Starlink-340 4375
1 04376U 00000ABC 00001.00000000  .00000000  00000-0  00000+0 0    03
2 04376  53.0000 292.5000 0000001   0.0000 279.8182 15.76629586    01
Starlink-340 4376
1 04377U 00000ABC 00001.00000000  .00000000  00000-0  00000+0 0    04
2 04377  53.0000 292.5000 0000001   0.0000 283.0909 15.76629586    06
Starlink-340 4377
1 04378U 00000ABC 00001.00000000  .00000000  00000-0  00000+0 0    05
2 04378  53.0000 292.5000 0000001   0.0000 286.3636 15.76629586    00
Starlink-340 4378
1 04379U 00000ABC 00001.00000000  .00000000  00000-0  00000+0 0    06
2 04379  53.0000 292.5000 0000001   0.0000 289.6364 15.76629586    05
Starlink-340 4379
1 04380U 00000ABC 00001.00000000  .00000000  00000-0  00000+0 0    08
2 04380  53.0000 292.5000 0000001   0.0000 292.9091 15.76629586    01
Starlink-340 4380
1 04381U 00000ABC 00001.00000000  .00000000  00000-0  00000+0 0    09
2 04381  53.0000 292.5000 0000001   0.0000 296.1818 15.76629586    05
Starlink-340 4381
1 04382U 00000ABC 00001.00000000  .00000000  00000-0  00000+0 0    00
2 04382  53.0000 292.5000 0000001   0.0000 299.4545 15.76629586    09
Starlink-340 4382
1 04383U 00000ABC 00001.00000000  .00000000  00000-0  00000+0 0    01
2 04383  53.0000 292.5000 0000001   0.0000 302.7273 15.76629586    06
Starlink-340 4383
1 04384U 00000ABC 00001.00000000  .00000000  00000-0  00000+0 0    02
2 04384  53.0000 292.5000 0000001   0.0000 306.0000 15.76629586    02
Starlink-340 4384
1 04385U 00000ABC 00001.00000000  .00000000  00000-0  00000+0 0    03
2 04385  53.0000 292.5000 0000001   0.0000 309.2727 15.76629586    04
Starlink-340 4385
1 04386U 00000ABC 00001.00000000  .00000000  00000-0  00000+0 0    04
2 04386  53.0000 292.5000 0000001   0.0000 312.5455 15.76629586    00
Starlink-340 4386
1 04387U 00000ABC 00001.00000000  .00000000  00000-0  00000+0 0    05
2 04387  53.0000 292.5000 0000001   0.0000 315.8182 15.76629586    04
Starlink-340 4387
1 04388U 00000ABC 00001.00000000  .00000000  00000-0  00000+0 0    06
2 04388  53.0000 292.5000 0000001   0.0000 319.0909 15.76629586    08
Starlink-340 4388
1 04389U 00000ABC 00001.00000000  .00000000  00000-0  00000+0 0    07
2 04389  53.0000 292.5000 0000001   0.0000 322.3636 15.76629586    03
Starlink-340 4389
1 04390U 00000ABC 00001.00000000  .00000000  00000-0  00000+0 0    09
2 04390  53.0000 292.5000 0000001   0.0000 325.6364 15.76629586    09
Starlink-340 4390
1 04391U 00000ABC 00001.00000000  .00000000  00000-0  00000+0 0    00
2 04391  53.0000 292.5000 0000001   0.0000 328.9091 15.76629586    03
Starlink-340 4391
1 04392U 00000ABC 00001.00000000  .00000000  00000-0  00000+0 0    01
2 04392  53.0000 292.5000 0000001   0.0000 332.1818 15.76629586    08
Starlink-340 4392
1 04393U 00000ABC 00001.00000000  .00000000  00000-0  00000+0 0    02
2 04393  53.0000 292.5000 0000001   0.0000 335.4545 15.76629586    02
Starlink-340 4393
1 04394U 00000ABC 00001.00000000  .00000000  00000-0  00000+0 0    03
2 04394  53.0000 292.5000 0000001   0.0000 338.7273 15.76629586    07
Starlink-340 4394
1 04395U 00000ABC 00001.00000000  .00000000  00000-0  00000+0 0    04
2 04395  53.0000 292.5000 0000001   0.0000 342.0000 15.76629586    04
Starlink-340 4395
1 04396U 00000ABC 00001.00000000  .00000000  00000-0  00000+0 0    05
2 04396  53.0000 292.5000 0000001   0.0000 345.2727 15.76629586    06
Starlink-340 4396
1 04397U 00000ABC 00001.00000000  .00000000  00000-0  00000+0 0    06
2 04397  53.0000 292.5000 0000001   0.0000 348.5455 15.76629586    01
Starlink-340 4397
1 04398U 00000ABC 00001.00000000  .00000000  00000-0  00000+0 0    07
2 04398  53.0000 292.5000 0000001   0.0000 351.8182 15.76629586    06
Starlink-340 4398
1 04399U 00000ABC 00001.00000000  .00000000  00000-0  00000+0 0    08
2 04399  53.0000 292.5000 0000001   0.0000 355.0909 15.76629586    00
Starlink-340 4399
1 04400U 00000ABC 00001.00000000  .00000000  00000-0  00000+0 0    01
2 04400  53.0000 292.5000 0000001   0.0000 358.3636 15.76629586    06
Starlink-340 4400
1 04401U 00000ABC 00001.00000000  .00000000  00000-0  00000+0 0    02
2 04401  53.0000 300.0000 0000001   0.0000   0.0000 15.76629586    08
Starlink-340 4401
1 04402U 00000ABC 00001.00000000  .00000000  00000-0  00000+0 0    03
2 04402  53.0000 300.0000 0000001   0.0000   3.2727 15.76629586    00
Starlink-340 4402
1 04403U 00000ABC 00001.00000000  .00000000  00000-0  00000+0 0    04
2 04403  53.0000 300.0000 0000001   0.0000   6.5455 15.76629586    05
Starlink-340 4403
1 04404U 00000ABC 00001.00000000  .00000000  00000-0  00000+0 0    05
2 04404  53.0000 300.0000 0000001   0.0000   9.8182 15.76629586    09
Starlink-340 4404
1 04405U 00000ABC 00001.00000000  .00000000  00000-0  00000+0 0    06
2 04405  53.0000 300.0000 0000001   0.0000  13.0909 15.76629586    04
Starlink-340 4405
1 04406U 00000ABC 00001.00000000  .00000000  00000-0  00000+0 0    07
2 04406  53.0000 300.0000 0000001   0.0000  16.3636 15.76629586    08
Starlink-340 4406
1 04407U 00000ABC 00001.00000000  .00000000  00000-0  00000+0 0    08
2 04407  53.0000 300.0000 0000001   0.0000  19.6364 15.76629586    03
Starlink-340 4407
1 04408U 00000ABC 00001.00000000  .00000000  00000-0  00000+0 0    09
2 04408  53.0000 300.0000 0000001   0.0000  22.9091 15.76629586    08
Starlink-340 4408
1 04409U 00000ABC 00001.00000000  .00000000  00000-0  00000+0 0    00
2 04409  53.0000 300.0000 0000001   0.0000  26.1818 15.76629586    02
Starlink-340 4409
1 04410U 00000ABC 00001.00000000  .00000000  00000-0  00000+0 0    02
2 04410  53.0000 300.0000 0000001   0.0000  29.4545 15.76629586    07
Starlink-340 4410
1 04411U 00000ABC 00001.00000000  .00000000  00000-0  00000+0 0    03
2 04411  53.0000 300.0000 0000001   0.0000  32.7273 15.76629586    03
Starlink-340 4411
1 04412U 00000ABC 00001.00000000  .00000000  00000-0  00000+0 0    04
2 04412  53.0000 300.0000 0000001   0.0000  36.0000 15.76629586    09
Starlink-340 4412
1 04413U 00000ABC 00001.00000000  .00000000  00000-0  00000+0 0    05
2 04413  53.0000 300.0000 0000001   0.0000  39.2727 15.76629586    01
Starlink-340 4413
1 04414U 00000ABC 00001.00000000  .00000000  00000-0  00000+0 0    06
2 04414  53.0000 300.0000 0000001   0.0000  42.5455 15.76629586    07
Starlink-340 4414
1 04415U 00000ABC 00001.00000000  .00000000  00000-0  00000+0 0    07
2 04415  53.0000 300.0000 0000001   0.0000  45.8182 15.76629586    01
Starlink-340 4415
1 04416U 00000ABC 00001.00000000  .00000000  00000-0  00000+0 0    08
2 04416  53.0000 300.0000 0000001   0.0000  49.0909 15.76629586    05
Starlink-340 4416
1 04417U 00000ABC 00001.00000000  .00000000  00000-0  00000+0 0    09
2 04417  53.0000 300.0000 0000001   0.0000  52.3636 15.76629586    00
Starlink-340 4417
1 04418U 00000ABC 00001.00000000  .00000000  00000-0  00000+0 0    00
2 04418  53.0000 300.0000 0000001   0.0000  55.6364 15.76629586    05
Starlink-340 4418
1 04419U 00000ABC 00001.00000000  .00000000  00000-0  00000+0 0    01
2 04419  53.0000 300.0000 0000001   0.0000  58.9091 15.76629586    09
Starlink-340 4419
1 04420U 00000ABC 00001.00000000  .00000000  00000-0  00000+0 0    03
2 04420  53.0000 300.0000 0000001   0.0000  62.1818 15.76629586    05
Starlink-340 4420
1 04421U 00000ABC 00001.00000000  .00000000  00000-0  00000+0 0    04
2 04421  53.0000 300.0000 0000001   0.0000  65.4545 15.76629586    09
Starlink-340 4421
1 04422U 00000ABC 00001.00000000  .00000000  00000-0  00000+0 0    05
2 04422  53.0000 300.0000 0000001   0.0000  68.7273 15.76629586    04
Starlink-340 4422
1 04423U 00000ABC 00001.00000000  .00000000  00000-0  00000+0 0    06
2 04423  53.0000 300.0000 0000001   0.0000  72.0000 15.76629586    01
Starlink-340 4423
1 04424U 00000ABC 00001.00000000  .00000000  00000-0  00000+0 0    07
2 04424  53.0000 300.0000 0000001   0.0000  75.2727 15.76629586    03
Starlink-340 4424
1 04425U 00000ABC 00001.00000000  .00000000  00000-0  00000+0 0    08
2 04425  53.0000 300.0000 0000001   0.0000  78.5455 15.76629586    08
Starlink-340 4425
1 04426U 00000ABC 00001.00000000  .00000000  00000-0  00000+0 0    09
2 04426  53.0000 300.0000 0000001   0.0000  81.8182 15.76629586    03
Starlink-340 4426
1 04427U 00000ABC 00001.00000000  .00000000  00000-0  00000+0 0    00
2 04427  53.0000 300.0000 0000001   0.0000  85.0909 15.76629586    07
Starlink-340 4427
1 04428U 00000ABC 00001.00000000  .00000000  00000-0  00000+0 0    01
2 04428  53.0000 300.0000 0000001   0.0000  88.3636 15.76629586    01
Starlink-340 4428
1 04429U 00000ABC 00001.00000000  .00000000  00000-0  00000+0 0    02
2 04429  53.0000 300.0000 0000001   0.0000  91.6364 15.76629586    07
Starlink-340 4429
1 04430U 00000ABC 00001.00000000  .00000000  00000-0  00000+0 0    04
2 04430  53.0000 300.0000 0000001   0.0000  94.9091 15.76629586    02
Starlink-340 4430
1 04431U 00000ABC 00001.00000000  .00000000  00000-0  00000+0 0    05
2 04431  53.0000 300.0000 0000001   0.0000  98.1818 15.76629586    06
Starlink-340 4431
1 04432U 00000ABC 00001.00000000  .00000000  00000-0  00000+0 0    06
2 04432  53.0000 300.0000 0000001   0.0000 101.4545 15.76629586    02
Starlink-340 4432
1 04433U 00000ABC 00001.00000000  .00000000  00000-0  00000+0 0    07
2 04433  53.0000 300.0000 0000001   0.0000 104.7273 15.76629586    07
Starlink-340 4433
1 04434U 00000ABC 00001.00000000  .00000000  00000-0  00000+0 0    08
2 04434  53.0000 300.0000 0000001   0.0000 108.0000 15.76629586    03
Starlink-340 4434
1 04435U 00000ABC 00001.00000000  .00000000  00000-0  00000+0 0    09
2 04435  53.0000 300.0000 0000001   0.0000 111.2727 15.76629586    06
Starlink-340 4435
1 04436U 00000ABC 00001.00000000  .00000000  00000-0  00000+0 0    00
2 04436  53.0000 300.0000 0000001   0.0000 114.5455 15.76629586    01
Starlink-340 4436
1 04437U 00000ABC 00001.00000000  .00000000  00000-0  00000+0 0    01
2 04437  53.0000 300.0000 0000001   0.0000 117.8182 15.76629586    05
Starlink-340 4437
1 04438U 00000ABC 00001.00000000  .00000000  00000-0  00000+0 0    02
2 04438  53.0000 300.0000 0000001   0.0000 121.0909 15.76629586    00
Starlink-340 4438
1 04439U 00000ABC 00001.00000000  .00000000  00000-0  00000+0 0    03
2 04439  53.0000 300.0000 0000001   0.0000 124.3636 15.76629586    04
Starlink-340 4439
1 04440U 00000ABC 00001.00000000  .00000000  00000-0  00000+0 0    05
2 04440  53.0000 300.0000 0000001   0.0000 127.6364 15.76629586    00
Starlink-340 4440
1 04441U 00000ABC 00001.00000000  .00000000  00000-0  00000+0 0    06
2 04441  53.0000 300.0000 0000001   0.0000 130.9091 15.76629586    05
Starlink-340 4441
1 04442U 00000ABC 00001.00000000  .00000000  00000-0  00000+0 0    07
2 04442  53.0000 300.0000 0000001   0.0000 134.1818 15.76629586    09
Starlink-340 4442
1 04443U 00000ABC 00001.00000000  .00000000  00000-0  00000+0 0    08
2 04443  53.0000 300.0000 0000001   0.0000 137.4545 15.76629586    03
Starlink-340 4443
1 04444U 00000ABC 00001.00000000  .00000000  00000-0  00000+0 0    09
2 04444  53.0000 300.0000 0000001   0.0000 140.7273 15.76629586    09
Starlink-340 4444
1 04445U 00000ABC 00001.00000000  .00000000  00000-0  00000+0 0    00
2 04445  53.0000 300.0000 0000001   0.0000 144.0000 15.76629586    05
Starlink-340 4445
1 04446U 00000ABC 00001.00000000  .00000000  00000-0  00000+0 0    01
2 04446  53.0000 300.0000 0000001   0.0000 147.2727 15.76629586    07
Starlink-340 4446
1 04447U 00000ABC 00001.00000000  .00000000  00000-0  00000+0 0    02
2 04447  53.0000 300.0000 0000001   0.0000 150.5455 15.76629586    03
Starlink-340 4447
1 04448U 00000ABC 00001.00000000  .00000000  00000-0  00000+0 0    03
2 04448  53.0000 300.0000 0000001   0.0000 153.8182 15.76629586    07
Starlink-340 4448
1 04449U 00000ABC 00001.00000000  .00000000  00000-0  00000+0 0    04
2 04449  53.0000 300.0000 0000001   0.0000 157.0909 15.76629586    01
Starlink-340 4449
1 04450U 00000ABC 00001.00000000  .00000000  00000-0  00000+0 0    06
2 04450  53.0000 300.0000 0000001   0.0000 160.3636 15.76629586    07
Starlink-340 4450
1 04451U 00000ABC 00001.00000000  .00000000  00000-0  00000+0 0    07
2 04451  53.0000 300.0000 0000001   0.0000 163.6364 15.76629586    02
Starlink-340 4451
1 04452U 00000ABC 00001.00000000  .00000000  00000-0  00000+0 0    08
2 04452  53.0000 300.0000 0000001   0.0000 166.9091 15.76629586    06
Starlink-340 4452
1 04453U 00000ABC 00001.00000000  .00000000  00000-0  00000+0 0    09
2 04453  53.0000 300.0000 0000001   0.0000 170.1818 15.76629586    01
Starlink-340 4453
1 04454U 00000ABC 00001.00000000  .00000000  00000-0  00000+0 0    00
2 04454  53.0000 300.0000 0000001   0.0000 173.4545 15.76629586    05
Starlink-340 4454
1 04455U 00000ABC 00001.00000000  .00000000  00000-0  00000+0 0    01
2 04455  53.0000 300.0000 0000001   0.0000 176.7273 15.76629586    00
Starlink-340 4455
1 04456U 00000ABC 00001.00000000  .00000000  00000-0  00000+0 0    02
2 04456  53.0000 300.0000 0000001   0.0000 180.0000 15.76629586    07
Starlink-340 4456
1 04457U 00000ABC 00001.00000000  .00000000  00000-0  00000+0 0    03
2 04457  53.0000 300.0000 0000001   0.0000 183.2727 15.76629586    09
Starlink-340 4457
1 04458U 00000ABC 00001.00000000  .00000000  00000-0  00000+0 0    04
2 04458  53.0000 300.0000 0000001   0.0000 186.5455 15.76629586    04
Starlink-340 4458
1 04459U 00000ABC 00001.00000000  .00000000  00000-0  00000+0 0    05
2 04459  53.0000 300.0000 0000001   0.0000 189.8182 15.76629586    08
Starlink-340 4459
1 04460U 00000ABC 00001.00000000  .00000000  00000-0  00000+0 0    07
2 04460  53.0000 300.0000 0000001   0.0000 193.0909 15.76629586    04
Starlink-340 4460
1 04461U 00000ABC 00001.00000000  .00000000  00000-0  00000+0 0    08
2 04461  53.0000 300.0000 0000001   0.0000 196.3636 15.76629586    08
Starlink-340 4461
1 04462U 00000ABC 00001.00000000  .00000000  00000-0  00000+0 0    09
2 04462  53.0000 300.0000 0000001   0.0000 199.6364 15.76629586    03
Starlink-340 4462
1 04463U 00000ABC 00001.00000000  .00000000  00000-0  00000+0 0    00
2 04463  53.0000 300.0000 0000001   0.0000 202.9091 15.76629586    09
Starlink-340 4463
1 04464U 00000ABC 00001.00000000  .00000000  00000-0  00000+0 0    01
2 04464  53.0000 300.0000 0000001   0.0000 206.1818 15.76629586    03
Starlink-340 4464
1 04465U 00000ABC 00001.00000000  .00000000  00000-0  00000+0 0    02
2 04465  53.0000 300.0000 0000001   0.0000 209.4545 15.76629586    07
Starlink-340 4465
1 04466U 00000ABC 00001.00000000  .00000000  00000-0  00000+0 0    03
2 04466  53.0000 300.0000 0000001   0.0000 212.7273 15.76629586    03
Starlink-340 4466
1 04467U 00000ABC 00001.00000000  .00000000  00000-0  00000+0 0    04
2 04467  53.0000 300.0000 0000001   0.0000 216.0000 15.76629586    09
Starlink-340 4467
1 04468U 00000ABC 00001.00000000  .00000000  00000-0  00000+0 0    05
2 04468  53.0000 300.0000 0000001   0.0000 219.2727 15.76629586    01
Starlink-340 4468
1 04469U 00000ABC 00001.00000000  .00000000  00000-0  00000+0 0    06
2 04469  53.0000 300.0000 0000001   0.0000 222.5455 15.76629586    07
Starlink-340 4469
1 04470U 00000ABC 00001.00000000  .00000000  00000-0  00000+0 0    08
2 04470  53.0000 300.0000 0000001   0.0000 225.8182 15.76629586    02
Starlink-340 4470
1 04471U 00000ABC 00001.00000000  .00000000  00000-0  00000+0 0    09
2 04471  53.0000 300.0000 0000001   0.0000 229.0909 15.76629586    06
Starlink-340 4471
1 04472U 00000ABC 00001.00000000  .00000000  00000-0  00000+0 0    00
2 04472  53.0000 300.0000 0000001   0.0000 232.3636 15.76629586    01
Starlink-340 4472
1 04473U 00000ABC 00001.00000000  .00000000  00000-0  00000+0 0    01
2 04473  53.0000 300.0000 0000001   0.0000 235.6364 15.76629586    06
Starlink-340 4473
1 04474U 00000ABC 00001.00000000  .00000000  00000-0  00000+0 0    02
2 04474  53.0000 300.0000 0000001   0.0000 238.9091 15.76629586    00
Starlink-340 4474
1 04475U 00000ABC 00001.00000000  .00000000  00000-0  00000+0 0    03
2 04475  53.0000 300.0000 0000001   0.0000 242.1818 15.76629586    05
Starlink-340 4475
1 04476U 00000ABC 00001.00000000  .00000000  00000-0  00000+0 0    04
2 04476  53.0000 300.0000 0000001   0.0000 245.4545 15.76629586    09
Starlink-340 4476
1 04477U 00000ABC 00001.00000000  .00000000  00000-0  00000+0 0    05
2 04477  53.0000 300.0000 0000001   0.0000 248.7273 15.76629586    04
Starlink-340 4477
1 04478U 00000ABC 00001.00000000  .00000000  00000-0  00000+0 0    06
2 04478  53.0000 300.0000 0000001   0.0000 252.0000 15.76629586    01
Starlink-340 4478
1 04479U 00000ABC 00001.00000000  .00000000  00000-0  00000+0 0    07
2 04479  53.0000 300.0000 0000001   0.0000 255.2727 15.76629586    03
Starlink-340 4479
1 04480U 00000ABC 00001.00000000  .00000000  00000-0  00000+0 0    09
2 04480  53.0000 300.0000 0000001   0.0000 258.5455 15.76629586    09
Starlink-340 4480
1 04481U 00000ABC 00001.00000000  .00000000  00000-0  00000+0 0    00
2 04481  53.0000 300.0000 0000001   0.0000 261.8182 15.76629586    04
Starlink-340 4481
1 04482U 00000ABC 00001.00000000  .00000000  00000-0  00000+0 0    01
2 04482  53.0000 300.0000 0000001   0.0000 265.0909 15.76629586    08
Starlink-340 4482
1 04483U 00000ABC 00001.00000000  .00000000  00000-0  00000+0 0    02
2 04483  53.0000 300.0000 0000001   0.0000 268.3636 15.76629586    02
Starlink-340 4483
1 04484U 00000ABC 00001.00000000  .00000000  00000-0  00000+0 0    03
2 04484  53.0000 300.0000 0000001   0.0000 271.6364 15.76629586    08
Starlink-340 4484
1 04485U 00000ABC 00001.00000000  .00000000  00000-0  00000+0 0    04
2 04485  53.0000 300.0000 0000001   0.0000 274.9091 15.76629586    02
Starlink-340 4485
1 04486U 00000ABC 00001.00000000  .00000000  00000-0  00000+0 0    05
2 04486  53.0000 300.0000 0000001   0.0000 278.1818 15.76629586    06
Starlink-340 4486
1 04487U 00000ABC 00001.00000000  .00000000  00000-0  00000+0 0    06
2 04487  53.0000 300.0000 0000001   0.0000 281.4545 15.76629586    01
Starlink-340 4487
1 04488U 00000ABC 00001.00000000  .00000000  00000-0  00000+0 0    07
2 04488  53.0000 300.0000 0000001   0.0000 284.7273 15.76629586    06
Starlink-340 4488
1 04489U 00000ABC 00001.00000000  .00000000  00000-0  00000+0 0    08
2 04489  53.0000 300.0000 0000001   0.0000 288.0000 15.76629586    02
Starlink-340 4489
1 04490U 00000ABC 00001.00000000  .00000000  00000-0  00000+0 0    00
2 04490  53.0000 300.0000 0000001   0.0000 291.2727 15.76629586    06
Starlink-340 4490
1 04491U 00000ABC 00001.00000000  .00000000  00000-0  00000+0 0    01
2 04491  53.0000 300.0000 0000001   0.0000 294.5455 15.76629586    01
Starlink-340 4491
1 04492U 00000ABC 00001.00000000  .00000000  00000-0  00000+0 0    02
2 04492  53.0000 300.0000 0000001   0.0000 297.8182 15.76629586    05
Starlink-340 4492
1 04493U 00000ABC 00001.00000000  .00000000  00000-0  00000+0 0    03
2 04493  53.0000 300.0000 0000001   0.0000 301.0909 15.76629586    01
Starlink-340 4493
1 04494U 00000ABC 00001.00000000  .00000000  00000-0  00000+0 0    04
2 04494  53.0000 300.0000 0000001   0.0000 304.3636 15.76629586    05
Starlink-340 4494
1 04495U 00000ABC 00001.00000000  .00000000  00000-0  00000+0 0    05
2 04495  53.0000 300.0000 0000001   0.0000 307.6364 15.76629586    00
Starlink-340 4495
1 04496U 00000ABC 00001.00000000  .00000000  00000-0  00000+0 0    06
2 04496  53.0000 300.0000 0000001   0.0000 310.9091 15.76629586    05
Starlink-340 4496
1 04497U 00000ABC 00001.00000000  .00000000  00000-0  00000+0 0    07
2 04497  53.0000 300.0000 0000001   0.0000 314.1818 15.76629586    09
Starlink-340 4497
1 04498U 00000ABC 00001.00000000  .00000000  00000-0  00000+0 0    08
2 04498  53.0000 300.0000 0000001   0.0000 317.4545 15.76629586    03
Starlink-340 4498
1 04499U 00000ABC 00001.00000000  .00000000  00000-0  00000+0 0    09
2 04499  53.0000 300.0000 0000001   0.0000 320.7273 15.76629586    09
Starlink-340 4499
1 04500U 00000ABC 00001.00000000  .00000000  00000-0  00000+0 0    02
2 04500  53.0000 300.0000 0000001   0.0000 324.0000 15.76629586    07
Starlink-340 4500
1 04501U 00000ABC 00001.00000000  .00000000  00000-0  00000+0 0    03
2 04501  53.0000 300.0000 0000001   0.0000 327.2727 15.76629586    09
Starlink-340 4501
1 04502U 00000ABC 00001.00000000  .00000000  00000-0  00000+0 0    04
2 04502  53.0000 300.0000 0000001   0.0000 330.5455 15.76629586    05
Starlink-340 4502
1 04503U 00000ABC 00001.00000000  .00000000  00000-0  00000+0 0    05
2 04503  53.0000 300.0000 0000001   0.0000 333.8182 15.76629586    09
Starlink-340 4503
1 04504U 00000ABC 00001.00000000  .00000000  00000-0  00000+0 0    06
2 04504  53.0000 300.0000 0000001   0.0000 337.0909 15.76629586    03
Starlink-340 4504
1 04505U 00000ABC 00001.00000000  .00000000  00000-0  00000+0 0    07
2 04505  53.0000 300.0000 0000001   0.0000 340.3636 15.76629586    08
Starlink-340 4505
1 04506U 00000ABC 00001.00000000  .00000000  00000-0  00000+0 0    08
2 04506  53.0000 300.0000 0000001   0.0000 343.6364 15.76629586    03
Starlink-340 4506
1 04507U 00000ABC 00001.00000000  .00000000  00000-0  00000+0 0    09
2 04507  53.0000 300.0000 0000001   0.0000 346.9091 15.76629586    07
Starlink-340 4507
1 04508U 00000ABC 00001.00000000  .00000000  00000-0  00000+0 0    00
2 04508  53.0000 300.0000 0000001   0.0000 350.1818 15.76629586    02
Starlink-340 4508
1 04509U 00000ABC 00001.00000000  .00000000  00000-0  00000+0 0    01
2 04509  53.0000 300.0000 0000001   0.0000 353.4545 15.76629586    06
Starlink-340 4509
1 04510U 00000ABC 00001.00000000  .00000000  00000-0  00000+0 0    03
2 04510  53.0000 300.0000 0000001   0.0000 356.7273 15.76629586    02
Starlink-340 4510
1 04511U 00000ABC 00001.00000000  .00000000  00000-0  00000+0 0    04
2 04511  53.0000 307.5000 0000001   0.0000   1.6364 15.76629586    02
Starlink-340 4511
1 04512U 00000ABC 00001.00000000  .00000000  00000-0  00000+0 0    05
2 04512  53.0000 307.5000 0000001   0.0000   4.9091 15.76629586    06
Starlink-340 4512
1 04513U 00000ABC 00001.00000000  .00000000  00000-0  00000+0 0    06
2 04513  53.0000 307.5000 0000001   0.0000   8.1818 15.76629586    00
Starlink-340 4513
1 04514U 00000ABC 00001.00000000  .00000000  00000-0  00000+0 0    07
2 04514  53.0000 307.5000 0000001   0.0000  11.4545 15.76629586    05
Starlink-340 4514
1 04515U 00000ABC 00001.00000000  .00000000  00000-0  00000+0 0    08
2 04515  53.0000 307.5000 0000001   0.0000  14.7273 15.76629586    00
Starlink-340 4515
1 04516U 00000ABC 00001.00000000  .00000000  00000-0  00000+0 0    09
2 04516  53.0000 307.5000 0000001   0.0000  18.0000 15.76629586    06
Starlink-340 4516
1 04517U 00000ABC 00001.00000000  .00000000  00000-0  00000+0 0    00
2 04517  53.0000 307.5000 0000001   0.0000  21.2727 15.76629586    09
Starlink-340 4517
1 04518U 00000ABC 00001.00000000  .00000000  00000-0  00000+0 0    01
2 04518  53.0000 307.5000 0000001   0.0000  24.5455 15.76629586    04
Starlink-340 4518
1 04519U 00000ABC 00001.00000000  .00000000  00000-0  00000+0 0    02
2 04519  53.0000 307.5000 0000001   0.0000  27.8182 15.76629586    08
Starlink-340 4519
1 04520U 00000ABC 00001.00000000  .00000000  00000-0  00000+0 0    04
2 04520  53.0000 307.5000 0000001   0.0000  31.0909 15.76629586    04
Starlink-340 4520
1 04521U 00000ABC 00001.00000000  .00000000  00000-0  00000+0 0    05
2 04521  53.0000 307.5000 0000001   0.0000  34.3636 15.76629586    08
Starlink-340 4521
1 04522U 00000ABC 00001.00000000  .00000000  00000-0  00000+0 0    06
2 04522  53.0000 307.5000 0000001   0.0000  37.6364 15.76629586    03
Starlink-340 4522
1 04523U 00000ABC 00001.00000000  .00000000  00000-0  00000+0 0    07
2 04523  53.0000 307.5000 0000001   0.0000  40.9091 15.76629586    08
Starlink-340 4523
1 04524U 00000ABC 00001.00000000  .00000000  00000-0  00000+0 0    08
2 04524  53.0000 307.5000 0000001   0.0000  44.1818 15.76629586    02
Starlink-340 4524
1 04525U 00000ABC 00001.00000000  .00000000  00000-0  00000+0 0    09
2 04525  53.0000 307.5000 0000001   0.0000  47.4545 15.76629586    06
Starlink-340 4525
1 04526U 00000ABC 00001.00000000  .00000000  00000-0  00000+0 0    00
2 04526  53.0000 307.5000 0000001   0.0000  50.7273 15.76629586    02
Starlink-340 4526
1 04527U 00000ABC 00001.00000000  .00000000  00000-0  00000+0 0    01
2 04527  53.0000 307.5000 0000001   0.0000  54.0000 15.76629586    08
Starlink-340 4527
1 04528U 00000ABC 00001.00000000  .00000000  00000-0  00000+0 0    02
2 04528  53.0000 307.5000 0000001   0.0000  57.2727 15.76629586    00
Starlink-340 4528
1 04529U 00000ABC 00001.00000000  .00000000  00000-0  00000+0 0    03
2 04529  53.0000 307.5000 0000001   0.0000  60.5455 15.76629586    06
Starlink-340 4529
1 04530U 00000ABC 00001.00000000  .00000000  00000-0  00000+0 0    05
2 04530  53.0000 307.5000 0000001   0.0000  63.8182 15.76629586    01
Starlink-340 4530
1 04531U 00000ABC 00001.00000000  .00000000  00000-0  00000+0 0    06
2 04531  53.0000 307.5000 0000001   0.0000  67.0909 15.76629586    05
Starlink-340 4531
1 04532U 00000ABC 00001.00000000  .00000000  00000-0  00000+0 0    07
2 04532  53.0000 307.5000 0000001   0.0000  70.3636 15.76629586    00
Starlink-340 4532
1 04533U 00000ABC 00001.00000000  .00000000  00000-0  00000+0 0    08
2 04533  53.0000 307.5000 0000001   0.0000  73.6364 15.76629586    05
Starlink-340 4533
1 04534U 00000ABC 00001.00000000  .00000000  00000-0  00000+0 0    09
2 04534  53.0000 307.5000 0000001   0.0000  76.9091 15.76629586    09
Starlink-340 4534
1 04535U 00000ABC 00001.00000000  .00000000  00000-0  00000+0 0    00
2 04535  53.0000 307.5000 0000001   0.0000  80.1818 15.76629586    04
Starlink-340 4535
1 04536U 00000ABC 00001.00000000  .00000000  00000-0  00000+0 0    01
2 04536  53.0000 307.5000 0000001   0.0000  83.4545 15.76629586    08
Starlink-340 4536
1 04537U 00000ABC 00001.00000000  .00000000  00000-0  00000+0 0    02
2 04537  53.0000 307.5000 0000001   0.0000  86.7273 15.76629586    03
Starlink-340 4537
1 04538U 00000ABC 00001.00000000  .00000000  00000-0  00000+0 0    03
2 04538  53.0000 307.5000 0000001   0.0000  90.0000 15.76629586    00
Starlink-340 4538
1 04539U 00000ABC 00001.00000000  .00000000  00000-0  00000+0 0    04
2 04539  53.0000 307.5000 0000001   0.0000  93.2727 15.76629586    02
Starlink-340 4539
1 04540U 00000ABC 00001.00000000  .00000000  00000-0  00000+0 0    06
2 04540  53.0000 307.5000 0000001   0.0000  96.5455 15.76629586    08
Starlink-340 4540
1 04541U 00000ABC 00001.00000000  .00000000  00000-0  00000+0 0    07
2 04541  53.0000 307.5000 0000001   0.0000  99.8182 15.76629586    02
Starlink-340 4541
1 04542U 00000ABC 00001.00000000  .00000000  00000-0  00000+0 0    08
2 04542  53.0000 307.5000 0000001   0.0000 103.0909 15.76629586    08
Starlink-340 4542
1 04543U 00000ABC 00001.00000000  .00000000  00000-0  00000+0 0    09
2 04543  53.0000 307.5000 0000001   0.0000 106.3636 15.76629586    02
Starlink-340 4543
1 04544U 00000ABC 00001.00000000  .00000000  00000-0  00000+0 0    00
2 04544  53.0000 307.5000 0000001   0.0000 109.6364 15.76629586    07
Starlink-340 4544
1 04545U 00000ABC 00001.00000000  .00000000  00000-0  00000+0 0    01
2 04545  53.0000 307.5000 0000001   0.0000 112.9091 15.76629586    02
Starlink-340 4545
1 04546U 00000ABC 00001.00000000  .00000000  00000-0  00000+0 0    02
2 04546  53.0000 307.5000 0000001   0.0000 116.1818 15.76629586    06
Starlink-340 4546
1 04547U 00000ABC 00001.00000000  .00000000  00000-0  00000+0 0    03
2 04547  53.0000 307.5000 0000001   0.0000 119.4545 15.76629586    00
Starlink-340 4547
1 04548U 00000ABC 00001.00000000  .00000000  00000-0  00000+0 0    04
2 04548  53.0000 307.5000 0000001   0.0000 122.7273 15.76629586    06
Starlink-340 4548
1 04549U 00000ABC 00001.00000000  .00000000  00000-0  00000+0 0    05
2 04549  53.0000 307.5000 0000001   0.0000 126.0000 15.76629586    02
Starlink-340 4549
1 04550U 00000ABC 00001.00000000  .00000000  00000-0  00000+0 0    07
2 04550  53.0000 307.5000 0000001   0.0000 129.2727 15.76629586    05
Starlink-340 4550
1 04551U 00000ABC 00001.00000000  .00000000  00000-0  00000+0 0    08
2 04551  53.0000 307.5000 0000001   0.0000 132.5455 15.76629586    01
Starlink-340 4551
1 04552U 00000ABC 00001.00000000  .00000000  00000-0  00000+0 0    09
2 04552  53.0000 307.5000 0000001   0.0000 135.8182 15.76629586    05
Starlink-340 4552
1 04553U 00000ABC 00001.00000000  .00000000  00000-0  00000+0 0    00
2 04553  53.0000 307.5000 0000001   0.0000 139.0909 15.76629586    09
Starlink-340 4553
1 04554U 00000ABC 00001.00000000  .00000000  00000-0  00000+0 0    01
2 04554  53.0000 307.5000 0000001   0.0000 142.3636 15.76629586    04
Starlink-340 4554
1 04555U 00000ABC 00001.00000000  .00000000  00000-0  00000+0 0    02
2 04555  53.0000 307.5000 0000001   0.0000 145.6364 15.76629586    09
Starlink-340 4555
1 04556U 00000ABC 00001.00000000  .00000000  00000-0  00000+0 0    03
2 04556  53.0000 307.5000 0000001   0.0000 148.9091 15.76629586    03
Starlink-340 4556
1 04557U 00000ABC 00001.00000000  .00000000  00000-0  00000+0 0    04
2 04557  53.0000 307.5000 0000001   0.0000 152.1818 15.76629586    08
Starlink-340 4557
1 04558U 00000ABC 00001.00000000  .00000000  00000-0  00000+0 0    05
2 04558  53.0000 307.5000 0000001   0.0000 155.4545 15.76629586    02
Starlink-340 4558
1 04559U 00000ABC 00001.00000000  .00000000  00000-0  00000+0 0    06
2 04559  53.0000 307.5000 0000001   0.0000 158.7273 15.76629586    07
Starlink-340 4559
1 04560U 00000ABC 00001.00000000  .00000000  00000-0  00000+0 0    08
2 04560  53.0000 307.5000 0000001   0.0000 162.0000 15.76629586    05
Starlink-340 4560
1 04561U 00000ABC 00001.00000000  .00000000  00000-0  00000+0 0    09
2 04561  53.0000 307.5000 0000001   0.0000 165.2727 15.76629586    07
Starlink-340 4561
1 04562U 00000ABC 00001.00000000  .00000000  00000-0  00000+0 0    00
2 04562  53.0000 307.5000 0000001   0.0000 168.5455 15.76629586    02
Starlink-340 4562
1 04563U 00000ABC 00001.00000000  .00000000  00000-0  00000+0 0    01
2 04563  53.0000 307.5000 0000001   0.0000 171.8182 15.76629586    07
Starlink-340 4563
1 04564U 00000ABC 00001.00000000  .00000000  00000-0  00000+0 0    02
2 04564  53.0000 307.5000 0000001   0.0000 175.0909 15.76629586    01
Starlink-340 4564
1 04565U 00000ABC 00001.00000000  .00000000  00000-0  00000+0 0    03
2 04565  53.0000 307.5000 0000001   0.0000 178.3636 15.76629586    05
Starlink-340 4565
1 04566U 00000ABC 00001.00000000  .00000000  00000-0  00000+0 0    04
2 04566  53.0000 307.5000 0000001   0.0000 181.6364 15.76629586    01
Starlink-340 4566
1 04567U 00000ABC 00001.00000000  .00000000  00000-0  00000+0 0    05
2 04567  53.0000 307.5000 0000001   0.0000 184.9091 15.76629586    05
Starlink-340 4567
1 04568U 00000ABC 00001.00000000  .00000000  00000-0  00000+0 0    06
2 04568  53.0000 307.5000 0000001   0.0000 188.1818 15.76629586    09
Starlink-340 4568
1 04569U 00000ABC 00001.00000000  .00000000  00000-0  00000+0 0    07
2 04569  53.0000 307.5000 0000001   0.0000 191.4545 15.76629586    04
Starlink-340 4569
1 04570U 00000ABC 00001.00000000  .00000000  00000-0  00000+0 0    09
2 04570  53.0000 307.5000 0000001   0.0000 194.7273 15.76629586    00
Starlink-340 4570
1 04571U 00000ABC 00001.00000000  .00000000  00000-0  00000+0 0    00
2 04571  53.0000 307.5000 0000001   0.0000 198.0000 15.76629586    06
Starlink-340 4571
1 04572U 00000ABC 00001.00000000  .00000000  00000-0  00000+0 0    01
2 04572  53.0000 307.5000 0000001   0.0000 201.2727 15.76629586    00
Starlink-340 4572
1 04573U 00000ABC 00001.00000000  .00000000  00000-0  00000+0 0    02
2 04573  53.0000 307.5000 0000001   0.0000 204.5455 15.76629586    05
Starlink-340 4573
1 04574U 00000ABC 00001.00000000  .00000000  00000-0  00000+0 0    03
2 04574  53.0000 307.5000 0000001   0.0000 207.8182 15.76629586    09
Starlink-340 4574
1 04575U 00000ABC 00001.00000000  .00000000  00000-0  00000+0 0    04
2 04575  53.0000 307.5000 0000001   0.0000 211.0909 15.76629586    04
Starlink-340 4575
1 04576U 00000ABC 00001.00000000  .00000000  00000-0  00000+0 0    05
2 04576  53.0000 307.5000 0000001   0.0000 214.3636 15.76629586    08
Starlink-340 4576
1 04577U 00000ABC 00001.00000000  .00000000  00000-0  00000+0 0    06
2 04577  53.0000 307.5000 0000001   0.0000 217.6364 15.76629586    03
Starlink-340 4577
1 04578U 00000ABC 00001.00000000  .00000000  00000-0  00000+0 0    07
2 04578  53.0000 307.5000 0000001   0.0000 220.9091 15.76629586    08
Starlink-340 4578
1 04579U 00000ABC 00001.00000000  .00000000  00000-0  00000+0 0    08
2 04579  53.0000 307.5000 0000001   0.0000 224.1818 15.76629586    02
Starlink-340 4579
1 04580U 00000ABC 00001.00000000  .00000000  00000-0  00000+0 0    00
2 04580  53.0000 307.5000 0000001   0.0000 227.4545 15.76629586    07
Starlink-340 4580
1 04581U 00000ABC 00001.00000000  .00000000  00000-0  00000+0 0    01
2 04581  53.0000 307.5000 0000001   0.0000 230.7273 15.76629586    03
Starlink-340 4581
1 04582U 00000ABC 00001.00000000  .00000000  00000-0  00000+0 0    02
2 04582  53.0000 307.5000 0000001   0.0000 234.0000 15.76629586    09
Starlink-340 4582
1 04583U 00000ABC 00001.00000000  .00000000  00000-0  00000+0 0    03
2 04583  53.0000 307.5000 0000001   0.0000 237.2727 15.76629586    01
Starlink-340 4583
1 04584U 00000ABC 00001.00000000  .00000000  00000-0  00000+0 0    04
2 04584  53.0000 307.5000 0000001   0.0000 240.5455 15.76629586    07
Starlink-340 4584
1 04585U 00000ABC 00001.00000000  .00000000  00000-0  00000+0 0    05
2 04585  53.0000 307.5000 0000001   0.0000 243.8182 15.76629586    01
Starlink-340 4585
1 04586U 00000ABC 00001.00000000  .00000000  00000-0  00000+0 0    06
2 04586  53.0000 307.5000 0000001   0.0000 247.0909 15.76629586    05
Starlink-340 4586
1 04587U 00000ABC 00001.00000000  .00000000  00000-0  00000+0 0    07
2 04587  53.0000 307.5000 0000001   0.0000 250.3636 15.76629586    00
Starlink-340 4587
1 04588U 00000ABC 00001.00000000  .00000000  00000-0  00000+0 0    08
2 04588  53.0000 307.5000 0000001   0.0000 253.6364 15.76629586    05
Starlink-340 4588
1 04589U 00000ABC 00001.00000000  .00000000  00000-0  00000+0 0    09
2 04589  53.0000 307.5000 0000001   0.0000 256.9091 15.76629586    09
Starlink-340 4589
1 04590U 00000ABC 00001.00000000  .00000000  00000-0  00000+0 0    01
2 04590  53.0000 307.5000 0000001   0.0000 260.1818 15.76629586    05
Starlink-340 4590
1 04591U 00000ABC 00001.00000000  .00000000  00000-0  00000+0 0    02
2 04591  53.0000 307.5000 0000001   0.0000 263.4545 15.76629586    09
Starlink-340 4591
1 04592U 00000ABC 00001.00000000  .00000000  00000-0  00000+0 0    03
2 04592  53.0000 307.5000 0000001   0.0000 266.7273 15.76629586    04
Starlink-340 4592
1 04593U 00000ABC 00001.00000000  .00000000  00000-0  00000+0 0    04
2 04593  53.0000 307.5000 0000001   0.0000 270.0000 15.76629586    01
Starlink-340 4593
1 04594U 00000ABC 00001.00000000  .00000000  00000-0  00000+0 0    05
2 04594  53.0000 307.5000 0000001   0.0000 273.2727 15.76629586    03
Starlink-340 4594
1 04595U 00000ABC 00001.00000000  .00000000  00000-0  00000+0 0    06
2 04595  53.0000 307.5000 0000001   0.0000 276.5455 15.76629586    08
Starlink-340 4595
1 04596U 00000ABC 00001.00000000  .00000000  00000-0  00000+0 0    07
2 04596  53.0000 307.5000 0000001   0.0000 279.8182 15.76629586    02
Starlink-340 4596
1 04597U 00000ABC 00001.00000000  .00000000  00000-0  00000+0 0    08
2 04597  53.0000 307.5000 0000001   0.0000 283.0909 15.76629586    07
Starlink-340 4597
1 04598U 00000ABC 00001.00000000  .00000000  00000-0  00000+0 0    09
2 04598  53.0000 307.5000 0000001   0.0000 286.3636 15.76629586    01
Starlink-340 4598
1 04599U 00000ABC 00001.00000000  .00000000  00000-0  00000+0 0    00
2 04599  53.0000 307.5000 0000001   0.0000 289.6364 15.76629586    06
Starlink-340 4599
1 04600U 00000ABC 00001.00000000  .00000000  00000-0  00000+0 0    03
2 04600  53.0000 307.5000 0000001   0.0000 292.9091 15.76629586    03
Starlink-340 4600
1 04601U 00000ABC 00001.00000000  .00000000  00000-0  00000+0 0    04
2 04601  53.0000 307.5000 0000001   0.0000 296.1818 15.76629586    07
Starlink-340 4601
1 04602U 00000ABC 00001.00000000  .00000000  00000-0  00000+0 0    05
2 04602  53.0000 307.5000 0000001   0.0000 299.4545 15.76629586    01
Starlink-340 4602
1 04603U 00000ABC 00001.00000000  .00000000  00000-0  00000+0 0    06
2 04603  53.0000 307.5000 0000001   0.0000 302.7273 15.76629586    08
Starlink-340 4603
1 04604U 00000ABC 00001.00000000  .00000000  00000-0  00000+0 0    07
2 04604  53.0000 307.5000 0000001   0.0000 306.0000 15.76629586    04
Starlink-340 4604
1 04605U 00000ABC 00001.00000000  .00000000  00000-0  00000+0 0    08
2 04605  53.0000 307.5000 0000001   0.0000 309.2727 15.76629586    06
Starlink-340 4605
1 04606U 00000ABC 00001.00000000  .00000000  00000-0  00000+0 0    09
2 04606  53.0000 307.5000 0000001   0.0000 312.5455 15.76629586    02
Starlink-340 4606
1 04607U 00000ABC 00001.00000000  .00000000  00000-0  00000+0 0    00
2 04607  53.0000 307.5000 0000001   0.0000 315.8182 15.76629586    06
Starlink-340 4607
1 04608U 00000ABC 00001.00000000  .00000000  00000-0  00000+0 0    01
2 04608  53.0000 307.5000 0000001   0.0000 319.0909 15.76629586    00
Starlink-340 4608
1 04609U 00000ABC 00001.00000000  .00000000  00000-0  00000+0 0    02
2 04609  53.0000 307.5000 0000001   0.0000 322.3636 15.76629586    05
Starlink-340 4609
1 04610U 00000ABC 00001.00000000  .00000000  00000-0  00000+0 0    04
2 04610  53.0000 307.5000 0000001   0.0000 325.6364 15.76629586    01
Starlink-340 4610
1 04611U 00000ABC 00001.00000000  .00000000  00000-0  00000+0 0    05
2 04611  53.0000 307.5000 0000001   0.0000 328.9091 15.76629586    05
Starlink-340 4611
1 04612U 00000ABC 00001.00000000  .00000000  00000-0  00000+0 0    06
2 04612  53.0000 307.5000 0000001   0.0000 332.1818 15.76629586    00
Starlink-340 4612
1 04613U 00000ABC 00001.00000000  .00000000  00000-0  00000+0 0    07
2 04613  53.0000 307.5000 0000001   0.0000 335.4545 15.76629586    04
Starlink-340 4613
1 04614U 00000ABC 00001.00000000  .00000000  00000-0  00000+0 0    08
2 04614  53.0000 307.5000 0000001   0.0000 338.7273 15.76629586    09
Starlink-340 4614
1 04615U 00000ABC 00001.00000000  .00000000  00000-0  00000+0 0    09
2 04615  53.0000 307.5000 0000001   0.0000 342.0000 15.76629586    06
Starlink-340 4615
1 04616U 00000ABC 00001.00000000  .00000000  00000-0  00000+0 0    00
2 04616  53.0000 307.5000 0000001   0.0000 345.2727 15.76629586    08
Starlink-340 4616
1 04617U 00000ABC 00001.00000000  .00000000  00000-0  00000+0 0    01
2 04617  53.0000 307.5000 0000001   0.0000 348.5455 15.76629586    03
Starlink-340 4617
1 04618U 00000ABC 00001.00000000  .00000000  00000-0  00000+0 0    02
2 04618  53.0000 307.5000 0000001   0.0000 351.8182 15.76629586    08
Starlink-340 4618
1 04619U 00000ABC 00001.00000000  .00000000  00000-0  00000+0 0    03
2 04619  53.0000 307.5000 0000001   0.0000 355.0909 15.76629586    02
Starlink-340 4619
1 04620U 00000ABC 00001.00000000  .00000000  00000-0  00000+0 0    05
2 04620  53.0000 307.5000 0000001   0.0000 358.3636 15.76629586    07
Starlink-340 4620
1 04621U 00000ABC 00001.00000000  .00000000  00000-0  00000+0 0    06
2 04621  53.0000 315.0000 0000001   0.0000   0.0000 15.76629586    08
Starlink-340 4621
1 04622U 00000ABC 00001.00000000  .00000000  00000-0  00000+0 0    07
2 04622  53.0000 315.0000 0000001   0.0000   3.2727 15.76629586    00
Starlink-340 4622
1 04623U 00000ABC 00001.00000000  .00000000  00000-0  00000+0 0    08
2 04623  53.0000 315.0000 0000001   0.0000   6.5455 15.76629586    05
Starlink-340 4623
1 04624U 00000ABC 00001.00000000  .00000000  00000-0  00000+0 0    09
2 04624  53.0000 315.0000 0000001   0.0000   9.8182 15.76629586    09
Starlink-340 4624
1 04625U 00000ABC 00001.00000000  .00000000  00000-0  00000+0 0    00
2 04625  53.0000 315.0000 0000001   0.0000  13.0909 15.76629586    04
Starlink-340 4625
1 04626U 00000ABC 00001.00000000  .00000000  00000-0  00000+0 0    01
2 04626  53.0000 315.0000 0000001   0.0000  16.3636 15.76629586    08
Starlink-340 4626
1 04627U 00000ABC 00001.00000000  .00000000  00000-0  00000+0 0    02
2 04627  53.0000 315.0000 0000001   0.0000  19.6364 15.76629586    03
Starlink-340 4627
1 04628U 00000ABC 00001.00000000  .00000000  00000-0  00000+0 0    03
2 04628  53.0000 315.0000 0000001   0.0000  22.9091 15.76629586    08
Starlink-340 4628
1 04629U 00000ABC 00001.00000000  .00000000  00000-0  00000+0 0    04
2 04629  53.0000 315.0000 0000001   0.0000  26.1818 15.76629586    02
Starlink-340 4629
1 04630U 00000ABC 00001.00000000  .00000000  00000-0  00000+0 0    06
2 04630  53.0000 315.0000 0000001   0.0000  29.4545 15.76629586    07
Starlink-340 4630
1 04631U 00000ABC 00001.00000000  .00000000  00000-0  00000+0 0    07
2 04631  53.0000 315.0000 0000001   0.0000  32.7273 15.76629586    03
Starlink-340 4631
1 04632U 00000ABC 00001.00000000  .00000000  00000-0  00000+0 0    08
2 04632  53.0000 315.0000 0000001   0.0000  36.0000 15.76629586    09
Starlink-340 4632
1 04633U 00000ABC 00001.00000000  .00000000  00000-0  00000+0 0    09
2 04633  53.0000 315.0000 0000001   0.0000  39.2727 15.76629586    01
Starlink-340 4633
1 04634U 00000ABC 00001.00000000  .00000000  00000-0  00000+0 0    00
2 04634  53.0000 315.0000 0000001   0.0000  42.5455 15.76629586    07
Starlink-340 4634
1 04635U 00000ABC 00001.00000000  .00000000  00000-0  00000+0 0    01
2 04635  53.0000 315.0000 0000001   0.0000  45.8182 15.76629586    01
Starlink-340 4635
1 04636U 00000ABC 00001.00000000  .00000000  00000-0  00000+0 0    02
2 04636  53.0000 315.0000 0000001   0.0000  49.0909 15.76629586    05
Starlink-340 4636
1 04637U 00000ABC 00001.00000000  .00000000  00000-0  00000+0 0    03
2 04637  53.0000 315.0000 0000001   0.0000  52.3636 15.76629586    00
Starlink-340 4637
1 04638U 00000ABC 00001.00000000  .00000000  00000-0  00000+0 0    04
2 04638  53.0000 315.0000 0000001   0.0000  55.6364 15.76629586    05
Starlink-340 4638
1 04639U 00000ABC 00001.00000000  .00000000  00000-0  00000+0 0    05
2 04639  53.0000 315.0000 0000001   0.0000  58.9091 15.76629586    09
Starlink-340 4639
1 04640U 00000ABC 00001.00000000  .00000000  00000-0  00000+0 0    07
2 04640  53.0000 315.0000 0000001   0.0000  62.1818 15.76629586    05
Starlink-340 4640
1 04641U 00000ABC 00001.00000000  .00000000  00000-0  00000+0 0    08
2 04641  53.0000 315.0000 0000001   0.0000  65.4545 15.76629586    09
Starlink-340 4641
1 04642U 00000ABC 00001.00000000  .00000000  00000-0  00000+0 0    09
2 04642  53.0000 315.0000 0000001   0.0000  68.7273 15.76629586    04
Starlink-340 4642
1 04643U 00000ABC 00001.00000000  .00000000  00000-0  00000+0 0    00
2 04643  53.0000 315.0000 0000001   0.0000  72.0000 15.76629586    01
Starlink-340 4643
1 04644U 00000ABC 00001.00000000  .00000000  00000-0  00000+0 0    01
2 04644  53.0000 315.0000 0000001   0.0000  75.2727 15.76629586    03
Starlink-340 4644
1 04645U 00000ABC 00001.00000000  .00000000  00000-0  00000+0 0    02
2 04645  53.0000 315.0000 0000001   0.0000  78.5455 15.76629586    08
Starlink-340 4645
1 04646U 00000ABC 00001.00000000  .00000000  00000-0  00000+0 0    03
2 04646  53.0000 315.0000 0000001   0.0000  81.8182 15.76629586    03
Starlink-340 4646
1 04647U 00000ABC 00001.00000000  .00000000  00000-0  00000+0 0    04
2 04647  53.0000 315.0000 0000001   0.0000  85.0909 15.76629586    07
Starlink-340 4647
1 04648U 00000ABC 00001.00000000  .00000000  00000-0  00000+0 0    05
2 04648  53.0000 315.0000 0000001   0.0000  88.3636 15.76629586    01
Starlink-340 4648
1 04649U 00000ABC 00001.00000000  .00000000  00000-0  00000+0 0    06
2 04649  53.0000 315.0000 0000001   0.0000  91.6364 15.76629586    07
Starlink-340 4649
1 04650U 00000ABC 00001.00000000  .00000000  00000-0  00000+0 0    08
2 04650  53.0000 315.0000 0000001   0.0000  94.9091 15.76629586    02
Starlink-340 4650
1 04651U 00000ABC 00001.00000000  .00000000  00000-0  00000+0 0    09
2 04651  53.0000 315.0000 0000001   0.0000  98.1818 15.76629586    06
Starlink-340 4651
1 04652U 00000ABC 00001.00000000  .00000000  00000-0  00000+0 0    00
2 04652  53.0000 315.0000 0000001   0.0000 101.4545 15.76629586    02
Starlink-340 4652
1 04653U 00000ABC 00001.00000000  .00000000  00000-0  00000+0 0    01
2 04653  53.0000 315.0000 0000001   0.0000 104.7273 15.76629586    07
Starlink-340 4653
1 04654U 00000ABC 00001.00000000  .00000000  00000-0  00000+0 0    02
2 04654  53.0000 315.0000 0000001   0.0000 108.0000 15.76629586    03
Starlink-340 4654
1 04655U 00000ABC 00001.00000000  .00000000  00000-0  00000+0 0    03
2 04655  53.0000 315.0000 0000001   0.0000 111.2727 15.76629586    06
Starlink-340 4655
1 04656U 00000ABC 00001.00000000  .00000000  00000-0  00000+0 0    04
2 04656  53.0000 315.0000 0000001   0.0000 114.5455 15.76629586    01
Starlink-340 4656
1 04657U 00000ABC 00001.00000000  .00000000  00000-0  00000+0 0    05
2 04657  53.0000 315.0000 0000001   0.0000 117.8182 15.76629586    05
Starlink-340 4657
1 04658U 00000ABC 00001.00000000  .00000000  00000-0  00000+0 0    06
2 04658  53.0000 315.0000 0000001   0.0000 121.0909 15.76629586    00
Starlink-340 4658
1 04659U 00000ABC 00001.00000000  .00000000  00000-0  00000+0 0    07
2 04659  53.0000 315.0000 0000001   0.0000 124.3636 15.76629586    04
Starlink-340 4659
1 04660U 00000ABC 00001.00000000  .00000000  00000-0  00000+0 0    09
2 04660  53.0000 315.0000 0000001   0.0000 127.6364 15.76629586    00
Starlink-340 4660
1 04661U 00000ABC 00001.00000000  .00000000  00000-0  00000+0 0    00
2 04661  53.0000 315.0000 0000001   0.0000 130.9091 15.76629586    05
Starlink-340 4661
1 04662U 00000ABC 00001.00000000  .00000000  00000-0  00000+0 0    01
2 04662  53.0000 315.0000 0000001   0.0000 134.1818 15.76629586    09
Starlink-340 4662
1 04663U 00000ABC 00001.00000000  .00000000  00000-0  00000+0 0    02
2 04663  53.0000 315.0000 0000001   0.0000 137.4545 15.76629586    03
Starlink-340 4663
1 04664U 00000ABC 00001.00000000  .00000000  00000-0  00000+0 0    03
2 04664  53.0000 315.0000 0000001   0.0000 140.7273 15.76629586    09
Starlink-340 4664
1 04665U 00000ABC 00001.00000000  .00000000  00000-0  00000+0 0    04
2 04665  53.0000 315.0000 0000001   0.0000 144.0000 15.76629586    05
Starlink-340 4665
1 04666U 00000ABC 00001.00000000  .00000000  00000-0  00000+0 0    05
2 04666  53.0000 315.0000 0000001   0.0000 147.2727 15.76629586    07
Starlink-340 4666
1 04667U 00000ABC 00001.00000000  .00000000  00000-0  00000+0 0    06
2 04667  53.0000 315.0000 0000001   0.0000 150.5455 15.76629586    03
Starlink-340 4667
1 04668U 00000ABC 00001.00000000  .00000000  00000-0  00000+0 0    07
2 04668  53.0000 315.0000 0000001   0.0000 153.8182 15.76629586    07
Starlink-340 4668
1 04669U 00000ABC 00001.00000000  .00000000  00000-0  00000+0 0    08
2 04669  53.0000 315.0000 0000001   0.0000 157.0909 15.76629586    01
Starlink-340 4669
1 04670U 00000ABC 00001.00000000  .00000000  00000-0  00000+0 0    00
2 04670  53.0000 315.0000 0000001   0.0000 160.3636 15.76629586    07
Starlink-340 4670
1 04671U 00000ABC 00001.00000000  .00000000  00000-0  00000+0 0    01
2 04671  53.0000 315.0000 0000001   0.0000 163.6364 15.76629586    02
Starlink-340 4671
1 04672U 00000ABC 00001.00000000  .00000000  00000-0  00000+0 0    02
2 04672  53.0000 315.0000 0000001   0.0000 166.9091 15.76629586    06
Starlink-340 4672
1 04673U 00000ABC 00001.00000000  .00000000  00000-0  00000+0 0    03
2 04673  53.0000 315.0000 0000001   0.0000 170.1818 15.76629586    01
Starlink-340 4673
1 04674U 00000ABC 00001.00000000  .00000000  00000-0  00000+0 0    04
2 04674  53.0000 315.0000 0000001   0.0000 173.4545 15.76629586    05
Starlink-340 4674
1 04675U 00000ABC 00001.00000000  .00000000  00000-0  00000+0 0    05
2 04675  53.0000 315.0000 0000001   0.0000 176.7273 15.76629586    00
Starlink-340 4675
1 04676U 00000ABC 00001.00000000  .00000000  00000-0  00000+0 0    06
2 04676  53.0000 315.0000 0000001   0.0000 180.0000 15.76629586    07
Starlink-340 4676
1 04677U 00000ABC 00001.00000000  .00000000  00000-0  00000+0 0    07
2 04677  53.0000 315.0000 0000001   0.0000 183.2727 15.76629586    09
Starlink-340 4677
1 04678U 00000ABC 00001.00000000  .00000000  00000-0  00000+0 0    08
2 04678  53.0000 315.0000 0000001   0.0000 186.5455 15.76629586    04
Starlink-340 4678
1 04679U 00000ABC 00001.00000000  .00000000  00000-0  00000+0 0    09
2 04679  53.0000 315.0000 0000001   0.0000 189.8182 15.76629586    08
Starlink-340 4679
1 04680U 00000ABC 00001.00000000  .00000000  00000-0  00000+0 0    01
2 04680  53.0000 315.0000 0000001   0.0000 193.0909 15.76629586    04
Starlink-340 4680
1 04681U 00000ABC 00001.00000000  .00000000  00000-0  00000+0 0    02
2 04681  53.0000 315.0000 0000001   0.0000 196.3636 15.76629586    08
Starlink-340 4681
1 04682U 00000ABC 00001.00000000  .00000000  00000-0  00000+0 0    03
2 04682  53.0000 315.0000 0000001   0.0000 199.6364 15.76629586    03
Starlink-340 4682
1 04683U 00000ABC 00001.00000000  .00000000  00000-0  00000+0 0    04
2 04683  53.0000 315.0000 0000001   0.0000 202.9091 15.76629586    09
Starlink-340 4683
1 04684U 00000ABC 00001.00000000  .00000000  00000-0  00000+0 0    05
2 04684  53.0000 315.0000 0000001   0.0000 206.1818 15.76629586    03
Starlink-340 4684
1 04685U 00000ABC 00001.00000000  .00000000  00000-0  00000+0 0    06
2 04685  53.0000 315.0000 0000001   0.0000 209.4545 15.76629586    07
Starlink-340 4685
1 04686U 00000ABC 00001.00000000  .00000000  00000-0  00000+0 0    07
2 04686  53.0000 315.0000 0000001   0.0000 212.7273 15.76629586    03
Starlink-340 4686
1 04687U 00000ABC 00001.00000000  .00000000  00000-0  00000+0 0    08
2 04687  53.0000 315.0000 0000001   0.0000 216.0000 15.76629586    09
Starlink-340 4687
1 04688U 00000ABC 00001.00000000  .00000000  00000-0  00000+0 0    09
2 04688  53.0000 315.0000 0000001   0.0000 219.2727 15.76629586    01
Starlink-340 4688
1 04689U 00000ABC 00001.00000000  .00000000  00000-0  00000+0 0    00
2 04689  53.0000 315.0000 0000001   0.0000 222.5455 15.76629586    07
Starlink-340 4689
1 04690U 00000ABC 00001.00000000  .00000000  00000-0  00000+0 0    02
2 04690  53.0000 315.0000 0000001   0.0000 225.8182 15.76629586    02
Starlink-340 4690
1 04691U 00000ABC 00001.00000000  .00000000  00000-0  00000+0 0    03
2 04691  53.0000 315.0000 0000001   0.0000 229.0909 15.76629586    06
Starlink-340 4691
1 04692U 00000ABC 00001.00000000  .00000000  00000-0  00000+0 0    04
2 04692  53.0000 315.0000 0000001   0.0000 232.3636 15.76629586    01
Starlink-340 4692
1 04693U 00000ABC 00001.00000000  .00000000  00000-0  00000+0 0    05
2 04693  53.0000 315.0000 0000001   0.0000 235.6364 15.76629586    06
Starlink-340 4693
1 04694U 00000ABC 00001.00000000  .00000000  00000-0  00000+0 0    06
2 04694  53.0000 315.0000 0000001   0.0000 238.9091 15.76629586    00
Starlink-340 4694
1 04695U 00000ABC 00001.00000000  .00000000  00000-0  00000+0 0    07
2 04695  53.0000 315.0000 0000001   0.0000 242.1818 15.76629586    05
Starlink-340 4695
1 04696U 00000ABC 00001.00000000  .00000000  00000-0  00000+0 0    08
2 04696  53.0000 315.0000 0000001   0.0000 245.4545 15.76629586    09
Starlink-340 4696
1 04697U 00000ABC 00001.00000000  .00000000  00000-0  00000+0 0    09
2 04697  53.0000 315.0000 0000001   0.0000 248.7273 15.76629586    04
Starlink-340 4697
1 04698U 00000ABC 00001.00000000  .00000000  00000-0  00000+0 0    00
2 04698  53.0000 315.0000 0000001   0.0000 252.0000 15.76629586    01
Starlink-340 4698
1 04699U 00000ABC 00001.00000000  .00000000  00000-0  00000+0 0    01
2 04699  53.0000 315.0000 0000001   0.0000 255.2727 15.76629586    03
Starlink-340 4699
1 04700U 00000ABC 00001.00000000  .00000000  00000-0  00000+0 0    04
2 04700  53.0000 315.0000 0000001   0.0000 258.5455 15.76629586    00
Starlink-340 4700
1 04701U 00000ABC 00001.00000000  .00000000  00000-0  00000+0 0    05
2 04701  53.0000 315.0000 0000001   0.0000 261.8182 15.76629586    05
Starlink-340 4701
1 04702U 00000ABC 00001.00000000  .00000000  00000-0  00000+0 0    06
2 04702  53.0000 315.0000 0000001   0.0000 265.0909 15.76629586    09
Starlink-340 4702
1 04703U 00000ABC 00001.00000000  .00000000  00000-0  00000+0 0    07
2 04703  53.0000 315.0000 0000001   0.0000 268.3636 15.76629586    03
Starlink-340 4703
1 04704U 00000ABC 00001.00000000  .00000000  00000-0  00000+0 0    08
2 04704  53.0000 315.0000 0000001   0.0000 271.6364 15.76629586    09
Starlink-340 4704
1 04705U 00000ABC 00001.00000000  .00000000  00000-0  00000+0 0    09
2 04705  53.0000 315.0000 0000001   0.0000 274.9091 15.76629586    03
Starlink-340 4705
1 04706U 00000ABC 00001.00000000  .00000000  00000-0  00000+0 0    00
2 04706  53.0000 315.0000 0000001   0.0000 278.1818 15.76629586    07
Starlink-340 4706
1 04707U 00000ABC 00001.00000000  .00000000  00000-0  00000+0 0    01
2 04707  53.0000 315.0000 0000001   0.0000 281.4545 15.76629586    02
Starlink-340 4707
1 04708U 00000ABC 00001.00000000  .00000000  00000-0  00000+0 0    02
2 04708  53.0000 315.0000 0000001   0.0000 284.7273 15.76629586    07
Starlink-340 4708
1 04709U 00000ABC 00001.00000000  .00000000  00000-0  00000+0 0    03
2 04709  53.0000 315.0000 0000001   0.0000 288.0000 15.76629586    03
Starlink-340 4709
1 04710U 00000ABC 00001.00000000  .00000000  00000-0  00000+0 0    05
2 04710  53.0000 315.0000 0000001   0.0000 291.2727 15.76629586    07
Starlink-340 4710
1 04711U 00000ABC 00001.00000000  .00000000  00000-0  00000+0 0    06
2 04711  53.0000 315.0000 0000001   0.0000 294.5455 15.76629586    02
Starlink-340 4711
1 04712U 00000ABC 00001.00000000  .00000000  00000-0  00000+0 0    07
2 04712  53.0000 315.0000 0000001   0.0000 297.8182 15.76629586    06
Starlink-340 4712
1 04713U 00000ABC 00001.00000000  .00000000  00000-0  00000+0 0    08
2 04713  53.0000 315.0000 0000001   0.0000 301.0909 15.76629586    02
Starlink-340 4713
1 04714U 00000ABC 00001.00000000  .00000000  00000-0  00000+0 0    09
2 04714  53.0000 315.0000 0000001   0.0000 304.3636 15.76629586    06
Starlink-340 4714
1 04715U 00000ABC 00001.00000000  .00000000  00000-0  00000+0 0    00
2 04715  53.0000 315.0000 0000001   0.0000 307.6364 15.76629586    01
Starlink-340 4715
1 04716U 00000ABC 00001.00000000  .00000000  00000-0  00000+0 0    01
2 04716  53.0000 315.0000 0000001   0.0000 310.9091 15.76629586    06
Starlink-340 4716
1 04717U 00000ABC 00001.00000000  .00000000  00000-0  00000+0 0    02
2 04717  53.0000 315.0000 0000001   0.0000 314.1818 15.76629586    00
Starlink-340 4717
1 04718U 00000ABC 00001.00000000  .00000000  00000-0  00000+0 0    03
2 04718  53.0000 315.0000 0000001   0.0000 317.4545 15.76629586    04
Starlink-340 4718
1 04719U 00000ABC 00001.00000000  .00000000  00000-0  00000+0 0    04
2 04719  53.0000 315.0000 0000001   0.0000 320.7273 15.76629586    00
Starlink-340 4719
1 04720U 00000ABC 00001.00000000  .00000000  00000-0  00000+0 0    06
2 04720  53.0000 315.0000 0000001   0.0000 324.0000 15.76629586    07
Starlink-340 4720
1 04721U 00000ABC 00001.00000000  .00000000  00000-0  00000+0 0    07
2 04721  53.0000 315.0000 0000001   0.0000 327.2727 15.76629586    09
Starlink-340 4721
1 04722U 00000ABC 00001.00000000  .00000000  00000-0  00000+0 0    08
2 04722  53.0000 315.0000 0000001   0.0000 330.5455 15.76629586    05
Starlink-340 4722
1 04723U 00000ABC 00001.00000000  .00000000  00000-0  00000+0 0    09
2 04723  53.0000 315.0000 0000001   0.0000 333.8182 15.76629586    09
Starlink-340 4723
1 04724U 00000ABC 00001.00000000  .00000000  00000-0  00000+0 0    00
2 04724  53.0000 315.0000 0000001   0.0000 337.0909 15.76629586    03
Starlink-340 4724
1 04725U 00000ABC 00001.00000000  .00000000  00000-0  00000+0 0    01
2 04725  53.0000 315.0000 0000001   0.0000 340.3636 15.76629586    08
Starlink-340 4725
1 04726U 00000ABC 00001.00000000  .00000000  00000-0  00000+0 0    02
2 04726  53.0000 315.0000 0000001   0.0000 343.6364 15.76629586    03
Starlink-340 4726
1 04727U 00000ABC 00001.00000000  .00000000  00000-0  00000+0 0    03
2 04727  53.0000 315.0000 0000001   0.0000 346.9091 15.76629586    07
Starlink-340 4727
1 04728U 00000ABC 00001.00000000  .00000000  00000-0  00000+0 0    04
2 04728  53.0000 315.0000 0000001   0.0000 350.1818 15.76629586    02
Starlink-340 4728
1 04729U 00000ABC 00001.00000000  .00000000  00000-0  00000+0 0    05
2 04729  53.0000 315.0000 0000001   0.0000 353.4545 15.76629586    06
Starlink-340 4729
1 04730U 00000ABC 00001.00000000  .00000000  00000-0  00000+0 0    07
2 04730  53.0000 315.0000 0000001   0.0000 356.7273 15.76629586    02
Starlink-340 4730
1 04731U 00000ABC 00001.00000000  .00000000  00000-0  00000+0 0    08
2 04731  53.0000 322.5000 0000001   0.0000   1.6364 15.76629586    03
Starlink-340 4731
1 04732U 00000ABC 00001.00000000  .00000000  00000-0  00000+0 0    09
2 04732  53.0000 322.5000 0000001   0.0000   4.9091 15.76629586    07
Starlink-340 4732
1 04733U 00000ABC 00001.00000000  .00000000  00000-0  00000+0 0    00
2 04733  53.0000 322.5000 0000001   0.0000   8.1818 15.76629586    01
Starlink-340 4733
1 04734U 00000ABC 00001.00000000  .00000000  00000-0  00000+0 0    01
2 04734  53.0000 322.5000 0000001   0.0000  11.4545 15.76629586    06
Starlink-340 4734
1 04735U 00000ABC 00001.00000000  .00000000  00000-0  00000+0 0    02
2 04735  53.0000 322.5000 0000001   0.0000  14.7273 15.76629586    01
Starlink-340 4735
1 04736U 00000ABC 00001.00000000  .00000000  00000-0  00000+0 0    03
2 04736  53.0000 322.5000 0000001   0.0000  18.0000 15.76629586    07
Starlink-340 4736
1 04737U 00000ABC 00001.00000000  .00000000  00000-0  00000+0 0    04
2 04737  53.0000 322.5000 0000001   0.0000  21.2727 15.76629586    00
Starlink-340 4737
1 04738U 00000ABC 00001.00000000  .00000000  00000-0  00000+0 0    05
2 04738  53.0000 322.5000 0000001   0.0000  24.5455 15.76629586    05
Starlink-340 4738
1 04739U 00000ABC 00001.00000000  .00000000  00000-0  00000+0 0    06
2 04739  53.0000 322.5000 0000001   0.0000  27.8182 15.76629586    09
Starlink-340 4739
1 04740U 00000ABC 00001.00000000  .00000000  00000-0  00000+0 0    08
2 04740  53.0000 322.5000 0000001   0.0000  31.0909 15.76629586    05
Starlink-340 4740
1 04741U 00000ABC 00001.00000000  .00000000  00000-0  00000+0 0    09
2 04741  53.0000 322.5000 0000001   0.0000  34.3636 15.76629586    09
Starlink-340 4741
1 04742U 00000ABC 00001.00000000  .00000000  00000-0  00000+0 0    00
2 04742  53.0000 322.5000 0000001   0.0000  37.6364 15.76629586    04
Starlink-340 4742
1 04743U 00000ABC 00001.00000000  .00000000  00000-0  00000+0 0    01
2 04743  53.0000 322.5000 0000001   0.0000  40.9091 15.76629586    09
Starlink-340 4743
1 04744U 00000ABC 00001.00000000  .00000000  00000-0  00000+0 0    02
2 04744  53.0000 322.5000 0000001   0.0000  44.1818 15.76629586    03
Starlink-340 4744
1 04745U 00000ABC 00001.00000000  .00000000  00000-0  00000+0 0    03
2 04745  53.0000 322.5000 0000001   0.0000  47.4545 15.76629586    07
Starlink-340 4745
1 04746U 00000ABC 00001.00000000  .00000000  00000-0  00000+0 0    04
2 04746  53.0000 322.5000 0000001   0.0000  50.7273 15.76629586    03
Starlink-340 4746
1 04747U 00000ABC 00001.00000000  .00000000  00000-0  00000+0 0    05
2 04747  53.0000 322.5000 0000001   0.0000  54.0000 15.76629586    09
Starlink-340 4747
1 04748U 00000ABC 00001.00000000  .00000000  00000-0  00000+0 0    06
2 04748  53.0000 322.5000 0000001   0.0000  57.2727 15.76629586    01
Starlink-340 4748
1 04749U 00000ABC 00001.00000000  .00000000  00000-0  00000+0 0    07
2 04749  53.0000 322.5000 0000001   0.0000  60.5455 15.76629586    07
Starlink-340 4749
1 04750U 00000ABC 00001.00000000  .00000000  00000-0  00000+0 0    09
2 04750  53.0000 322.5000 0000001   0.0000  63.8182 15.76629586    02
Starlink-340 4750
1 04751U 00000ABC 00001.00000000  .00000000  00000-0  00000+0 0    00
2 04751  53.0000 322.5000 0000001   0.0000  67.0909 15.76629586    06
Starlink-340 4751
1 04752U 00000ABC 00001.00000000  .00000000  00000-0  00000+0 0    01
2 04752  53.0000 322.5000 0000001   0.0000  70.3636 15.76629586    01
Starlink-340 4752
1 04753U 00000ABC 00001.00000000  .00000000  00000-0  00000+0 0    02
2 04753  53.0000 322.5000 0000001   0.0000  73.6364 15.76629586    06
Starlink-340 4753
1 04754U 00000ABC 00001.00000000  .00000000  00000-0  00000+0 0    03
2 04754  53.0000 322.5000 0000001   0.0000  76.9091 15.76629586    00
Starlink-340 4754
1 04755U 00000ABC 00001.00000000  .00000000  00000-0  00000+0 0    04
2 04755  53.0000 322.5000 0000001   0.0000  80.1818 15.76629586    05
Starlink-340 4755
1 04756U 00000ABC 00001.00000000  .00000000  00000-0  00000+0 0    05
2 04756  53.0000 322.5000 0000001   0.0000  83.4545 15.76629586    09
Starlink-340 4756
1 04757U 00000ABC 00001.00000000  .00000000  00000-0  00000+0 0    06
2 04757  53.0000 322.5000 0000001   0.0000  86.7273 15.76629586    04
Starlink-340 4757
1 04758U 00000ABC 00001.00000000  .00000000  00000-0  00000+0 0    07
2 04758  53.0000 322.5000 0000001   0.0000  90.0000 15.76629586    01
Starlink-340 4758
1 04759U 00000ABC 00001.00000000  .00000000  00000-0  00000+0 0    08
2 04759  53.0000 322.5000 0000001   0.0000  93.2727 15.76629586    03
Starlink-340 4759
1 04760U 00000ABC 00001.00000000  .00000000  00000-0  00000+0 0    00
2 04760  53.0000 322.5000 0000001   0.0000  96.5455 15.76629586    09
Starlink-340 4760
1 04761U 00000ABC 00001.00000000  .00000000  00000-0  00000+0 0    01
2 04761  53.0000 322.5000 0000001   0.0000  99.8182 15.76629586    03
Starlink-340 4761
1 04762U 00000ABC 00001.00000000  .00000000  00000-0  00000+0 0    02
2 04762  53.0000 322.5000 0000001   0.0000 103.0909 15.76629586    09
Starlink-340 4762
1 04763U 00000ABC 00001.00000000  .00000000  00000-0  00000+0 0    03
2 04763  53.0000 322.5000 0000001   0.0000 106.3636 15.76629586    03
Starlink-340 4763
1 04764U 00000ABC 00001.00000000  .00000000  00000-0  00000+0 0    04
2 04764  53.0000 322.5000 0000001   0.0000 109.6364 15.76629586    08
Starlink-340 4764
1 04765U 00000ABC 00001.00000000  .00000000  00000-0  00000+0 0    05
2 04765  53.0000 322.5000 0000001   0.0000 112.9091 15.76629586    03
Starlink-340 4765
1 04766U 00000ABC 00001.00000000  .00000000  00000-0  00000+0 0    06
2 04766  53.0000 322.5000 0000001   0.0000 116.1818 15.76629586    07
Starlink-340 4766
1 04767U 00000ABC 00001.00000000  .00000000  00000-0  00000+0 0    07
2 04767  53.0000 322.5000 0000001   0.0000 119.4545 15.76629586    01
Starlink-340 4767
1 04768U 00000ABC 00001.00000000  .00000000  00000-0  00000+0 0    08
2 04768  53.0000 322.5000 0000001   0.0000 122.7273 15.76629586    07
Starlink-340 4768
1 04769U 00000ABC 00001.00000000  .00000000  00000-0  00000+0 0    09
2 04769  53.0000 322.5000 0000001   0.0000 126.0000 15.76629586    03
Starlink-340 4769
1 04770U 00000ABC 00001.00000000  .00000000  00000-0  00000+0 0    01
2 04770  53.0000 322.5000 0000001   0.0000 129.2727 15.76629586    06
Starlink-340 4770
1 04771U 00000ABC 00001.00000000  .00000000  00000-0  00000+0 0    02
2 04771  53.0000 322.5000 0000001   0.0000 132.5455 15.76629586    02
Starlink-340 4771
1 04772U 00000ABC 00001.00000000  .00000000  00000-0  00000+0 0    03
2 04772  53.0000 322.5000 0000001   0.0000 135.8182 15.76629586    06
Starlink-340 4772
1 04773U 00000ABC 00001.00000000  .00000000  00000-0  00000+0 0    04
2 04773  53.0000 322.5000 0000001   0.0000 139.0909 15.76629586    00
Starlink-340 4773
1 04774U 00000ABC 00001.00000000  .00000000  00000-0  00000+0 0    05
2 04774  53.0000 322.5000 0000001   0.0000 142.3636 15.76629586    05
Starlink-340 4774
1 04775U 00000ABC 00001.00000000  .00000000  00000-0  00000+0 0    06
2 04775  53.0000 322.5000 0000001   0.0000 145.6364 15.76629586    00
Starlink-340 4775
1 04776U 00000ABC 00001.00000000  .00000000  00000-0  00000+0 0    07
2 04776  53.0000 322.5000 0000001   0.0000 148.9091 15.76629586    04
Starlink-340 4776
1 04777U 00000ABC 00001.00000000  .00000000  00000-0  00000+0 0    08
2 04777  53.0000 322.5000 0000001   0.0000 152.1818 15.76629586    09
Starlink-340 4777
1 04778U 00000ABC 00001.00000000  .00000000  00000-0  00000+0 0    09
2 04778  53.0000 322.5000 0000001   0.0000 155.4545 15.76629586    03
Starlink-340 4778
1 04779U 00000ABC 00001.00000000  .00000000  00000-0  00000+0 0    00
2 04779  53.0000 322.5000 0000001   0.0000 158.7273 15.76629586    08
Starlink-340 4779
1 04780U 00000ABC 00001.00000000  .00000000  00000-0  00000+0 0    02
2 04780  53.0000 322.5000 0000001   0.0000 162.0000 15.76629586    06
Starlink-340 4780
1 04781U 00000ABC 00001.00000000  .00000000  00000-0  00000+0 0    03
2 04781  53.0000 322.5000 0000001   0.0000 165.2727 15.76629586    08
Starlink-340 4781
1 04782U 00000ABC 00001.00000000  .00000000  00000-0  00000+0 0    04
2 04782  53.0000 322.5000 0000001   0.0000 168.5455 15.76629586    03
Starlink-340 4782
1 04783U 00000ABC 00001.00000000  .00000000  00000-0  00000+0 0    05
2 04783  53.0000 322.5000 0000001   0.0000 171.8182 15.76629586    08
Starlink-340 4783
1 04784U 00000ABC 00001.00000000  .00000000  00000-0  00000+0 0    06
2 04784  53.0000 322.5000 0000001   0.0000 175.0909 15.76629586    02
Starlink-340 4784
1 04785U 00000ABC 00001.00000000  .00000000  00000-0  00000+0 0    07
2 04785  53.0000 322.5000 0000001   0.0000 178.3636 15.76629586    06
Starlink-340 4785
1 04786U 00000ABC 00001.00000000  .00000000  00000-0  00000+0 0    08
2 04786  53.0000 322.5000 0000001   0.0000 181.6364 15.76629586    02
Starlink-340 4786
1 04787U 00000ABC 00001.00000000  .00000000  00000-0  00000+0 0    09
2 04787  53.0000 322.5000 0000001   0.0000 184.9091 15.76629586    06
Starlink-340 4787
1 04788U 00000ABC 00001.00000000  .00000000  00000-0  00000+0 0    00
2 04788  53.0000 322.5000 0000001   0.0000 188.1818 15.76629586    00
Starlink-340 4788
1 04789U 00000ABC 00001.00000000  .00000000  00000-0  00000+0 0    01
2 04789  53.0000 322.5000 0000001   0.0000 191.4545 15.76629586    05
Starlink-340 4789
1 04790U 00000ABC 00001.00000000  .00000000  00000-0  00000+0 0    03
2 04790  53.0000 322.5000 0000001   0.0000 194.7273 15.76629586    01
Starlink-340 4790
1 04791U 00000ABC 00001.00000000  .00000000  00000-0  00000+0 0    04
2 04791  53.0000 322.5000 0000001   0.0000 198.0000 15.76629586    07
Starlink-340 4791
1 04792U 00000ABC 00001.00000000  .00000000  00000-0  00000+0 0    05
2 04792  53.0000 322.5000 0000001   0.0000 201.2727 15.76629586    01
Starlink-340 4792
1 04793U 00000ABC 00001.00000000  .00000000  00000-0  00000+0 0    06
2 04793  53.0000 322.5000 0000001   0.0000 204.5455 15.76629586    06
Starlink-340 4793
1 04794U 00000ABC 00001.00000000  .00000000  00000-0  00000+0 0    07
2 04794  53.0000 322.5000 0000001   0.0000 207.8182 15.76629586    00
Starlink-340 4794
1 04795U 00000ABC 00001.00000000  .00000000  00000-0  00000+0 0    08
2 04795  53.0000 322.5000 0000001   0.0000 211.0909 15.76629586    05
Starlink-340 4795
1 04796U 00000ABC 00001.00000000  .00000000  00000-0  00000+0 0    09
2 04796  53.0000 322.5000 0000001   0.0000 214.3636 15.76629586    09
Starlink-340 4796
1 04797U 00000ABC 00001.00000000  .00000000  00000-0  00000+0 0    00
2 04797  53.0000 322.5000 0000001   0.0000 217.6364 15.76629586    04
Starlink-340 4797
1 04798U 00000ABC 00001.00000000  .00000000  00000-0  00000+0 0    01
2 04798  53.0000 322.5000 0000001   0.0000 220.9091 15.76629586    09
Starlink-340 4798
1 04799U 00000ABC 00001.00000000  .00000000  00000-0  00000+0 0    02
2 04799  53.0000 322.5000 0000001   0.0000 224.1818 15.76629586    03
Starlink-340 4799
1 04800U 00000ABC 00001.00000000  .00000000  00000-0  00000+0 0    05
2 04800  53.0000 322.5000 0000001   0.0000 227.4545 15.76629586    09
Starlink-340 4800
1 04801U 00000ABC 00001.00000000  .00000000  00000-0  00000+0 0    06
2 04801  53.0000 322.5000 0000001   0.0000 230.7273 15.76629586    05
Starlink-340 4801
1 04802U 00000ABC 00001.00000000  .00000000  00000-0  00000+0 0    07
2 04802  53.0000 322.5000 0000001   0.0000 234.0000 15.76629586    01
Starlink-340 4802
1 04803U 00000ABC 00001.00000000  .00000000  00000-0  00000+0 0    08
2 04803  53.0000 322.5000 0000001   0.0000 237.2727 15.76629586    03
Starlink-340 4803
1 04804U 00000ABC 00001.00000000  .00000000  00000-0  00000+0 0    09
2 04804  53.0000 322.5000 0000001   0.0000 240.5455 15.76629586    09
Starlink-340 4804
1 04805U 00000ABC 00001.00000000  .00000000  00000-0  00000+0 0    00
2 04805  53.0000 322.5000 0000001   0.0000 243.8182 15.76629586    03
Starlink-340 4805
1 04806U 00000ABC 00001.00000000  .00000000  00000-0  00000+0 0    01
2 04806  53.0000 322.5000 0000001   0.0000 247.0909 15.76629586    07
Starlink-340 4806
1 04807U 00000ABC 00001.00000000  .00000000  00000-0  00000+0 0    02
2 04807  53.0000 322.5000 0000001   0.0000 250.3636 15.76629586    02
Starlink-340 4807
1 04808U 00000ABC 00001.00000000  .00000000  00000-0  00000+0 0    03
2 04808  53.0000 322.5000 0000001   0.0000 253.6364 15.76629586    07
Starlink-340 4808
1 04809U 00000ABC 00001.00000000  .00000000  00000-0  00000+0 0    04
2 04809  53.0000 322.5000 0000001   0.0000 256.9091 15.76629586    01
Starlink-340 4809
1 04810U 00000ABC 00001.00000000  .00000000  00000-0  00000+0 0    06
2 04810  53.0000 322.5000 0000001   0.0000 260.1818 15.76629586    07
Starlink-340 4810
1 04811U 00000ABC 00001.00000000  .00000000  00000-0  00000+0 0    07
2 04811  53.0000 322.5000 0000001   0.0000 263.4545 15.76629586    01
Starlink-340 4811
1 04812U 00000ABC 00001.00000000  .00000000  00000-0  00000+0 0    08
2 04812  53.0000 322.5000 0000001   0.0000 266.7273 15.76629586    06
Starlink-340 4812
1 04813U 00000ABC 00001.00000000  .00000000  00000-0  00000+0 0    09
2 04813  53.0000 322.5000 0000001   0.0000 270.0000 15.76629586    03
Starlink-340 4813
1 04814U 00000ABC 00001.00000000  .00000000  00000-0  00000+0 0    00
2 04814  53.0000 322.5000 0000001   0.0000 273.2727 15.76629586    05
Starlink-340 4814
1 04815U 00000ABC 00001.00000000  .00000000  00000-0  00000+0 0    01
2 04815  53.0000 322.5000 0000001   0.0000 276.5455 15.76629586    00
Starlink-340 4815
1 04816U 00000ABC 00001.00000000  .00000000  00000-0  00000+0 0    02
2 04816  53.0000 322.5000 0000001   0.0000 279.8182 15.76629586    04
Starlink-340 4816
1 04817U 00000ABC 00001.00000000  .00000000  00000-0  00000+0 0    03
2 04817  53.0000 322.5000 0000001   0.0000 283.0909 15.76629586    09
Starlink-340 4817
1 04818U 00000ABC 00001.00000000  .00000000  00000-0  00000+0 0    04
2 04818  53.0000 322.5000 0000001   0.0000 286.3636 15.76629586    03
Starlink-340 4818
1 04819U 00000ABC 00001.00000000  .00000000  00000-0  00000+0 0    05
2 04819  53.0000 322.5000 0000001   0.0000 289.6364 15.76629586    08
Starlink-340 4819
1 04820U 00000ABC 00001.00000000  .00000000  00000-0  00000+0 0    07
2 04820  53.0000 322.5000 0000001   0.0000 292.9091 15.76629586    04
Starlink-340 4820
1 04821U 00000ABC 00001.00000000  .00000000  00000-0  00000+0 0    08
2 04821  53.0000 322.5000 0000001   0.0000 296.1818 15.76629586    08
Starlink-340 4821
1 04822U 00000ABC 00001.00000000  .00000000  00000-0  00000+0 0    09
2 04822  53.0000 322.5000 0000001   0.0000 299.4545 15.76629586    02
Starlink-340 4822
1 04823U 00000ABC 00001.00000000  .00000000  00000-0  00000+0 0    00
2 04823  53.0000 322.5000 0000001   0.0000 302.7273 15.76629586    09
Starlink-340 4823
1 04824U 00000ABC 00001.00000000  .00000000  00000-0  00000+0 0    01
2 04824  53.0000 322.5000 0000001   0.0000 306.0000 15.76629586    05
Starlink-340 4824
1 04825U 00000ABC 00001.00000000  .00000000  00000-0  00000+0 0    02
2 04825  53.0000 322.5000 0000001   0.0000 309.2727 15.76629586    07
Starlink-340 4825
1 04826U 00000ABC 00001.00000000  .00000000  00000-0  00000+0 0    03
2 04826  53.0000 322.5000 0000001   0.0000 312.5455 15.76629586    03
Starlink-340 4826
1 04827U 00000ABC 00001.00000000  .00000000  00000-0  00000+0 0    04
2 04827  53.0000 322.5000 0000001   0.0000 315.8182 15.76629586    07
Starlink-340 4827
1 04828U 00000ABC 00001.00000000  .00000000  00000-0  00000+0 0    05
2 04828  53.0000 322.5000 0000001   0.0000 319.0909 15.76629586    01
Starlink-340 4828
1 04829U 00000ABC 00001.00000000  .00000000  00000-0  00000+0 0    06
2 04829  53.0000 322.5000 0000001   0.0000 322.3636 15.76629586    06
Starlink-340 4829
1 04830U 00000ABC 00001.00000000  .00000000  00000-0  00000+0 0    08
2 04830  53.0000 322.5000 0000001   0.0000 325.6364 15.76629586    02
Starlink-340 4830
1 04831U 00000ABC 00001.00000000  .00000000  00000-0  00000+0 0    09
2 04831  53.0000 322.5000 0000001   0.0000 328.9091 15.76629586    06
Starlink-340 4831
1 04832U 00000ABC 00001.00000000  .00000000  00000-0  00000+0 0    00
2 04832  53.0000 322.5000 0000001   0.0000 332.1818 15.76629586    01
Starlink-340 4832
1 04833U 00000ABC 00001.00000000  .00000000  00000-0  00000+0 0    01
2 04833  53.0000 322.5000 0000001   0.0000 335.4545 15.76629586    05
Starlink-340 4833
1 04834U 00000ABC 00001.00000000  .00000000  00000-0  00000+0 0    02
2 04834  53.0000 322.5000 0000001   0.0000 338.7273 15.76629586    00
Starlink-340 4834
1 04835U 00000ABC 00001.00000000  .00000000  00000-0  00000+0 0    03
2 04835  53.0000 322.5000 0000001   0.0000 342.0000 15.76629586    07
Starlink-340 4835
1 04836U 00000ABC 00001.00000000  .00000000  00000-0  00000+0 0    04
2 04836  53.0000 322.5000 0000001   0.0000 345.2727 15.76629586    09
Starlink-340 4836
1 04837U 00000ABC 00001.00000000  .00000000  00000-0  00000+0 0    05
2 04837  53.0000 322.5000 0000001   0.0000 348.5455 15.76629586    04
Starlink-340 4837
1 04838U 00000ABC 00001.00000000  .00000000  00000-0  00000+0 0    06
2 04838  53.0000 322.5000 0000001   0.0000 351.8182 15.76629586    09
Starlink-340 4838
1 04839U 00000ABC 00001.00000000  .00000000  00000-0  00000+0 0    07
2 04839  53.0000 322.5000 0000001   0.0000 355.0909 15.76629586    03
Starlink-340 4839
1 04840U 00000ABC 00001.00000000  .00000000  00000-0  00000+0 0    09
2 04840  53.0000 322.5000 0000001   0.0000 358.3636 15.76629586    08
Starlink-340 4840
1 04841U 00000ABC 00001.00000000  .00000000  00000-0  00000+0 0    00
2 04841  53.0000 330.0000 0000001   0.0000   0.0000 15.76629586    09
Starlink-340 4841
1 04842U 00000ABC 00001.00000000  .00000000  00000-0  00000+0 0    01
2 04842  53.0000 330.0000 0000001   0.0000   3.2727 15.76629586    01
Starlink-340 4842
1 04843U 00000ABC 00001.00000000  .00000000  00000-0  00000+0 0    02
2 04843  53.0000 330.0000 0000001   0.0000   6.5455 15.76629586    06
Starlink-340 4843
1 04844U 00000ABC 00001.00000000  .00000000  00000-0  00000+0 0    03
2 04844  53.0000 330.0000 0000001   0.0000   9.8182 15.76629586    00
Starlink-340 4844
1 04845U 00000ABC 00001.00000000  .00000000  00000-0  00000+0 0    04
2 04845  53.0000 330.0000 0000001   0.0000  13.0909 15.76629586    05
Starlink-340 4845
1 04846U 00000ABC 00001.00000000  .00000000  00000-0  00000+0 0    05
2 04846  53.0000 330.0000 0000001   0.0000  16.3636 15.76629586    09
Starlink-340 4846
1 04847U 00000ABC 00001.00000000  .00000000  00000-0  00000+0 0    06
2 04847  53.0000 330.0000 0000001   0.0000  19.6364 15.76629586    04
Starlink-340 4847
1 04848U 00000ABC 00001.00000000  .00000000  00000-0  00000+0 0    07
2 04848  53.0000 330.0000 0000001   0.0000  22.9091 15.76629586    09
Starlink-340 4848
1 04849U 00000ABC 00001.00000000  .00000000  00000-0  00000+0 0    08
2 04849  53.0000 330.0000 0000001   0.0000  26.1818 15.76629586    03
Starlink-340 4849
1 04850U 00000ABC 00001.00000000  .00000000  00000-0  00000+0 0    00
2 04850  53.0000 330.0000 0000001   0.0000  29.4545 15.76629586    08
Starlink-340 4850
1 04851U 00000ABC 00001.00000000  .00000000  00000-0  00000+0 0    01
2 04851  53.0000 330.0000 0000001   0.0000  32.7273 15.76629586    04
Starlink-340 4851
1 04852U 00000ABC 00001.00000000  .00000000  00000-0  00000+0 0    02
2 04852  53.0000 330.0000 0000001   0.0000  36.0000 15.76629586    00
Starlink-340 4852
1 04853U 00000ABC 00001.00000000  .00000000  00000-0  00000+0 0    03
2 04853  53.0000 330.0000 0000001   0.0000  39.2727 15.76629586    02
Starlink-340 4853
1 04854U 00000ABC 00001.00000000  .00000000  00000-0  00000+0 0    04
2 04854  53.0000 330.0000 0000001   0.0000  42.5455 15.76629586    08
Starlink-340 4854
1 04855U 00000ABC 00001.00000000  .00000000  00000-0  00000+0 0    05
2 04855  53.0000 330.0000 0000001   0.0000  45.8182 15.76629586    02
Starlink-340 4855
1 04856U 00000ABC 00001.00000000  .00000000  00000-0  00000+0 0    06
2 04856  53.0000 330.0000 0000001   0.0000  49.0909 15.76629586    06
Starlink-340 4856
1 04857U 00000ABC 00001.00000000  .00000000  00000-0  00000+0 0    07
2 04857  53.0000 330.0000 0000001   0.0000  52.3636 15.76629586    01
Starlink-340 4857
1 04858U 00000ABC 00001.00000000  .00000000  00000-0  00000+0 0    08
2 04858  53.0000 330.0000 0000001   0.0000  55.6364 15.76629586    06
Starlink-340 4858
1 04859U 00000ABC 00001.00000000  .00000000  00000-0  00000+0 0    09
2 04859  53.0000 330.0000 0000001   0.0000  58.9091 15.76629586    00
Starlink-340 4859
1 04860U 00000ABC 00001.00000000  .00000000  00000-0  00000+0 0    01
2 04860  53.0000 330.0000 0000001   0.0000  62.1818 15.76629586    06
Starlink-340 4860
1 04861U 00000ABC 00001.00000000  .00000000  00000-0  00000+0 0    02
2 04861  53.0000 330.0000 0000001   0.0000  65.4545 15.76629586    00
Starlink-340 4861
1 04862U 00000ABC 00001.00000000  .00000000  00000-0  00000+0 0    03
2 04862  53.0000 330.0000 0000001   0.0000  68.7273 15.76629586    05
Starlink-340 4862
1 04863U 00000ABC 00001.00000000  .00000000  00000-0  00000+0 0    04
2 04863  53.0000 330.0000 0000001   0.0000  72.0000 15.76629586    02
Starlink-340 4863
1 04864U 00000ABC 00001.00000000  .00000000  00000-0  00000+0 0    05
2 04864  53.0000 330.0000 0000001   0.0000  75.2727 15.76629586    04
Starlink-340 4864
1 04865U 00000ABC 00001.00000000  .00000000  00000-0  00000+0 0    06
2 04865  53.0000 330.0000 0000001   0.0000  78.5455 15.76629586    09
Starlink-340 4865
1 04866U 00000ABC 00001.00000000  .00000000  00000-0  00000+0 0    07
2 04866  53.0000 330.0000 0000001   0.0000  81.8182 15.76629586    04
Starlink-340 4866
1 04867U 00000ABC 00001.00000000  .00000000  00000-0  00000+0 0    08
2 04867  53.0000 330.0000 0000001   0.0000  85.0909 15.76629586    08
Starlink-340 4867
1 04868U 00000ABC 00001.00000000  .00000000  00000-0  00000+0 0    09
2 04868  53.0000 330.0000 0000001   0.0000  88.3636 15.76629586    02
Starlink-340 4868
1 04869U 00000ABC 00001.00000000  .00000000  00000-0  00000+0 0    00
2 04869  53.0000 330.0000 0000001   0.0000  91.6364 15.76629586    08
Starlink-340 4869
1 04870U 00000ABC 00001.00000000  .00000000  00000-0  00000+0 0    02
2 04870  53.0000 330.0000 0000001   0.0000  94.9091 15.76629586    03
Starlink-340 4870
1 04871U 00000ABC 00001.00000000  .00000000  00000-0  00000+0 0    03
2 04871  53.0000 330.0000 0000001   0.0000  98.1818 15.76629586    07
Starlink-340 4871
1 04872U 00000ABC 00001.00000000  .00000000  00000-0  00000+0 0    04
2 04872  53.0000 330.0000 0000001   0.0000 101.4545 15.76629586    03
Starlink-340 4872
1 04873U 00000ABC 00001.00000000  .00000000  00000-0  00000+0 0    05
2 04873  53.0000 330.0000 0000001   0.0000 104.7273 15.76629586    08
Starlink-340 4873
1 04874U 00000ABC 00001.00000000  .00000000  00000-0  00000+0 0    06
2 04874  53.0000 330.0000 0000001   0.0000 108.0000 15.76629586    04
Starlink-340 4874
1 04875U 00000ABC 00001.00000000  .00000000  00000-0  00000+0 0    07
2 04875  53.0000 330.0000 0000001   0.0000 111.2727 15.76629586    07
Starlink-340 4875
1 04876U 00000ABC 00001.00000000  .00000000  00000-0  00000+0 0    08
2 04876  53.0000 330.0000 0000001   0.0000 114.5455 15.76629586    02
Starlink-340 4876
1 04877U 00000ABC 00001.00000000  .00000000  00000-0  00000+0 0    09
2 04877  53.0000 330.0000 0000001   0.0000 117.8182 15.76629586    06
Starlink-340 4877
1 04878U 00000ABC 00001.00000000  .00000000  00000-0  00000+0 0    00
2 04878  53.0000 330.0000 0000001   0.0000 121.0909 15.76629586    01
Starlink-340 4878
1 04879U 00000ABC 00001.00000000  .00000000  00000-0  00000+0 0    01
2 04879  53.0000 330.0000 0000001   0.0000 124.3636 15.76629586    05
Starlink-340 4879
1 04880U 00000ABC 00001.00000000  .00000000  00000-0  00000+0 0    03
2 04880  53.0000 330.0000 0000001   0.0000 127.6364 15.76629586    01
Starlink-340 4880
1 04881U 00000ABC 00001.00000000  .00000000  00000-0  00000+0 0    04
2 04881  53.0000 330.0000 0000001   0.0000 130.9091 15.76629586    06
Starlink-340 4881
1 04882U 00000ABC 00001.00000000  .00000000  00000-0  00000+0 0    05
2 04882  53.0000 330.0000 0000001   0.0000 134.1818 15.76629586    00
Starlink-340 4882
1 04883U 00000ABC 00001.00000000  .00000000  00000-0  00000+0 0    06
2 04883  53.0000 330.0000 0000001   0.0000 137.4545 15.76629586    04
Starlink-340 4883
1 04884U 00000ABC 00001.00000000  .00000000  00000-0  00000+0 0    07
2 04884  53.0000 330.0000 0000001   0.0000 140.7273 15.76629586    00
Starlink-340 4884
1 04885U 00000ABC 00001.00000000  .00000000  00000-0  00000+0 0    08
2 04885  53.0000 330.0000 0000001   0.0000 144.0000 15.76629586    06
Starlink-340 4885
1 04886U 00000ABC 00001.00000000  .00000000  00000-0  00000+0 0    09
2 04886  53.0000 330.0000 0000001   0.0000 147.2727 15.76629586    08
Starlink-340 4886
1 04887U 00000ABC 00001.00000000  .00000000  00000-0  00000+0 0    00
2 04887  53.0000 330.0000 0000001   0.0000 150.5455 15.76629586    04
Starlink-340 4887
1 04888U 00000ABC 00001.00000000  .00000000  00000-0  00000+0 0    01
2 04888  53.0000 330.0000 0000001   0.0000 153.8182 15.76629586    08
Starlink-340 4888
1 04889U 00000ABC 00001.00000000  .00000000  00000-0  00000+0 0    02
2 04889  53.0000 330.0000 0000001   0.0000 157.0909 15.76629586    02
Starlink-340 4889
1 04890U 00000ABC 00001.00000000  .00000000  00000-0  00000+0 0    04
2 04890  53.0000 330.0000 0000001   0.0000 160.3636 15.76629586    08
Starlink-340 4890
1 04891U 00000ABC 00001.00000000  .00000000  00000-0  00000+0 0    05
2 04891  53.0000 330.0000 0000001   0.0000 163.6364 15.76629586    03
Starlink-340 4891
1 04892U 00000ABC 00001.00000000  .00000000  00000-0  00000+0 0    06
2 04892  53.0000 330.0000 0000001   0.0000 166.9091 15.76629586    07
Starlink-340 4892
1 04893U 00000ABC 00001.00000000  .00000000  00000-0  00000+0 0    07
2 04893  53.0000 330.0000 0000001   0.0000 170.1818 15.76629586    02
Starlink-340 4893
1 04894U 00000ABC 00001.00000000  .00000000  00000-0  00000+0 0    08
2 04894  53.0000 330.0000 0000001   0.0000 173.4545 15.76629586    06
Starlink-340 4894
1 04895U 00000ABC 00001.00000000  .00000000  00000-0  00000+0 0    09
2 04895  53.0000 330.0000 0000001   0.0000 176.7273 15.76629586    01
Starlink-340 4895
1 04896U 00000ABC 00001.00000000  .00000000  00000-0  00000+0 0    00
2 04896  53.0000 330.0000 0000001   0.0000 180.0000 15.76629586    08
Starlink-340 4896
1 04897U 00000ABC 00001.00000000  .00000000  00000-0  00000+0 0    01
2 04897  53.0000 330.0000 0000001   0.0000 183.2727 15.76629586    00
Starlink-340 4897
1 04898U 00000ABC 00001.00000000  .00000000  00000-0  00000+0 0    02
2 04898  53.0000 330.0000 0000001   0.0000 186.5455 15.76629586    05
Starlink-340 4898
1 04899U 00000ABC 00001.00000000  .00000000  00000-0  00000+0 0    03
2 04899  53.0000 330.0000 0000001   0.0000 189.8182 15.76629586    09
Starlink-340 4899
1 04900U 00000ABC 00001.00000000  .00000000  00000-0  00000+0 0    06
2 04900  53.0000 330.0000 0000001   0.0000 193.0909 15.76629586    06
Starlink-340 4900
1 04901U 00000ABC 00001.00000000  .00000000  00000-0  00000+0 0    07
2 04901  53.0000 330.0000 0000001   0.0000 196.3636 15.76629586    00
Starlink-340 4901
1 04902U 00000ABC 00001.00000000  .00000000  00000-0  00000+0 0    08
2 04902  53.0000 330.0000 0000001   0.0000 199.6364 15.76629586    05
Starlink-340 4902
1 04903U 00000ABC 00001.00000000  .00000000  00000-0  00000+0 0    09
2 04903  53.0000 330.0000 0000001   0.0000 202.9091 15.76629586    01
Starlink-340 4903
1 04904U 00000ABC 00001.00000000  .00000000  00000-0  00000+0 0    00
2 04904  53.0000 330.0000 0000001   0.0000 206.1818 15.76629586    05
Starlink-340 4904
1 04905U 00000ABC 00001.00000000  .00000000  00000-0  00000+0 0    01
2 04905  53.0000 330.0000 0000001   0.0000 209.4545 15.76629586    09
Starlink-340 4905
1 04906U 00000ABC 00001.00000000  .00000000  00000-0  00000+0 0    02
2 04906  53.0000 330.0000 0000001   0.0000 212.7273 15.76629586    05
Starlink-340 4906
1 04907U 00000ABC 00001.00000000  .00000000  00000-0  00000+0 0    03
2 04907  53.0000 330.0000 0000001   0.0000 216.0000 15.76629586    01
Starlink-340 4907
1 04908U 00000ABC 00001.00000000  .00000000  00000-0  00000+0 0    04
2 04908  53.0000 330.0000 0000001   0.0000 219.2727 15.76629586    03
Starlink-340 4908
1 04909U 00000ABC 00001.00000000  .00000000  00000-0  00000+0 0    05
2 04909  53.0000 330.0000 0000001   0.0000 222.5455 15.76629586    09
Starlink-340 4909
1 04910U 00000ABC 00001.00000000  .00000000  00000-0  00000+0 0    07
2 04910  53.0000 330.0000 0000001   0.0000 225.8182 15.76629586    04
Starlink-340 4910
1 04911U 00000ABC 00001.00000000  .00000000  00000-0  00000+0 0    08
2 04911  53.0000 330.0000 0000001   0.0000 229.0909 15.76629586    08
Starlink-340 4911
1 04912U 00000ABC 00001.00000000  .00000000  00000-0  00000+0 0    09
2 04912  53.0000 330.0000 0000001   0.0000 232.3636 15.76629586    03
Starlink-340 4912
1 04913U 00000ABC 00001.00000000  .00000000  00000-0  00000+0 0    00
2 04913  53.0000 330.0000 0000001   0.0000 235.6364 15.76629586    08
Starlink-340 4913
1 04914U 00000ABC 00001.00000000  .00000000  00000-0  00000+0 0    01
2 04914  53.0000 330.0000 0000001   0.0000 238.9091 15.76629586    02
Starlink-340 4914
1 04915U 00000ABC 00001.00000000  .00000000  00000-0  00000+0 0    02
2 04915  53.0000 330.0000 0000001   0.0000 242.1818 15.76629586    07
Starlink-340 4915
1 04916U 00000ABC 00001.00000000  .00000000  00000-0  00000+0 0    03
2 04916  53.0000 330.0000 0000001   0.0000 245.4545 15.76629586    01
Starlink-340 4916
1 04917U 00000ABC 00001.00000000  .00000000  00000-0  00000+0 0    04
2 04917  53.0000 330.0000 0000001   0.0000 248.7273 15.76629586    06
Starlink-340 4917
1 04918U 00000ABC 00001.00000000  .00000000  00000-0  00000+0 0    05
2 04918  53.0000 330.0000 0000001   0.0000 252.0000 15.76629586    03
Starlink-340 4918
1 04919U 00000ABC 00001.00000000  .00000000  00000-0  00000+0 0    06
2 04919  53.0000 330.0000 0000001   0.0000 255.2727 15.76629586    05
Starlink-340 4919
1 04920U 00000ABC 00001.00000000  .00000000  00000-0  00000+0 0    08
2 04920  53.0000 330.0000 0000001   0.0000 258.5455 15.76629586    01
Starlink-340 4920
1 04921U 00000ABC 00001.00000000  .00000000  00000-0  00000+0 0    09
2 04921  53.0000 330.0000 0000001   0.0000 261.8182 15.76629586    06
Starlink-340 4921
1 04922U 00000ABC 00001.00000000  .00000000  00000-0  00000+0 0    00
2 04922  53.0000 330.0000 0000001   0.0000 265.0909 15.76629586    00
Starlink-340 4922
1 04923U 00000ABC 00001.00000000  .00000000  00000-0  00000+0 0    01
2 04923  53.0000 330.0000 0000001   0.0000 268.3636 15.76629586    04
Starlink-340 4923
1 04924U 00000ABC 00001.00000000  .00000000  00000-0  00000+0 0    02
2 04924  53.0000 330.0000 0000001   0.0000 271.6364 15.76629586    00
Starlink-340 4924
1 04925U 00000ABC 00001.00000000  .00000000  00000-0  00000+0 0    03
2 04925  53.0000 330.0000 0000001   0.0000 274.9091 15.76629586    04
Starlink-340 4925
1 04926U 00000ABC 00001.00000000  .00000000  00000-0  00000+0 0    04
2 04926  53.0000 330.0000 0000001   0.0000 278.1818 15.76629586    08
Starlink-340 4926
1 04927U 00000ABC 00001.00000000  .00000000  00000-0  00000+0 0    05
2 04927  53.0000 330.0000 0000001   0.0000 281.4545 15.76629586    03
Starlink-340 4927
1 04928U 00000ABC 00001.00000000  .00000000  00000-0  00000+0 0    06
2 04928  53.0000 330.0000 0000001   0.0000 284.7273 15.76629586    08
Starlink-340 4928
1 04929U 00000ABC 00001.00000000  .00000000  00000-0  00000+0 0    07
2 04929  53.0000 330.0000 0000001   0.0000 288.0000 15.76629586    04
Starlink-340 4929
1 04930U 00000ABC 00001.00000000  .00000000  00000-0  00000+0 0    09
2 04930  53.0000 330.0000 0000001   0.0000 291.2727 15.76629586    08
Starlink-340 4930
1 04931U 00000ABC 00001.00000000  .00000000  00000-0  00000+0 0    00
2 04931  53.0000 330.0000 0000001   0.0000 294.5455 15.76629586    03
Starlink-340 4931
1 04932U 00000ABC 00001.00000000  .00000000  00000-0  00000+0 0    01
2 04932  53.0000 330.0000 0000001   0.0000 297.8182 15.76629586    07
Starlink-340 4932
1 04933U 00000ABC 00001.00000000  .00000000  00000-0  00000+0 0    02
2 04933  53.0000 330.0000 0000001   0.0000 301.0909 15.76629586    03
Starlink-340 4933
1 04934U 00000ABC 00001.00000000  .00000000  00000-0  00000+0 0    03
2 04934  53.0000 330.0000 0000001   0.0000 304.3636 15.76629586    07
Starlink-340 4934
1 04935U 00000ABC 00001.00000000  .00000000  00000-0  00000+0 0    04
2 04935  53.0000 330.0000 0000001   0.0000 307.6364 15.76629586    02
Starlink-340 4935
1 04936U 00000ABC 00001.00000000  .00000000  00000-0  00000+0 0    05
2 04936  53.0000 330.0000 0000001   0.0000 310.9091 15.76629586    07
Starlink-340 4936
1 04937U 00000ABC 00001.00000000  .00000000  00000-0  00000+0 0    06
2 04937  53.0000 330.0000 0000001   0.0000 314.1818 15.76629586    01
Starlink-340 4937
1 04938U 00000ABC 00001.00000000  .00000000  00000-0  00000+0 0    07
2 04938  53.0000 330.0000 0000001   0.0000 317.4545 15.76629586    05
Starlink-340 4938
1 04939U 00000ABC 00001.00000000  .00000000  00000-0  00000+0 0    08
2 04939  53.0000 330.0000 0000001   0.0000 320.7273 15.76629586    01
Starlink-340 4939
1 04940U 00000ABC 00001.00000000  .00000000  00000-0  00000+0 0    00
2 04940  53.0000 330.0000 0000001   0.0000 324.0000 15.76629586    08
Starlink-340 4940
1 04941U 00000ABC 00001.00000000  .00000000  00000-0  00000+0 0    01
2 04941  53.0000 330.0000 0000001   0.0000 327.2727 15.76629586    00
Starlink-340 4941
1 04942U 00000ABC 00001.00000000  .00000000  00000-0  00000+0 0    02
2 04942  53.0000 330.0000 0000001   0.0000 330.5455 15.76629586    06
Starlink-340 4942
1 04943U 00000ABC 00001.00000000  .00000000  00000-0  00000+0 0    03
2 04943  53.0000 330.0000 0000001   0.0000 333.8182 15.76629586    00
Starlink-340 4943
1 04944U 00000ABC 00001.00000000  .00000000  00000-0  00000+0 0    04
2 04944  53.0000 330.0000 0000001   0.0000 337.0909 15.76629586    04
Starlink-340 4944
1 04945U 00000ABC 00001.00000000  .00000000  00000-0  00000+0 0    05
2 04945  53.0000 330.0000 0000001   0.0000 340.3636 15.76629586    09
Starlink-340 4945
1 04946U 00000ABC 00001.00000000  .00000000  00000-0  00000+0 0    06
2 04946  53.0000 330.0000 0000001   0.0000 343.6364 15.76629586    04
Starlink-340 4946
1 04947U 00000ABC 00001.00000000  .00000000  00000-0  00000+0 0    07
2 04947  53.0000 330.0000 0000001   0.0000 346.9091 15.76629586    08
Starlink-340 4947
1 04948U 00000ABC 00001.00000000  .00000000  00000-0  00000+0 0    08
2 04948  53.0000 330.0000 0000001   0.0000 350.1818 15.76629586    03
Starlink-340 4948
1 04949U 00000ABC 00001.00000000  .00000000  00000-0  00000+0 0    09
2 04949  53.0000 330.0000 0000001   0.0000 353.4545 15.76629586    07
Starlink-340 4949
1 04950U 00000ABC 00001.00000000  .00000000  00000-0  00000+0 0    01
2 04950  53.0000 330.0000 0000001   0.0000 356.7273 15.76629586    03
Starlink-340 4950
1 04951U 00000ABC 00001.00000000  .00000000  00000-0  00000+0 0    02
2 04951  53.0000 337.5000 0000001   0.0000   1.6364 15.76629586    03
Starlink-340 4951
1 04952U 00000ABC 00001.00000000  .00000000  00000-0  00000+0 0    03
2 04952  53.0000 337.5000 0000001   0.0000   4.9091 15.76629586    07
Starlink-340 4952
1 04953U 00000ABC 00001.00000000  .00000000  00000-0  00000+0 0    04
2 04953  53.0000 337.5000 0000001   0.0000   8.1818 15.76629586    01
Starlink-340 4953
1 04954U 00000ABC 00001.00000000  .00000000  00000-0  00000+0 0    05
2 04954  53.0000 337.5000 0000001   0.0000  11.4545 15.76629586    06
Starlink-340 4954
1 04955U 00000ABC 00001.00000000  .00000000  00000-0  00000+0 0    06
2 04955  53.0000 337.5000 0000001   0.0000  14.7273 15.76629586    01
Starlink-340 4955
1 04956U 00000ABC 00001.00000000  .00000000  00000-0  00000+0 0    07
2 04956  53.0000 337.5000 0000001   0.0000  18.0000 15.76629586    07
Starlink-340 4956
1 04957U 00000ABC 00001.00000000  .00000000  00000-0  00000+0 0    08
2 04957  53.0000 337.5000 0000001   0.0000  21.2727 15.76629586    00
Starlink-340 4957
1 04958U 00000ABC 00001.00000000  .00000000  00000-0  00000+0 0    09
2 04958  53.0000 337.5000 0000001   0.0000  24.5455 15.76629586    05
Starlink-340 4958
1 04959U 00000ABC 00001.00000000  .00000000  00000-0  00000+0 0    00
2 04959  53.0000 337.5000 0000001   0.0000  27.8182 15.76629586    09
Starlink-340 4959
1 04960U 00000ABC 00001.00000000  .00000000  00000-0  00000+0 0    02
2 04960  53.0000 337.5000 0000001   0.0000  31.0909 15.76629586    05
Starlink-340 4960
1 04961U 00000ABC 00001.00000000  .00000000  00000-0  00000+0 0    03
2 04961  53.0000 337.5000 0000001   0.0000  34.3636 15.76629586    09
Starlink-340 4961
1 04962U 00000ABC 00001.00000000  .00000000  00000-0  00000+0 0    04
2 04962  53.0000 337.5000 0000001   0.0000  37.6364 15.76629586    04
Starlink-340 4962
1 04963U 00000ABC 00001.00000000  .00000000  00000-0  00000+0 0    05
2 04963  53.0000 337.5000 0000001   0.0000  40.9091 15.76629586    09
Starlink-340 4963
1 04964U 00000ABC 00001.00000000  .00000000  00000-0  00000+0 0    06
2 04964  53.0000 337.5000 0000001   0.0000  44.1818 15.76629586    03
Starlink-340 4964
1 04965U 00000ABC 00001.00000000  .00000000  00000-0  00000+0 0    07
2 04965  53.0000 337.5000 0000001   0.0000  47.4545 15.76629586    07
Starlink-340 4965
1 04966U 00000ABC 00001.00000000  .00000000  00000-0  00000+0 0    08
2 04966  53.0000 337.5000 0000001   0.0000  50.7273 15.76629586    03
Starlink-340 4966
1 04967U 00000ABC 00001.00000000  .00000000  00000-0  00000+0 0    09
2 04967  53.0000 337.5000 0000001   0.0000  54.0000 15.76629586    09
Starlink-340 4967
1 04968U 00000ABC 00001.00000000  .00000000  00000-0  00000+0 0    00
2 04968  53.0000 337.5000 0000001   0.0000  57.2727 15.76629586    01
Starlink-340 4968
1 04969U 00000ABC 00001.00000000  .00000000  00000-0  00000+0 0    01
2 04969  53.0000 337.5000 0000001   0.0000  60.5455 15.76629586    07
Starlink-340 4969
1 04970U 00000ABC 00001.00000000  .00000000  00000-0  00000+0 0    03
2 04970  53.0000 337.5000 0000001   0.0000  63.8182 15.76629586    02
Starlink-340 4970
1 04971U 00000ABC 00001.00000000  .00000000  00000-0  00000+0 0    04
2 04971  53.0000 337.5000 0000001   0.0000  67.0909 15.76629586    06
Starlink-340 4971
1 04972U 00000ABC 00001.00000000  .00000000  00000-0  00000+0 0    05
2 04972  53.0000 337.5000 0000001   0.0000  70.3636 15.76629586    01
Starlink-340 4972
1 04973U 00000ABC 00001.00000000  .00000000  00000-0  00000+0 0    06
2 04973  53.0000 337.5000 0000001   0.0000  73.6364 15.76629586    06
Starlink-340 4973
1 04974U 00000ABC 00001.00000000  .00000000  00000-0  00000+0 0    07
2 04974  53.0000 337.5000 0000001   0.0000  76.9091 15.76629586    00
Starlink-340 4974
1 04975U 00000ABC 00001.00000000  .00000000  00000-0  00000+0 0    08
2 04975  53.0000 337.5000 0000001   0.0000  80.1818 15.76629586    05
Starlink-340 4975
1 04976U 00000ABC 00001.00000000  .00000000  00000-0  00000+0 0    09
2 04976  53.0000 337.5000 0000001   0.0000  83.4545 15.76629586    09
Starlink-340 4976
1 04977U 00000ABC 00001.00000000  .00000000  00000-0  00000+0 0    00
2 04977  53.0000 337.5000 0000001   0.0000  86.7273 15.76629586    04
Starlink-340 4977
1 04978U 00000ABC 00001.00000000  .00000000  00000-0  00000+0 0    01
2 04978  53.0000 337.5000 0000001   0.0000  90.0000 15.76629586    01
Starlink-340 4978
1 04979U 00000ABC 00001.00000000  .00000000  00000-0  00000+0 0    02
2 04979  53.0000 337.5000 0000001   0.0000  93.2727 15.76629586    03
Starlink-340 4979
1 04980U 00000ABC 00001.00000000  .00000000  00000-0  00000+0 0    04
2 04980  53.0000 337.5000 0000001   0.0000  96.5455 15.76629586    09
Starlink-340 4980
1 04981U 00000ABC 00001.00000000  .00000000  00000-0  00000+0 0    05
2 04981  53.0000 337.5000 0000001   0.0000  99.8182 15.76629586    03
Starlink-340 4981
1 04982U 00000ABC 00001.00000000  .00000000  00000-0  00000+0 0    06
2 04982  53.0000 337.5000 0000001   0.0000 103.0909 15.76629586    09
Starlink-340 4982
1 04983U 00000ABC 00001.00000000  .00000000  00000-0  00000+0 0    07
2 04983  53.0000 337.5000 0000001   0.0000 106.3636 15.76629586    03
Starlink-340 4983
1 04984U 00000ABC 00001.00000000  .00000000  00000-0  00000+0 0    08
2 04984  53.0000 337.5000 0000001   0.0000 109.6364 15.76629586    08
Starlink-340 4984
1 04985U 00000ABC 00001.00000000  .00000000  00000-0  00000+0 0    09
2 04985  53.0000 337.5000 0000001   0.0000 112.9091 15.76629586    03
Starlink-340 4985
1 04986U 00000ABC 00001.00000000  .00000000  00000-0  00000+0 0    00
2 04986  53.0000 337.5000 0000001   0.0000 116.1818 15.76629586    07
Starlink-340 4986
1 04987U 00000ABC 00001.00000000  .00000000  00000-0  00000+0 0    01
2 04987  53.0000 337.5000 0000001   0.0000 119.4545 15.76629586    01
Starlink-340 4987
1 04988U 00000ABC 00001.00000000  .00000000  00000-0  00000+0 0    02
2 04988  53.0000 337.5000 0000001   0.0000 122.7273 15.76629586    07
Starlink-340 4988
1 04989U 00000ABC 00001.00000000  .00000000  00000-0  00000+0 0    03
2 04989  53.0000 337.5000 0000001   0.0000 126.0000 15.76629586    03
Starlink-340 4989
1 04990U 00000ABC 00001.00000000  .00000000  00000-0  00000+0 0    05
2 04990  53.0000 337.5000 0000001   0.0000 129.2727 15.76629586    06
Starlink-340 4990
1 04991U 00000ABC 00001.00000000  .00000000  00000-0  00000+0 0    06
2 04991  53.0000 337.5000 0000001   0.0000 132.5455 15.76629586    02
Starlink-340 4991
1 04992U 00000ABC 00001.00000000  .00000000  00000-0  00000+0 0    07
2 04992  53.0000 337.5000 0000001   0.0000 135.8182 15.76629586    06
Starlink-340 4992
1 04993U 00000ABC 00001.00000000  .00000000  00000-0  00000+0 0    08
2 04993  53.0000 337.5000 0000001   0.0000 139.0909 15.76629586    00
Starlink-340 4993
1 04994U 00000ABC 00001.00000000  .00000000  00000-0  00000+0 0    09
2 04994  53.0000 337.5000 0000001   0.0000 142.3636 15.76629586    05
Starlink-340 4994
1 04995U 00000ABC 00001.00000000  .00000000  00000-0  00000+0 0    00
2 04995  53.0000 337.5000 0000001   0.0000 145.6364 15.76629586    00
Starlink-340 4995
1 04996U 00000ABC 00001.00000000  .00000000  00000-0  00000+0 0    01
2 04996  53.0000 337.5000 0000001   0.0000 148.9091 15.76629586    04
Starlink-340 4996
1 04997U 00000ABC 00001.00000000  .00000000  00000-0  00000+0 0    02
2 04997  53.0000 337.5000 0000001   0.0000 152.1818 15.76629586    09
Starlink-340 4997
1 04998U 00000ABC 00001.00000000  .00000000  00000-0  00000+0 0    03
2 04998  53.0000 337.5000 0000001   0.0000 155.4545 15.76629586    03
Starlink-340 4998
1 04999U 00000ABC 00001.00000000  .00000000  00000-0  00000+0 0    04
2 04999  53.0000 337.5000 0000001   0.0000 158.7273 15.76629586    08
Starlink-340 4999
1 05000U 00000ABC 00001.00000000  .00000000  00000-0  00000+0 0    08
2 05000  53.0000 337.5000 0000001   0.0000 162.0000 15.76629586    08
Starlink-340 5000
1 05001U 00000ABC 00001.00000000  .00000000  00000-0  00000+0 0    09
2 05001  53.0000 337.5000 0000001   0.0000 165.2727 15.76629586    00
Starlink-340 5001
1 05002U 00000ABC 00001.00000000  .00000000  00000-0  00000+0 0    00
2 05002  53.0000 337.5000 0000001   0.0000 168.5455 15.76629586    05
Starlink-340 5002
1 05003U 00000ABC 00001.00000000  .00000000  00000-0  00000+0 0    01
2 05003  53.0000 337.5000 0000001   0.0000 171.8182 15.76629586    00
Starlink-340 5003
1 05004U 00000ABC 00001.00000000  .00000000  00000-0  00000+0 0    02
2 05004  53.0000 337.5000 0000001   0.0000 175.0909 15.76629586    04
Starlink-340 5004
1 05005U 00000ABC 00001.00000000  .00000000  00000-0  00000+0 0    03
2 05005  53.0000 337.5000 0000001   0.0000 178.3636 15.76629586    08
Starlink-340 5005
1 05006U 00000ABC 00001.00000000  .00000000  00000-0  00000+0 0    04
2 05006  53.0000 337.5000 0000001   0.0000 181.6364 15.76629586    04
Starlink-340 5006
1 05007U 00000ABC 00001.00000000  .00000000  00000-0  00000+0 0    05
2 05007  53.0000 337.5000 0000001   0.0000 184.9091 15.76629586    08
Starlink-340 5007
1 05008U 00000ABC 00001.00000000  .00000000  00000-0  00000+0 0    06
2 05008  53.0000 337.5000 0000001   0.0000 188.1818 15.76629586    02
Starlink-340 5008
1 05009U 00000ABC 00001.00000000  .00000000  00000-0  00000+0 0    07
2 05009  53.0000 337.5000 0000001   0.0000 191.4545 15.76629586    07
Starlink-340 5009
1 05010U 00000ABC 00001.00000000  .00000000  00000-0  00000+0 0    09
2 05010  53.0000 337.5000 0000001   0.0000 194.7273 15.76629586    03
Starlink-340 5010
1 05011U 00000ABC 00001.00000000  .00000000  00000-0  00000+0 0    00
2 05011  53.0000 337.5000 0000001   0.0000 198.0000 15.76629586    09
Starlink-340 5011
1 05012U 00000ABC 00001.00000000  .00000000  00000-0  00000+0 0    01
2 05012  53.0000 337.5000 0000001   0.0000 201.2727 15.76629586    03
Starlink-340 5012
1 05013U 00000ABC 00001.00000000  .00000000  00000-0  00000+0 0    02
2 05013  53.0000 337.5000 0000001   0.0000 204.5455 15.76629586    08
Starlink-340 5013
1 05014U 00000ABC 00001.00000000  .00000000  00000-0  00000+0 0    03
2 05014  53.0000 337.5000 0000001   0.0000 207.8182 15.76629586    02
Starlink-340 5014
1 05015U 00000ABC 00001.00000000  .00000000  00000-0  00000+0 0    04
2 05015  53.0000 337.5000 0000001   0.0000 211.0909 15.76629586    07
Starlink-340 5015
1 05016U 00000ABC 00001.00000000  .00000000  00000-0  00000+0 0    05
2 05016  53.0000 337.5000 0000001   0.0000 214.3636 15.76629586    01
Starlink-340 5016
1 05017U 00000ABC 00001.00000000  .00000000  00000-0  00000+0 0    06
2 05017  53.0000 337.5000 0000001   0.0000 217.6364 15.76629586    06
Starlink-340 5017
1 05018U 00000ABC 00001.00000000  .00000000  00000-0  00000+0 0    07
2 05018  53.0000 337.5000 0000001   0.0000 220.9091 15.76629586    01
Starlink-340 5018
1 05019U 00000ABC 00001.00000000  .00000000  00000-0  00000+0 0    08
2 05019  53.0000 337.5000 0000001   0.0000 224.1818 15.76629586    05
Starlink-340 5019
1 05020U 00000ABC 00001.00000000  .00000000  00000-0  00000+0 0    00
2 05020  53.0000 337.5000 0000001   0.0000 227.4545 15.76629586    00
Starlink-340 5020
1 05021U 00000ABC 00001.00000000  .00000000  00000-0  00000+0 0    01
2 05021  53.0000 337.5000 0000001   0.0000 230.7273 15.76629586    06
Starlink-340 5021
1 05022U 00000ABC 00001.00000000  .00000000  00000-0  00000+0 0    02
2 05022  53.0000 337.5000 0000001   0.0000 234.0000 15.76629586    02
Starlink-340 5022
1 05023U 00000ABC 00001.00000000  .00000000  00000-0  00000+0 0    03
2 05023  53.0000 337.5000 0000001   0.0000 237.2727 15.76629586    04
Starlink-340 5023
1 05024U 00000ABC 00001.00000000  .00000000  00000-0  00000+0 0    04
2 05024  53.0000 337.5000 0000001   0.0000 240.5455 15.76629586    00
Starlink-340 5024
1 05025U 00000ABC 00001.00000000  .00000000  00000-0  00000+0 0    05
2 05025  53.0000 337.5000 0000001   0.0000 243.8182 15.76629586    04
Starlink-340 5025
1 05026U 00000ABC 00001.00000000  .00000000  00000-0  00000+0 0    06
2 05026  53.0000 337.5000 0000001   0.0000 247.0909 15.76629586    08
Starlink-340 5026
1 05027U 00000ABC 00001.00000000  .00000000  00000-0  00000+0 0    07
2 05027  53.0000 337.5000 0000001   0.0000 250.3636 15.76629586    03
Starlink-340 5027
1 05028U 00000ABC 00001.00000000  .00000000  00000-0  00000+0 0    08
2 05028  53.0000 337.5000 0000001   0.0000 253.6364 15.76629586    08
Starlink-340 5028
1 05029U 00000ABC 00001.00000000  .00000000  00000-0  00000+0 0    09
2 05029  53.0000 337.5000 0000001   0.0000 256.9091 15.76629586    02
Starlink-340 5029
1 05030U 00000ABC 00001.00000000  .00000000  00000-0  00000+0 0    01
2 05030  53.0000 337.5000 0000001   0.0000 260.1818 15.76629586    08
Starlink-340 5030
1 05031U 00000ABC 00001.00000000  .00000000  00000-0  00000+0 0    02
2 05031  53.0000 337.5000 0000001   0.0000 263.4545 15.76629586    02
Starlink-340 5031
1 05032U 00000ABC 00001.00000000  .00000000  00000-0  00000+0 0    03
2 05032  53.0000 337.5000 0000001   0.0000 266.7273 15.76629586    07
Starlink-340 5032
1 05033U 00000ABC 00001.00000000  .00000000  00000-0  00000+0 0    04
2 05033  53.0000 337.5000 0000001   0.0000 270.0000 15.76629586    04
Starlink-340 5033
1 05034U 00000ABC 00001.00000000  .00000000  00000-0  00000+0 0    05
2 05034  53.0000 337.5000 0000001   0.0000 273.2727 15.76629586    06
Starlink-340 5034
1 05035U 00000ABC 00001.00000000  .00000000  00000-0  00000+0 0    06
2 05035  53.0000 337.5000 0000001   0.0000 276.5455 15.76629586    01
Starlink-340 5035
1 05036U 00000ABC 00001.00000000  .00000000  00000-0  00000+0 0    07
2 05036  53.0000 337.5000 0000001   0.0000 279.8182 15.76629586    05
Starlink-340 5036
1 05037U 00000ABC 00001.00000000  .00000000  00000-0  00000+0 0    08
2 05037  53.0000 337.5000 0000001   0.0000 283.0909 15.76629586    00
Starlink-340 5037
1 05038U 00000ABC 00001.00000000  .00000000  00000-0  00000+0 0    09
2 05038  53.0000 337.5000 0000001   0.0000 286.3636 15.76629586    04
Starlink-340 5038
1 05039U 00000ABC 00001.00000000  .00000000  00000-0  00000+0 0    00
2 05039  53.0000 337.5000 0000001   0.0000 289.6364 15.76629586    09
Starlink-340 5039
1 05040U 00000ABC 00001.00000000  .00000000  00000-0  00000+0 0    02
2 05040  53.0000 337.5000 0000001   0.0000 292.9091 15.76629586    05
Starlink-340 5040
1 05041U 00000ABC 00001.00000000  .00000000  00000-0  00000+0 0    03
2 05041  53.0000 337.5000 0000001   0.0000 296.1818 15.76629586    09
Starlink-340 5041
1 05042U 00000ABC 00001.00000000  .00000000  00000-0  00000+0 0    04
2 05042  53.0000 337.5000 0000001   0.0000 299.4545 15.76629586    03
Starlink-340 5042
1 05043U 00000ABC 00001.00000000  .00000000  00000-0  00000+0 0    05
2 05043  53.0000 337.5000 0000001   0.0000 302.7273 15.76629586    00
Starlink-340 5043
1 05044U 00000ABC 00001.00000000  .00000000  00000-0  00000+0 0    06
2 05044  53.0000 337.5000 0000001   0.0000 306.0000 15.76629586    06
Starlink-340 5044
1 05045U 00000ABC 00001.00000000  .00000000  00000-0  00000+0 0    07
2 05045  53.0000 337.5000 0000001   0.0000 309.2727 15.76629586    08
Starlink-340 5045
1 05046U 00000ABC 00001.00000000  .00000000  00000-0  00000+0 0    08
2 05046  53.0000 337.5000 0000001   0.0000 312.5455 15.76629586    04
Starlink-340 5046
1 05047U 00000ABC 00001.00000000  .00000000  00000-0  00000+0 0    09
2 05047  53.0000 337.5000 0000001   0.0000 315.8182 15.76629586    08
Starlink-340 5047
1 05048U 00000ABC 00001.00000000  .00000000  00000-0  00000+0 0    00
2 05048  53.0000 337.5000 0000001   0.0000 319.0909 15.76629586    02
Starlink-340 5048
1 05049U 00000ABC 00001.00000000  .00000000  00000-0  00000+0 0    01
2 05049  53.0000 337.5000 0000001   0.0000 322.3636 15.76629586    07
Starlink-340 5049
1 05050U 00000ABC 00001.00000000  .00000000  00000-0  00000+0 0    03
2 05050  53.0000 337.5000 0000001   0.0000 325.6364 15.76629586    03
Starlink-340 5050
1 05051U 00000ABC 00001.00000000  .00000000  00000-0  00000+0 0    04
2 05051  53.0000 337.5000 0000001   0.0000 328.9091 15.76629586    07
Starlink-340 5051
1 05052U 00000ABC 00001.00000000  .00000000  00000-0  00000+0 0    05
2 05052  53.0000 337.5000 0000001   0.0000 332.1818 15.76629586    02
Starlink-340 5052
1 05053U 00000ABC 00001.00000000  .00000000  00000-0  00000+0 0    06
2 05053  53.0000 337.5000 0000001   0.0000 335.4545 15.76629586    06
Starlink-340 5053
1 05054U 00000ABC 00001.00000000  .00000000  00000-0  00000+0 0    07
2 05054  53.0000 337.5000 0000001   0.0000 338.7273 15.76629586    01
Starlink-340 5054
1 05055U 00000ABC 00001.00000000  .00000000  00000-0  00000+0 0    08
2 05055  53.0000 337.5000 0000001   0.0000 342.0000 15.76629586    08
Starlink-340 5055
1 05056U 00000ABC 00001.00000000  .00000000  00000-0  00000+0 0    09
2 05056  53.0000 337.5000 0000001   0.0000 345.2727 15.76629586    00
Starlink-340 5056
1 05057U 00000ABC 00001.00000000  .00000000  00000-0  00000+0 0    00
2 05057  53.0000 337.5000 0000001   0.0000 348.5455 15.76629586    05
Starlink-340 5057
1 05058U 00000ABC 00001.00000000  .00000000  00000-0  00000+0 0    01
2 05058  53.0000 337.5000 0000001   0.0000 351.8182 15.76629586    00
Starlink-340 5058
1 05059U 00000ABC 00001.00000000  .00000000  00000-0  00000+0 0    02
2 05059  53.0000 337.5000 0000001   0.0000 355.0909 15.76629586    04
Starlink-340 5059
1 05060U 00000ABC 00001.00000000  .00000000  00000-0  00000+0 0    04
2 05060  53.0000 337.5000 0000001   0.0000 358.3636 15.76629586    09
Starlink-340 5060
1 05061U 00000ABC 00001.00000000  .00000000  00000-0  00000+0 0    05
2 05061  53.0000 345.0000 0000001   0.0000   0.0000 15.76629586    00
Starlink-340 5061
1 05062U 00000ABC 00001.00000000  .00000000  00000-0  00000+0 0    06
2 05062  53.0000 345.0000 0000001   0.0000   3.2727 15.76629586    02
Starlink-340 5062
1 05063U 00000ABC 00001.00000000  .00000000  00000-0  00000+0 0    07
2 05063  53.0000 345.0000 0000001   0.0000   6.5455 15.76629586    07
Starlink-340 5063
1 05064U 00000ABC 00001.00000000  .00000000  00000-0  00000+0 0    08
2 05064  53.0000 345.0000 0000001   0.0000   9.8182 15.76629586    01
Starlink-340 5064
1 05065U 00000ABC 00001.00000000  .00000000  00000-0  00000+0 0    09
2 05065  53.0000 345.0000 0000001   0.0000  13.0909 15.76629586    06
Starlink-340 5065
1 05066U 00000ABC 00001.00000000  .00000000  00000-0  00000+0 0    00
2 05066  53.0000 345.0000 0000001   0.0000  16.3636 15.76629586    00
Starlink-340 5066
1 05067U 00000ABC 00001.00000000  .00000000  00000-0  00000+0 0    01
2 05067  53.0000 345.0000 0000001   0.0000  19.6364 15.76629586    05
Starlink-340 5067
1 05068U 00000ABC 00001.00000000  .00000000  00000-0  00000+0 0    02
2 05068  53.0000 345.0000 0000001   0.0000  22.9091 15.76629586    00
Starlink-340 5068
1 05069U 00000ABC 00001.00000000  .00000000  00000-0  00000+0 0    03
2 05069  53.0000 345.0000 0000001   0.0000  26.1818 15.76629586    04
Starlink-340 5069
1 05070U 00000ABC 00001.00000000  .00000000  00000-0  00000+0 0    05
2 05070  53.0000 345.0000 0000001   0.0000  29.4545 15.76629586    09
Starlink-340 5070
1 05071U 00000ABC 00001.00000000  .00000000  00000-0  00000+0 0    06
2 05071  53.0000 345.0000 0000001   0.0000  32.7273 15.76629586    05
Starlink-340 5071
1 05072U 00000ABC 00001.00000000  .00000000  00000-0  00000+0 0    07
2 05072  53.0000 345.0000 0000001   0.0000  36.0000 15.76629586    01
Starlink-340 5072
1 05073U 00000ABC 00001.00000000  .00000000  00000-0  00000+0 0    08
2 05073  53.0000 345.0000 0000001   0.0000  39.2727 15.76629586    03
Starlink-340 5073
1 05074U 00000ABC 00001.00000000  .00000000  00000-0  00000+0 0    09
2 05074  53.0000 345.0000 0000001   0.0000  42.5455 15.76629586    09
Starlink-340 5074
1 05075U 00000ABC 00001.00000000  .00000000  00000-0  00000+0 0    00
2 05075  53.0000 345.0000 0000001   0.0000  45.8182 15.76629586    03
Starlink-340 5075
1 05076U 00000ABC 00001.00000000  .00000000  00000-0  00000+0 0    01
2 05076  53.0000 345.0000 0000001   0.0000  49.0909 15.76629586    07
Starlink-340 5076
1 05077U 00000ABC 00001.00000000  .00000000  00000-0  00000+0 0    02
2 05077  53.0000 345.0000 0000001   0.0000  52.3636 15.76629586    02
Starlink-340 5077
1 05078U 00000ABC 00001.00000000  .00000000  00000-0  00000+0 0    03
2 05078  53.0000 345.0000 0000001   0.0000  55.6364 15.76629586    07
Starlink-340 5078
1 05079U 00000ABC 00001.00000000  .00000000  00000-0  00000+0 0    04
2 05079  53.0000 345.0000 0000001   0.0000  58.9091 15.76629586    01
Starlink-340 5079
1 05080U 00000ABC 00001.00000000  .00000000  00000-0  00000+0 0    06
2 05080  53.0000 345.0000 0000001   0.0000  62.1818 15.76629586    07
Starlink-340 5080
1 05081U 00000ABC 00001.00000000  .00000000  00000-0  00000+0 0    07
2 05081  53.0000 345.0000 0000001   0.0000  65.4545 15.76629586    01
Starlink-340 5081
1 05082U 00000ABC 00001.00000000  .00000000  00000-0  00000+0 0    08
2 05082  53.0000 345.0000 0000001   0.0000  68.7273 15.76629586    06
Starlink-340 5082
1 05083U 00000ABC 00001.00000000  .00000000  00000-0  00000+0 0    09
2 05083  53.0000 345.0000 0000001   0.0000  72.0000 15.76629586    03
Starlink-340 5083
1 05084U 00000ABC 00001.00000000  .00000000  00000-0  00000+0 0    00
2 05084  53.0000 345.0000 0000001   0.0000  75.2727 15.76629586    05
Starlink-340 5084
1 05085U 00000ABC 00001.00000000  .00000000  00000-0  00000+0 0    01
2 05085  53.0000 345.0000 0000001   0.0000  78.5455 15.76629586    00
Starlink-340 5085
1 05086U 00000ABC 00001.00000000  .00000000  00000-0  00000+0 0    02
2 05086  53.0000 345.0000 0000001   0.0000  81.8182 15.76629586    05
Starlink-340 5086
1 05087U 00000ABC 00001.00000000  .00000000  00000-0  00000+0 0    03
2 05087  53.0000 345.0000 0000001   0.0000  85.0909 15.76629586    09
Starlink-340 5087
1 05088U 00000ABC 00001.00000000  .00000000  00000-0  00000+0 0    04
2 05088  53.0000 345.0000 0000001   0.0000  88.3636 15.76629586    03
Starlink-340 5088
1 05089U 00000ABC 00001.00000000  .00000000  00000-0  00000+0 0    05
2 05089  53.0000 345.0000 0000001   0.0000  91.6364 15.76629586    09
Starlink-340 5089
1 05090U 00000ABC 00001.00000000  .00000000  00000-0  00000+0 0    07
2 05090  53.0000 345.0000 0000001   0.0000  94.9091 15.76629586    04
Starlink-340 5090
1 05091U 00000ABC 00001.00000000  .00000000  00000-0  00000+0 0    08
2 05091  53.0000 345.0000 0000001   0.0000  98.1818 15.76629586    08
Starlink-340 5091
1 05092U 00000ABC 00001.00000000  .00000000  00000-0  00000+0 0    09
2 05092  53.0000 345.0000 0000001   0.0000 101.4545 15.76629586    04
Starlink-340 5092
1 05093U 00000ABC 00001.00000000  .00000000  00000-0  00000+0 0    00
2 05093  53.0000 345.0000 0000001   0.0000 104.7273 15.76629586    09
Starlink-340 5093
1 05094U 00000ABC 00001.00000000  .00000000  00000-0  00000+0 0    01
2 05094  53.0000 345.0000 0000001   0.0000 108.0000 15.76629586    05
Starlink-340 5094
1 05095U 00000ABC 00001.00000000  .00000000  00000-0  00000+0 0    02
2 05095  53.0000 345.0000 0000001   0.0000 111.2727 15.76629586    08
Starlink-340 5095
1 05096U 00000ABC 00001.00000000  .00000000  00000-0  00000+0 0    03
2 05096  53.0000 345.0000 0000001   0.0000 114.5455 15.76629586    03
Starlink-340 5096
1 05097U 00000ABC 00001.00000000  .00000000  00000-0  00000+0 0    04
2 05097  53.0000 345.0000 0000001   0.0000 117.8182 15.76629586    07
Starlink-340 5097
1 05098U 00000ABC 00001.00000000  .00000000  00000-0  00000+0 0    05
2 05098  53.0000 345.0000 0000001   0.0000 121.0909 15.76629586    02
Starlink-340 5098
1 05099U 00000ABC 00001.00000000  .00000000  00000-0  00000+0 0    06
2 05099  53.0000 345.0000 0000001   0.0000 124.3636 15.76629586    06
Starlink-340 5099
1 05100U 00000ABC 00001.00000000  .00000000  00000-0  00000+0 0    09
2 05100  53.0000 345.0000 0000001   0.0000 127.6364 15.76629586    03
Starlink-340 5100
1 05101U 00000ABC 00001.00000000  .00000000  00000-0  00000+0 0    00
2 05101  53.0000 345.0000 0000001   0.0000 130.9091 15.76629586    08
Starlink-340 5101
1 05102U 00000ABC 00001.00000000  .00000000  00000-0  00000+0 0    01
2 05102  53.0000 345.0000 0000001   0.0000 134.1818 15.76629586    02
Starlink-340 5102
1 05103U 00000ABC 00001.00000000  .00000000  00000-0  00000+0 0    02
2 05103  53.0000 345.0000 0000001   0.0000 137.4545 15.76629586    06
Starlink-340 5103
1 05104U 00000ABC 00001.00000000  .00000000  00000-0  00000+0 0    03
2 05104  53.0000 345.0000 0000001   0.0000 140.7273 15.76629586    02
Starlink-340 5104
1 05105U 00000ABC 00001.00000000  .00000000  00000-0  00000+0 0    04
2 05105  53.0000 345.0000 0000001   0.0000 144.0000 15.76629586    08
Starlink-340 5105
1 05106U 00000ABC 00001.00000000  .00000000  00000-0  00000+0 0    05
2 05106  53.0000 345.0000 0000001   0.0000 147.2727 15.76629586    00
Starlink-340 5106
1 05107U 00000ABC 00001.00000000  .00000000  00000-0  00000+0 0    06
2 05107  53.0000 345.0000 0000001   0.0000 150.5455 15.76629586    06
Starlink-340 5107
1 05108U 00000ABC 00001.00000000  .00000000  00000-0  00000+0 0    07
2 05108  53.0000 345.0000 0000001   0.0000 153.8182 15.76629586    00
Starlink-340 5108
1 05109U 00000ABC 00001.00000000  .00000000  00000-0  00000+0 0    08
2 05109  53.0000 345.0000 0000001   0.0000 157.0909 15.76629586    04
Starlink-340 5109
1 05110U 00000ABC 00001.00000000  .00000000  00000-0  00000+0 0    00
2 05110  53.0000 345.0000 0000001   0.0000 160.3636 15.76629586    00
Starlink-340 5110
1 05111U 00000ABC 00001.00000000  .00000000  00000-0  00000+0 0    01
2 05111  53.0000 345.0000 0000001   0.0000 163.6364 15.76629586    05
Starlink-340 5111
1 05112U 00000ABC 00001.00000000  .00000000  00000-0  00000+0 0    02
2 05112  53.0000 345.0000 0000001   0.0000 166.9091 15.76629586    09
Starlink-340 5112
1 05113U 00000ABC 00001.00000000  .00000000  00000-0  00000+0 0    03
2 05113  53.0000 345.0000 0000001   0.0000 170.1818 15.76629586    04
Starlink-340 5113
1 05114U 00000ABC 00001.00000000  .00000000  00000-0  00000+0 0    04
2 05114  53.0000 345.0000 0000001   0.0000 173.4545 15.76629586    08
Starlink-340 5114
1 05115U 00000ABC 00001.00000000  .00000000  00000-0  00000+0 0    05
2 05115  53.0000 345.0000 0000001   0.0000 176.7273 15.76629586    03
Starlink-340 5115
1 05116U 00000ABC 00001.00000000  .00000000  00000-0  00000+0 0    06
2 05116  53.0000 345.0000 0000001   0.0000 180.0000 15.76629586    00
Starlink-340 5116
1 05117U 00000ABC 00001.00000000  .00000000  00000-0  00000+0 0    07
2 05117  53.0000 345.0000 0000001   0.0000 183.2727 15.76629586    02
Starlink-340 5117
1 05118U 00000ABC 00001.00000000  .00000000  00000-0  00000+0 0    08
2 05118  53.0000 345.0000 0000001   0.0000 186.5455 15.76629586    07
Starlink-340 5118
1 05119U 00000ABC 00001.00000000  .00000000  00000-0  00000+0 0    09
2 05119  53.0000 345.0000 0000001   0.0000 189.8182 15.76629586    01
Starlink-340 5119
1 05120U 00000ABC 00001.00000000  .00000000  00000-0  00000+0 0    01
2 05120  53.0000 345.0000 0000001   0.0000 193.0909 15.76629586    07
Starlink-340 5120
1 05121U 00000ABC 00001.00000000  .00000000  00000-0  00000+0 0    02
2 05121  53.0000 345.0000 0000001   0.0000 196.3636 15.76629586    01
Starlink-340 5121
1 05122U 00000ABC 00001.00000000  .00000000  00000-0  00000+0 0    03
2 05122  53.0000 345.0000 0000001   0.0000 199.6364 15.76629586    06
Starlink-340 5122
1 05123U 00000ABC 00001.00000000  .00000000  00000-0  00000+0 0    04
2 05123  53.0000 345.0000 0000001   0.0000 202.9091 15.76629586    02
Starlink-340 5123
1 05124U 00000ABC 00001.00000000  .00000000  00000-0  00000+0 0    05
2 05124  53.0000 345.0000 0000001   0.0000 206.1818 15.76629586    06
Starlink-340 5124
1 05125U 00000ABC 00001.00000000  .00000000  00000-0  00000+0 0    06
2 05125  53.0000 345.0000 0000001   0.0000 209.4545 15.76629586    00
Starlink-340 5125
1 05126U 00000ABC 00001.00000000  .00000000  00000-0  00000+0 0    07
2 05126  53.0000 345.0000 0000001   0.0000 212.7273 15.76629586    06
Starlink-340 5126
1 05127U 00000ABC 00001.00000000  .00000000  00000-0  00000+0 0    08
2 05127  53.0000 345.0000 0000001   0.0000 216.0000 15.76629586    02
Starlink-340 5127
1 05128U 00000ABC 00001.00000000  .00000000  00000-0  00000+0 0    09
2 05128  53.0000 345.0000 0000001   0.0000 219.2727 15.76629586    04
Starlink-340 5128
1 05129U 00000ABC 00001.00000000  .00000000  00000-0  00000+0 0    00
2 05129  53.0000 345.0000 0000001   0.0000 222.5455 15.76629586    00
Starlink-340 5129
1 05130U 00000ABC 00001.00000000  .00000000  00000-0  00000+0 0    02
2 05130  53.0000 345.0000 0000001   0.0000 225.8182 15.76629586    05
Starlink-340 5130
1 05131U 00000ABC 00001.00000000  .00000000  00000-0  00000+0 0    03
2 05131  53.0000 345.0000 0000001   0.0000 229.0909 15.76629586    09
Starlink-340 5131
1 05132U 00000ABC 00001.00000000  .00000000  00000-0  00000+0 0    04
2 05132  53.0000 345.0000 0000001   0.0000 232.3636 15.76629586    04
Starlink-340 5132
1 05133U 00000ABC 00001.00000000  .00000000  00000-0  00000+0 0    05
2 05133  53.0000 345.0000 0000001   0.0000 235.6364 15.76629586    09
Starlink-340 5133
1 05134U 00000ABC 00001.00000000  .00000000  00000-0  00000+0 0    06
2 05134  53.0000 345.0000 0000001   0.0000 238.9091 15.76629586    03
Starlink-340 5134
1 05135U 00000ABC 00001.00000000  .00000000  00000-0  00000+0 0    07
2 05135  53.0000 345.0000 0000001   0.0000 242.1818 15.76629586    08
Starlink-340 5135
1 05136U 00000ABC 00001.00000000  .00000000  00000-0  00000+0 0    08
2 05136  53.0000 345.0000 0000001   0.0000 245.4545 15.76629586    02
Starlink-340 5136
1 05137U 00000ABC 00001.00000000  .00000000  00000-0  00000+0 0    09
2 05137  53.0000 345.0000 0000001   0.0000 248.7273 15.76629586    07
Starlink-340 5137
1 05138U 00000ABC 00001.00000000  .00000000  00000-0  00000+0 0    00
2 05138  53.0000 345.0000 0000001   0.0000 252.0000 15.76629586    04
Starlink-340 5138
1 05139U 00000ABC 00001.00000000  .00000000  00000-0  00000+0 0    01
2 05139  53.0000 345.0000 0000001   0.0000 255.2727 15.76629586    06
Starlink-340 5139
1 05140U 00000ABC 00001.00000000  .00000000  00000-0  00000+0 0    03
2 05140  53.0000 345.0000 0000001   0.0000 258.5455 15.76629586    02
Starlink-340 5140
1 05141U 00000ABC 00001.00000000  .00000000  00000-0  00000+0 0    04
2 05141  53.0000 345.0000 0000001   0.0000 261.8182 15.76629586    07
Starlink-340 5141
1 05142U 00000ABC 00001.00000000  .00000000  00000-0  00000+0 0    05
2 05142  53.0000 345.0000 0000001   0.0000 265.0909 15.76629586    01
Starlink-340 5142
1 05143U 00000ABC 00001.00000000  .00000000  00000-0  00000+0 0    06
2 05143  53.0000 345.0000 0000001   0.0000 268.3636 15.76629586    05
Starlink-340 5143
1 05144U 00000ABC 00001.00000000  .00000000  00000-0  00000+0 0    07
2 05144  53.0000 345.0000 0000001   0.0000 271.6364 15.76629586    01
Starlink-340 5144
1 05145U 00000ABC 00001.00000000  .00000000  00000-0  00000+0 0    08
2 05145  53.0000 345.0000 0000001   0.0000 274.9091 15.76629586    05
Starlink-340 5145
1 05146U 00000ABC 00001.00000000  .00000000  00000-0  00000+0 0    09
2 05146  53.0000 345.0000 0000001   0.0000 278.1818 15.76629586    09
Starlink-340 5146
1 05147U 00000ABC 00001.00000000  .00000000  00000-0  00000+0 0    00
2 05147  53.0000 345.0000 0000001   0.0000 281.4545 15.76629586    04
Starlink-340 5147
1 05148U 00000ABC 00001.00000000  .00000000  00000-0  00000+0 0    01
2 05148  53.0000 345.0000 0000001   0.0000 284.7273 15.76629586    09
Starlink-340 5148
1 05149U 00000ABC 00001.00000000  .00000000  00000-0  00000+0 0    02
2 05149  53.0000 345.0000 0000001   0.0000 288.0000 15.76629586    05
Starlink-340 5149
1 05150U 00000ABC 00001.00000000  .00000000  00000-0  00000+0 0    04
2 05150  53.0000 345.0000 0000001   0.0000 291.2727 15.76629586    09
Starlink-340 5150
1 05151U 00000ABC 00001.00000000  .00000000  00000-0  00000+0 0    05
2 05151  53.0000 345.0000 0000001   0.0000 294.5455 15.76629586    04
Starlink-340 5151
1 05152U 00000ABC 00001.00000000  .00000000  00000-0  00000+0 0    06
2 05152  53.0000 345.0000 0000001   0.0000 297.8182 15.76629586    08
Starlink-340 5152
1 05153U 00000ABC 00001.00000000  .00000000  00000-0  00000+0 0    07
2 05153  53.0000 345.0000 0000001   0.0000 301.0909 15.76629586    04
Starlink-340 5153
1 05154U 00000ABC 00001.00000000  .00000000  00000-0  00000+0 0    08
2 05154  53.0000 345.0000 0000001   0.0000 304.3636 15.76629586    08
Starlink-340 5154
1 05155U 00000ABC 00001.00000000  .00000000  00000-0  00000+0 0    09
2 05155  53.0000 345.0000 0000001   0.0000 307.6364 15.76629586    03
Starlink-340 5155
1 05156U 00000ABC 00001.00000000  .00000000  00000-0  00000+0 0    00
2 05156  53.0000 345.0000 0000001   0.0000 310.9091 15.76629586    08
Starlink-340 5156
1 05157U 00000ABC 00001.00000000  .00000000  00000-0  00000+0 0    01
2 05157  53.0000 345.0000 0000001   0.0000 314.1818 15.76629586    02
Starlink-340 5157
1 05158U 00000ABC 00001.00000000  .00000000  00000-0  00000+0 0    02
2 05158  53.0000 345.0000 0000001   0.0000 317.4545 15.76629586    06
Starlink-340 5158
1 05159U 00000ABC 00001.00000000  .00000000  00000-0  00000+0 0    03
2 05159  53.0000 345.0000 0000001   0.0000 320.7273 15.76629586    02
Starlink-340 5159
1 05160U 00000ABC 00001.00000000  .00000000  00000-0  00000+0 0    05
2 05160  53.0000 345.0000 0000001   0.0000 324.0000 15.76629586    09
Starlink-340 5160
1 05161U 00000ABC 00001.00000000  .00000000  00000-0  00000+0 0    06
2 05161  53.0000 345.0000 0000001   0.0000 327.2727 15.76629586    01
Starlink-340 5161
1 05162U 00000ABC 00001.00000000  .00000000  00000-0  00000+0 0    07
2 05162  53.0000 345.0000 0000001   0.0000 330.5455 15.76629586    07
Starlink-340 5162
1 05163U 00000ABC 00001.00000000  .00000000  00000-0  00000+0 0    08
2 05163  53.0000 345.0000 0000001   0.0000 333.8182 15.76629586    01
Starlink-340 5163
1 05164U 00000ABC 00001.00000000  .00000000  00000-0  00000+0 0    09
2 05164  53.0000 345.0000 0000001   0.0000 337.0909 15.76629586    05
Starlink-340 5164
1 05165U 00000ABC 00001.00000000  .00000000  00000-0  00000+0 0    00
2 05165  53.0000 345.0000 0000001   0.0000 340.3636 15.76629586    00
Starlink-340 5165
1 05166U 00000ABC 00001.00000000  .00000000  00000-0  00000+0 0    01
2 05166  53.0000 345.0000 0000001   0.0000 343.6364 15.76629586    05
Starlink-340 5166
1 05167U 00000ABC 00001.00000000  .00000000  00000-0  00000+0 0    02
2 05167  53.0000 345.0000 0000001   0.0000 346.9091 15.76629586    09
Starlink-340 5167
1 05168U 00000ABC 00001.00000000  .00000000  00000-0  00000+0 0    03
2 05168  53.0000 345.0000 0000001   0.0000 350.1818 15.76629586    04
Starlink-340 5168
1 05169U 00000ABC 00001.00000000  .00000000  00000-0  00000+0 0    04
2 05169  53.0000 345.0000 0000001   0.0000 353.4545 15.76629586    08
Starlink-340 5169
1 05170U 00000ABC 00001.00000000  .00000000  00000-0  00000+0 0    06
2 05170  53.0000 345.0000 0000001   0.0000 356.7273 15.76629586    04
Starlink-340 5170
1 05171U 00000ABC 00001.00000000  .00000000  00000-0  00000+0 0    07
2 05171  53.0000 352.5000 0000001   0.0000   1.6364 15.76629586    05
Starlink-340 5171
1 05172U 00000ABC 00001.00000000  .00000000  00000-0  00000+0 0    08
2 05172  53.0000 352.5000 0000001   0.0000   4.9091 15.76629586    09
Starlink-340 5172
1 05173U 00000ABC 00001.00000000  .00000000  00000-0  00000+0 0    09
2 05173  53.0000 352.5000 0000001   0.0000   8.1818 15.76629586    03
Starlink-340 5173
1 05174U 00000ABC 00001.00000000  .00000000  00000-0  00000+0 0    00
2 05174  53.0000 352.5000 0000001   0.0000  11.4545 15.76629586    08
Starlink-340 5174
1 05175U 00000ABC 00001.00000000  .00000000  00000-0  00000+0 0    01
2 05175  53.0000 352.5000 0000001   0.0000  14.7273 15.76629586    03
Starlink-340 5175
1 05176U 00000ABC 00001.00000000  .00000000  00000-0  00000+0 0    02
2 05176  53.0000 352.5000 0000001   0.0000  18.0000 15.76629586    09
Starlink-340 5176
1 05177U 00000ABC 00001.00000000  .00000000  00000-0  00000+0 0    03
2 05177  53.0000 352.5000 0000001   0.0000  21.2727 15.76629586    02
Starlink-340 5177
1 05178U 00000ABC 00001.00000000  .00000000  00000-0  00000+0 0    04
2 05178  53.0000 352.5000 0000001   0.0000  24.5455 15.76629586    07
Starlink-340 5178
1 05179U 00000ABC 00001.00000000  .00000000  00000-0  00000+0 0    05
2 05179  53.0000 352.5000 0000001   0.0000  27.8182 15.76629586    01
Starlink-340 5179
1 05180U 00000ABC 00001.00000000  .00000000  00000-0  00000+0 0    07
2 05180  53.0000 352.5000 0000001   0.0000  31.0909 15.76629586    07
Starlink-340 5180
1 05181U 00000ABC 00001.00000000  .00000000  00000-0  00000+0 0    08
2 05181  53.0000 352.5000 0000001   0.0000  34.3636 15.76629586    01
Starlink-340 5181
1 05182U 00000ABC 00001.00000000  .00000000  00000-0  00000+0 0    09
2 05182  53.0000 352.5000 0000001   0.0000  37.6364 15.76629586    06
Starlink-340 5182
1 05183U 00000ABC 00001.00000000  .00000000  00000-0  00000+0 0    00
2 05183  53.0000 352.5000 0000001   0.0000  40.9091 15.76629586    01
Starlink-340 5183
1 05184U 00000ABC 00001.00000000  .00000000  00000-0  00000+0 0    01
2 05184  53.0000 352.5000 0000001   0.0000  44.1818 15.76629586    05
Starlink-340 5184
1 05185U 00000ABC 00001.00000000  .00000000  00000-0  00000+0 0    02
2 05185  53.0000 352.5000 0000001   0.0000  47.4545 15.76629586    09
Starlink-340 5185
1 05186U 00000ABC 00001.00000000  .00000000  00000-0  00000+0 0    03
2 05186  53.0000 352.5000 0000001   0.0000  50.7273 15.76629586    05
Starlink-340 5186
1 05187U 00000ABC 00001.00000000  .00000000  00000-0  00000+0 0    04
2 05187  53.0000 352.5000 0000001   0.0000  54.0000 15.76629586    01
Starlink-340 5187
1 05188U 00000ABC 00001.00000000  .00000000  00000-0  00000+0 0    05
2 05188  53.0000 352.5000 0000001   0.0000  57.2727 15.76629586    03
Starlink-340 5188
1 05189U 00000ABC 00001.00000000  .00000000  00000-0  00000+0 0    06
2 05189  53.0000 352.5000 0000001   0.0000  60.5455 15.76629586    09
Starlink-340 5189
1 05190U 00000ABC 00001.00000000  .00000000  00000-0  00000+0 0    08
2 05190  53.0000 352.5000 0000001   0.0000  63.8182 15.76629586    04
Starlink-340 5190
1 05191U 00000ABC 00001.00000000  .00000000  00000-0  00000+0 0    09
2 05191  53.0000 352.5000 0000001   0.0000  67.0909 15.76629586    08
Starlink-340 5191
1 05192U 00000ABC 00001.00000000  .00000000  00000-0  00000+0 0    00
2 05192  53.0000 352.5000 0000001   0.0000  70.3636 15.76629586    03
Starlink-340 5192
1 05193U 00000ABC 00001.00000000  .00000000  00000-0  00000+0 0    01
2 05193  53.0000 352.5000 0000001   0.0000  73.6364 15.76629586    08
Starlink-340 5193
1 05194U 00000ABC 00001.00000000  .00000000  00000-0  00000+0 0    02
2 05194  53.0000 352.5000 0000001   0.0000  76.9091 15.76629586    02
Starlink-340 5194
1 05195U 00000ABC 00001.00000000  .00000000  00000-0  00000+0 0    03
2 05195  53.0000 352.5000 0000001   0.0000  80.1818 15.76629586    07
Starlink-340 5195
1 05196U 00000ABC 00001.00000000  .00000000  00000-0  00000+0 0    04
2 05196  53.0000 352.5000 0000001   0.0000  83.4545 15.76629586    01
Starlink-340 5196
1 05197U 00000ABC 00001.00000000  .00000000  00000-0  00000+0 0    05
2 05197  53.0000 352.5000 0000001   0.0000  86.7273 15.76629586    06
Starlink-340 5197
1 05198U 00000ABC 00001.00000000  .00000000  00000-0  00000+0 0    06
2 05198  53.0000 352.5000 0000001   0.0000  90.0000 15.76629586    03
Starlink-340 5198
1 05199U 00000ABC 00001.00000000  .00000000  00000-0  00000+0 0    07
2 05199  53.0000 352.5000 0000001   0.0000  93.2727 15.76629586    05
Starlink-340 5199
1 05200U 00000ABC 00001.00000000  .00000000  00000-0  00000+0 0    00
2 05200  53.0000 352.5000 0000001   0.0000  96.5455 15.76629586    02
Starlink-340 5200
1 05201U 00000ABC 00001.00000000  .00000000  00000-0  00000+0 0    01
2 05201  53.0000 352.5000 0000001   0.0000  99.8182 15.76629586    06
Starlink-340 5201
1 05202U 00000ABC 00001.00000000  .00000000  00000-0  00000+0 0    02
2 05202  53.0000 352.5000 0000001   0.0000 103.0909 15.76629586    02
Starlink-340 5202
1 05203U 00000ABC 00001.00000000  .00000000  00000-0  00000+0 0    03
2 05203  53.0000 352.5000 0000001   0.0000 106.3636 15.76629586    06
Starlink-340 5203
1 05204U 00000ABC 00001.00000000  .00000000  00000-0  00000+0 0    04
2 05204  53.0000 352.5000 0000001   0.0000 109.6364 15.76629586    01
Starlink-340 5204
1 05205U 00000ABC 00001.00000000  .00000000  00000-0  00000+0 0    05
2 05205  53.0000 352.5000 0000001   0.0000 112.9091 15.76629586    06
Starlink-340 5205
1 05206U 00000ABC 00001.00000000  .00000000  00000-0  00000+0 0    06
2 05206  53.0000 352.5000 0000001   0.0000 116.1818 15.76629586    00
Starlink-340 5206
1 05207U 00000ABC 00001.00000000  .00000000  00000-0  00000+0 0    07
2 05207  53.0000 352.5000 0000001   0.0000 119.4545 15.76629586    04
Starlink-340 5207
1 05208U 00000ABC 00001.00000000  .00000000  00000-0  00000+0 0    08
2 05208  53.0000 352.5000 0000001   0.0000 122.7273 15.76629586    00
Starlink-340 5208
1 05209U 00000ABC 00001.00000000  .00000000  00000-0  00000+0 0    09
2 05209  53.0000 352.5000 0000001   0.0000 126.0000 15.76629586    06
Starlink-340 5209
1 05210U 00000ABC 00001.00000000  .00000000  00000-0  00000+0 0    01
2 05210  53.0000 352.5000 0000001   0.0000 129.2727 15.76629586    09
Starlink-340 5210
1 05211U 00000ABC 00001.00000000  .00000000  00000-0  00000+0 0    02
2 05211  53.0000 352.5000 0000001   0.0000 132.5455 15.76629586    05
Starlink-340 5211
1 05212U 00000ABC 00001.00000000  .00000000  00000-0  00000+0 0    03
2 05212  53.0000 352.5000 0000001   0.0000 135.8182 15.76629586    09
Starlink-340 5212
1 05213U 00000ABC 00001.00000000  .00000000  00000-0  00000+0 0    04
2 05213  53.0000 352.5000 0000001   0.0000 139.0909 15.76629586    03
Starlink-340 5213
1 05214U 00000ABC 00001.00000000  .00000000  00000-0  00000+0 0    05
2 05214  53.0000 352.5000 0000001   0.0000 142.3636 15.76629586    08
Starlink-340 5214
1 05215U 00000ABC 00001.00000000  .00000000  00000-0  00000+0 0    06
2 05215  53.0000 352.5000 0000001   0.0000 145.6364 15.76629586    03
Starlink-340 5215
1 05216U 00000ABC 00001.00000000  .00000000  00000-0  00000+0 0    07
2 05216  53.0000 352.5000 0000001   0.0000 148.9091 15.76629586    07
Starlink-340 5216
1 05217U 00000ABC 00001.00000000  .00000000  00000-0  00000+0 0    08
2 05217  53.0000 352.5000 0000001   0.0000 152.1818 15.76629586    02
Starlink-340 5217
1 05218U 00000ABC 00001.00000000  .00000000  00000-0  00000+0 0    09
2 05218  53.0000 352.5000 0000001   0.0000 155.4545 15.76629586    06
Starlink-340 5218
1 05219U 00000ABC 00001.00000000  .00000000  00000-0  00000+0 0    00
2 05219  53.0000 352.5000 0000001   0.0000 158.7273 15.76629586    01
Starlink-340 5219
1 05220U 00000ABC 00001.00000000  .00000000  00000-0  00000+0 0    02
2 05220  53.0000 352.5000 0000001   0.0000 162.0000 15.76629586    09
Starlink-340 5220
1 05221U 00000ABC 00001.00000000  .00000000  00000-0  00000+0 0    03
2 05221  53.0000 352.5000 0000001   0.0000 165.2727 15.76629586    01
Starlink-340 5221
1 05222U 00000ABC 00001.00000000  .00000000  00000-0  00000+0 0    04
2 05222  53.0000 352.5000 0000001   0.0000 168.5455 15.76629586    06
Starlink-340 5222
1 05223U 00000ABC 00001.00000000  .00000000  00000-0  00000+0 0    05
2 05223  53.0000 352.5000 0000001   0.0000 171.8182 15.76629586    01
Starlink-340 5223
1 05224U 00000ABC 00001.00000000  .00000000  00000-0  00000+0 0    06
2 05224  53.0000 352.5000 0000001   0.0000 175.0909 15.76629586    05
Starlink-340 5224
1 05225U 00000ABC 00001.00000000  .00000000  00000-0  00000+0 0    07
2 05225  53.0000 352.5000 0000001   0.0000 178.3636 15.76629586    09
Starlink-340 5225
1 05226U 00000ABC 00001.00000000  .00000000  00000-0  00000+0 0    08
2 05226  53.0000 352.5000 0000001   0.0000 181.6364 15.76629586    05
Starlink-340 5226
1 05227U 00000ABC 00001.00000000  .00000000  00000-0  00000+0 0    09
2 05227  53.0000 352.5000 0000001   0.0000 184.9091 15.76629586    09
Starlink-340 5227
1 05228U 00000ABC 00001.00000000  .00000000  00000-0  00000+0 0    00
2 05228  53.0000 352.5000 0000001   0.0000 188.1818 15.76629586    03
Starlink-340 5228
1 05229U 00000ABC 00001.00000000  .00000000  00000-0  00000+0 0    01
2 05229  53.0000 352.5000 0000001   0.0000 191.4545 15.76629586    08
Starlink-340 5229
1 05230U 00000ABC 00001.00000000  .00000000  00000-0  00000+0 0    03
2 05230  53.0000 352.5000 0000001   0.0000 194.7273 15.76629586    04
Starlink-340 5230
1 05231U 00000ABC 00001.00000000  .00000000  00000-0  00000+0 0    04
2 05231  53.0000 352.5000 0000001   0.0000 198.0000 15.76629586    00
Starlink-340 5231
1 05232U 00000ABC 00001.00000000  .00000000  00000-0  00000+0 0    05
2 05232  53.0000 352.5000 0000001   0.0000 201.2727 15.76629586    04
Starlink-340 5232
1 05233U 00000ABC 00001.00000000  .00000000  00000-0  00000+0 0    06
2 05233  53.0000 352.5000 0000001   0.0000 204.5455 15.76629586    09
Starlink-340 5233
1 05234U 00000ABC 00001.00000000  .00000000  00000-0  00000+0 0    07
2 05234  53.0000 352.5000 0000001   0.0000 207.8182 15.76629586    03
Starlink-340 5234
1 05235U 00000ABC 00001.00000000  .00000000  00000-0  00000+0 0    08
2 05235  53.0000 352.5000 0000001   0.0000 211.0909 15.76629586    08
Starlink-340 5235
1 05236U 00000ABC 00001.00000000  .00000000  00000-0  00000+0 0    09
2 05236  53.0000 352.5000 0000001   0.0000 214.3636 15.76629586    02
Starlink-340 5236
1 05237U 00000ABC 00001.00000000  .00000000  00000-0  00000+0 0    00
2 05237  53.0000 352.5000 0000001   0.0000 217.6364 15.76629586    07
Starlink-340 5237
1 05238U 00000ABC 00001.00000000  .00000000  00000-0  00000+0 0    01
2 05238  53.0000 352.5000 0000001   0.0000 220.9091 15.76629586    02
Starlink-340 5238
1 05239U 00000ABC 00001.00000000  .00000000  00000-0  00000+0 0    02
2 05239  53.0000 352.5000 0000001   0.0000 224.1818 15.76629586    06
Starlink-340 5239
1 05240U 00000ABC 00001.00000000  .00000000  00000-0  00000+0 0    04
2 05240  53.0000 352.5000 0000001   0.0000 227.4545 15.76629586    01
Starlink-340 5240
1 05241U 00000ABC 00001.00000000  .00000000  00000-0  00000+0 0    05
2 05241  53.0000 352.5000 0000001   0.0000 230.7273 15.76629586    07
Starlink-340 5241
1 05242U 00000ABC 00001.00000000  .00000000  00000-0  00000+0 0    06
2 05242  53.0000 352.5000 0000001   0.0000 234.0000 15.76629586    03
Starlink-340 5242
1 05243U 00000ABC 00001.00000000  .00000000  00000-0  00000+0 0    07
2 05243  53.0000 352.5000 0000001   0.0000 237.2727 15.76629586    05
Starlink-340 5243
1 05244U 00000ABC 00001.00000000  .00000000  00000-0  00000+0 0    08
2 05244  53.0000 352.5000 0000001   0.0000 240.5455 15.76629586    01
Starlink-340 5244
1 05245U 00000ABC 00001.00000000  .00000000  00000-0  00000+0 0    09
2 05245  53.0000 352.5000 0000001   0.0000 243.8182 15.76629586    05
Starlink-340 5245
1 05246U 00000ABC 00001.00000000  .00000000  00000-0  00000+0 0    00
2 05246  53.0000 352.5000 0000001   0.0000 247.0909 15.76629586    09
Starlink-340 5246
1 05247U 00000ABC 00001.00000000  .00000000  00000-0  00000+0 0    01
2 05247  53.0000 352.5000 0000001   0.0000 250.3636 15.76629586    04
Starlink-340 5247
1 05248U 00000ABC 00001.00000000  .00000000  00000-0  00000+0 0    02
2 05248  53.0000 352.5000 0000001   0.0000 253.6364 15.76629586    09
Starlink-340 5248
1 05249U 00000ABC 00001.00000000  .00000000  00000-0  00000+0 0    03
2 05249  53.0000 352.5000 0000001   0.0000 256.9091 15.76629586    03
Starlink-340 5249
1 05250U 00000ABC 00001.00000000  .00000000  00000-0  00000+0 0    05
2 05250  53.0000 352.5000 0000001   0.0000 260.1818 15.76629586    09
Starlink-340 5250
1 05251U 00000ABC 00001.00000000  .00000000  00000-0  00000+0 0    06
2 05251  53.0000 352.5000 0000001   0.0000 263.4545 15.76629586    03
Starlink-340 5251
1 05252U 00000ABC 00001.00000000  .00000000  00000-0  00000+0 0    07
2 05252  53.0000 352.5000 0000001   0.0000 266.7273 15.76629586    08
Starlink-340 5252
1 05253U 00000ABC 00001.00000000  .00000000  00000-0  00000+0 0    08
2 05253  53.0000 352.5000 0000001   0.0000 270.0000 15.76629586    05
Starlink-340 5253
1 05254U 00000ABC 00001.00000000  .00000000  00000-0  00000+0 0    09
2 05254  53.0000 352.5000 0000001   0.0000 273.2727 15.76629586    07
Starlink-340 5254
1 05255U 00000ABC 00001.00000000  .00000000  00000-0  00000+0 0    00
2 05255  53.0000 352.5000 0000001   0.0000 276.5455 15.76629586    02
Starlink-340 5255
1 05256U 00000ABC 00001.00000000  .00000000  00000-0  00000+0 0    01
2 05256  53.0000 352.5000 0000001   0.0000 279.8182 15.76629586    06
Starlink-340 5256
1 05257U 00000ABC 00001.00000000  .00000000  00000-0  00000+0 0    02
2 05257  53.0000 352.5000 0000001   0.0000 283.0909 15.76629586    01
Starlink-340 5257
1 05258U 00000ABC 00001.00000000  .00000000  00000-0  00000+0 0    03
2 05258  53.0000 352.5000 0000001   0.0000 286.3636 15.76629586    05
Starlink-340 5258
1 05259U 00000ABC 00001.00000000  .00000000  00000-0  00000+0 0    04
2 05259  53.0000 352.5000 0000001   0.0000 289.6364 15.76629586    00
Starlink-340 5259
1 05260U 00000ABC 00001.00000000  .00000000  00000-0  00000+0 0    06
2 05260  53.0000 352.5000 0000001   0.0000 292.9091 15.76629586    06
Starlink-340 5260
1 05261U 00000ABC 00001.00000000  .00000000  00000-0  00000+0 0    07
2 05261  53.0000 352.5000 0000001   0.0000 296.1818 15.76629586    00
Starlink-340 5261
1 05262U 00000ABC 00001.00000000  .00000000  00000-0  00000+0 0    08
2 05262  53.0000 352.5000 0000001   0.0000 299.4545 15.76629586    04
Starlink-340 5262
1 05263U 00000ABC 00001.00000000  .00000000  00000-0  00000+0 0    09
2 05263  53.0000 352.5000 0000001   0.0000 302.7273 15.76629586    01
Starlink-340 5263
1 05264U 00000ABC 00001.00000000  .00000000  00000-0  00000+0 0    00
2 05264  53.0000 352.5000 0000001   0.0000 306.0000 15.76629586    07
Starlink-340 5264
1 05265U 00000ABC 00001.00000000  .00000000  00000-0  00000+0 0    01
2 05265  53.0000 352.5000 0000001   0.0000 309.2727 15.76629586    09
Starlink-340 5265
1 05266U 00000ABC 00001.00000000  .00000000  00000-0  00000+0 0    02
2 05266  53.0000 352.5000 0000001   0.0000 312.5455 15.76629586    05
Starlink-340 5266
1 05267U 00000ABC 00001.00000000  .00000000  00000-0  00000+0 0    03
2 05267  53.0000 352.5000 0000001   0.0000 315.8182 15.76629586    09
Starlink-340 5267
1 05268U 00000ABC 00001.00000000  .00000000  00000-0  00000+0 0    04
2 05268  53.0000 352.5000 0000001   0.0000 319.0909 15.76629586    03
Starlink-340 5268
1 05269U 00000ABC 00001.00000000  .00000000  00000-0  00000+0 0    05
2 05269  53.0000 352.5000 0000001   0.0000 322.3636 15.76629586    08
Starlink-340 5269
1 05270U 00000ABC 00001.00000000  .00000000  00000-0  00000+0 0    07
2 05270  53.0000 352.5000 0000001   0.0000 325.6364 15.76629586    04
Starlink-340 5270
1 05271U 00000ABC 00001.00000000  .00000000  00000-0  00000+0 0    08
2 05271  53.0000 352.5000 0000001   0.0000 328.9091 15.76629586    08
Starlink-340 5271
1 05272U 00000ABC 00001.00000000  .00000000  00000-0  00000+0 0    09
2 05272  53.0000 352.5000 0000001   0.0000 332.1818 15.76629586    03
Starlink-340 5272
1 05273U 00000ABC 00001.00000000  .00000000  00000-0  00000+0 0    00
2 05273  53.0000 352.5000 0000001   0.0000 335.4545 15.76629586    07
Starlink-340 5273
1 05274U 00000ABC 00001.00000000  .00000000  00000-0  00000+0 0    01
2 05274  53.0000 352.5000 0000001   0.0000 338.7273 15.76629586    02
Starlink-340 5274
1 05275U 00000ABC 00001.00000000  .00000000  00000-0  00000+0 0    02
2 05275  53.0000 352.5000 0000001   0.0000 342.0000 15.76629586    09
Starlink-340 5275
1 05276U 00000ABC 00001.00000000  .00000000  00000-0  00000+0 0    03
2 05276  53.0000 352.5000 0000001   0.0000 345.2727 15.76629586    01
Starlink-340 5276
1 05277U 00000ABC 00001.00000000  .00000000  00000-0  00000+0 0    04
2 05277  53.0000 352.5000 0000001   0.0000 348.5455 15.76629586    06
Starlink-340 5277
1 05278U 00000ABC 00001.00000000  .00000000  00000-0  00000+0 0    05
2 05278  53.0000 352.5000 0000001   0.0000 351.8182 15.76629586    01
Starlink-340 5278
1 05279U 00000ABC 00001.00000000  .00000000  00000-0  00000+0 0    06
2 05279  53.0000 352.5000 0000001   0.0000 355.0909 15.76629586    05
Starlink-340 5279
1 05280U 00000ABC 00001.00000000  .00000000  00000-0  00000+0 0    08
2 05280  53.0000 352.5000 0000001   0.0000 358.3636 15.76629586    00
