26,5280,136,2,0
26,5281,136,2,0
26,5282,136,2,0
26,5284,136,2,0
26,5286,136,2,0
26,5287,136,2,0
26,5288,5196,3,3
26,5290,136,2,0
26,5291,136,2,0
26,5293,136,2,0
26,5295,136,2,0
26,5296,5196,3,3
26,5297,136,2,0
26,5299,136,2,0
26,5302,5196,3,3
26,5303,136,2,0
26,5305,136,2,0
26,5306,136,2,0
26,5308,136,2,0
26,5310,136,2,0
26,5311,136,2,0
26,5313,136,2,0
26,5314,5196,3,3
26,5315,136,2,0
26,5316,136,2,0
26,5318,136,2,0
26,5319,136,2,0
26,5320,136,2,0
26,5321,136,2,0
26,5322,136,2,0
26,5323,136,2,0
26,5324,136,2,0
26,5325,136,2,0
26,5326,136,2,0
26,5327,136,2,0
26,5328,136,2,0
26,5331,136,2,0
26,5332,5196,3,3
26,5333,136,2,0
26,5334,5196,3,3
26,5335,136,2,0
26,5338,136,2,0
26,5341,136,2,0
26,5343,136,2,0
26,5345,136,2,0
26,5346,5196,3,3
26,5347,136,2,0
26,5348,136,2,0
26,5349,5196,3,3
26,5351,5196,3,3
26,5352,5196,3,3
26,5355,5196,3,3
26,5357,136,2,0
26,5358,5196,3,3
26,5360,136,2,0
26,5361,136,2,0
26,5362,136,2,0
26,5364,136,2,0
26,5365,136,2,0
26,5366,136,2,0
26,5367,136,2,0
26,5369,136,2,0
26,5371,5196,3,3
26,5373,136,2,0
26,5375,136,2,0
26,5376,5196,3,3
26,5379,136,2,0
27,5283,26,0,1
27,5285,26,0,1
27,5289,26,0,1
27,5292,26,0,1
27,5298,26,0,1
27,5300,26,0,1
27,5309,26,0,1
27,5312,26,0,1
27,5317,26,0,1
27,5330,26,0,1
27,5336,26,0,1
27,5339,26,0,1
27,5340,26,0,1
27,5342,26,0,1
27,5344,26,0,1
27,5350,26,0,1
27,5354,26,0,1
27,5356,26,0,1
27,5363,26,0,1
27,5368,26,0,1
27,5370,26,0,1
27,5372,26,0,1
27,5374,26,0,1
27,5377,26,0,1
27,5378,26,0,1
71,5349,5241,3,3
81,5283,191,2,0
81,5292,191,2,0
81,5298,191,2,0
81,5300,5251,3,3
81,5309,191,2,0
81,5312,191,2,0
81,5317,5251,3,3
81,5330,191,2,0
81,5336,5251,3,3
81,5339,191,2,0
81,5340,5251,3,3
81,5342,5251,3,3
81,5356,5251,3,3
81,5363,5251,3,3
81,5370,191,2,0
81,5372,5251,3,3
81,5374,5251,3,3
81,5377,191,2,0
81,5378,191,2,0
82,5280,81,0,1
82,5281,81,0,1
82,5282,81,0,1
82,5286,81,0,1
82,5287,81,0,1
82,5288,81,0,1
82,5290,81,0,1
82,5293,81,0,1
82,5294,81,0,1
82,5295,81,0,1
82,5296,81,0,1
82,5297,81,0,1
82,5299,81,0,1
82,5301,81,0,1
82,5302,81,0,1
82,5303,81,0,1
82,5304,81,0,1
82,5305,81,0,1
82,5306,81,0,1
82,5307,81,0,1
82,5311,81,0,1
82,5313,81,0,1
82,5314,81,0,1
82,5315,81,0,1
82,5318,81,0,1
82,5320,81,0,1
82,5321,81,0,1
82,5322,81,0,1
82,5323,81,0,1
82,5325,81,0,1
82,5326,81,0,1
82,5327,81,0,1
82,5328,81,0,1
82,5329,81,0,1
82,5331,81,0,1
82,5332,81,0,1
82,5333,81,0,1
82,5334,81,0,1
82,5335,81,0,1
82,5343,81,0,1
82,5345,81,0,1
82,5346,81,0,1
82,5347,81,0,1
82,5348,81,0,1
82,5349,81,0,1
82,5351,81,0,1
82,5352,81,0,1
82,5355,81,0,1
82,5357,81,0,1
82,5358,81,0,1
82,5359,81,0,1
82,5360,81,0,1
82,5361,81,0,1
82,5362,81,0,1
82,5364,81,0,1
82,5365,81,0,1
82,5366,81,0,1
82,5367,81,0,1
82,5369,81,0,1
82,5371,81,0,1
82,5373,81,0,1
82,5375,81,0,1
82,5376,81,0,1
82,5379,81,0,1
96,5335,97,1,0
116,5283,226,3,0
116,5298,226,3,0
117,5314,227,3,0
136,5280,246,3,0
136,5281,246,3,0
136,5282,246,3,0
136,5286,246,3,0
136,5287,246,3,0
136,5290,246,3,0
136,5293,246,3,0
136,5295,246,3,0
136,5297,246,3,0
136,5299,246,3,0
136,5303,246,3,0
136,5305,246,3,0
136,5306,246,3,0
136,5311,246,3,0
136,5313,246,3,0
136,5315,246,3,0
136,5316,246,3,0
136,5318,246,3,0
136,5320,246,3,0
136,5321,246,3,0
136,5322,246,3,0
136,5323,246,3,0
136,5324,246,3,0
136,5325,246,3,0
136,5326,246,3,0
136,5327,246,3,0
136,5328,246,3,0
136,5331,246,3,0
136,5333,246,3,0
136,5335,246,3,0
136,5343,246,3,0
136,5345,246,3,0
136,5347,246,3,0
136,5348,246,3,0
136,5357,246,3,0
136,5360,246,3,0
136,5361,246,3,0
136,5362,246,3,0
136,5364,246,3,0
136,5365,246,3,0
136,5366,246,3,0
136,5367,246,3,0
136,5369,246,3,0
136,5373,246,3,0
136,5375,246,3,0
136,5379,246,3,0
137,5283,136,1,2
137,5285,136,1,2
137,5289,136,1,2
137,5292,136,1,2
137,5298,136,1,2
137,5300,136,1,2
137,5309,136,1,2
137,5312,136,1,2
137,5317,136,1,2
137,5330,136,1,2
137,5334,136,1,2
137,5336,136,1,2
137,5337,136,1,2
137,5339,136,1,2
137,5340,136,1,2
137,5342,136,1,2
137,5344,136,1,2
137,5350,136,1,2
137,5354,136,1,2
137,5355,136,1,2
137,5356,136,1,2
137,5363,136,1,2
137,5368,136,1,2
137,5370,136,1,2
137,5372,136,1,2
137,5374,136,1,2
137,5377,136,1,2
137,5378,136,1,2
160,5310,5310,5,1,159,1,2,161,2,1
173,5281,283,3,0
174,5318,284,3,0
178,5286,288,3,0
178,5303,288,3,0
178,5333,288,3,0
178,5365,288,3,0
191,5283,301,3,0
191,5292,301,3,0
191,5298,301,3,0
191,5309,301,3,0
191,5312,301,3,0
191,5330,301,3,0
191,5339,301,3,0
191,5355,301,3,0
191,5370,301,3,0
191,5377,301,3,0
191,5378,301,3,0
192,5288,191,1,2
192,5294,191,1,2
192,5296,191,1,2
192,5302,191,1,2
192,5304,191,1,2
192,5314,191,1,2
192,5329,191,1,2
192,5332,191,1,2
192,5346,191,1,2
192,5349,191,1,2
192,5351,191,1,2
192,5352,191,1,2
192,5358,191,1,2
192,5359,191,1,2
192,5371,191,1,2
192,5376,191,1,2
202,5349,203,2,1
246,5280,356,3,0
246,5281,356,3,0
246,5282,356,3,0
246,5286,356,3,0
246,5287,356,3,0
246,5288,136,0,3
246,5290,356,3,0
246,5293,356,3,0
246,5294,136,0,3
246,5295,356,3,0
246,5296,136,0,3
246,5297,356,3,0
246,5299,356,3,0
246,5302,136,0,3
246,5303,356,3,0
246,5305,356,3,0
246,5306,356,3,0
246,5311,356,3,0
246,5313,356,3,0
246,5314,136,0,3
246,5315,356,3,0
246,5318,356,3,0
246,5320,356,3,0
246,5321,356,3,0
246,5322,356,3,0
246,5323,356,3,0
246,5325,356,3,0
246,5326,356,3,0
246,5327,356,3,0
246,5328,356,3,0
246,5329,136,0,3
246,5331,356,3,0
246,5332,136,0,3
246,5333,356,3,0
246,5335,356,3,0
246,5343,356,3,0
246,5345,356,3,0
246,5346,136,0,3
246,5347,356,3,0
246,5348,356,3,0
246,5351,136,0,3
246,5352,136,0,3
246,5357,356,3,0
246,5358,136,0,3
246,5359,136,0,3
246,5360,356,3,0
246,5361,356,3,0
246,5362,356,3,0
246,5364,356,3,0
246,5365,356,3,0
246,5366,356,3,0
246,5367,356,3,0
246,5369,356,3,0
246,5371,136,0,3
246,5373,356,3,0
246,5375,356,3,0
246,5376,136,0,3
246,5379,356,3,0
247,5283,246,1,2
247,5285,246,1,2
247,5289,246,1,2
247,5292,246,1,2
247,5298,246,1,2
247,5300,246,1,2
247,5309,246,1,2
247,5317,246,1,2
247,5330,246,1,2
247,5334,246,1,2
247,5336,246,1,2
247,5337,246,1,2
247,5339,246,1,2
247,5340,246,1,2
247,5342,246,1,2
247,5344,246,1,2
247,5350,246,1,2
247,5354,246,1,2
247,5355,246,1,2
247,5356,246,1,2
247,5363,246,1,2
247,5368,246,1,2
247,5370,246,1,2
247,5372,246,1,2
247,5374,246,1,2
247,5378,246,1,2
269,5310,5310,5,1,159,0,3,268,1,2
270,5310,269,1,2
290,5310,180,0,3
291,5310,181,0,3
292,5310,182,0,3
293,5310,183,0,3
294,5310,184,0,3
295,5310,185,0,3
301,5283,411,3,0
301,5285,191,0,3
301,5289,191,0,3
301,5292,411,3,0
301,5298,411,3,0
301,5300,191,0,3
301,5307,411,3,0
301,5309,411,3,0
301,5312,411,3,0
301,5317,191,0,3
301,5330,411,3,0
301,5334,411,3,0
301,5336,191,0,3
301,5339,411,3,0
301,5340,191,0,3
301,5342,191,0,3
301,5344,191,0,3
301,5350,191,0,3
301,5354,191,0,3
301,5355,411,3,0
301,5356,191,0,3
301,5363,191,0,3
301,5368,191,0,3
301,5370,411,3,0
301,5372,191,0,3
301,5374,191,0,3
301,5377,411,3,0
301,5378,411,3,0
302,5280,301,1,2
302,5282,301,1,2
302,5284,301,1,2
302,5286,301,1,2
302,5287,301,1,2
302,5288,301,1,2
302,5291,301,1,2
302,5294,301,1,2
302,5295,301,1,2
302,5297,301,1,2
302,5299,301,1,2
302,5302,301,1,2
302,5303,301,1,2
302,5305,301,1,2
302,5308,301,1,2
302,5310,301,1,2
302,5311,301,1,2
302,5313,301,1,2
302,5314,301,1,2
302,5315,301,1,2
302,5319,301,1,2
302,5320,301,1,2
302,5321,301,1,2
302,5322,301,1,2
302,5323,301,1,2
302,5324,301,1,2
302,5325,301,1,2
302,5326,301,1,2
302,5327,301,1,2
302,5329,301,1,2
302,5331,301,1,2
302,5332,301,1,2
302,5333,301,1,2
302,5335,301,1,2
302,5338,301,1,2
302,5341,301,1,2
302,5345,301,1,2
302,5346,301,1,2
302,5347,301,1,2
302,5348,301,1,2
302,5351,301,1,2
302,5352,301,1,2
302,5358,301,1,2
302,5359,301,1,2
302,5361,301,1,2
302,5364,301,1,2
302,5365,301,1,2
302,5366,301,1,2
302,5367,301,1,2
302,5371,301,1,2
302,5373,301,1,2
302,5375,301,1,2
302,5376,301,1,2
302,5379,301,1,2
315,5289,316,2,1
315,5344,316,2,1
316,5354,317,2,1
321,5337,322,2,1
336,5283,446,3,0
336,5298,446,3,0
337,5314,447,3,0
356,5280,466,3,0
356,5282,466,3,0
356,5284,246,0,3
356,5286,466,3,0
356,5287,466,3,0
356,5288,246,0,3
356,5290,466,3,0
356,5291,246,0,3
356,5293,466,3,0
356,5294,246,0,3
356,5295,466,3,0
356,5297,466,3,0
356,5299,466,3,0
356,5303,466,3,0
356,5305,466,3,0
356,5308,246,0,3
356,5310,246,0,3
356,5311,466,3,0
356,5313,466,3,0
356,5314,246,0,3
356,5315,466,3,0
356,5316,246,0,3
356,5319,246,0,3
356,5320,466,3,0
356,5321,466,3,0
356,5322,466,3,0
356,5323,466,3,0
356,5324,246,0,3
356,5325,466,3,0
356,5326,466,3,0
356,5327,466,3,0
356,5329,246,0,3
356,5331,466,3,0
356,5332,246,0,3
356,5333,466,3,0
356,5335,466,3,0
356,5338,246,0,3
356,5341,246,0,3
356,5345,466,3,0
356,5346,246,0,3
356,5347,466,3,0
356,5348,466,3,0
356,5351,246,0,3
356,5352,246,0,3
356,5357,466,3,0
356,5358,246,0,3
356,5359,246,0,3
356,5361,466,3,0
356,5362,466,3,0
356,5364,466,3,0
356,5365,466,3,0
356,5366,466,3,0
356,5367,466,3,0
356,5369,466,3,0
356,5371,246,0,3
356,5373,466,3,0
356,5375,466,3,0
356,5376,246,0,3
356,5379,466,3,0
357,5283,356,1,2
357,5285,356,1,2
357,5289,356,1,2
357,5292,356,1,2
357,5296,356,1,2
357,5298,356,1,2
357,5300,356,1,2
357,5309,356,1,2
357,5317,356,1,2
357,5330,356,1,2
357,5334,356,1,2
357,5336,356,1,2
357,5337,356,1,2
357,5339,356,1,2
357,5340,356,1,2
357,5342,356,1,2
357,5344,356,1,2
357,5349,356,1,2
357,5350,356,1,2
357,5354,356,1,2
357,5355,356,1,2
357,5356,356,1,2
357,5363,356,1,2
357,5368,356,1,2
357,5370,356,1,2
357,5372,356,1,2
357,5374,356,1,2
357,5378,356,1,2
380,5310,379,1,2
388,5310,387,1,2
390,5316,280,0,3
391,5338,281,0,3
392,5324,282,0,3
392,5341,282,0,3
398,5286,508,3,0
398,5303,508,3,0
398,5319,288,0,3
398,5333,508,3,0
398,5365,508,3,0
411,5283,521,3,0
411,5292,521,3,0
411,5296,521,3,0
411,5298,521,3,0
411,5304,521,3,0
411,5309,521,3,0
411,5330,521,3,0
411,5334,521,3,0
411,5339,521,3,0
411,5349,521,3,0
411,5355,521,3,0
411,5370,521,3,0
411,5378,521,3,0
412,5280,411,1,2
412,5282,411,1,2
412,5284,411,1,2
412,5286,411,1,2
412,5287,411,1,2
412,5288,411,1,2
412,5291,411,1,2
412,5294,411,1,2
412,5295,411,1,2
412,5297,411,1,2
412,5299,411,1,2
412,5303,411,1,2
412,5305,411,1,2
412,5308,411,1,2
412,5310,411,1,2
412,5311,411,1,2
412,5313,411,1,2
412,5314,411,1,2
412,5315,411,1,2
412,5316,411,1,2
412,5319,411,1,2
412,5320,411,1,2
412,5321,411,1,2
412,5322,411,1,2
412,5323,411,1,2
412,5324,411,1,2
412,5325,411,1,2
412,5326,411,1,2
412,5327,411,1,2
412,5329,411,1,2
412,5331,411,1,2
412,5332,411,1,2
412,5333,411,1,2
412,5335,411,1,2
412,5338,411,1,2
412,5341,411,1,2
412,5345,411,1,2
412,5347,411,1,2
412,5348,411,1,2
412,5351,411,1,2
412,5352,411,1,2
412,5358,411,1,2
412,5359,411,1,2
412,5361,411,1,2
412,5364,411,1,2
412,5365,411,1,2
412,5366,411,1,2
412,5367,411,1,2
412,5371,411,1,2
412,5373,411,1,2
412,5375,411,1,2
412,5376,411,1,2
412,5379,411,1,2
422,5349,423,2,1
466,5280,576,3,0
466,5282,576,3,0
466,5284,356,0,3
466,5286,576,3,0
466,5287,576,3,0
466,5288,356,0,3
466,5291,356,0,3
466,5294,356,0,3
466,5295,576,3,0
466,5297,576,3,0
466,5299,576,3,0
466,5303,576,3,0
466,5305,576,3,0
466,5308,356,0,3
466,5310,356,0,3
466,5311,576,3,0
466,5313,576,3,0
466,5314,356,0,3
466,5316,356,0,3
466,5319,356,0,3
466,5320,576,3,0
466,5321,576,3,0
466,5322,576,3,0
466,5323,576,3,0
466,5324,356,0,3
466,5325,576,3,0
466,5326,576,3,0
466,5327,576,3,0
466,5329,356,0,3
466,5331,576,3,0
466,5332,356,0,3
466,5333,576,3,0
466,5335,576,3,0
466,5338,356,0,3
466,5341,356,0,3
466,5345,576,3,0
466,5347,576,3,0
466,5348,576,3,0
466,5351,356,0,3
466,5352,356,0,3
466,5358,356,0,3
466,5359,356,0,3
466,5361,576,3,0
466,5364,576,3,0
466,5365,576,3,0
466,5366,576,3,0
466,5367,576,3,0
466,5371,356,0,3
466,5373,576,3,0
466,5375,576,3,0
466,5376,356,0,3
466,5379,576,3,0
467,5283,466,1,2
467,5285,466,1,2
467,5289,466,1,2
467,5292,466,1,2
467,5296,466,1,2
467,5298,466,1,2
467,5300,466,1,2
467,5302,466,1,2
467,5312,466,1,2
467,5317,466,1,2
467,5330,466,1,2
467,5334,466,1,2
467,5336,466,1,2
467,5337,466,1,2
467,5339,466,1,2
467,5340,466,1,2
467,5342,466,1,2
467,5344,466,1,2
467,5349,466,1,2
467,5350,466,1,2
467,5354,466,1,2
467,5355,466,1,2
467,5356,466,1,2
467,5363,466,1,2
467,5368,466,1,2
467,5370,466,1,2
467,5372,466,1,2
467,5374,466,1,2
467,5377,466,1,2
467,5378,466,1,2
490,5310,489,1,2
498,5310,497,1,2
500,5356,610,3,0
521,5283,631,3,0
521,5285,411,0,3
521,5289,411,0,3
521,5292,631,3,0
521,5296,631,3,0
521,5298,631,3,0
521,5300,411,0,3
521,5302,631,3,0
521,5304,631,3,0
521,5317,411,0,3
521,5330,631,3,0
521,5334,631,3,0
521,5336,411,0,3
521,5337,411,0,3
521,5339,631,3,0
521,5340,411,0,3
521,5342,411,0,3
521,5344,411,0,3
521,5346,631,3,0
521,5349,631,3,0
521,5350,411,0,3
521,5354,411,0,3
521,5355,631,3,0
521,5356,411,0,3
521,5363,411,0,3
521,5368,411,0,3
521,5370,631,3,0
521,5372,411,0,3
521,5374,411,0,3
521,5377,411,0,3
521,5378,631,3,0
522,5280,521,1,2
522,5281,521,1,2
522,5282,521,1,2
522,5284,521,1,2
522,5286,521,1,2
522,5287,521,1,2
522,5288,521,1,2
522,5291,521,1,2
522,5294,521,1,2
522,5295,521,1,2
522,5297,521,1,2
522,5299,521,1,2
522,5303,521,1,2
522,5305,521,1,2
522,5306,521,1,2
522,5308,521,1,2
522,5310,521,1,2
522,5311,521,1,2
522,5313,521,1,2
522,5314,521,1,2
522,5316,521,1,2
522,5318,521,1,2
522,5319,521,1,2
522,5320,521,1,2
522,5321,521,1,2
522,5322,521,1,2
522,5323,521,1,2
522,5324,521,1,2
522,5325,521,1,2
522,5327,521,1,2
522,5328,521,1,2
522,5329,521,1,2
522,5331,521,1,2
522,5332,521,1,2
522,5333,521,1,2
522,5335,521,1,2
522,5338,521,1,2
522,5341,521,1,2
522,5343,521,1,2
522,5345,521,1,2
522,5347,521,1,2
522,5348,521,1,2
522,5351,521,1,2
522,5352,521,1,2
522,5358,521,1,2
522,5359,521,1,2
522,5360,521,1,2
522,5361,521,1,2
522,5365,521,1,2
522,5366,521,1,2
522,5367,521,1,2
522,5371,521,1,2
522,5373,521,1,2
522,5375,521,1,2
522,5376,521,1,2
535,5289,536,2,1
535,5344,536,2,1
536,5354,537,2,1
557,5314,667,3,0
558,5293,668,3,0
576,5280,686,3,0
576,5281,466,0,3
576,5282,686,3,0
576,5284,466,0,3
576,5286,686,3,0
576,5287,686,3,0
576,5291,466,0,3
576,5293,466,0,3
576,5295,686,3,0
576,5297,686,3,0
576,5299,686,3,0
576,5303,686,3,0
576,5305,686,3,0
576,5306,466,0,3
576,5308,466,0,3
576,5310,466,0,3
576,5311,686,3,0
576,5313,686,3,0
576,5316,466,0,3
576,5318,466,0,3
576,5319,466,0,3
576,5320,686,3,0
576,5321,686,3,0
576,5322,686,3,0
576,5323,686,3,0
576,5324,466,0,3
576,5325,686,3,0
576,5327,686,3,0
576,5328,466,0,3
576,5329,466,0,3
576,5331,686,3,0
576,5332,466,0,3
576,5333,686,3,0
576,5335,686,3,0
576,5338,466,0,3
576,5341,466,0,3
576,5343,466,0,3
576,5345,686,3,0
576,5347,686,3,0
576,5348,686,3,0
576,5351,466,0,3
576,5352,466,0,3
576,5360,466,0,3
576,5361,686,3,0
576,5364,686,3,0
576,5365,686,3,0
576,5366,686,3,0
576,5367,686,3,0
576,5371,466,0,3
576,5373,686,3,0
576,5375,686,3,0
576,5376,466,0,3
576,5379,686,3,0
577,5283,576,1,2
577,5285,576,1,2
577,5289,576,1,2
577,5292,576,1,2
577,5294,576,1,2
577,5296,576,1,2
577,5298,576,1,2
577,5300,576,1,2
577,5302,576,1,2
577,5309,576,1,2
577,5312,576,1,2
577,5317,576,1,2
577,5330,576,1,2
577,5334,576,1,2
577,5336,576,1,2
577,5337,576,1,2
577,5339,576,1,2
577,5340,576,1,2
577,5342,576,1,2
577,5344,576,1,2
577,5346,576,1,2
577,5349,576,1,2
577,5350,576,1,2
577,5354,576,1,2
577,5355,576,1,2
577,5356,576,1,2
577,5363,576,1,2
577,5368,576,1,2
577,5370,576,1,2
577,5372,576,1,2
577,5374,576,1,2
577,5377,576,1,2
577,5378,576,1,2
600,5310,599,1,2
608,5310,607,1,2
609,5357,499,0,3
611,5362,501,0,3
612,5290,502,0,3
612,5293,502,0,3
613,5295,723,3,0
614,5321,724,3,0
618,5286,728,3,0
618,5303,728,3,0
618,5319,508,0,3
618,5333,728,3,0
618,5365,728,3,0
631,5283,741,3,0
631,5292,741,3,0
631,5296,741,3,0
631,5298,741,3,0
631,5302,741,3,0
631,5304,741,3,0
631,5330,741,3,0
631,5334,741,3,0
631,5339,741,3,0
631,5346,741,3,0
631,5349,741,3,0
631,5355,741,3,0
631,5370,741,3,0
631,5378,741,3,0
632,5280,631,1,2
632,5281,631,1,2
632,5282,631,1,2
632,5284,631,1,2
632,5286,631,1,2
632,5287,631,1,2
632,5290,631,1,2
632,5291,631,1,2
632,5293,631,1,2
632,5295,631,1,2
632,5297,631,1,2
632,5299,631,1,2
632,5303,631,1,2
632,5305,631,1,2
632,5306,631,1,2
632,5308,631,1,2
632,5310,631,1,2
632,5311,631,1,2
632,5313,631,1,2
632,5315,631,1,2
632,5316,631,1,2
632,5318,631,1,2
632,5319,631,1,2
632,5320,631,1,2
632,5321,631,1,2
632,5322,631,1,2
632,5323,631,1,2
632,5324,631,1,2
632,5325,631,1,2
632,5327,631,1,2
632,5328,631,1,2
632,5329,631,1,2
632,5331,631,1,2
632,5332,631,1,2
632,5333,631,1,2
632,5335,631,1,2
632,5338,631,1,2
632,5341,631,1,2
632,5343,631,1,2
632,5345,631,1,2
632,5347,631,1,2
632,5348,631,1,2
632,5351,631,1,2
632,5352,631,1,2
632,5357,631,1,2
632,5359,631,1,2
632,5360,631,1,2
632,5361,631,1,2
632,5362,631,1,2
632,5365,631,1,2
632,5366,631,1,2
632,5367,631,1,2
632,5369,631,1,2
632,5371,631,1,2
632,5373,631,1,2
632,5375,631,1,2
632,5376,631,1,2
642,5349,643,2,1
647,5300,648,2,1
673,5369,674,2,1
686,5280,796,3,0
686,5281,576,0,3
686,5282,796,3,0
686,5284,576,0,3
686,5286,796,3,0
686,5287,796,3,0
686,5290,576,0,3
686,5291,576,0,3
686,5293,576,0,3
686,5295,796,3,0
686,5297,796,3,0
686,5299,796,3,0
686,5303,796,3,0
686,5305,796,3,0
686,5306,576,0,3
686,5308,576,0,3
686,5310,576,0,3
686,5311,796,3,0
686,5313,796,3,0
686,5315,576,0,3
686,5316,576,0,3
686,5318,576,0,3
686,5319,576,0,3
686,5320,796,3,0
686,5321,796,3,0
686,5322,796,3,0
686,5323,796,3,0
686,5324,576,0,3
686,5325,796,3,0
686,5326,576,0,3
686,5327,796,3,0
686,5328,576,0,3
686,5329,576,0,3
686,5331,796,3,0
686,5332,576,0,3
686,5333,796,3,0
686,5335,796,3,0
686,5338,576,0,3
686,5341,576,0,3
686,5343,576,0,3
686,5345,796,3,0
686,5347,796,3,0
686,5348,796,3,0
686,5352,576,0,3
686,5357,576,0,3
686,5360,576,0,3
686,5361,796,3,0
686,5362,576,0,3
686,5365,796,3,0
686,5366,796,3,0
686,5367,796,3,0
686,5369,576,0,3
686,5371,576,0,3
686,5373,796,3,0
686,5375,796,3,0
686,5376,576,0,3
687,5283,686,1,2
687,5285,686,1,2
687,5289,686,1,2
687,5292,686,1,2
687,5294,686,1,2
687,5296,686,1,2
687,5298,686,1,2
687,5300,686,1,2
687,5302,686,1,2
687,5307,686,1,2
687,5309,686,1,2
687,5312,686,1,2
687,5314,686,1,2
687,5317,686,1,2
687,5330,686,1,2
687,5336,686,1,2
687,5337,686,1,2
687,5339,686,1,2
687,5340,686,1,2
687,5342,686,1,2
687,5344,686,1,2
687,5346,686,1,2
687,5350,686,1,2
687,5354,686,1,2
687,5355,686,1,2
687,5356,686,1,2
687,5363,686,1,2
687,5368,686,1,2
687,5370,686,1,2
687,5372,686,1,2
687,5374,686,1,2
687,5377,686,1,2
687,5378,686,1,2
709,5309,710,2,1
710,5310,709,1,2
718,5310,717,1,2
741,5283,851,3,0
741,5285,631,0,3
741,5289,631,0,3
741,5292,851,3,0
741,5294,851,3,0
741,5296,851,3,0
741,5298,851,3,0
741,5300,631,0,3
741,5302,851,3,0
741,5309,631,0,3
741,5312,631,0,3
741,5314,851,3,0
741,5317,631,0,3
741,5330,851,3,0
741,5334,851,3,0
741,5336,631,0,3
741,5337,631,0,3
741,5339,851,3,0
741,5340,631,0,3
741,5342,631,0,3
741,5344,631,0,3
741,5346,851,3,0
741,5349,851,3,0
741,5350,631,0,3
741,5354,631,0,3
741,5355,851,3,0
741,5356,631,0,3
741,5358,851,3,0
741,5363,631,0,3
741,5368,631,0,3
741,5370,851,3,0
741,5372,631,0,3
741,5374,631,0,3
741,5377,631,0,3
741,5378,851,3,0
742,5280,741,1,2
742,5281,741,1,2
742,5282,741,1,2
742,5284,741,1,2
742,5286,741,1,2
742,5287,741,1,2
742,5290,741,1,2
742,5291,741,1,2
742,5293,741,1,2
742,5303,741,1,2
742,5306,741,1,2
742,5308,741,1,2
742,5310,741,1,2
742,5311,741,1,2
742,5313,741,1,2
742,5315,741,1,2
742,5316,741,1,2
742,5318,741,1,2
742,5319,741,1,2
742,5323,741,1,2
742,5324,741,1,2
742,5326,741,1,2
742,5328,741,1,2
742,5329,741,1,2
742,5331,741,1,2
742,5332,741,1,2
742,5333,741,1,2
742,5338,741,1,2
742,5341,741,1,2
742,5343,741,1,2
742,5345,741,1,2
742,5347,741,1,2
742,5348,741,1,2
742,5352,741,1,2
742,5357,741,1,2
742,5360,741,1,2
742,5361,741,1,2
742,5362,741,1,2
742,5364,741,1,2
742,5365,741,1,2
742,5367,741,1,2
742,5369,741,1,2
742,5371,741,1,2
742,5373,741,1,2
742,5376,741,1,2
755,5289,756,2,1
755,5319,756,2,1
755,5344,756,2,1
756,5354,757,2,1
774,5309,664,0,3
777,5314,887,3,0
796,5280,906,3,0
796,5281,686,0,3
796,5282,906,3,0
796,5284,686,0,3
796,5286,906,3,0
796,5287,906,3,0
796,5290,686,0,3
796,5291,686,0,3
796,5293,686,0,3
796,5303,906,3,0
796,5306,686,0,3
796,5308,686,0,3
796,5310,686,0,3
796,5311,906,3,0
796,5313,906,3,0
796,5315,686,0,3
796,5316,686,0,3
796,5318,686,0,3
796,5319,686,0,3
796,5320,906,3,0
796,5323,906,3,0
796,5324,686,0,3
796,5326,686,0,3
796,5328,686,0,3
796,5331,906,3,0
796,5333,906,3,0
796,5335,906,3,0
796,5338,686,0,3
796,5341,686,0,3
796,5343,686,0,3
796,5345,906,3,0
796,5347,906,3,0
796,5348,906,3,0
796,5357,686,0,3
796,5360,686,0,3
796,5361,906,3,0
796,5362,686,0,3
796,5364,686,0,3
796,5365,906,3,0
796,5366,906,3,0
796,5367,906,3,0
796,5369,686,0,3
796,5373,906,3,0
797,5283,796,1,2
797,5285,796,1,2
797,5288,796,1,2
797,5289,796,1,2
797,5292,796,1,2
797,5294,796,1,2
797,5296,796,1,2
797,5298,796,1,2
797,5300,796,1,2
797,5302,796,1,2
797,5304,796,1,2
797,5307,796,1,2
797,5309,796,1,2
797,5312,796,1,2
797,5314,796,1,2
797,5317,796,1,2
797,5329,796,1,2
797,5336,796,1,2
797,5337,796,1,2
797,5339,796,1,2
797,5340,796,1,2
797,5342,796,1,2
797,5344,796,1,2
797,5346,796,1,2
797,5350,796,1,2
797,5351,796,1,2
797,5352,796,1,2
797,5354,796,1,2
797,5355,796,1,2
797,5356,796,1,2
797,5358,796,1,2
797,5359,796,1,2
797,5363,796,1,2
797,5368,796,1,2
797,5370,796,1,2
797,5371,796,1,2
797,5372,796,1,2
797,5374,796,1,2
797,5376,796,1,2
797,5377,796,1,2
797,5378,796,1,2
820,5310,819,1,2
828,5310,827,1,2
832,5379,722,0,3
834,5282,944,3,0
834,5323,944,3,0
834,5331,944,3,0
834,5347,944,3,0
838,5286,948,3,0
838,5303,948,3,0
838,5319,728,0,3
838,5333,948,3,0
838,5365,948,3,0
851,5283,961,3,0
851,5288,961,3,0
851,5292,961,3,0
851,5294,961,3,0
851,5296,961,3,0
851,5298,961,3,0
851,5302,961,3,0
851,5314,961,3,0
851,5330,961,3,0
851,5334,961,3,0
851,5339,961,3,0
851,5346,961,3,0
851,5349,961,3,0
851,5351,961,3,0
851,5352,961,3,0
851,5355,961,3,0
851,5358,961,3,0
851,5359,961,3,0
851,5370,961,3,0
851,5371,961,3,0
851,5376,961,3,0
851,5378,961,3,0
852,5281,851,1,2
852,5284,851,1,2
852,5290,851,1,2
852,5291,851,1,2
852,5293,851,1,2
852,5306,851,1,2
852,5308,851,1,2
852,5310,851,1,2
852,5315,851,1,2
852,5316,851,1,2
852,5318,851,1,2
852,5319,851,1,2
852,5324,851,1,2
852,5326,851,1,2
852,5328,851,1,2
852,5338,851,1,2
852,5341,851,1,2
852,5343,851,1,2
852,5357,851,1,2
852,5360,851,1,2
852,5362,851,1,2
852,5364,851,1,2
852,5369,851,1,2
852,5379,851,1,2
906,5280,1016,3,0
906,5281,796,0,3
906,5282,1016,3,0
906,5284,796,0,3
906,5286,1016,3,0
906,5287,1016,3,0
906,5290,796,0,3
906,5291,796,0,3
906,5293,796,0,3
906,5303,1016,3,0
906,5306,796,0,3
906,5308,796,0,3
906,5310,796,0,3
906,5311,1016,3,0
906,5313,1016,3,0
906,5315,796,0,3
906,5316,796,0,3
906,5318,796,0,3
906,5319,796,0,3
906,5323,1016,3,0
906,5324,796,0,3
906,5326,796,0,3
906,5328,796,0,3
906,5331,1016,3,0
906,5333,1016,3,0
906,5338,796,0,3
906,5341,796,0,3
906,5343,796,0,3
906,5345,1016,3,0
906,5347,1016,3,0
906,5348,1016,3,0
906,5357,796,0,3
906,5360,796,0,3
906,5361,1016,3,0
906,5362,796,0,3
906,5364,796,0,3
906,5365,1016,3,0
906,5367,1016,3,0
906,5369,796,0,3
906,5373,1016,3,0
906,5379,796,0,3
907,5283,906,1,2
907,5285,906,1,2
907,5288,906,1,2
907,5289,906,1,2
907,5292,906,1,2
907,5294,906,1,2
907,5296,906,1,2
907,5298,906,1,2
907,5300,906,1,2
907,5302,906,1,2
907,5304,906,1,2
907,5307,906,1,2
907,5309,906,1,2
907,5312,906,1,2
907,5314,906,1,2
907,5317,906,1,2
907,5329,906,1,2
907,5336,906,1,2
907,5337,906,1,2
907,5339,906,1,2
907,5340,906,1,2
907,5342,906,1,2
907,5344,906,1,2
907,5346,906,1,2
907,5350,906,1,2
907,5351,906,1,2
907,5352,906,1,2
907,5354,906,1,2
907,5355,906,1,2
907,5356,906,1,2
907,5358,906,1,2
907,5359,906,1,2
907,5363,906,1,2
907,5368,906,1,2
907,5371,906,1,2
907,5372,906,1,2
907,5374,906,1,2
907,5376,906,1,2
907,5377,906,1,2
929,5309,930,2,1
930,5310,929,1,2
938,5310,937,1,2
961,5283,1071,3,0
961,5285,851,0,3
961,5288,1071,3,0
961,5289,851,0,3
961,5292,1071,3,0
961,5294,1071,3,0
961,5296,1071,3,0
961,5298,1071,3,0
961,5300,851,0,3
961,5302,1071,3,0
961,5309,851,0,3
961,5312,851,0,3
961,5314,1071,3,0
961,5317,851,0,3
961,5329,1071,3,0
961,5336,851,0,3
961,5337,851,0,3
961,5339,1071,3,0
961,5340,851,0,3
961,5342,851,0,3
961,5344,851,0,3
961,5346,1071,3,0
961,5350,851,0,3
961,5351,1071,3,0
961,5352,1071,3,0
961,5354,851,0,3
961,5355,1071,3,0
961,5356,851,0,3
961,5358,1071,3,0
961,5359,1071,3,0
961,5363,851,0,3
961,5368,851,0,3
961,5370,1071,3,0
961,5371,1071,3,0
961,5372,851,0,3
961,5374,851,0,3
961,5376,1071,3,0
961,5377,851,0,3
961,5378,1071,3,0
962,5280,961,1,2
962,5281,961,1,2
962,5284,961,1,2
962,5287,961,1,2
962,5290,961,1,2
962,5291,961,1,2
962,5293,961,1,2
962,5295,961,1,2
962,5297,961,1,2
962,5299,961,1,2
962,5305,961,1,2
962,5306,961,1,2
962,5308,961,1,2
962,5310,961,1,2
962,5311,961,1,2
962,5313,961,1,2
962,5315,961,1,2
962,5316,961,1,2
962,5318,961,1,2
962,5321,961,1,2
962,5322,961,1,2
962,5324,961,1,2
962,5325,961,1,2
962,5326,961,1,2
962,5327,961,1,2
962,5328,961,1,2
962,5333,961,1,2
962,5338,961,1,2
962,5341,961,1,2
962,5343,961,1,2
962,5345,961,1,2
962,5348,961,1,2
962,5357,961,1,2
962,5360,961,1,2
962,5362,961,1,2
962,5364,961,1,2
962,5365,961,1,2
962,5369,961,1,2
962,5375,961,1,2
962,5379,961,1,2
975,5289,976,2,1
975,5319,976,2,1
975,5344,976,2,1
976,5354,977,2,1
994,5309,884,0,3
997,5314,1107,3,0
1016,5280,1126,3,0
1016,5281,906,0,3
1016,5284,906,0,3
1016,5286,1126,3,0
1016,5287,1126,3,0
1016,5290,906,0,3
1016,5291,906,0,3
1016,5293,906,0,3
1016,5295,906,0,3
1016,5297,906,0,3
1016,5299,906,0,3
1016,5303,1126,3,0
1016,5305,906,0,3
1016,5306,906,0,3
1016,5308,906,0,3
1016,5310,906,0,3
1016,5311,1126,3,0
1016,5313,1126,3,0
1016,5315,906,0,3
1016,5316,906,0,3
1016,5318,906,0,3
1016,5321,906,0,3
1016,5322,906,0,3
1016,5324,906,0,3
1016,5325,906,0,3
1016,5326,906,0,3
1016,5327,906,0,3
1016,5328,906,0,3
1016,5333,1126,3,0
1016,5338,906,0,3
1016,5341,906,0,3
1016,5343,906,0,3
1016,5345,1126,3,0
1016,5348,1126,3,0
1016,5357,906,0,3
1016,5360,906,0,3
1016,5361,1126,3,0
1016,5362,906,0,3
1016,5364,906,0,3
1016,5365,1126,3,0
1016,5369,906,0,3
1016,5373,1126,3,0
1016,5375,906,0,3
1016,5379,906,0,3
1017,5285,1016,1,2
1017,5288,1016,1,2
1017,5289,1016,1,2
1017,5294,1016,1,2
1017,5296,1016,1,2
1017,5300,1016,1,2
1017,5302,1016,1,2
1017,5304,1016,1,2
1017,5307,1016,1,2
1017,5309,1016,1,2
1017,5312,1016,1,2
1017,5314,1016,1,2
1017,5317,1016,1,2
1017,5319,1016,1,2
1017,5329,1016,1,2
1017,5330,1016,1,2
1017,5332,1016,1,2
1017,5334,1016,1,2
1017,5336,1016,1,2
1017,5337,1016,1,2
1017,5340,1016,1,2
1017,5342,1016,1,2
1017,5344,1016,1,2
1017,5346,1016,1,2
1017,5349,1016,1,2
1017,5350,1016,1,2
1017,5351,1016,1,2
1017,5352,1016,1,2
1017,5354,1016,1,2
1017,5355,1016,1,2
1017,5356,1016,1,2
1017,5358,1016,1,2
1017,5359,1016,1,2
1017,5363,1016,1,2
1017,5368,1016,1,2
1017,5371,1016,1,2
1017,5372,1016,1,2
1017,5374,1016,1,2
1017,5376,1016,1,2
1017,5377,1016,1,2
1040,5310,1039,1,2
1048,5310,1047,1,2
1052,5366,942,0,3
1052,5375,942,0,3
1058,5319,948,0,3
1071,5283,1181,3,0
1071,5288,1181,3,0
1071,5292,1181,3,0
1071,5294,1181,3,0
1071,5296,1181,3,0
1071,5298,1181,3,0
1071,5302,1181,3,0
1071,5314,1181,3,0
1071,5319,1181,3,0
1071,5329,1181,3,0
1071,5332,1181,3,0
1071,5339,1181,3,0
1071,5346,1181,3,0
1071,5351,1181,3,0
1071,5352,1181,3,0
1071,5355,1181,3,0
1071,5358,1181,3,0
1071,5359,1181,3,0
1071,5371,1181,3,0
1071,5376,1181,3,0
1072,5281,1071,1,2
1072,5284,1071,1,2
1072,5290,1071,1,2
1072,5291,1071,1,2
1072,5293,1071,1,2
1072,5295,1071,1,2
1072,5297,1071,1,2
1072,5299,1071,1,2
1072,5305,1071,1,2
1072,5306,1071,1,2
1072,5308,1071,1,2
1072,5310,1071,1,2
1072,5315,1071,1,2
1072,5316,1071,1,2
1072,5318,1071,1,2
1072,5320,1071,1,2
1072,5321,1071,1,2
1072,5322,1071,1,2
1072,5324,1071,1,2
1072,5325,1071,1,2
1072,5326,1071,1,2
1072,5327,1071,1,2
1072,5328,1071,1,2
1072,5335,1071,1,2
1072,5338,1071,1,2
1072,5341,1071,1,2
1072,5343,1071,1,2
1072,5357,1071,1,2
1072,5360,1071,1,2
1072,5362,1071,1,2
1072,5364,1071,1,2
1072,5366,1071,1,2
1072,5369,1071,1,2
1072,5375,1071,1,2
1072,5379,1071,1,2
1126,5280,1236,3,0
1126,5281,1016,0,3
1126,5284,1016,0,3
1126,5287,1236,3,0
1126,5290,1016,0,3
1126,5291,1016,0,3
1126,5293,1016,0,3
1126,5295,1016,0,3
1126,5297,1016,0,3
1126,5299,1016,0,3
1126,5305,1016,0,3
1126,5306,1016,0,3
1126,5308,1016,0,3
1126,5310,1016,0,3
1126,5311,1236,3,0
1126,5313,1236,3,0
1126,5315,1016,0,3
1126,5316,1016,0,3
1126,5318,1016,0,3
1126,5320,1016,0,3
1126,5321,1016,0,3
1126,5322,1016,0,3
1126,5324,1016,0,3
1126,5325,1016,0,3
1126,5326,1016,0,3
1126,5327,1016,0,3
1126,5328,1016,0,3
1126,5333,1236,3,0
1126,5335,1016,0,3
1126,5338,1016,0,3
1126,5341,1016,0,3
1126,5343,1016,0,3
1126,5345,1236,3,0
1126,5348,1236,3,0
1126,5357,1016,0,3
1126,5360,1016,0,3
1126,5362,1016,0,3
1126,5364,1016,0,3
1126,5365,1236,3,0
1126,5366,1016,0,3
1126,5369,1016,0,3
1126,5375,1016,0,3
1126,5379,1016,0,3
1127,5285,1126,1,2
1127,5288,1126,1,2
1127,5289,1126,1,2
1127,5296,1126,1,2
1127,5302,1126,1,2
1127,5304,1126,1,2
1127,5307,1126,1,2
1127,5309,1126,1,2
1127,5312,1126,1,2
1127,5314,1126,1,2
1127,5317,1126,1,2
1127,5319,1126,1,2
1127,5329,1126,1,2
1127,5330,1126,1,2
1127,5332,1126,1,2
1127,5334,1126,1,2
1127,5336,1126,1,2
1127,5337,1126,1,2
1127,5340,1126,1,2
1127,5342,1126,1,2
1127,5344,1126,1,2
1127,5346,1126,1,2
1127,5349,1126,1,2
1127,5350,1126,1,2
1127,5351,1126,1,2
1127,5352,1126,1,2
1127,5354,1126,1,2
1127,5355,1126,1,2
1127,5356,1126,1,2
1127,5358,1126,1,2
1127,5359,1126,1,2
1127,5363,1126,1,2
1127,5368,1126,1,2
1127,5370,1126,1,2
1127,5371,1126,1,2
1127,5372,1126,1,2
1127,5374,1126,1,2
1127,5376,1126,1,2
1127,5377,1126,1,2
1127,5378,1126,1,2
1139,5333,5333,5,1,1138,1,2,1140,2,1
1149,5309,1150,2,1
1150,5310,1149,1,2
1158,5310,1157,1,2
1181,5285,1071,0,3
1181,5288,1291,3,0
1181,5289,1071,0,3
1181,5294,1291,3,0
1181,5296,1291,3,0
1181,5302,1291,3,0
1181,5304,1071,0,3
1181,5307,1071,0,3
1181,5309,1071,0,3
1181,5312,1071,0,3
1181,5314,1291,3,0
1181,5317,1071,0,3
1181,5319,1291,3,0
1181,5329,1291,3,0
1181,5332,1291,3,0
1181,5336,1071,0,3
1181,5337,1071,0,3
1181,5340,1071,0,3
1181,5342,1071,0,3
1181,5344,1071,0,3
1181,5346,1291,3,0
1181,5350,1071,0,3
1181,5351,1291,3,0
1181,5352,1291,3,0
1181,5354,1071,0,3
1181,5355,1291,3,0
1181,5356,1071,0,3
1181,5358,1291,3,0
1181,5359,1291,3,0
1181,5363,1071,0,3
1181,5368,1071,0,3
1181,5371,1291,3,0
1181,5372,1071,0,3
1181,5374,1071,0,3
1181,5376,1291,3,0
1181,5377,1071,0,3
1182,5281,1181,1,2
1182,5282,1181,1,2
1182,5284,1181,1,2
1182,5290,1181,1,2
1182,5291,1181,1,2
1182,5293,1181,1,2
1182,5295,1181,1,2
1182,5297,1181,1,2
1182,5299,1181,1,2
1182,5305,1181,1,2
1182,5306,1181,1,2
1182,5308,1181,1,2
1182,5310,1181,1,2
1182,5315,1181,1,2
1182,5316,1181,1,2
1182,5318,1181,1,2
1182,5320,1181,1,2
1182,5321,1181,1,2
1182,5322,1181,1,2
1182,5323,1181,1,2
1182,5324,1181,1,2
1182,5325,1181,1,2
1182,5326,1181,1,2
1182,5327,1181,1,2
1182,5328,1181,1,2
1182,5331,1181,1,2
1182,5335,1181,1,2
1182,5338,1181,1,2
1182,5341,1181,1,2
1182,5343,1181,1,2
1182,5347,1181,1,2
1182,5357,1181,1,2
1182,5360,1181,1,2
1182,5362,1181,1,2
1182,5364,1181,1,2
1182,5366,1181,1,2
1182,5367,1181,1,2
1182,5369,1181,1,2
1182,5373,1181,1,2
1182,5375,1181,1,2
1182,5379,1181,1,2
1195,5319,1196,2,1
1195,5344,1196,2,1
1214,5309,1104,0,3
1215,5370,1105,0,3
1216,5298,1106,0,3
1216,5339,1106,0,3
1217,5314,1327,3,0
1236,5280,1346,3,0
1236,5281,1126,0,3
1236,5282,1126,0,3
1236,5287,1346,3,0
1236,5290,1126,0,3
1236,5293,1126,0,3
1236,5295,1126,0,3
1236,5297,1126,0,3
1236,5299,1126,0,3
1236,5300,1346,3,0
1236,5305,1126,0,3
1236,5306,1126,0,3
1236,5308,1126,0,3
1236,5310,1126,0,3
1236,5313,1346,3,0
1236,5315,1126,0,3
1236,5316,1126,0,3
1236,5318,1126,0,3
1236,5320,1126,0,3
1236,5321,1126,0,3
1236,5322,1126,0,3
1236,5323,1126,0,3
1236,5325,1126,0,3
1236,5326,1126,0,3
1236,5327,1126,0,3
1236,5328,1126,0,3
1236,5331,1126,0,3
1236,5335,1126,0,3
1236,5343,1126,0,3
1236,5347,1126,0,3
1236,5348,1346,3,0
1236,5357,1126,0,3
1236,5362,1126,0,3
1236,5364,1126,0,3
1236,5366,1126,0,3
1236,5367,1126,0,3
1236,5369,1126,0,3
1236,5372,1346,3,0
1236,5375,1126,0,3
1236,5379,1126,0,3
1237,5283,1236,1,2
1237,5284,1236,1,2
1237,5285,1236,1,2
1237,5288,1236,1,2
1237,5289,1236,1,2
1237,5291,1236,1,2
1237,5292,1236,1,2
1237,5296,1236,1,2
1237,5298,1236,1,2
1237,5302,1236,1,2
1237,5304,1236,1,2
1237,5307,1236,1,2
1237,5309,1236,1,2
1237,5312,1236,1,2
1237,5314,1236,1,2
1237,5317,1236,1,2
1237,5319,1236,1,2
1237,5324,1236,1,2
1237,5329,1236,1,2
1237,5330,1236,1,2
1237,5332,1236,1,2
1237,5334,1236,1,2
1237,5336,1236,1,2
1237,5337,1236,1,2
1237,5339,1236,1,2
1237,5340,1236,1,2
1237,5341,1236,1,2
1237,5342,1236,1,2
1237,5344,1236,1,2
1237,5346,1236,1,2
1237,5349,1236,1,2
1237,5350,1236,1,2
1237,5351,1236,1,2
1237,5352,1236,1,2
1237,5354,1236,1,2
1237,5355,1236,1,2
1237,5356,1236,1,2
1237,5358,1236,1,2
1237,5360,1236,1,2
1237,5363,1236,1,2
1237,5368,1236,1,2
1237,5370,1236,1,2
1237,5371,1236,1,2
1237,5374,1236,1,2
1237,5376,1236,1,2
1237,5377,1236,1,2
1237,5378,1236,1,2
1248,5333,5333,5,1,1138,0,3,1247,1,2,1358,3,0
1249,5333,1248,1,2
1260,5310,1259,1,2
1268,5310,1267,1,2
1291,5288,1401,3,0
1291,5291,1401,3,0
1291,5294,1401,3,0
1291,5296,1401,3,0
1291,5302,1401,3,0
1291,5314,1401,3,0
1291,5319,1401,3,0
1291,5329,1401,3,0
1291,5332,1401,3,0
1291,5346,1401,3,0
1291,5351,1401,3,0
1291,5352,1401,3,0
1291,5355,1401,3,0
1291,5358,1401,3,0
1291,5359,1401,3,0
1291,5360,1401,3,0
1291,5371,1401,3,0
1291,5376,1401,3,0
1292,5281,1291,1,2
1292,5282,1291,1,2
1292,5286,1291,1,2
1292,5290,1291,1,2
1292,5293,1291,1,2
1292,5295,1291,1,2
1292,5297,1291,1,2
1292,5299,1291,1,2
1292,5303,1291,1,2
1292,5305,1291,1,2
1292,5306,1291,1,2
1292,5308,1291,1,2
1292,5310,1291,1,2
1292,5315,1291,1,2
1292,5316,1291,1,2
1292,5320,1291,1,2
1292,5321,1291,1,2
1292,5322,1291,1,2
1292,5323,1291,1,2
1292,5325,1291,1,2
1292,5326,1291,1,2
1292,5327,1291,1,2
1292,5328,1291,1,2
1292,5331,1291,1,2
1292,5335,1291,1,2
1292,5343,1291,1,2
1292,5347,1291,1,2
1292,5357,1291,1,2
1292,5361,1291,1,2
1292,5362,1291,1,2
1292,5364,1291,1,2
1292,5366,1291,1,2
1292,5367,1291,1,2
1292,5369,1291,1,2
1292,5373,1291,1,2
1292,5375,1291,1,2
1292,5379,1291,1,2
1337,5286,1447,3,0
1346,5282,1236,0,3
1346,5290,1236,0,3
1346,5293,1236,0,3
1346,5295,1236,0,3
1346,5297,1236,0,3
1346,5299,1236,0,3
1346,5300,1456,3,0
1346,5303,1236,0,3
1346,5305,1236,0,3
1346,5306,1236,0,3
1346,5315,1236,0,3
1346,5320,1236,0,3
1346,5321,1236,0,3
1346,5322,1236,0,3
1346,5323,1236,0,3
1346,5325,1236,0,3
1346,5326,1236,0,3
1346,5327,1236,0,3
1346,5328,1236,0,3
1346,5331,1236,0,3
1346,5335,1236,0,3
1346,5343,1236,0,3
1346,5347,1236,0,3
1346,5348,1456,3,0
1346,5357,1236,0,3
1346,5361,1236,0,3
1346,5362,1236,0,3
1346,5364,1236,0,3
1346,5366,1236,0,3
1346,5367,1236,0,3
1346,5369,1236,0,3
1346,5372,1456,3,0
1346,5373,1236,0,3
1346,5375,1236,0,3
1346,5379,1236,0,3
1347,5283,1346,1,2
1347,5284,1346,1,2
1347,5288,1346,1,2
1347,5289,1346,1,2
1347,5291,1346,1,2
1347,5292,1346,1,2
1347,5296,1346,1,2
1347,5298,1346,1,2
1347,5302,1346,1,2
1347,5304,1346,1,2
1347,5307,1346,1,2
1347,5309,1346,1,2
1347,5312,1346,1,2
1347,5314,1346,1,2
1347,5317,1346,1,2
1347,5319,1346,1,2
1347,5324,1346,1,2
1347,5329,1346,1,2
1347,5330,1346,1,2
1347,5332,1346,1,2
1347,5334,1346,1,2
1347,5336,1346,1,2
1347,5337,1346,1,2
1347,5339,1346,1,2
1347,5340,1346,1,2
1347,5341,1346,1,2
1347,5342,1346,1,2
1347,5344,1346,1,2
1347,5346,1346,1,2
1347,5349,1346,1,2
1347,5350,1346,1,2
1347,5351,1346,1,2
1347,5352,1346,1,2
1347,5354,1346,1,2
1347,5358,1346,1,2
1347,5360,1346,1,2
1347,5368,1346,1,2
1347,5370,1346,1,2
1347,5371,1346,1,2
1347,5374,1346,1,2
1347,5376,1346,1,2
1347,5377,1346,1,2
1347,5378,1346,1,2
1367,5339,1368,2,1
1369,5309,1370,2,1
1369,5370,1370,2,1
1370,5310,1369,1,2
1378,5310,1377,1,2
1399,5333,1398,1,2
1400,5333,1399,1,2
1401,5283,1291,0,3
1401,5284,1511,3,0
1401,5285,1291,0,3
1401,5288,1511,3,0
1401,5289,1291,0,3
1401,5291,1511,3,0
1401,5296,1511,3,0
1401,5301,1291,0,3
1401,5302,1511,3,0
1401,5304,1291,0,3
1401,5307,1291,0,3
1401,5309,1291,0,3
1401,5312,1291,0,3
1401,5314,1511,3,0
1401,5317,1291,0,3
1401,5318,1511,3,0
1401,5319,1511,3,0
1401,5324,1511,3,0
1401,5329,1511,3,0
1401,5330,1291,0,3
1401,5332,1511,3,0
1401,5333,1400,1,2
1401,5334,1291,0,3
1401,5336,1291,0,3
1401,5337,1291,0,3
1401,5338,1511,3,0
1401,5339,1291,0,3
1401,5340,1291,0,3
1401,5341,1511,3,0
1401,5342,1291,0,3
1401,5344,1291,0,3
1401,5346,1511,3,0
1401,5349,1291,0,3
1401,5350,1291,0,3
1401,5351,1511,3,0
1401,5352,1511,3,0
1401,5354,1291,0,3
1401,5358,1511,3,0
1401,5359,1511,3,0
1401,5360,1511,3,0
1401,5368,1291,0,3
1401,5370,1291,0,3
1401,5371,1511,3,0
1401,5374,1291,0,3
1401,5376,1511,3,0
1401,5377,1291,0,3
1401,5378,1291,0,3
1402,5282,1401,1,2
1402,5286,1401,1,2
1402,5290,1401,1,2
1402,5293,1401,1,2
1402,5295,1401,1,2
1402,5297,1401,1,2
1402,5299,1401,1,2
1402,5300,1401,1,2
1402,5303,1401,1,2
1402,5305,1401,1,2
1402,5306,1401,1,2
1402,5311,1401,1,2
1402,5315,1401,1,2
1402,5320,1401,1,2
1402,5321,1401,1,2
1402,5322,1401,1,2
1402,5323,1401,1,2
1402,5325,1401,1,2
1402,5326,1401,1,2
1402,5327,1401,1,2
1402,5328,1401,1,2
1402,5331,1401,1,2
1402,5333,1401,1,2
1402,5335,1401,1,2
1402,5343,1401,1,2
1402,5345,1401,1,2
1402,5347,1401,1,2
1402,5357,1401,1,2
1402,5361,1401,1,2
1402,5362,1401,1,2
1402,5364,1401,1,2
1402,5365,1401,1,2
1402,5366,1401,1,2
1402,5367,1401,1,2
1402,5369,1401,1,2
1402,5372,1401,1,2
1402,5373,1401,1,2
1402,5375,1401,1,2
1402,5379,1401,1,2
1412,5286,1413,2,1
1415,5319,1416,2,1
1415,5334,1416,2,1
1415,5344,1416,2,1
1415,5349,1416,2,1
1416,5360,1417,2,1
1434,5309,1324,0,3
1435,5370,1325,0,3
1436,5298,1326,0,3
1436,5339,1326,0,3
1437,5314,1547,3,0
1447,5286,1557,3,0
1456,5282,1346,0,3
1456,5285,1566,3,0
1456,5286,1346,0,3
1456,5295,1346,0,3
1456,5297,1346,0,3
1456,5299,1346,0,3
1456,5300,1566,3,0
1456,5303,1346,0,3
1456,5305,1346,0,3
1456,5306,1346,0,3
1456,5311,1346,0,3
1456,5315,1346,0,3
1456,5320,1346,0,3
1456,5321,1346,0,3
1456,5322,1346,0,3
1456,5323,1346,0,3
1456,5325,1346,0,3
1456,5326,1346,0,3
1456,5327,1346,0,3
1456,5328,1346,0,3
1456,5331,1346,0,3
1456,5335,1346,0,3
1456,5340,1566,3,0
1456,5342,1566,3,0
1456,5343,1346,0,3
1456,5345,1346,0,3
1456,5347,1346,0,3
1456,5356,1566,3,0
1456,5357,1346,0,3
1456,5361,1346,0,3
1456,5362,1346,0,3
1456,5363,1566,3,0
1456,5364,1346,0,3
1456,5365,1346,0,3
1456,5366,1346,0,3
1456,5367,1346,0,3
1456,5369,1346,0,3
1456,5372,1566,3,0
1456,5373,1346,0,3
1456,5375,1346,0,3
1456,5379,1346,0,3
1457,5281,1456,1,2
1457,5283,1456,1,2
1457,5284,1456,1,2
1457,5289,1456,1,2
1457,5291,1456,1,2
1457,5292,1456,1,2
1457,5293,1456,1,2
1457,5294,1456,1,2
1457,5298,1456,1,2
1457,5302,1456,1,2
1457,5304,1456,1,2
1457,5307,1456,1,2
1457,5308,1456,1,2
1457,5309,1456,1,2
1457,5310,1456,1,2
1457,5312,1456,1,2
1457,5314,1456,1,2
1457,5316,1456,1,2
1457,5317,1456,1,2
1457,5318,1456,1,2
1457,5319,1456,1,2
1457,5324,1456,1,2
1457,5329,1456,1,2
1457,5330,1456,1,2
1457,5332,1456,1,2
1457,5334,1456,1,2
1457,5336,1456,1,2
1457,5337,1456,1,2
1457,5338,1456,1,2
1457,5339,1456,1,2
1457,5341,1456,1,2
1457,5344,1456,1,2
1457,5346,1456,1,2
1457,5349,1456,1,2
1457,5350,1456,1,2
1457,5351,1456,1,2
1457,5352,1456,1,2
1457,5354,1456,1,2
1457,5355,1456,1,2
1457,5359,1456,1,2
1457,5360,1456,1,2
1457,5368,1456,1,2
1457,5370,1456,1,2
1457,5371,1456,1,2
1457,5374,1456,1,2
1457,5376,1456,1,2
1457,5377,1456,1,2
1457,5378,1456,1,2
1480,5310,1479,1,2
1488,5310,1487,1,2
1498,5344,1608,3,0
1498,5373,1388,0,3
1511,5281,1621,3,0
1511,5284,1621,3,0
1511,5288,1621,3,0
1511,5291,1621,3,0
1511,5302,1621,3,0
1511,5308,1621,3,0
1511,5310,1621,3,0
1511,5314,1621,3,0
1511,5316,1621,3,0
1511,5318,1621,3,0
1511,5319,1621,3,0
1511,5324,1621,3,0
1511,5329,1621,3,0
1511,5332,1621,3,0
1511,5338,1621,3,0
1511,5341,1621,3,0
1511,5346,1621,3,0
1511,5351,1621,3,0
1511,5352,1621,3,0
1511,5358,1621,3,0
1511,5360,1621,3,0
1511,5371,1621,3,0
1511,5376,1621,3,0
1512,5280,1511,1,2
1512,5282,1511,1,2
1512,5286,1511,1,2
1512,5287,1511,1,2
1512,5295,1511,1,2
1512,5297,1511,1,2
1512,5299,1511,1,2
1512,5303,1511,1,2
1512,5305,1511,1,2
1512,5306,1511,1,2
1512,5311,1511,1,2
1512,5313,1511,1,2
1512,5315,1511,1,2
1512,5320,1511,1,2
1512,5321,1511,1,2
1512,5322,1511,1,2
1512,5323,1511,1,2
1512,5325,1511,1,2
1512,5326,1511,1,2
1512,5327,1511,1,2
1512,5328,1511,1,2
1512,5331,1511,1,2
1512,5333,1511,1,2
1512,5335,1511,1,2
1512,5343,1511,1,2
1512,5345,1511,1,2
1512,5347,1511,1,2
1512,5357,1511,1,2
1512,5361,1511,1,2
1512,5362,1511,1,2
1512,5364,1511,1,2
1512,5365,1511,1,2
1512,5366,1511,1,2
1512,5367,1511,1,2
1512,5369,1511,1,2
1512,5373,1511,1,2
1512,5375,1511,1,2
1512,5379,1511,1,2
1522,5286,1523,2,1
1557,5286,1667,3,0
1566,5280,1456,0,3
1566,5282,1456,0,3
1566,5285,1676,3,0
1566,5286,1456,0,3
1566,5287,1456,0,3
1566,5295,1456,0,3
1566,5297,1456,0,3
1566,5299,1456,0,3
1566,5300,1676,3,0
1566,5303,1456,0,3
1566,5305,1456,0,3
1566,5306,1456,0,3
1566,5311,1456,0,3
1566,5313,1456,0,3
1566,5315,1456,0,3
1566,5320,1456,0,3
1566,5321,1456,0,3
1566,5322,1456,0,3
1566,5323,1456,0,3
1566,5325,1456,0,3
1566,5326,1456,0,3
1566,5327,1456,0,3
1566,5328,1456,0,3
1566,5331,1456,0,3
1566,5333,1456,0,3
1566,5335,1456,0,3
1566,5340,1676,3,0
1566,5342,1676,3,0
1566,5343,1456,0,3
1566,5345,1456,0,3
1566,5347,1456,0,3
1566,5356,1676,3,0
1566,5361,1456,0,3
1566,5363,1676,3,0
1566,5364,1456,0,3
1566,5365,1456,0,3
1566,5366,1456,0,3
1566,5367,1456,0,3
1566,5369,1456,0,3
1566,5372,1676,3,0
1566,5373,1456,0,3
1566,5375,1456,0,3
1566,5379,1456,0,3
1567,5281,1566,1,2
1567,5283,1566,1,2
1567,5284,1566,1,2
1567,5289,1566,1,2
1567,5291,1566,1,2
1567,5292,1566,1,2
1567,5293,1566,1,2
1567,5294,1566,1,2
1567,5296,1566,1,2
1567,5298,1566,1,2
1567,5302,1566,1,2
1567,5304,1566,1,2
1567,5307,1566,1,2
1567,5308,1566,1,2
1567,5309,1566,1,2
1567,5310,1566,1,2
1567,5312,1566,1,2
1567,5314,1566,1,2
1567,5316,1566,1,2
1567,5318,1566,1,2
1567,5319,1566,1,2
1567,5324,1566,1,2
1567,5330,1566,1,2
1567,5332,1566,1,2
1567,5334,1566,1,2
1567,5336,1566,1,2
1567,5337,1566,1,2
1567,5338,1566,1,2
1567,5339,1566,1,2
1567,5341,1566,1,2
1567,5344,1566,1,2
1567,5346,1566,1,2
1567,5349,1566,1,2
1567,5351,1566,1,2
1567,5352,1566,1,2
1567,5354,1566,1,2
1567,5355,1566,1,2
1567,5359,1566,1,2
1567,5360,1566,1,2
1567,5368,1566,1,2
1567,5370,1566,1,2
1567,5371,1566,1,2
1567,5374,1566,1,2
1567,5376,1566,1,2
1567,5377,1566,1,2
1567,5378,1566,1,2
1586,5327,1585,1,2
1587,5339,1588,2,1
1589,5309,1590,2,1
1589,5370,1590,2,1
1590,5310,1589,1,2
1598,5310,1597,1,2
1621,5281,1731,3,0
1621,5283,1511,0,3
1621,5284,1731,3,0
1621,5289,1511,0,3
1621,5290,1731,3,0
1621,5291,1731,3,0
1621,5292,1511,0,3
1621,5293,1731,3,0
1621,5298,1511,0,3
1621,5301,1511,0,3
1621,5302,1731,3,0
1621,5304,1511,0,3
1621,5307,1511,0,3
1621,5308,1731,3,0
1621,5309,1511,0,3
1621,5310,1731,3,0
1621,5312,1511,0,3
1621,5314,1731,3,0
1621,5316,1731,3,0
1621,5318,1731,3,0
1621,5319,1731,3,0
1621,5324,1731,3,0
1621,5329,1731,3,0
1621,5330,1511,0,3
1621,5332,1731,3,0
1621,5334,1511,0,3
1621,5336,1511,0,3
1621,5337,1511,0,3
1621,5338,1731,3,0
1621,5339,1511,0,3
1621,5341,1731,3,0
1621,5344,1511,0,3
1621,5346,1731,3,0
1621,5349,1511,0,3
1621,5350,1511,0,3
1621,5351,1731,3,0
1621,5352,1731,3,0
1621,5354,1511,0,3
1621,5360,1731,3,0
1621,5368,1511,0,3
1621,5370,1511,0,3
1621,5371,1731,3,0
1621,5374,1511,0,3
1621,5376,1731,3,0
1621,5377,1511,0,3
1621,5378,1511,0,3
1622,5280,1621,1,2
1622,5282,1621,1,2
1622,5285,1621,1,2
1622,5286,1621,1,2
1622,5287,1621,1,2
1622,5295,1621,1,2
1622,5297,1621,1,2
1622,5299,1621,1,2
1622,5300,1621,1,2
1622,5303,1621,1,2
1622,5305,1621,1,2
1622,5306,1621,1,2
1622,5311,1621,1,2
1622,5313,1621,1,2
1622,5315,1621,1,2
1622,5317,1621,1,2
1622,5320,1621,1,2
1622,5321,1621,1,2
1622,5322,1621,1,2
1622,5323,1621,1,2
1622,5325,1621,1,2
1622,5326,1621,1,2
1622,5327,1621,1,2
1622,5328,1621,1,2
1622,5331,1621,1,2
1622,5333,1621,1,2
1622,5335,1621,1,2
1622,5340,1621,1,2
1622,5342,1621,1,2
1622,5343,1621,1,2
1622,5345,1621,1,2
1622,5347,1621,1,2
1622,5348,1621,1,2
1622,5356,1621,1,2
1622,5357,1621,1,2
1622,5361,1621,1,2
1622,5363,1621,1,2
1622,5364,1621,1,2
1622,5365,1621,1,2
1622,5366,1621,1,2
1622,5367,1621,1,2
1622,5369,1621,1,2
1622,5372,1621,1,2
1622,5373,1621,1,2
1622,5375,1621,1,2
1622,5379,1621,1,2
1635,5334,1636,2,1
1635,5349,1636,2,1
1636,5360,1637,2,1
1654,5309,1544,0,3
1655,5370,1545,0,3
1656,5298,1546,0,3
1656,5339,1546,0,3
1657,5314,1767,3,0
1665,5286,1666,2,1
1667,5286,1777,3,0
1676,5280,1566,0,3
1676,5282,1566,0,3
1676,5285,1786,3,0
1676,5286,1566,0,3
1676,5287,1566,0,3
1676,5297,1566,0,3
1676,5299,1566,0,3
1676,5300,1786,3,0
1676,5303,1566,0,3
1676,5305,1566,0,3
1676,5311,1566,0,3
1676,5313,1566,0,3
1676,5317,1786,3,0
1676,5320,1566,0,3
1676,5322,1566,0,3
1676,5323,1566,0,3
1676,5325,1566,0,3
1676,5327,1566,0,3
1676,5331,1566,0,3
1676,5333,1566,0,3
1676,5335,1566,0,3
1676,5336,1786,3,0
1676,5337,1786,3,0
1676,5340,1786,3,0
1676,5342,1786,3,0
1676,5343,1566,0,3
1676,5345,1566,0,3
1676,5347,1566,0,3
1676,5350,1786,3,0
1676,5356,1786,3,0
1676,5361,1566,0,3
1676,5363,1786,3,0
1676,5364,1566,0,3
1676,5365,1566,0,3
1676,5366,1566,0,3
1676,5367,1566,0,3
1676,5369,1566,0,3
1676,5372,1786,3,0
1676,5373,1566,0,3
1676,5375,1566,0,3
1677,5281,1676,1,2
1677,5283,1676,1,2
1677,5284,1676,1,2
1677,5288,1676,1,2
1677,5290,1676,1,2
1677,5291,1676,1,2
1677,5292,1676,1,2
1677,5293,1676,1,2
1677,5294,1676,1,2
1677,5296,1676,1,2
1677,5298,1676,1,2
1677,5304,1676,1,2
1677,5307,1676,1,2
1677,5308,1676,1,2
1677,5310,1676,1,2
1677,5314,1676,1,2
1677,5316,1676,1,2
1677,5318,1676,1,2
1677,5324,1676,1,2
1677,5328,1676,1,2
1677,5330,1676,1,2
1677,5332,1676,1,2
1677,5334,1676,1,2
1677,5338,1676,1,2
1677,5339,1676,1,2
1677,5341,1676,1,2
1677,5349,1676,1,2
1677,5351,1676,1,2
1677,5352,1676,1,2
1677,5355,1676,1,2
1677,5357,1676,1,2
1677,5358,1676,1,2
1677,5359,1676,1,2
1677,5360,1676,1,2
1677,5362,1676,1,2
1677,5368,1676,1,2
1677,5370,1676,1,2
1677,5371,1676,1,2
1677,5376,1676,1,2
1677,5378,1676,1,2
1700,5310,1699,1,2
1708,5310,1707,1,2
1715,5350,1825,3,0
1718,5280,1608,0,3
1718,5344,1828,3,0
1718,5354,1828,3,0
1718,5373,1608,0,3
1731,5281,1841,3,0
1731,5284,1841,3,0
1731,5290,1841,3,0
1731,5291,1841,3,0
1731,5293,1841,3,0
1731,5302,1841,3,0
1731,5308,1841,3,0
1731,5310,1841,3,0
1731,5314,1841,3,0
1731,5315,1841,3,0
1731,5316,1841,3,0
1731,5318,1841,3,0
1731,5319,1841,3,0
1731,5324,1841,3,0
1731,5332,1841,3,0
1731,5338,1841,3,0
1731,5341,1841,3,0
1731,5346,1841,3,0
1731,5351,1841,3,0
1731,5352,1841,3,0
1731,5357,1841,3,0
1731,5360,1841,3,0
1731,5362,1841,3,0
1731,5371,1841,3,0
1731,5376,1841,3,0
1732,5280,1731,1,2
1732,5282,1731,1,2
1732,5286,1731,1,2
1732,5287,1731,1,2
1732,5295,1731,1,2
1732,5297,1731,1,2
1732,5299,1731,1,2
1732,5303,1731,1,2
1732,5305,1731,1,2
1732,5306,1731,1,2
1732,5311,1731,1,2
1732,5313,1731,1,2
1732,5320,1731,1,2
1732,5322,1731,1,2
1732,5323,1731,1,2
1732,5325,1731,1,2
1732,5326,1731,1,2
1732,5327,1731,1,2
1732,5331,1731,1,2
1732,5333,1731,1,2
1732,5335,1731,1,2
1732,5345,1731,1,2
1732,5347,1731,1,2
1732,5348,1731,1,2
1732,5361,1731,1,2
1732,5364,1731,1,2
1732,5365,1731,1,2
1732,5366,1731,1,2
1732,5367,1731,1,2
1732,5369,1731,1,2
1732,5373,1731,1,2
1732,5375,1731,1,2
1743,5286,1744,2,1
1772,5369,1882,3,0
1775,5286,1776,2,1
1777,5286,1887,3,0
1786,5280,1676,0,3
1786,5282,1676,0,3
1786,5285,1896,3,0
1786,5286,1676,0,3
1786,5287,1676,0,3
1786,5297,1676,0,3
1786,5299,1676,0,3
1786,5300,1896,3,0
1786,5303,1676,0,3
1786,5305,1676,0,3
1786,5309,1896,3,0
1786,5311,1676,0,3
1786,5313,1676,0,3
1786,5317,1896,3,0
1786,5320,1676,0,3
1786,5322,1676,0,3
1786,5323,1676,0,3
1786,5325,1676,0,3
1786,5327,1676,0,3
1786,5331,1676,0,3
1786,5333,1676,0,3
1786,5335,1676,0,3
1786,5336,1896,3,0
1786,5337,1896,3,0
1786,5340,1896,3,0
1786,5342,1896,3,0
1786,5344,1896,3,0
1786,5345,1676,0,3
1786,5347,1676,0,3
1786,5350,1896,3,0
1786,5354,1896,3,0
1786,5356,1896,3,0
1786,5361,1676,0,3
1786,5363,1896,3,0
1786,5364,1676,0,3
1786,5365,1676,0,3
1786,5366,1676,0,3
1786,5367,1676,0,3
1786,5369,1676,0,3
1786,5372,1896,3,0
1786,5373,1676,0,3
1786,5375,1676,0,3
1786,5377,1896,3,0
1787,5281,1786,1,2
1787,5283,1786,1,2
1787,5284,1786,1,2
1787,5288,1786,1,2
1787,5290,1786,1,2
1787,5291,1786,1,2
1787,5292,1786,1,2
1787,5293,1786,1,2
1787,5294,1786,1,2
1787,5296,1786,1,2
1787,5298,1786,1,2
1787,5304,1786,1,2
1787,5306,1786,1,2
1787,5307,1786,1,2
1787,5308,1786,1,2
1787,5310,1786,1,2
1787,5314,1786,1,2
1787,5315,1786,1,2
1787,5316,1786,1,2
1787,5318,1786,1,2
1787,5321,1786,1,2
1787,5324,1786,1,2
1787,5328,1786,1,2
1787,5329,1786,1,2
1787,5334,1786,1,2
1787,5338,1786,1,2
1787,5339,1786,1,2
1787,5341,1786,1,2
1787,5349,1786,1,2
1787,5352,1786,1,2
1787,5355,1786,1,2
1787,5357,1786,1,2
1787,5358,1786,1,2
1787,5359,1786,1,2
1787,5360,1786,1,2
1787,5362,1786,1,2
1787,5370,1786,1,2
1787,5376,1786,1,2
1787,5378,1786,1,2
1787,5379,1786,1,2
1807,5339,1808,2,1
1809,5309,1810,2,1
1809,5370,1810,2,1
1810,5310,1809,1,2
1818,5310,1817,1,2
1841,5281,1951,3,0
1841,5283,1731,0,3
1841,5284,1951,3,0
1841,5290,1951,3,0
1841,5291,1951,3,0
1841,5292,1731,0,3
1841,5293,1951,3,0
1841,5294,1731,0,3
1841,5296,1731,0,3
1841,5298,1731,0,3
1841,5301,1731,0,3
1841,5304,1731,0,3
1841,5307,1731,0,3
1841,5308,1951,3,0
1841,5310,1951,3,0
1841,5314,1951,3,0
1841,5315,1951,3,0
1841,5316,1951,3,0
1841,5318,1951,3,0
1841,5321,1951,3,0
1841,5324,1951,3,0
1841,5328,1951,3,0
1841,5330,1731,0,3
1841,5332,1951,3,0
1841,5334,1731,0,3
1841,5338,1951,3,0
1841,5339,1731,0,3
1841,5341,1951,3,0
1841,5343,1951,3,0
1841,5349,1731,0,3
1841,5352,1951,3,0
1841,5355,1731,0,3
1841,5357,1951,3,0
1841,5359,1731,0,3
1841,5360,1951,3,0
1841,5362,1951,3,0
1841,5370,1731,0,3
1841,5376,1951,3,0
1841,5378,1731,0,3
1841,5379,1951,3,0
1842,5280,1841,1,2
1842,5282,1841,1,2
1842,5285,1841,1,2
1842,5286,1841,1,2
1842,5287,1841,1,2
1842,5297,1841,1,2
1842,5299,1841,1,2
1842,5300,1841,1,2
1842,5303,1841,1,2
1842,5305,1841,1,2
1842,5311,1841,1,2
1842,5313,1841,1,2
1842,5317,1841,1,2
1842,5320,1841,1,2
1842,5322,1841,1,2
1842,5323,1841,1,2
1842,5325,1841,1,2
1842,5327,1841,1,2
1842,5331,1841,1,2
1842,5333,1841,1,2
1842,5336,1841,1,2
1842,5337,1841,1,2
1842,5340,1841,1,2
1842,5342,1841,1,2
1842,5344,1841,1,2
1842,5345,1841,1,2
1842,5347,1841,1,2
1842,5348,1841,1,2
1842,5350,1841,1,2
1842,5354,1841,1,2
1842,5356,1841,1,2
1842,5361,1841,1,2
1842,5363,1841,1,2
1842,5364,1841,1,2
1842,5365,1841,1,2
1842,5366,1841,1,2
1842,5367,1841,1,2
1842,5369,1841,1,2
1842,5372,1841,1,2
1842,5373,1841,1,2
1842,5375,1841,1,2
1855,5294,1856,2,1
1855,5334,1856,2,1
1855,5349,1856,2,1
1855,5359,1856,2,1
1856,5335,1857,2,1
1856,5360,1857,2,1
1859,5358,1860,2,1
1860,5288,1861,2,1
1874,5309,1764,0,3
1875,5370,1765,0,3
1876,5339,1766,0,3
1877,5314,1987,3,0
1885,5286,1886,2,1
1886,5286,1887,2,1
1887,5286,1997,3,0
1896,5280,1786,0,3
1896,5285,2006,3,0
1896,5287,1786,0,3
1896,5289,2006,3,0
1896,5300,2006,3,0
1896,5309,2006,3,0
1896,5311,1786,0,3
1896,5312,2006,3,0
1896,5313,1786,0,3
1896,5317,2006,3,0
1896,5330,2006,3,0
1896,5336,2006,3,0
1896,5337,2006,3,0
1896,5340,2006,3,0
1896,5342,2006,3,0
1896,5344,2006,3,0
1896,5345,1786,0,3
1896,5348,1786,0,3
1896,5350,2006,3,0
1896,5354,2006,3,0
1896,5356,2006,3,0
1896,5363,2006,3,0
1896,5364,1786,0,3
1896,5368,2006,3,0
1896,5369,1786,0,3
1896,5372,2006,3,0
1896,5374,2006,3,0
1896,5377,2006,3,0
1897,5281,1896,1,2
1897,5283,1896,1,2
1897,5284,1896,1,2
1897,5286,1896,1,2
1897,5288,1896,1,2
1897,5290,1896,1,2
1897,5291,1896,1,2
1897,5292,1896,1,2
1897,5293,1896,1,2
1897,5294,1896,1,2
1897,5295,1896,1,2
1897,5296,1896,1,2
1897,5298,1896,1,2
1897,5299,1896,1,2
1897,5302,1896,1,2
1897,5304,1896,1,2
1897,5305,1896,1,2
1897,5306,1896,1,2
1897,5307,1896,1,2
1897,5308,1896,1,2
1897,5310,1896,1,2
1897,5314,1896,1,2
1897,5315,1896,1,2
1897,5316,1896,1,2
1897,5318,1896,1,2
1897,5319,1896,1,2
1897,5320,1896,1,2
1897,5321,1896,1,2
1897,5322,1896,1,2
1897,5324,1896,1,2
1897,5325,1896,1,2
1897,5326,1896,1,2
1897,5327,1896,1,2
1897,5328,1896,1,2
1897,5329,1896,1,2
1897,5334,1896,1,2
1897,5335,1896,1,2
1897,5338,1896,1,2
1897,5339,1896,1,2
1897,5341,1896,1,2
1897,5343,1896,1,2
1897,5346,1896,1,2
1897,5349,1896,1,2
1897,5351,1896,1,2
1897,5352,1896,1,2
1897,5355,1896,1,2
1897,5357,1896,1,2
1897,5358,1896,1,2
1897,5359,1896,1,2
1897,5362,1896,1,2
1897,5367,1896,1,2
1897,5370,1896,1,2
1897,5371,1896,1,2
1897,5375,1896,1,2
1897,5376,1896,1,2
1897,5378,1896,1,2
1897,5379,1896,1,2
1920,5310,1919,1,2
1928,5310,1927,1,2
1938,5280,1828,0,3
1938,5344,2048,3,0
1938,5354,2048,3,0
1938,5373,1828,0,3
1951,5281,2061,3,0
1951,5284,2061,3,0
1951,5290,2061,3,0
1951,5291,2061,3,0
1951,5293,2061,3,0
1951,5295,2061,3,0
1951,5299,2061,3,0
1951,5305,2061,3,0
1951,5306,2061,3,0
1951,5308,2061,3,0
1951,5310,2061,3,0
1951,5314,2061,3,0
1951,5315,2061,3,0
1951,5316,2061,3,0
1951,5318,2061,3,0
1951,5320,2061,3,0
1951,5321,2061,3,0
1951,5322,2061,3,0
1951,5324,2061,3,0
1951,5325,2061,3,0
1951,5326,2061,3,0
1951,5327,2061,3,0
1951,5328,2061,3,0
1951,5335,2061,3,0
1951,5338,2061,3,0
1951,5341,2061,3,0
1951,5343,2061,3,0
1951,5352,2061,3,0
1951,5357,2061,3,0
1951,5360,2061,3,0
1951,5362,2061,3,0
1951,5367,2061,3,0
1951,5376,2061,3,0
1951,5379,2061,3,0
1952,5280,1951,1,2
1952,5287,1951,1,2
1952,5311,1951,1,2
1952,5313,1951,1,2
1952,5333,1951,1,2
1952,5345,1951,1,2
1952,5348,1951,1,2
1952,5364,1951,1,2
1952,5365,1951,1,2
1952,5369,1951,1,2
1953,5348,2063,3,0
1963,5286,1964,2,1
1992,5369,2102,3,0
1995,5286,1996,2,1
1996,5286,1997,2,1
1997,5286,2107,3,0
2006,5280,1896,0,3
2006,5285,2116,3,0
2006,5287,1896,0,3
2006,5289,2116,3,0
2006,5300,2116,3,0
2006,5309,2116,3,0
2006,5312,2116,3,0
2006,5313,1896,0,3
2006,5317,2116,3,0
2006,5330,2116,3,0
2006,5336,2116,3,0
2006,5337,2116,3,0
2006,5340,2116,3,0
2006,5342,2116,3,0
2006,5344,2116,3,0
2006,5345,1896,0,3
2006,5348,1896,0,3
2006,5350,2116,3,0
2006,5354,2116,3,0
2006,5356,2116,3,0
2006,5363,2116,3,0
2006,5364,1896,0,3
2006,5368,2116,3,0
2006,5369,1896,0,3
2006,5372,2116,3,0
2006,5374,2116,3,0
2006,5377,2116,3,0
2007,5281,2006,1,2
2007,5283,2006,1,2
2007,5284,2006,1,2
2007,5286,2006,1,2
2007,5288,2006,1,2
2007,5290,2006,1,2
2007,5291,2006,1,2
2007,5293,2006,1,2
2007,5294,2006,1,2
2007,5295,2006,1,2
2007,5296,2006,1,2
2007,5298,2006,1,2
2007,5299,2006,1,2
2007,5302,2006,1,2
2007,5303,2006,1,2
2007,5304,2006,1,2
2007,5305,2006,1,2
2007,5306,2006,1,2
2007,5307,2006,1,2
2007,5308,2006,1,2
2007,5310,2006,1,2
2007,5314,2006,1,2
2007,5315,2006,1,2
2007,5316,2006,1,2
2007,5318,2006,1,2
2007,5319,2006,1,2
2007,5320,2006,1,2
2007,5321,2006,1,2
2007,5322,2006,1,2
2007,5323,2006,1,2
2007,5324,2006,1,2
2007,5325,2006,1,2
2007,5326,2006,1,2
2007,5327,2006,1,2
2007,5328,2006,1,2
2007,5329,2006,1,2
2007,5332,2006,1,2
2007,5334,2006,1,2
2007,5335,2006,1,2
2007,5338,2006,1,2
2007,5339,2006,1,2
2007,5341,2006,1,2
2007,5343,2006,1,2
2007,5346,2006,1,2
2007,5349,2006,1,2
2007,5351,2006,1,2
2007,5352,2006,1,2
2007,5355,2006,1,2
2007,5357,2006,1,2
2007,5358,2006,1,2
2007,5359,2006,1,2
2007,5362,2006,1,2
2007,5366,2006,1,2
2007,5367,2006,1,2
2007,5370,2006,1,2
2007,5371,2006,1,2
2007,5375,2006,1,2
2007,5378,2006,1,2
2007,5379,2006,1,2
2026,5375,2025,1,2
2027,5339,2028,2,1
2029,5309,2030,2,1
2029,5370,2030,2,1
2030,5310,2029,1,2
2038,5310,2037,1,2
2050,5310,2051,2,1
2061,5281,2171,3,0
2061,5283,1951,0,3
2061,5284,2171,3,0
2061,5286,2171,3,0
2061,5288,1951,0,3
2061,5290,2171,3,0
2061,5291,2171,3,0
2061,5293,2171,3,0
2061,5294,1951,0,3
2061,5295,2171,3,0
2061,5296,1951,0,3
2061,5298,1951,0,3
2061,5299,2171,3,0
2061,5301,1951,0,3
2061,5302,1951,0,3
2061,5303,2171,3,0
2061,5304,1951,0,3
2061,5305,2171,3,0
2061,5306,2171,3,0
2061,5307,1951,0,3
2061,5308,2171,3,0
2061,5310,2171,3,0
2061,5314,2171,3,0
2061,5315,2171,3,0
2061,5316,2171,3,0
2061,5318,2171,3,0
2061,5320,2171,3,0
2061,5321,2171,3,0
2061,5322,2171,3,0
2061,5323,2171,3,0
2061,5324,2171,3,0
2061,5325,2171,3,0
2061,5326,2171,3,0
2061,5327,2171,3,0
2061,5328,2171,3,0
2061,5329,1951,0,3
2061,5331,2171,3,0
2061,5334,1951,0,3
2061,5335,2171,3,0
2061,5338,2171,3,0
2061,5339,1951,0,3
2061,5341,2171,3,0
2061,5343,2171,3,0
2061,5347,2171,3,0
2061,5349,1951,0,3
2061,5352,2171,3,0
2061,5355,1951,0,3
2061,5357,2171,3,0
2061,5358,1951,0,3
2061,5359,1951,0,3
2061,5361,2171,3,0
2061,5362,2171,3,0
2061,5366,2171,3,0
2061,5367,2171,3,0
2061,5370,1951,0,3
2061,5373,2171,3,0
2061,5375,2171,3,0
2061,5378,1951,0,3
2061,5379,2171,3,0
2062,5280,2061,1,2
2062,5285,2061,1,2
2062,5287,2061,1,2
2062,5289,2061,1,2
2062,5300,2061,1,2
2062,5309,2061,1,2
2062,5311,2061,1,2
2062,5312,2061,1,2
2062,5313,2061,1,2
2062,5317,2061,1,2
2062,5330,2061,1,2
2062,5336,2061,1,2
2062,5337,2061,1,2
2062,5340,2061,1,2
2062,5342,2061,1,2
2062,5344,2061,1,2
2062,5345,2061,1,2
2062,5348,2061,1,2
2062,5350,2061,1,2
2062,5354,2061,1,2
2062,5356,2061,1,2
2062,5363,2061,1,2
2062,5364,2061,1,2
2062,5368,2061,1,2
2062,5369,2061,1,2
2062,5372,2061,1,2
2062,5374,2061,1,2
2062,5377,2061,1,2
2075,5280,2076,2,1
2075,5294,2076,2,1
2075,5334,2076,2,1
2075,5359,2076,2,1
2076,5335,2077,2,1
2094,5309,1984,0,3
2095,5370,1985,0,3
2096,5339,1986,0,3
2106,5286,2107,2,1
2107,5286,2217,3,0
2116,5280,2006,0,3
2116,5285,2226,3,0
2116,5289,2226,3,0
2116,5292,2226,3,0
2116,5300,2226,3,0
2116,5309,2226,3,0
2116,5312,2226,3,0
2116,5317,2226,3,0
2116,5330,2226,3,0
2116,5336,2226,3,0
2116,5337,2226,3,0
2116,5340,2226,3,0
2116,5342,2226,3,0
2116,5344,2226,3,0
2116,5350,2226,3,0
2116,5354,2226,3,0
2116,5356,2226,3,0
2116,5363,2226,3,0
2116,5364,2006,0,3
2116,5368,2226,3,0
2116,5369,2006,0,3
2116,5372,2226,3,0
2116,5374,2226,3,0
2116,5377,2226,3,0
2117,5281,2116,1,2
2117,5282,2116,1,2
2117,5284,2116,1,2
2117,5286,2116,1,2
2117,5288,2116,1,2
2117,5290,2116,1,2
2117,5293,2116,1,2
2117,5294,2116,1,2
2117,5295,2116,1,2
2117,5296,2116,1,2
2117,5297,2116,1,2
2117,5298,2116,1,2
2117,5299,2116,1,2
2117,5302,2116,1,2
2117,5303,2116,1,2
2117,5304,2116,1,2
2117,5305,2116,1,2
2117,5306,2116,1,2
2117,5307,2116,1,2
2117,5308,2116,1,2
2117,5310,2116,1,2
2117,5311,2116,1,2
2117,5315,2116,1,2
2117,5316,2116,1,2
2117,5319,2116,1,2
2117,5320,2116,1,2
2117,5321,2116,1,2
2117,5322,2116,1,2
2117,5323,2116,1,2
2117,5324,2116,1,2
2117,5325,2116,1,2
2117,5326,2116,1,2
2117,5327,2116,1,2
2117,5328,2116,1,2
2117,5329,2116,1,2
2117,5331,2116,1,2
2117,5332,2116,1,2
2117,5333,2116,1,2
2117,5334,2116,1,2
2117,5335,2116,1,2
2117,5338,2116,1,2
2117,5341,2116,1,2
2117,5343,2116,1,2
2117,5345,2116,1,2
2117,5346,2116,1,2
2117,5347,2116,1,2
2117,5348,2116,1,2
2117,5349,2116,1,2
2117,5351,2116,1,2
2117,5355,2116,1,2
2117,5357,2116,1,2
2117,5358,2116,1,2
2117,5359,2116,1,2
2117,5360,2116,1,2
2117,5361,2116,1,2
2117,5362,2116,1,2
2117,5365,2116,1,2
2117,5366,2116,1,2
2117,5367,2116,1,2
2117,5371,2116,1,2
2117,5373,2116,1,2
2117,5375,2116,1,2
2117,5376,2116,1,2
2117,5378,2116,1,2
2117,5379,2116,1,2
2140,5310,2139,1,2
2148,5310,2147,1,2
2158,5280,2048,0,3
2158,5317,2268,3,0
2158,5344,2268,3,0
2158,5354,2268,3,0
2171,5281,2281,3,0
2171,5282,2281,3,0
2171,5284,2281,3,0
2171,5286,2281,3,0
2171,5290,2281,3,0
2171,5291,2281,3,0
2171,5293,2281,3,0
2171,5295,2281,3,0
2171,5297,2281,3,0
2171,5299,2281,3,0
2171,5303,2281,3,0
2171,5305,2281,3,0
2171,5306,2281,3,0
2171,5308,2281,3,0
2171,5310,2281,3,0
2171,5311,2281,3,0
2171,5314,2281,3,0
2171,5315,2281,3,0
2171,5316,2281,3,0
2171,5318,2281,3,0
2171,5320,2281,3,0
2171,5321,2281,3,0
2171,5322,2281,3,0
2171,5323,2281,3,0
2171,5324,2281,3,0
2171,5325,2281,3,0
2171,5326,2281,3,0
2171,5327,2281,3,0
2171,5328,2281,3,0
2171,5331,2281,3,0
2171,5333,2281,3,0
2171,5335,2281,3,0
2171,5338,2281,3,0
2171,5341,2281,3,0
2171,5343,2281,3,0
2171,5345,2281,3,0
2171,5347,2281,3,0
2171,5348,2281,3,0
2171,5357,2281,3,0
2171,5361,2281,3,0
2171,5362,2281,3,0
2171,5365,2281,3,0
2171,5366,2281,3,0
2171,5367,2281,3,0
2171,5373,2281,3,0
2171,5375,2281,3,0
2171,5379,2281,3,0
2172,5280,2171,1,2
2172,5313,2171,1,2
2172,5364,2171,1,2
2172,5369,2171,1,2
2212,5369,2322,3,0
2216,5286,2217,2,1
2217,5286,2327,3,0
2226,5283,2336,3,0
2226,5285,2336,3,0
2226,5289,2336,3,0
2226,5292,2336,3,0
2226,5300,2336,3,0
2226,5309,2336,3,0
2226,5312,2336,3,0
2226,5317,2336,3,0
2226,5330,2336,3,0
2226,5336,2336,3,0
2226,5337,2336,3,0
2226,5340,2336,3,0
2226,5342,2336,3,0
2226,5344,2336,3,0
2226,5350,2336,3,0
2226,5354,2336,3,0
2226,5356,2336,3,0
2226,5363,2336,3,0
2226,5364,2116,0,3
2226,5368,2336,3,0
2226,5369,2116,0,3
2226,5370,2336,3,0
2226,5372,2336,3,0
2226,5374,2336,3,0
2226,5377,2336,3,0
2227,5282,2226,1,2
2227,5286,2226,1,2
2227,5288,2226,1,2
2227,5290,2226,1,2
2227,5293,2226,1,2
2227,5294,2226,1,2
2227,5295,2226,1,2
2227,5296,2226,1,2
2227,5297,2226,1,2
2227,5299,2226,1,2
2227,5302,2226,1,2
2227,5303,2226,1,2
2227,5304,2226,1,2
2227,5305,2226,1,2
2227,5306,2226,1,2
2227,5307,2226,1,2
2227,5308,2226,1,2
2227,5310,2226,1,2
2227,5311,2226,1,2
2227,5315,2226,1,2
2227,5316,2226,1,2
2227,5319,2226,1,2
2227,5320,2226,1,2
2227,5321,2226,1,2
2227,5322,2226,1,2
2227,5323,2226,1,2
2227,5325,2226,1,2
2227,5326,2226,1,2
2227,5327,2226,1,2
2227,5328,2226,1,2
2227,5329,2226,1,2
2227,5331,2226,1,2
2227,5332,2226,1,2
2227,5333,2226,1,2
2227,5334,2226,1,2
2227,5335,2226,1,2
2227,5338,2226,1,2
2227,5343,2226,1,2
2227,5345,2226,1,2
2227,5346,2226,1,2
2227,5347,2226,1,2
2227,5348,2226,1,2
2227,5349,2226,1,2
2227,5351,2226,1,2
2227,5352,2226,1,2
2227,5355,2226,1,2
2227,5357,2226,1,2
2227,5358,2226,1,2
2227,5359,2226,1,2
2227,5360,2226,1,2
2227,5361,2226,1,2
2227,5362,2226,1,2
2227,5365,2226,1,2
2227,5366,2226,1,2
2227,5367,2226,1,2
2227,5371,2226,1,2
2227,5373,2226,1,2
2227,5375,2226,1,2
2227,5376,2226,1,2
2227,5379,2226,1,2
2247,5339,2248,2,1
2249,5309,2250,2,1
2249,5370,2250,2,1
2250,5310,2249,1,2
2258,5310,2257,1,2
2264,5310,2265,2,1
2277,5286,2278,2,1
2281,5282,2391,3,0
2281,5284,2391,3,0
2281,5286,2391,3,0
2281,5287,2391,3,0
2281,5288,2171,0,3
2281,5290,2391,3,0
2281,5293,2391,3,0
2281,5294,2171,0,3
2281,5295,2391,3,0
2281,5296,2171,0,3
2281,5297,2391,3,0
2281,5299,2391,3,0
2281,5301,2171,0,3
2281,5302,2171,0,3
2281,5303,2391,3,0
2281,5304,2171,0,3
2281,5305,2391,3,0
2281,5306,2391,3,0
2281,5307,2171,0,3
2281,5308,2391,3,0
2281,5310,2391,3,0
2281,5311,2391,3,0
2281,5315,2391,3,0
2281,5316,2391,3,0
2281,5319,2171,0,3
2281,5320,2391,3,0
2281,5321,2391,3,0
2281,5322,2391,3,0
2281,5323,2391,3,0
2281,5324,2391,3,0
2281,5325,2391,3,0
2281,5326,2391,3,0
2281,5327,2391,3,0
2281,5328,2391,3,0
2281,5329,2171,0,3
2281,5331,2391,3,0
2281,5332,2171,0,3
2281,5333,2391,3,0
2281,5334,2171,0,3
2281,5335,2391,3,0
2281,5338,2391,3,0
2281,5341,2391,3,0
2281,5343,2391,3,0
2281,5345,2391,3,0
2281,5346,2171,0,3
2281,5347,2391,3,0
2281,5348,2391,3,0
2281,5349,2171,0,3
2281,5351,2171,0,3
2281,5355,2171,0,3
2281,5357,2391,3,0
2281,5358,2171,0,3
2281,5359,2171,0,3
2281,5361,2391,3,0
2281,5362,2391,3,0
2281,5365,2391,3,0
2281,5366,2391,3,0
2281,5367,2391,3,0
2281,5371,2171,0,3
2281,5373,2391,3,0
2281,5375,2391,3,0
2281,5378,2171,0,3
2281,5379,2391,3,0
2282,5283,2281,1,2
2282,5285,2281,1,2
2282,5289,2281,1,2
2282,5292,2281,1,2
2282,5300,2281,1,2
2282,5309,2281,1,2
2282,5312,2281,1,2
2282,5317,2281,1,2
2282,5330,2281,1,2
2282,5336,2281,1,2
2282,5337,2281,1,2
2282,5340,2281,1,2
2282,5342,2281,1,2
2282,5344,2281,1,2
2282,5350,2281,1,2
2282,5354,2281,1,2
2282,5356,2281,1,2
2282,5363,2281,1,2
2282,5364,2281,1,2
2282,5368,2281,1,2
2282,5369,2281,1,2
2282,5370,2281,1,2
2282,5372,2281,1,2
2282,5374,2281,1,2
2282,5377,2281,1,2
2295,5280,2296,2,1
2295,5294,2296,2,1
2295,5311,2296,2,1
2295,5334,2296,2,1
2295,5359,2296,2,1
2295,5373,2296,2,1
2296,5335,2297,2,1
2296,5345,2297,2,1
2296,5367,2297,2,1
2302,5290,2412,3,0
2302,5316,2303,2,1
2303,5284,2304,2,1
2303,5338,2304,2,1
2303,5341,2304,2,1
2314,5309,2204,0,3
2315,5370,2205,0,3
2316,5339,2206,0,3
2326,5286,2327,2,1
2327,5286,2437,3,0
2336,5283,2446,3,0
2336,5285,2446,3,0
2336,5289,2446,3,0
2336,5292,2446,3,0
2336,5298,2446,3,0
2336,5300,2446,3,0
2336,5309,2446,3,0
2336,5312,2446,3,0
2336,5317,2446,3,0
2336,5330,2446,3,0
2336,5336,2446,3,0
2336,5337,2446,3,0
2336,5339,2446,3,0
2336,5340,2446,3,0
2336,5342,2446,3,0
2336,5344,2446,3,0
2336,5350,2446,3,0
2336,5354,2446,3,0
2336,5356,2446,3,0
2336,5363,2446,3,0
2336,5368,2446,3,0
2336,5370,2446,3,0
2336,5372,2446,3,0
2336,5374,2446,3,0
2336,5377,2446,3,0
2336,5378,2446,3,0
2337,5280,2336,1,2
2337,5281,2336,1,2
2337,5282,2336,1,2
2337,5286,2336,1,2
2337,5287,2336,1,2
2337,5288,2336,1,2
2337,5290,2336,1,2
2337,5291,2336,1,2
2337,5293,2336,1,2
2337,5294,2336,1,2
2337,5295,2336,1,2
2337,5296,2336,1,2
2337,5297,2336,1,2
2337,5299,2336,1,2
2337,5302,2336,1,2
2337,5303,2336,1,2
2337,5304,2336,1,2
2337,5305,2336,1,2
2337,5306,2336,1,2
2337,5307,2336,1,2
2337,5308,2336,1,2
2337,5310,2336,1,2
2337,5311,2336,1,2
2337,5313,2336,1,2
2337,5314,2336,1,2
2337,5315,2336,1,2
2337,5318,2336,1,2
2337,5319,2336,1,2
2337,5320,2336,1,2
2337,5321,2336,1,2
2337,5322,2336,1,2
2337,5323,2336,1,2
2337,5325,2336,1,2
2337,5326,2336,1,2
2337,5327,2336,1,2
2337,5328,2336,1,2
2337,5329,2336,1,2
2337,5331,2336,1,2
2337,5332,2336,1,2
2337,5333,2336,1,2
2337,5334,2336,1,2
2337,5335,2336,1,2
2337,5343,2336,1,2
2337,5345,2336,1,2
2337,5346,2336,1,2
2337,5347,2336,1,2
2337,5349,2336,1,2
2337,5351,2336,1,2
2337,5352,2336,1,2
2337,5355,2336,1,2
2337,5357,2336,1,2
2337,5358,2336,1,2
2337,5359,2336,1,2
2337,5360,2336,1,2
2337,5361,2336,1,2
2337,5362,2336,1,2
2337,5365,2336,1,2
2337,5366,2336,1,2
2337,5367,2336,1,2
2337,5369,2336,1,2
2337,5371,2336,1,2
2337,5373,2336,1,2
2337,5375,2336,1,2
2337,5376,2336,1,2
2337,5379,2336,1,2
2360,5310,2359,1,2
2368,5310,2367,1,2
2378,5317,2488,3,0
2378,5344,2488,3,0
2378,5354,2488,3,0
2391,5280,2501,3,0
2391,5282,2501,3,0
2391,5286,2501,3,0
2391,5287,2501,3,0
2391,5290,2501,3,0
2391,5293,2501,3,0
2391,5295,2501,3,0
2391,5297,2501,3,0
2391,5299,2501,3,0
2391,5303,2501,3,0
2391,5305,2501,3,0
2391,5306,2501,3,0
2391,5308,2501,3,0
2391,5310,2501,3,0
2391,5311,2501,3,0
2391,5313,2501,3,0
2391,5315,2501,3,0
2391,5316,2501,3,0
2391,5320,2501,3,0
2391,5321,2501,3,0
2391,5322,2501,3,0
2391,5323,2501,3,0
2391,5325,2501,3,0
2391,5326,2501,3,0
2391,5327,2501,3,0
2391,5328,2501,3,0
2391,5331,2501,3,0
2391,5333,2501,3,0
2391,5335,2501,3,0
2391,5343,2501,3,0
2391,5345,2501,3,0
2391,5347,2501,3,0
2391,5348,2501,3,0
2391,5357,2501,3,0
2391,5361,2501,3,0
2391,5362,2501,3,0
2391,5365,2501,3,0
2391,5366,2501,3,0
2391,5367,2501,3,0
2391,5369,2501,3,0
2391,5373,2501,3,0
2391,5375,2501,3,0
2391,5379,2501,3,0
2392,5283,2391,1,2
2392,5285,2391,1,2
2392,5289,2391,1,2
2392,5292,2391,1,2
2392,5298,2391,1,2
2392,5300,2391,1,2
2392,5309,2391,1,2
2392,5312,2391,1,2
2392,5317,2391,1,2
2392,5330,2391,1,2
2392,5336,2391,1,2
2392,5337,2391,1,2
2392,5339,2391,1,2
2392,5340,2391,1,2
2392,5342,2391,1,2
2392,5344,2391,1,2
2392,5350,2391,1,2
2392,5354,2391,1,2
2392,5356,2391,1,2
2392,5363,2391,1,2
2392,5368,2391,1,2
2392,5370,2391,1,2
2392,5372,2391,1,2
2392,5374,2391,1,2
2392,5377,2391,1,2
2392,5378,2391,1,2
2432,5369,2542,3,0
2436,5286,2437,2,1
2437,5286,5286,5,1,2438,2,1,2547,3,0
2438,5286,5286,5,1,2437,1,2
2446,5283,2556,3,0
2446,5285,2556,3,0
2446,5289,2556,3,0
2446,5292,2556,3,0
2446,5298,2556,3,0
2446,5300,2556,3,0
2446,5309,2556,3,0
2446,5312,2556,3,0
2446,5317,2556,3,0
2446,5330,2556,3,0
2446,5336,2556,3,0
2446,5337,2556,3,0
2446,5339,2556,3,0
2446,5340,2556,3,0
2446,5342,2556,3,0
2446,5344,2556,3,0
2446,5350,2556,3,0
2446,5354,2556,3,0
2446,5356,2556,3,0
2446,5363,2556,3,0
2446,5368,2556,3,0
2446,5370,2556,3,0
2446,5372,2556,3,0
2446,5374,2556,3,0
2446,5377,2556,3,0
2446,5378,2556,3,0
2447,5280,2446,1,2
2447,5281,2446,1,2
2447,5282,2446,1,2
2447,5284,2446,1,2
2447,5287,2446,1,2
2447,5288,2446,1,2
2447,5291,2446,1,2
2447,5294,2446,1,2
2447,5295,2446,1,2
2447,5296,2446,1,2
2447,5297,2446,1,2
2447,5299,2446,1,2
2447,5302,2446,1,2
2447,5303,2446,1,2
2447,5304,2446,1,2
2447,5305,2446,1,2
2447,5306,2446,1,2
2447,5307,2446,1,2
2447,5311,2446,1,2
2447,5313,2446,1,2
2447,5314,2446,1,2
2447,5315,2446,1,2
2447,5318,2446,1,2
2447,5319,2446,1,2
2447,5320,2446,1,2
2447,5321,2446,1,2
2447,5322,2446,1,2
2447,5323,2446,1,2
2447,5324,2446,1,2
2447,5325,2446,1,2
2447,5326,2446,1,2
2447,5327,2446,1,2
2447,5328,2446,1,2
2447,5329,2446,1,2
2447,5331,2446,1,2
2447,5332,2446,1,2
2447,5334,2446,1,2
2447,5335,2446,1,2
2447,5338,2446,1,2
2447,5341,2446,1,2
2447,5343,2446,1,2
2447,5345,2446,1,2
2447,5346,2446,1,2
2447,5347,2446,1,2
2447,5349,2446,1,2
2447,5351,2446,1,2
2447,5352,2446,1,2
2447,5355,2446,1,2
2447,5357,2446,1,2
2447,5358,2446,1,2
2447,5359,2446,1,2
2447,5360,2446,1,2
2447,5361,2446,1,2
2447,5365,2446,1,2
2447,5366,2446,1,2
2447,5367,2446,1,2
2447,5369,2446,1,2
2447,5371,2446,1,2
2447,5373,2446,1,2
2447,5375,2446,1,2
2447,5376,2446,1,2
2447,5379,2446,1,2
2467,5339,2468,2,1
2469,5309,2470,2,1
2469,5370,2470,2,1
2501,5280,2611,3,0
2501,5281,2391,0,3
2501,5282,2611,3,0
2501,5286,2611,3,0
2501,5287,2611,3,0
2501,5288,2391,0,3
2501,5290,2611,3,0
2501,5291,2391,0,3
2501,5293,2611,3,0
2501,5294,2391,0,3
2501,5295,2611,3,0
2501,5296,2391,0,3
2501,5297,2611,3,0
2501,5299,2611,3,0
2501,5301,2391,0,3
2501,5302,2391,0,3
2501,5303,2611,3,0
2501,5304,2391,0,3
2501,5305,2611,3,0
2501,5306,2611,3,0
2501,5307,2391,0,3
2501,5310,2611,3,0
2501,5311,2611,3,0
2501,5313,2611,3,0
2501,5314,2391,0,3
2501,5315,2611,3,0
2501,5318,2391,0,3
2501,5319,2391,0,3
2501,5320,2611,3,0
2501,5321,2611,3,0
2501,5322,2611,3,0
2501,5323,2611,3,0
2501,5324,2391,0,3
2501,5325,2611,3,0
2501,5326,2611,3,0
2501,5327,2611,3,0
2501,5328,2611,3,0
2501,5329,2391,0,3
2501,5331,2611,3,0
2501,5332,2391,0,3
2501,5333,2611,3,0
2501,5334,2391,0,3
2501,5335,2611,3,0
2501,5341,2391,0,3
2501,5343,2611,3,0
2501,5345,2611,3,0
2501,5346,2391,0,3
2501,5347,2611,3,0
2501,5348,2611,3,0
2501,5349,2391,0,3
2501,5351,2391,0,3
2501,5352,2391,0,3
2501,5355,2391,0,3
2501,5357,2611,3,0
2501,5358,2391,0,3
2501,5359,2391,0,3
2501,5360,2391,0,3
2501,5361,2611,3,0
2501,5362,2611,3,0
2501,5365,2611,3,0
2501,5366,2611,3,0
2501,5367,2611,3,0
2501,5369,2611,3,0
2501,5371,2391,0,3
2501,5373,2611,3,0
2501,5375,2611,3,0
2501,5376,2391,0,3
2501,5379,2611,3,0
2502,5283,2501,1,2
2502,5285,2501,1,2
2502,5289,2501,1,2
2502,5292,2501,1,2
2502,5298,2501,1,2
2502,5300,2501,1,2
2502,5309,2501,1,2
2502,5312,2501,1,2
2502,5317,2501,1,2
2502,5336,2501,1,2
2502,5337,2501,1,2
2502,5339,2501,1,2
2502,5340,2501,1,2
2502,5342,2501,1,2
2502,5344,2501,1,2
2502,5350,2501,1,2
2502,5354,2501,1,2
2502,5356,2501,1,2
2502,5363,2501,1,2
2502,5368,2501,1,2
2502,5370,2501,1,2
2502,5372,2501,1,2
2502,5374,2501,1,2
2502,5377,2501,1,2
2502,5378,2501,1,2
2515,5280,2516,2,1
2515,5294,2516,2,1
2515,5311,2516,2,1
2515,5334,2516,2,1
2515,5359,2516,2,1
2515,5373,2516,2,1
2516,5313,2517,2,1
2516,5345,2517,2,1
2516,5367,2517,2,1
2520,5281,2521,2,1
2522,5290,2523,2,1
2522,5324,2523,2,1
2522,5362,2523,2,1
2534,5309,2424,0,3
2535,5370,2425,0,3
2536,5339,2426,0,3
2547,5286,5286,5,1,2437,0,3,2546,1,2,2657,3,0
2556,5283,2666,3,0
2556,5285,2666,3,0
2556,5289,2666,3,0
2556,5292,2666,3,0
2556,5298,2666,3,0
2556,5300,2666,3,0
2556,5309,2666,3,0
2556,5312,2666,3,0
2556,5317,2666,3,0
2556,5330,2666,3,0
2556,5336,2666,3,0
2556,5337,2666,3,0
2556,5339,2666,3,0
2556,5340,2666,3,0
2556,5342,2666,3,0
2556,5344,2666,3,0
2556,5350,2666,3,0
2556,5354,2666,3,0
2556,5356,2666,3,0
2556,5363,2666,3,0
2556,5368,2666,3,0
2556,5370,2666,3,0
2556,5372,2666,3,0
2556,5374,2666,3,0
2556,5377,2666,3,0
2556,5378,2666,3,0
2557,5280,2556,1,2
2557,5281,2556,1,2
2557,5282,2556,1,2
2557,5284,2556,1,2
2557,5287,2556,1,2
2557,5288,2556,1,2
2557,5291,2556,1,2
2557,5294,2556,1,2
2557,5296,2556,1,2
2557,5297,2556,1,2
2557,5299,2556,1,2
2557,5302,2556,1,2
2557,5304,2556,1,2
2557,5305,2556,1,2
2557,5306,2556,1,2
2557,5307,2556,1,2
2557,5308,2556,1,2
2557,5311,2556,1,2
2557,5313,2556,1,2
2557,5314,2556,1,2
2557,5315,2556,1,2
2557,5316,2556,1,2
2557,5318,2556,1,2
2557,5319,2556,1,2
2557,5320,2556,1,2
2557,5322,2556,1,2
2557,5323,2556,1,2
2557,5324,2556,1,2
2557,5325,2556,1,2
2557,5326,2556,1,2
2557,5327,2556,1,2
2557,5328,2556,1,2
2557,5329,2556,1,2
2557,5331,2556,1,2
2557,5332,2556,1,2
2557,5334,2556,1,2
2557,5338,2556,1,2
2557,5341,2556,1,2
2557,5343,2556,1,2
2557,5345,2556,1,2
2557,5346,2556,1,2
2557,5347,2556,1,2
2557,5349,2556,1,2
2557,5351,2556,1,2
2557,5352,2556,1,2
2557,5355,2556,1,2
2557,5357,2556,1,2
2557,5358,2556,1,2
2557,5359,2556,1,2
2557,5360,2556,1,2
2557,5361,2556,1,2
2557,5364,2556,1,2
2557,5366,2556,1,2
2557,5369,2556,1,2
2557,5371,2556,1,2
2557,5375,2556,1,2
2557,5376,2556,1,2
2557,5379,2556,1,2
2598,5289,2708,3,0
2598,5317,2708,3,0
2598,5344,2708,3,0
2598,5354,2708,3,0
2611,5280,2721,3,0
2611,5282,2721,3,0
2611,5286,2721,3,0
2611,5287,2721,3,0
2611,5295,2721,3,0
2611,5297,2721,3,0
2611,5299,2721,3,0
2611,5303,2721,3,0
2611,5305,2721,3,0
2611,5306,2721,3,0
2611,5311,2721,3,0
2611,5313,2721,3,0
2611,5315,2721,3,0
2611,5320,2721,3,0
2611,5321,2721,3,0
2611,5322,2721,3,0
2611,5323,2721,3,0
2611,5325,2721,3,0
2611,5326,2721,3,0
2611,5327,2721,3,0
2611,5328,2721,3,0
2611,5331,2721,3,0
2611,5333,2721,3,0
2611,5335,2721,3,0
2611,5343,2721,3,0
2611,5345,2721,3,0
2611,5347,2721,3,0
2611,5357,2721,3,0
2611,5361,2721,3,0
2611,5364,2721,3,0
2611,5365,2721,3,0
2611,5366,2721,3,0
2611,5367,2721,3,0
2611,5369,2721,3,0
2611,5373,2721,3,0
2611,5375,2721,3,0
2611,5379,2721,3,0
2652,5369,2762,3,0
2666,5283,2776,3,0
2666,5285,2776,3,0
2666,5289,2776,3,0
2666,5292,2776,3,0
2666,5298,2776,3,0
2666,5300,2776,3,0
2666,5309,2776,3,0
2666,5312,2776,3,0
2666,5317,2776,3,0
2666,5336,2776,3,0
2666,5337,2776,3,0
2666,5339,2776,3,0
2666,5340,2776,3,0
2666,5342,2776,3,0
2666,5344,2776,3,0
2666,5350,2776,3,0
2666,5354,2776,3,0
2666,5356,2776,3,0
2666,5363,2776,3,0
2666,5368,2776,3,0
2666,5370,2776,3,0
2666,5372,2776,3,0
2666,5374,2776,3,0
2666,5377,2776,3,0
2666,5378,2776,3,0
2667,5280,2666,1,2
2667,5281,2666,1,2
2667,5282,2666,1,2
2667,5284,2666,1,2
2667,5287,2666,1,2
2667,5288,2666,1,2
2667,5290,2666,1,2
2667,5291,2666,1,2
2667,5293,2666,1,2
2667,5294,2666,1,2
2667,5296,2666,1,2
2667,5297,2666,1,2
2667,5299,2666,1,2
2667,5302,2666,1,2
2667,5304,2666,1,2
2667,5305,2666,1,2
2667,5306,2666,1,2
2667,5307,2666,1,2
2667,5308,2666,1,2
2667,5310,2666,1,2
2667,5313,2666,1,2
2667,5314,2666,1,2
2667,5315,2666,1,2
2667,5316,2666,1,2
2667,5318,2666,1,2
2667,5319,2666,1,2
2667,5322,2666,1,2
2667,5324,2666,1,2
2667,5325,2666,1,2
2667,5326,2666,1,2
2667,5327,2666,1,2
2667,5328,2666,1,2
2667,5329,2666,1,2
2667,5331,2666,1,2
2667,5332,2666,1,2
2667,5334,2666,1,2
2667,5338,2666,1,2
2667,5341,2666,1,2
2667,5343,2666,1,2
2667,5345,2666,1,2
2667,5346,2666,1,2
2667,5347,2666,1,2
2667,5348,2666,1,2
2667,5349,2666,1,2
2667,5351,2666,1,2
2667,5352,2666,1,2
2667,5355,2666,1,2
2667,5358,2666,1,2
2667,5359,2666,1,2
2667,5360,2666,1,2
2667,5362,2666,1,2
2667,5364,2666,1,2
2667,5366,2666,1,2
2667,5369,2666,1,2
2667,5371,2666,1,2
2667,5375,2666,1,2
2667,5376,2666,1,2
2687,5298,2688,2,1
2687,5339,2688,2,1
2689,5309,2690,2,1
2689,5370,2690,2,1
2721,5280,2831,3,0
2721,5281,2611,0,3
2721,5282,2831,3,0
2721,5284,2611,0,3
2721,5287,2831,3,0
2721,5288,2611,0,3
2721,5291,2611,0,3
2721,5294,2611,0,3
2721,5296,2611,0,3
2721,5297,2831,3,0
2721,5299,2831,3,0
2721,5301,2611,0,3
2721,5302,2611,0,3
2721,5304,2611,0,3
2721,5305,2831,3,0
2721,5306,2831,3,0
2721,5307,2611,0,3
2721,5311,2831,3,0
2721,5313,2831,3,0
2721,5314,2611,0,3
2721,5315,2831,3,0
2721,5318,2611,0,3
2721,5319,2611,0,3
2721,5320,2831,3,0
2721,5322,2831,3,0
2721,5323,2831,3,0
2721,5324,2611,0,3
2721,5325,2831,3,0
2721,5326,2831,3,0
2721,5327,2831,3,0
2721,5328,2831,3,0
2721,5329,2611,0,3
2721,5331,2831,3,0
2721,5332,2611,0,3
2721,5334,2611,0,3
2721,5338,2611,0,3
2721,5341,2611,0,3
2721,5343,2831,3,0
2721,5345,2831,3,0
2721,5346,2611,0,3
2721,5347,2831,3,0
2721,5349,2611,0,3
2721,5351,2611,0,3
2721,5352,2611,0,3
2721,5355,2611,0,3
2721,5358,2611,0,3
2721,5359,2611,0,3
2721,5360,2611,0,3
2721,5361,2831,3,0
2721,5364,2831,3,0
2721,5365,2831,3,0
2721,5366,2831,3,0
2721,5369,2831,3,0
2721,5371,2611,0,3
2721,5375,2831,3,0
2721,5376,2611,0,3
2722,5283,2721,1,2
2722,5285,2721,1,2
2722,5289,2721,1,2
2722,5298,2721,1,2
2722,5312,2721,1,2
2722,5317,2721,1,2
2722,5336,2721,1,2
2722,5337,2721,1,2
2722,5339,2721,1,2
2722,5340,2721,1,2
2722,5342,2721,1,2
2722,5344,2721,1,2
2722,5350,2721,1,2
2722,5354,2721,1,2
2722,5363,2721,1,2
2722,5368,2721,1,2
2722,5370,2721,1,2
2722,5372,2721,1,2
2722,5374,2721,1,2
2722,5377,2721,1,2
2722,5378,2721,1,2
2735,5280,2736,2,1
2735,5294,2736,2,1
2735,5334,2736,2,1
2735,5359,2736,2,1
2736,5287,2737,2,1
2736,5313,2737,2,1
2736,5345,2737,2,1
2745,5315,2746,2,1
2755,5370,2645,0,3
2756,5339,2646,0,3
2776,5283,2886,3,0
2776,5285,2886,3,0
2776,5289,2886,3,0
2776,5298,2886,3,0
2776,5300,2886,3,0
2776,5309,2886,3,0
2776,5312,2886,3,0
2776,5317,2886,3,0
2776,5336,2886,3,0
2776,5337,2886,3,0
2776,5339,2886,3,0
2776,5340,2886,3,0
2776,5342,2886,3,0
2776,5344,2886,3,0
2776,5350,2886,3,0
2776,5354,2886,3,0
2776,5356,2886,3,0
2776,5363,2886,3,0
2776,5368,2886,3,0
2776,5370,2886,3,0
2776,5372,2886,3,0
2776,5374,2886,3,0
2776,5377,2886,3,0
2776,5378,2886,3,0
2777,5280,2776,1,2
2777,5281,2776,1,2
2777,5284,2776,1,2
2777,5286,2776,1,2
2777,5287,2776,1,2
2777,5288,2776,1,2
2777,5290,2776,1,2
2777,5291,2776,1,2
2777,5293,2776,1,2
2777,5294,2776,1,2
2777,5295,2776,1,2
2777,5296,2776,1,2
2777,5297,2776,1,2
2777,5302,2776,1,2
2777,5303,2776,1,2
2777,5304,2776,1,2
2777,5305,2776,1,2
2777,5306,2776,1,2
2777,5308,2776,1,2
2777,5310,2776,1,2
2777,5313,2776,1,2
2777,5314,2776,1,2
2777,5316,2776,1,2
2777,5318,2776,1,2
2777,5319,2776,1,2
2777,5321,2776,1,2
2777,5324,2776,1,2
2777,5325,2776,1,2
2777,5326,2776,1,2
2777,5328,2776,1,2
2777,5329,2776,1,2
2777,5332,2776,1,2
2777,5333,2776,1,2
2777,5335,2776,1,2
2777,5338,2776,1,2
2777,5341,2776,1,2
2777,5343,2776,1,2
2777,5345,2776,1,2
2777,5346,2776,1,2
2777,5348,2776,1,2
2777,5349,2776,1,2
2777,5351,2776,1,2
2777,5352,2776,1,2
2777,5357,2776,1,2
2777,5358,2776,1,2
2777,5359,2776,1,2
2777,5360,2776,1,2
2777,5362,2776,1,2
2777,5364,2776,1,2
2777,5366,2776,1,2
2777,5367,2776,1,2
2777,5369,2776,1,2
2777,5371,2776,1,2
2777,5373,2776,1,2
2777,5375,2776,1,2
2777,5376,2776,1,2
2777,5379,2776,1,2
2804,5378,2914,3,0
2818,5289,2928,3,0
2818,5317,2928,3,0
2818,5344,2928,3,0
2818,5354,2928,3,0
2831,5280,2941,3,0
2831,5282,2941,3,0
2831,5287,2941,3,0
2831,5297,2941,3,0
2831,5299,2941,3,0
2831,5305,2941,3,0
2831,5306,2941,3,0
2831,5311,2941,3,0
2831,5313,2941,3,0
2831,5322,2941,3,0
2831,5325,2941,3,0
2831,5326,2941,3,0
2831,5327,2941,3,0
2831,5328,2941,3,0
2831,5331,2941,3,0
2831,5343,2941,3,0
2831,5345,2941,3,0
2831,5347,2941,3,0
2831,5364,2941,3,0
2831,5366,2941,3,0
2831,5369,2941,3,0
2831,5375,2941,3,0
2832,5283,2831,1,2
2832,5285,2831,1,2
2832,5289,2831,1,2
2832,5298,2831,1,2
2832,5312,2831,1,2
2832,5317,2831,1,2
2832,5330,2831,1,2
2832,5336,2831,1,2
2832,5337,2831,1,2
2832,5339,2831,1,2
2832,5340,2831,1,2
2832,5342,2831,1,2
2832,5344,2831,1,2
2832,5350,2831,1,2
2832,5354,2831,1,2
2832,5363,2831,1,2
2832,5368,2831,1,2
2832,5370,2831,1,2
2832,5372,2831,1,2
2832,5374,2831,1,2
2832,5377,2831,1,2
2832,5378,2831,1,2
2872,5369,2982,3,0
2886,5283,2996,3,0
2886,5289,2996,3,0
2886,5298,2996,3,0
2886,5307,2996,3,0
2886,5312,2996,3,0
2886,5317,2996,3,0
2886,5330,2776,0,3
2886,5334,2996,3,0
2886,5336,2996,3,0
2886,5337,2996,3,0
2886,5339,2996,3,0
2886,5340,2996,3,0
2886,5342,2996,3,0
2886,5344,2996,3,0
2886,5350,2996,3,0
2886,5354,2996,3,0
2886,5355,2996,3,0
2886,5363,2996,3,0
2886,5368,2996,3,0
2886,5370,2996,3,0
2886,5374,2996,3,0
2886,5377,2996,3,0
2886,5378,2996,3,0
2887,5281,2886,1,2
2887,5284,2886,1,2
2887,5286,2886,1,2
2887,5288,2886,1,2
2887,5290,2886,1,2
2887,5291,2886,1,2
2887,5293,2886,1,2
2887,5294,2886,1,2
2887,5295,2886,1,2
2887,5302,2886,1,2
2887,5303,2886,1,2
2887,5308,2886,1,2
2887,5310,2886,1,2
2887,5314,2886,1,2
2887,5315,2886,1,2
2887,5316,2886,1,2
2887,5318,2886,1,2
2887,5319,2886,1,2
2887,5320,2886,1,2
2887,5321,2886,1,2
2887,5323,2886,1,2
2887,5324,2886,1,2
2887,5329,2886,1,2
2887,5332,2886,1,2
2887,5333,2886,1,2
2887,5335,2886,1,2
2887,5338,2886,1,2
2887,5341,2886,1,2
2887,5346,2886,1,2
2887,5348,2886,1,2
2887,5351,2886,1,2
2887,5352,2886,1,2
2887,5357,2886,1,2
2887,5358,2886,1,2
2887,5359,2886,1,2
2887,5360,2886,1,2
2887,5361,2886,1,2
2887,5362,2886,1,2
2887,5365,2886,1,2
2887,5367,2886,1,2
2887,5371,2886,1,2
2887,5373,2886,1,2
2887,5376,2886,1,2
2887,5379,2886,1,2
2907,5298,2908,2,1
2907,5339,2908,2,1
2909,5370,2910,2,1
2941,5280,3051,3,0
2941,5281,2831,0,3
2941,5284,2831,0,3
2941,5286,2831,0,3
2941,5287,3051,3,0
2941,5288,2831,0,3
2941,5290,2831,0,3
2941,5291,2831,0,3
2941,5293,2831,0,3
2941,5294,2831,0,3
2941,5295,2831,0,3
2941,5297,3051,3,0
2941,5301,2831,0,3
2941,5302,2831,0,3
2941,5303,2831,0,3
2941,5306,3051,3,0
2941,5308,2831,0,3
2941,5310,2831,0,3
2941,5313,3051,3,0
2941,5314,2831,0,3
2941,5316,2831,0,3
2941,5318,2831,0,3
2941,5319,2831,0,3
2941,5321,2831,0,3
2941,5324,2831,0,3
2941,5326,3051,3,0
2941,5328,3051,3,0
2941,5329,2831,0,3
2941,5332,2831,0,3
2941,5333,2831,0,3
2941,5335,2831,0,3
2941,5338,2831,0,3
2941,5341,2831,0,3
2941,5343,3051,3,0
2941,5345,3051,3,0
2941,5346,2831,0,3
2941,5348,2831,0,3
2941,5351,2831,0,3
2941,5352,2831,0,3
2941,5357,2831,0,3
2941,5358,2831,0,3
2941,5359,2831,0,3
2941,5360,2831,0,3
2941,5362,2831,0,3
2941,5364,3051,3,0
2941,5367,2831,0,3
2941,5369,3051,3,0
2941,5371,2831,0,3
2941,5373,2831,0,3
2941,5376,2831,0,3
2941,5379,2831,0,3
2942,5283,2941,1,2
2942,5289,2941,1,2
2942,5292,2941,1,2
2942,5298,2941,1,2
2942,5317,2941,1,2
2942,5330,2941,1,2
2942,5334,2941,1,2
2942,5336,2941,1,2
2942,5337,2941,1,2
2942,5339,2941,1,2
2942,5344,2941,1,2
2942,5350,2941,1,2
2942,5354,2941,1,2
2942,5355,2941,1,2
2942,5368,2941,1,2
2942,5370,2941,1,2
2942,5374,2941,1,2
2942,5378,2941,1,2
2955,5294,2956,2,1
2955,5334,2956,2,1
2955,5359,2956,2,1
2959,5321,2960,2,1
2960,5295,2961,2,1
2975,5370,2865,0,3
2976,5339,2866,0,3
2996,5283,3106,3,0
2996,5289,3106,3,0
2996,5296,3106,3,0
2996,5298,3106,3,0
2996,5304,3106,3,0
2996,5307,3106,3,0
2996,5312,3106,3,0
2996,5317,3106,3,0
2996,5330,2886,0,3
2996,5334,3106,3,0
2996,5336,3106,3,0
2996,5337,3106,3,0
2996,5339,3106,3,0
2996,5340,3106,3,0
2996,5342,3106,3,0
2996,5344,3106,3,0
2996,5349,3106,3,0
2996,5350,3106,3,0
2996,5354,3106,3,0
2996,5355,3106,3,0
2996,5368,3106,3,0
2996,5370,3106,3,0
2996,5374,3106,3,0
2996,5377,3106,3,0
2996,5378,3106,3,0
2997,5281,2996,1,2
2997,5282,2996,1,2
2997,5284,2996,1,2
2997,5286,2996,1,2
2997,5288,2996,1,2
2997,5290,2996,1,2
2997,5291,2996,1,2
2997,5293,2996,1,2
2997,5294,2996,1,2
2997,5295,2996,1,2
2997,5299,2996,1,2
2997,5303,2996,1,2
2997,5305,2996,1,2
2997,5306,2996,1,2
2997,5308,2996,1,2
2997,5310,2996,1,2
2997,5311,2996,1,2
2997,5314,2996,1,2
2997,5315,2996,1,2
2997,5316,2996,1,2
2997,5318,2996,1,2
2997,5319,2996,1,2
2997,5320,2996,1,2
2997,5321,2996,1,2
2997,5322,2996,1,2
2997,5323,2996,1,2
2997,5324,2996,1,2
2997,5325,2996,1,2
2997,5326,2996,1,2
2997,5327,2996,1,2
2997,5329,2996,1,2
2997,5331,2996,1,2
2997,5332,2996,1,2
2997,5333,2996,1,2
2997,5335,2996,1,2
2997,5338,2996,1,2
2997,5341,2996,1,2
2997,5347,2996,1,2
2997,5348,2996,1,2
2997,5351,2996,1,2
2997,5352,2996,1,2
2997,5357,2996,1,2
2997,5358,2996,1,2
2997,5359,2996,1,2
2997,5360,2996,1,2
2997,5361,2996,1,2
2997,5362,2996,1,2
2997,5364,2996,1,2
2997,5365,2996,1,2
2997,5366,2996,1,2
2997,5367,2996,1,2
2997,5369,2996,1,2
2997,5371,2996,1,2
2997,5373,2996,1,2
2997,5375,2996,1,2
2997,5376,2996,1,2
2997,5379,2996,1,2
3031,5356,2921,0,3
3038,5289,3148,3,0
3038,5317,3148,3,0
3038,5344,3148,3,0
3038,5354,3148,3,0
3051,5280,3161,3,0
3051,5297,3161,3,0
3051,5306,3161,3,0
3051,5364,3161,3,0
3051,5369,3161,3,0
3052,5285,3051,1,2
3052,5292,3051,1,2
3052,5300,3051,1,2
3052,5309,3051,1,2
3052,5330,3051,1,2
3052,5356,3051,1,2
3052,5372,3051,1,2
3092,5369,3202,3,0
3106,5283,3216,3,0
3106,5285,2996,0,3
3106,5289,3216,3,0
3106,5292,2996,0,3
3106,5296,3216,3,0
3106,5298,3216,3,0
3106,5300,2996,0,3
3106,5302,3216,3,0
3106,5304,3216,3,0
3106,5307,3216,3,0
3106,5309,2996,0,3
3106,5317,3216,3,0
3106,5330,2996,0,3
3106,5334,3216,3,0
3106,5336,3216,3,0
3106,5337,3216,3,0
3106,5339,3216,3,0
3106,5344,3216,3,0
3106,5346,3216,3,0
3106,5349,3216,3,0
3106,5350,3216,3,0
3106,5354,3216,3,0
3106,5355,3216,3,0
3106,5356,2996,0,3
3106,5368,3216,3,0
3106,5370,3216,3,0
3106,5372,2996,0,3
3106,5374,3216,3,0
3106,5378,3216,3,0
3107,5281,3106,1,2
3107,5282,3106,1,2
3107,5284,3106,1,2
3107,5286,3106,1,2
3107,5287,3106,1,2
3107,5288,3106,1,2
3107,5290,3106,1,2
3107,5291,3106,1,2
3107,5293,3106,1,2
3107,5294,3106,1,2
3107,5295,3106,1,2
3107,5299,3106,1,2
3107,5303,3106,1,2
3107,5305,3106,1,2
3107,5308,3106,1,2
3107,5310,3106,1,2
3107,5311,3106,1,2
3107,5313,3106,1,2
3107,5314,3106,1,2
3107,5315,3106,1,2
3107,5316,3106,1,2
3107,5318,3106,1,2
3107,5319,3106,1,2
3107,5320,3106,1,2
3107,5321,3106,1,2
3107,5322,3106,1,2
3107,5323,3106,1,2
3107,5324,3106,1,2
3107,5325,3106,1,2
3107,5326,3106,1,2
3107,5327,3106,1,2
3107,5328,3106,1,2
3107,5329,3106,1,2
3107,5331,3106,1,2
3107,5332,3106,1,2
3107,5333,3106,1,2
3107,5335,3106,1,2
3107,5338,3106,1,2
3107,5341,3106,1,2
3107,5343,3106,1,2
3107,5345,3106,1,2
3107,5347,3106,1,2
3107,5348,3106,1,2
3107,5351,3106,1,2
3107,5352,3106,1,2
3107,5357,3106,1,2
3107,5358,3106,1,2
3107,5359,3106,1,2
3107,5360,3106,1,2
3107,5361,3106,1,2
3107,5362,3106,1,2
3107,5365,3106,1,2
3107,5366,3106,1,2
3107,5367,3106,1,2
3107,5371,3106,1,2
3107,5373,3106,1,2
3107,5375,3106,1,2
3107,5376,3106,1,2
3107,5379,3106,1,2
3127,5298,3128,2,1
3127,5339,3128,2,1
3129,5370,3130,2,1
3161,5281,3051,0,3
3161,5284,3051,0,3
3161,5286,3051,0,3
3161,5288,3051,0,3
3161,5290,3051,0,3
3161,5291,3051,0,3
3161,5293,3051,0,3
3161,5294,3051,0,3
3161,5295,3051,0,3
3161,5301,3051,0,3
3161,5303,3051,0,3
3161,5308,3051,0,3
3161,5310,3051,0,3
3161,5314,3051,0,3
3161,5315,3051,0,3
3161,5316,3051,0,3
3161,5318,3051,0,3
3161,5319,3051,0,3
3161,5320,3051,0,3
3161,5321,3051,0,3
3161,5323,3051,0,3
3161,5324,3051,0,3
3161,5329,3051,0,3
3161,5332,3051,0,3
3161,5333,3051,0,3
3161,5335,3051,0,3
3161,5338,3051,0,3
3161,5341,3051,0,3
3161,5348,3051,0,3
3161,5351,3051,0,3
3161,5352,3051,0,3
3161,5357,3051,0,3
3161,5358,3051,0,3
3161,5359,3051,0,3
3161,5360,3051,0,3
3161,5361,3051,0,3
3161,5362,3051,0,3
3161,5364,3271,3,0
3161,5365,3051,0,3
3161,5367,3051,0,3
3161,5369,3271,3,0
3161,5371,3051,0,3
3161,5373,3051,0,3
3161,5376,3051,0,3
3161,5379,3051,0,3
3162,5285,3161,1,2
3162,5289,3161,1,2
3162,5292,3161,1,2
3162,5296,3161,1,2
3162,5300,3161,1,2
3162,5302,3161,1,2
3162,5304,3161,1,2
3162,5307,3161,1,2
3162,5309,3161,1,2
3162,5317,3161,1,2
3162,5330,3161,1,2
3162,5334,3161,1,2
3162,5336,3161,1,2
3162,5344,3161,1,2
3162,5346,3161,1,2
3162,5349,3161,1,2
3162,5354,3161,1,2
3162,5355,3161,1,2
3162,5356,3161,1,2
3162,5363,3161,1,2
3162,5368,3161,1,2
3162,5372,3161,1,2
3162,5374,3161,1,2
3162,5378,3161,1,2
3174,5372,3284,3,0
3175,5286,3176,2,1
3175,5334,3176,2,1
3175,5359,3176,2,1
3175,5365,3176,2,1
3176,5303,3177,2,1
3179,5282,3180,2,1
3179,5331,3180,2,1
3179,5347,3180,2,1
3216,5289,3326,3,0
3216,5296,3326,3,0
3216,5302,3326,3,0
3216,5304,3326,3,0
3216,5307,3326,3,0
3216,5312,3217,2,1
3216,5317,3326,3,0
3216,5334,3326,3,0
3216,5336,3326,3,0
3216,5337,3326,3,0
3216,5344,3326,3,0
3216,5346,3326,3,0
3216,5349,3326,3,0
3216,5350,3326,3,0
3216,5354,3326,3,0
3216,5355,3326,3,0
3216,5363,3217,2,1
3216,5368,3326,3,0
3216,5374,3326,3,0
3216,5377,3217,2,1
3216,5378,3326,3,0
3217,5280,3216,1,2
3217,5281,3216,1,2
3217,5282,3216,1,2
3217,5284,3216,1,2
3217,5286,3216,1,2
3217,5287,3216,1,2
3217,5290,3216,1,2
3217,5291,3216,1,2
3217,5293,3216,1,2
3217,5295,3216,1,2
3217,5297,3216,1,2
3217,5299,3216,1,2
3217,5303,3216,1,2
3217,5305,3216,1,2
3217,5306,3216,1,2
3217,5308,3216,1,2
3217,5310,3216,1,2
3217,5311,3216,1,2
3217,5313,3216,1,2
3217,5315,3216,1,2
3217,5316,3216,1,2
3217,5318,3216,1,2
3217,5319,3216,1,2
3217,5320,3216,1,2
3217,5321,3216,1,2
3217,5322,3216,1,2
3217,5323,3216,1,2
3217,5324,3216,1,2
3217,5325,3216,1,2
3217,5326,3216,1,2
3217,5327,3216,1,2
3217,5328,3216,1,2
3217,5329,3216,1,2
3217,5331,3216,1,2
3217,5332,3216,1,2
3217,5333,3216,1,2
3217,5335,3216,1,2
3217,5338,3216,1,2
3217,5341,3216,1,2
3217,5343,3216,1,2
3217,5345,3216,1,2
3217,5347,3216,1,2
3217,5348,3216,1,2
3217,5351,3216,1,2
3217,5352,3216,1,2
3217,5357,3216,1,2
3217,5359,3216,1,2
3217,5360,3216,1,2
3217,5361,3216,1,2
3217,5362,3216,1,2
3217,5364,3216,1,2
3217,5365,3216,1,2
3217,5366,3216,1,2
3217,5367,3216,1,2
3217,5369,3216,1,2
3217,5371,3216,1,2
3217,5373,3216,1,2
3217,5375,3216,1,2
3217,5376,3216,1,2
3217,5379,3216,1,2
3258,5289,3368,3,0
3258,5344,3368,3,0
3258,5354,3368,3,0
3271,5364,3381,3,0
3271,5369,3381,3,0
3272,5285,3271,1,2
3272,5292,3271,1,2
3272,5300,3271,1,2
3272,5309,3271,1,2
3272,5312,3271,1,2
3272,5330,3271,1,2
3272,5340,3271,1,2
3272,5342,3271,1,2
3272,5356,3271,1,2
3272,5363,3271,1,2
3272,5372,3271,1,2
3272,5377,3271,1,2
3312,5369,3422,3,0
3326,5283,3216,0,3
3326,5285,3216,0,3
3326,5289,3436,3,0
3326,5292,3216,0,3
3326,5294,3436,3,0
3326,5296,3436,3,0
3326,5300,3216,0,3
3326,5302,3436,3,0
3326,5304,3436,3,0
3326,5307,3436,3,0
3326,5309,3216,0,3
3326,5312,3216,0,3
3326,5314,3436,3,0
3326,5317,3436,3,0
3326,5330,3216,0,3
3326,5334,3436,3,0
3326,5336,3436,3,0
3326,5340,3216,0,3
3326,5342,3216,0,3
3326,5344,3436,3,0
3326,5346,3436,3,0
3326,5349,3436,3,0
3326,5354,3436,3,0
3326,5355,3436,3,0
3326,5356,3216,0,3
3326,5358,3436,3,0
3326,5363,3216,0,3
3326,5368,3436,3,0
3326,5372,3216,0,3
3326,5374,3436,3,0
3326,5377,3216,0,3
3326,5378,3436,3,0
3327,5280,3326,1,2
3327,5281,3326,1,2
3327,5282,3326,1,2
3327,5284,3326,1,2
3327,5286,3326,1,2
3327,5287,3326,1,2
3327,5290,3326,1,2
3327,5291,3326,1,2
3327,5293,3326,1,2
3327,5295,3326,1,2
3327,5297,3326,1,2
3327,5299,3326,1,2
3327,5303,3326,1,2
3327,5305,3326,1,2
3327,5306,3326,1,2
3327,5308,3326,1,2
3327,5310,3326,1,2
3327,5311,3326,1,2
3327,5313,3326,1,2
3327,5315,3326,1,2
3327,5316,3326,1,2
3327,5318,3326,1,2
3327,5319,3326,1,2
3327,5320,3326,1,2
3327,5321,3326,1,2
3327,5322,3326,1,2
3327,5323,3326,1,2
3327,5324,3326,1,2
3327,5325,3326,1,2
3327,5326,3326,1,2
3327,5327,3326,1,2
3327,5328,3326,1,2
3327,5329,3326,1,2
3327,5331,3326,1,2
3327,5332,3326,1,2
3327,5333,3326,1,2
3327,5335,3326,1,2
3327,5338,3326,1,2
3327,5341,3326,1,2
3327,5343,3326,1,2
3327,5345,3326,1,2
3327,5347,3326,1,2
3327,5348,3326,1,2
3327,5352,3326,1,2
3327,5357,3326,1,2
3327,5360,3326,1,2
3327,5361,3326,1,2
3327,5362,3326,1,2
3327,5364,3326,1,2
3327,5365,3326,1,2
3327,5366,3326,1,2
3327,5367,3326,1,2
3327,5369,3326,1,2
3327,5371,3326,1,2
3327,5373,3326,1,2
3327,5375,3326,1,2
3327,5376,3326,1,2
3327,5379,3326,1,2
3373,5307,3483,3,0
3381,5281,3271,0,3
3381,5282,3271,0,3
3381,5284,3271,0,3
3381,5286,3271,0,3
3381,5287,3271,0,3
3381,5290,3271,0,3
3381,5291,3271,0,3
3381,5293,3271,0,3
3381,5295,3271,0,3
3381,5299,3271,0,3
3381,5301,3271,0,3
3381,5303,3271,0,3
3381,5305,3271,0,3
3381,5308,3271,0,3
3381,5310,3271,0,3
3381,5311,3271,0,3
3381,5313,3271,0,3
3381,5315,3271,0,3
3381,5316,3271,0,3
3381,5318,3271,0,3
3381,5319,3271,0,3
3381,5320,3271,0,3
3381,5321,3271,0,3
3381,5322,3271,0,3
3381,5323,3271,0,3
3381,5324,3271,0,3
3381,5325,3271,0,3
3381,5326,3271,0,3
3381,5327,3271,0,3
3381,5328,3271,0,3
3381,5329,3271,0,3
3381,5331,3271,0,3
3381,5332,3271,0,3
3381,5333,3271,0,3
3381,5335,3271,0,3
3381,5338,3271,0,3
3381,5341,3271,0,3
3381,5343,3271,0,3
3381,5345,3271,0,3
3381,5347,3271,0,3
3381,5348,3271,0,3
3381,5351,3271,0,3
3381,5352,3271,0,3
3381,5357,3271,0,3
3381,5360,3271,0,3
3381,5361,3271,0,3
3381,5362,3271,0,3
3381,5364,3491,3,0
3381,5365,3271,0,3
3381,5366,3271,0,3
3381,5367,3271,0,3
3381,5369,3491,3,0
3381,5371,3271,0,3
3381,5373,3271,0,3
3381,5375,3271,0,3
3381,5376,3271,0,3
3381,5379,3271,0,3
3382,5283,3381,1,2
3382,5285,3381,1,2
3382,5289,3381,1,2
3382,5292,3381,1,2
3382,5296,3381,1,2
3382,5298,3381,1,2
3382,5300,3381,1,2
3382,5302,3381,1,2
3382,5304,3381,1,2
3382,5307,3381,1,2
3382,5309,3381,1,2
3382,5312,3381,1,2
3382,5330,3381,1,2
3382,5334,3381,1,2
3382,5337,3381,1,2
3382,5339,3381,1,2
3382,5340,3381,1,2
3382,5342,3381,1,2
3382,5346,3381,1,2
3382,5349,3381,1,2
3382,5355,3381,1,2
3382,5356,3381,1,2
3382,5358,3381,1,2
3382,5363,3381,1,2
3382,5368,3381,1,2
3382,5370,3381,1,2
3382,5372,3381,1,2
3382,5374,3381,1,2
3382,5377,3381,1,2
3395,5286,3396,2,1
3395,5359,3396,2,1
3395,5365,3396,2,1
3396,5303,3397,2,1
3396,5311,3397,2,1
3436,5283,3326,0,3
3436,5285,3326,0,3
3436,5288,3546,3,0
3436,5289,3546,3,0
3436,5292,3326,0,3
3436,5294,3546,3,0
3436,5296,3546,3,0
3436,5298,3326,0,3
3436,5300,3326,0,3
3436,5302,3546,3,0
3436,5304,3546,3,0
3436,5307,3546,3,0
3436,5309,3326,0,3
3436,5312,3326,0,3
3436,5314,3546,3,0
3436,5330,3326,0,3
3436,5334,3546,3,0
3436,5336,3546,3,0
3436,5337,3326,0,3
3436,5339,3326,0,3
3436,5340,3326,0,3
3436,5342,3326,0,3
3436,5344,3546,3,0
3436,5346,3546,3,0
3436,5349,3546,3,0
3436,5351,3546,3,0
3436,5352,3546,3,0
3436,5354,3546,3,0
3436,5355,3546,3,0
3436,5356,3326,0,3
3436,5358,3546,3,0
3436,5359,3546,3,0
3436,5363,3326,0,3
3436,5368,3546,3,0
3436,5370,3326,0,3
3436,5371,3546,3,0
3436,5372,3326,0,3
3436,5374,3546,3,0
3436,5376,3546,3,0
3436,5377,3326,0,3
3436,5378,3546,3,0
3437,5280,3436,1,2
3437,5281,3436,1,2
3437,5282,3436,1,2
3437,5284,3436,1,2
3437,5286,3436,1,2
3437,5287,3436,1,2
3437,5290,3436,1,2
3437,5291,3436,1,2
3437,5293,3436,1,2
3437,5295,3436,1,2
3437,5297,3436,1,2
3437,5299,3436,1,2
3437,5303,3436,1,2
3437,5305,3436,1,2
3437,5306,3436,1,2
3437,5308,3436,1,2
3437,5310,3436,1,2
3437,5311,3436,1,2
3437,5313,3436,1,2
3437,5315,3436,1,2
3437,5316,3436,1,2
3437,5318,3436,1,2
3437,5319,3436,1,2
3437,5320,3436,1,2
3437,5321,3436,1,2
3437,5322,3436,1,2
3437,5323,3436,1,2
3437,5324,3436,1,2
3437,5325,3436,1,2
3437,5326,3436,1,2
3437,5327,3436,1,2
3437,5328,3436,1,2
3437,5331,3436,1,2
3437,5332,3436,1,2
3437,5333,3436,1,2
3437,5335,3436,1,2
3437,5338,3436,1,2
3437,5341,3436,1,2
3437,5343,3436,1,2
3437,5345,3436,1,2
3437,5347,3436,1,2
3437,5348,3436,1,2
3437,5357,3436,1,2
3437,5360,3436,1,2
3437,5361,3436,1,2
3437,5362,3436,1,2
3437,5364,3436,1,2
3437,5365,3436,1,2
3437,5366,3436,1,2
3437,5367,3436,1,2
3437,5369,3436,1,2
3437,5373,3436,1,2
3437,5375,3436,1,2
3437,5379,3436,1,2
3478,5334,3588,3,0
3478,5349,3588,3,0
3478,5359,3588,3,0
3491,5364,3601,3,0
3491,5369,3601,3,0
3492,5283,3491,1,2
3492,5285,3491,1,2
3492,5292,3491,1,2
3492,5298,3491,1,2
3492,5300,3491,1,2
3492,5309,3491,1,2
3492,5312,3491,1,2
3492,5330,3491,1,2
3492,5337,3491,1,2
3492,5339,3491,1,2
3492,5340,3491,1,2
3492,5342,3491,1,2
3492,5350,3491,1,2
3492,5356,3491,1,2
3492,5363,3491,1,2
3492,5370,3491,1,2
3492,5372,3491,1,2
3492,5377,3491,1,2
3508,5318,3509,2,1
3532,5369,3642,3,0
3546,5283,3436,0,3
3546,5285,3436,0,3
3546,5288,3656,3,0
3546,5289,3656,3,0
3546,5292,3436,0,3
3546,5294,3656,3,0
3546,5296,3656,3,0
3546,5298,3436,0,3
3546,5300,3436,0,3
3546,5302,3656,3,0
3546,5304,3656,3,0
3546,5307,3656,3,0
3546,5309,3436,0,3
3546,5312,3436,0,3
3546,5314,3656,3,0
3546,5329,3656,3,0
3546,5330,3436,0,3
3546,5334,3656,3,0
3546,5336,3656,3,0
3546,5337,3436,0,3
3546,5339,3436,0,3
3546,5340,3436,0,3
3546,5342,3436,0,3
3546,5344,3656,3,0
3546,5346,3656,3,0
3546,5349,3656,3,0
3546,5350,3436,0,3
3546,5351,3656,3,0
3546,5352,3656,3,0
3546,5355,3656,3,0
3546,5356,3436,0,3
3546,5358,3656,3,0
3546,5359,3656,3,0
3546,5363,3436,0,3
3546,5368,3656,3,0
3546,5370,3436,0,3
3546,5371,3656,3,0
3546,5372,3436,0,3
3546,5374,3656,3,0
3546,5376,3656,3,0
3546,5377,3436,0,3
3547,5280,3546,1,2
3547,5281,3546,1,2
3547,5282,3546,1,2
3547,5284,3546,1,2
3547,5286,3546,1,2
3547,5287,3546,1,2
3547,5290,3546,1,2
3547,5291,3546,1,2
3547,5293,3546,1,2
3547,5295,3546,1,2
3547,5297,3546,1,2
3547,5299,3546,1,2
3547,5303,3546,1,2
3547,5305,3546,1,2
3547,5306,3546,1,2
3547,5308,3546,1,2
3547,5310,3546,1,2
3547,5311,3546,1,2
3547,5313,3546,1,2
3547,5315,3546,1,2
3547,5316,3546,1,2
3547,5318,3546,1,2
3547,5319,3546,1,2
3547,5320,3546,1,2
3547,5321,3546,1,2
3547,5322,3546,1,2
3547,5323,3546,1,2
3547,5324,3546,1,2
3547,5325,3546,1,2
3547,5326,3546,1,2
3547,5327,3546,1,2
3547,5328,3546,1,2
3547,5331,3546,1,2
3547,5333,3546,1,2
3547,5335,3546,1,2
3547,5338,3546,1,2
3547,5341,3546,1,2
3547,5343,3546,1,2
3547,5345,3546,1,2
3547,5347,3546,1,2
3547,5348,3546,1,2
3547,5357,3546,1,2
3547,5360,3546,1,2
3547,5361,3546,1,2
3547,5362,3546,1,2
3547,5364,3546,1,2
3547,5365,3546,1,2
3547,5366,3546,1,2
3547,5367,3546,1,2
3547,5369,3546,1,2
3547,5373,3546,1,2
3547,5375,3546,1,2
3547,5379,3546,1,2
3593,5307,3703,3,0
3601,5280,3491,0,3
3601,5281,3491,0,3
3601,5282,3491,0,3
3601,5284,3491,0,3
3601,5286,3491,0,3
3601,5287,3491,0,3
3601,5290,3491,0,3
3601,5291,3491,0,3
3601,5293,3491,0,3
3601,5295,3491,0,3
3601,5297,3491,0,3
3601,5299,3491,0,3
3601,5303,3491,0,3
3601,5305,3491,0,3
3601,5306,3491,0,3
3601,5308,3491,0,3
3601,5310,3491,0,3
3601,5311,3491,0,3
3601,5313,3491,0,3
3601,5315,3491,0,3
3601,5316,3491,0,3
3601,5318,3491,0,3
3601,5319,3491,0,3
3601,5320,3491,0,3
3601,5321,3491,0,3
3601,5322,3491,0,3
3601,5323,3491,0,3
3601,5324,3491,0,3
3601,5325,3491,0,3
3601,5326,3491,0,3
3601,5327,3491,0,3
3601,5328,3491,0,3
3601,5331,3491,0,3
3601,5333,3491,0,3
3601,5335,3491,0,3
3601,5338,3491,0,3
3601,5341,3491,0,3
3601,5343,3491,0,3
3601,5345,3491,0,3
3601,5347,3491,0,3
3601,5348,3491,0,3
3601,5357,3491,0,3
3601,5360,3491,0,3
3601,5361,3491,0,3
3601,5362,3491,0,3
3601,5364,3711,3,0
3601,5365,3491,0,3
3601,5366,3491,0,3
3601,5367,3491,0,3
3601,5369,3711,3,0
3601,5373,3491,0,3
3601,5375,3491,0,3
3601,5379,3491,0,3
3602,5283,3601,1,2
3602,5285,3601,1,2
3602,5288,3601,1,2
3602,5292,3601,1,2
3602,5294,3601,1,2
3602,5296,3601,1,2
3602,5298,3601,1,2
3602,5300,3601,1,2
3602,5301,3601,1,2
3602,5302,3601,1,2
3602,5304,3601,1,2
3602,5307,3601,1,2
3602,5309,3601,1,2
3602,5312,3601,1,2
3602,5314,3601,1,2
3602,5317,3601,1,2
3602,5329,3601,1,2
3602,5330,3601,1,2
3602,5334,3601,1,2
3602,5337,3601,1,2
3602,5339,3601,1,2
3602,5340,3601,1,2
3602,5342,3601,1,2
3602,5346,3601,1,2
3602,5349,3601,1,2
3602,5350,3601,1,2
3602,5351,3601,1,2
3602,5352,3601,1,2
3602,5355,3601,1,2
3602,5356,3601,1,2
3602,5358,3601,1,2
3602,5359,3601,1,2
3602,5363,3601,1,2
3602,5370,3601,1,2
3602,5371,3601,1,2
3602,5372,3601,1,2
3602,5376,3601,1,2
3602,5377,3601,1,2
3615,5286,3616,2,1
3615,5365,3616,2,1
3616,5303,3617,2,1
3616,5311,3617,2,1
3616,5340,3617,2,1
3656,5283,3546,0,3
3656,5285,3546,0,3
3656,5288,3766,3,0
3656,5292,3546,0,3
3656,5294,3766,3,0
3656,5296,3766,3,0
3656,5298,3546,0,3
3656,5300,3546,0,3
3656,5302,3766,3,0
3656,5304,3766,3,0
3656,5307,3766,3,0
3656,5309,3546,0,3
3656,5312,3546,0,3
3656,5314,3766,3,0
3656,5319,3766,3,0
3656,5329,3766,3,0
3656,5330,3546,0,3
3656,5332,3766,3,0
3656,5334,3766,3,0
3656,5337,3546,0,3
3656,5339,3546,0,3
3656,5340,3546,0,3
3656,5342,3546,0,3
3656,5346,3766,3,0
3656,5349,3766,3,0
3656,5350,3546,0,3
3656,5351,3766,3,0
3656,5352,3766,3,0
3656,5355,3766,3,0
3656,5356,3546,0,3
3656,5358,3766,3,0
3656,5359,3766,3,0
3656,5363,3546,0,3
3656,5368,3766,3,0
3656,5370,3546,0,3
3656,5371,3766,3,0
3656,5372,3546,0,3
3656,5374,3766,3,0
3656,5376,3766,3,0
3656,5377,3546,0,3
3656,5378,3546,0,3
3657,5280,3656,1,2
3657,5281,3656,1,2
3657,5282,3656,1,2
3657,5284,3656,1,2
3657,5286,3656,1,2
3657,5287,3656,1,2
3657,5290,3656,1,2
3657,5291,3656,1,2
3657,5293,3656,1,2
3657,5295,3656,1,2
3657,5297,3656,1,2
3657,5299,3656,1,2
3657,5303,3656,1,2
3657,5305,3656,1,2
3657,5306,3656,1,2
3657,5308,3656,1,2
3657,5310,3656,1,2
3657,5311,3656,1,2
3657,5313,3656,1,2
3657,5315,3656,1,2
3657,5316,3656,1,2
3657,5318,3656,1,2
3657,5320,3656,1,2
3657,5321,3656,1,2
3657,5322,3656,1,2
3657,5323,3656,1,2
3657,5324,3656,1,2
3657,5325,3656,1,2
3657,5326,3656,1,2
3657,5327,3656,1,2
3657,5328,3656,1,2
3657,5331,3656,1,2
3657,5333,3656,1,2
3657,5335,3656,1,2
3657,5338,3656,1,2
3657,5341,3656,1,2
3657,5343,3656,1,2
3657,5345,3656,1,2
3657,5347,3656,1,2
3657,5348,3656,1,2
3657,5357,3656,1,2
3657,5360,3656,1,2
3657,5361,3656,1,2
3657,5362,3656,1,2
3657,5364,3656,1,2
3657,5365,3656,1,2
3657,5366,3656,1,2
3657,5367,3656,1,2
3657,5369,3656,1,2
3657,5373,3656,1,2
3657,5375,3656,1,2
3657,5379,3656,1,2
3698,5334,3808,3,0
3698,5349,3808,3,0
3698,5359,3808,3,0
3711,5364,3821,3,0
3711,5369,3821,3,0
3712,5283,3711,1,2
3712,5285,3711,1,2
3712,5288,3711,1,2
3712,5292,3711,1,2
3712,5294,3711,1,2
3712,5296,3711,1,2
3712,5298,3711,1,2
3712,5300,3711,1,2
3712,5301,3711,1,2
3712,5302,3711,1,2
3712,5304,3711,1,2
3712,5307,3711,1,2
3712,5309,3711,1,2
3712,5312,3711,1,2
3712,5314,3711,1,2
3712,5317,3711,1,2
3712,5319,3711,1,2
3712,5329,3711,1,2
3712,5330,3711,1,2
3712,5332,3711,1,2
3712,5334,3711,1,2
3712,5337,3711,1,2
3712,5339,3711,1,2
3712,5340,3711,1,2
3712,5342,3711,1,2
3712,5344,3711,1,2
3712,5346,3711,1,2
3712,5349,3711,1,2
3712,5350,3711,1,2
3712,5351,3711,1,2
3712,5352,3711,1,2
3712,5354,3711,1,2
3712,5355,3711,1,2
3712,5356,3711,1,2
3712,5358,3711,1,2
3712,5359,3711,1,2
3712,5363,3711,1,2
3712,5370,3711,1,2
3712,5371,3711,1,2
3712,5372,3711,1,2
3712,5376,3711,1,2
3712,5377,3711,1,2
3712,5378,3711,1,2
3738,5378,3848,3,0
3752,5369,3862,3,0
3766,5283,3656,0,3
3766,5285,3656,0,3
3766,5288,3876,3,0
3766,5292,3656,0,3
3766,5294,3876,3,0
3766,5296,3876,3,0
3766,5298,3656,0,3
3766,5302,3876,3,0
3766,5304,3876,3,0
3766,5307,3876,3,0
3766,5309,3656,0,3
3766,5312,3656,0,3
3766,5314,3876,3,0
3766,5317,3656,0,3
3766,5319,3876,3,0
3766,5329,3876,3,0
3766,5330,3656,0,3
3766,5332,3876,3,0
3766,5334,3876,3,0
3766,5337,3656,0,3
3766,5339,3656,0,3
3766,5340,3656,0,3
3766,5342,3656,0,3
3766,5346,3876,3,0
3766,5349,3876,3,0
3766,5350,3656,0,3
3766,5351,3876,3,0
3766,5352,3876,3,0
3766,5354,3656,0,3
3766,5355,3876,3,0
3766,5356,3656,0,3
3766,5358,3876,3,0
3766,5359,3876,3,0
3766,5363,3656,0,3
3766,5370,3656,0,3
3766,5371,3876,3,0
3766,5372,3656,0,3
3766,5376,3876,3,0
3766,5377,3656,0,3
3766,5378,3656,0,3
3767,5280,3766,1,2
3767,5281,3766,1,2
3767,5282,3766,1,2
3767,5284,3766,1,2
3767,5286,3766,1,2
3767,5287,3766,1,2
3767,5290,3766,1,2
3767,5291,3766,1,2
3767,5293,3766,1,2
3767,5295,3766,1,2
3767,5297,3766,1,2
3767,5299,3766,1,2
3767,5303,3766,1,2
3767,5305,3766,1,2
3767,5306,3766,1,2
3767,5308,3766,1,2
3767,5310,3766,1,2
3767,5311,3766,1,2
3767,5313,3766,1,2
3767,5315,3766,1,2
3767,5316,3766,1,2
3767,5318,3766,1,2
3767,5320,3766,1,2
3767,5321,3766,1,2
3767,5322,3766,1,2
3767,5323,3766,1,2
3767,5324,3766,1,2
3767,5325,3766,1,2
3767,5326,3766,1,2
3767,5327,3766,1,2
3767,5328,3766,1,2
3767,5331,3766,1,2
3767,5333,3766,1,2
3767,5335,3766,1,2
3767,5338,3766,1,2
3767,5341,3766,1,2
3767,5343,3766,1,2
3767,5345,3766,1,2
3767,5347,3766,1,2
3767,5348,3766,1,2
3767,5357,3766,1,2
3767,5360,3766,1,2
3767,5361,3766,1,2
3767,5362,3766,1,2
3767,5364,3766,1,2
3767,5365,3766,1,2
3767,5366,3766,1,2
3767,5367,3766,1,2
3767,5369,3766,1,2
3767,5373,3766,1,2
3767,5375,3766,1,2
3767,5379,3766,1,2
3811,5317,3701,0,3
3813,5307,3923,3,0
3821,5280,3711,0,3
3821,5281,3711,0,3
3821,5282,3711,0,3
3821,5284,3711,0,3
3821,5286,3711,0,3
3821,5287,3711,0,3
3821,5290,3711,0,3
3821,5293,3711,0,3
3821,5295,3711,0,3
3821,5297,3711,0,3
3821,5299,3711,0,3
3821,5303,3711,0,3
3821,5305,3711,0,3
3821,5306,3711,0,3
3821,5308,3711,0,3
3821,5310,3711,0,3
3821,5311,3711,0,3
3821,5313,3711,0,3
3821,5315,3711,0,3
3821,5316,3711,0,3
3821,5318,3711,0,3
3821,5320,3711,0,3
3821,5321,3711,0,3
3821,5322,3711,0,3
3821,5323,3711,0,3
3821,5324,3711,0,3
3821,5325,3711,0,3
3821,5326,3711,0,3
3821,5327,3711,0,3
3821,5328,3711,0,3
3821,5331,3711,0,3
3821,5333,3711,0,3
3821,5335,3711,0,3
3821,5338,3711,0,3
3821,5341,3711,0,3
3821,5343,3711,0,3
3821,5345,3711,0,3
3821,5347,3711,0,3
3821,5348,3711,0,3
3821,5357,3711,0,3
3821,5360,3711,0,3
3821,5361,3711,0,3
3821,5362,3711,0,3
3821,5364,3931,3,0
3821,5365,3711,0,3
3821,5366,3711,0,3
3821,5367,3711,0,3
3821,5369,3931,3,0
3821,5373,3711,0,3
3821,5375,3711,0,3
3821,5379,3711,0,3
3822,5283,3821,1,2
3822,5285,3821,1,2
3822,5288,3821,1,2
3822,5289,3821,1,2
3822,5292,3821,1,2
3822,5294,3821,1,2
3822,5296,3821,1,2
3822,5298,3821,1,2
3822,5301,3821,1,2
3822,5302,3821,1,2
3822,5304,3821,1,2
3822,5307,3821,1,2
3822,5309,3821,1,2
3822,5312,3821,1,2
3822,5314,3821,1,2
3822,5317,3821,1,2
3822,5319,3821,1,2
3822,5329,3821,1,2
3822,5330,3821,1,2
3822,5332,3821,1,2
3822,5334,3821,1,2
3822,5336,3821,1,2
3822,5337,3821,1,2
3822,5339,3821,1,2
3822,5340,3821,1,2
3822,5342,3821,1,2
3822,5344,3821,1,2
3822,5346,3821,1,2
3822,5349,3821,1,2
3822,5350,3821,1,2
3822,5351,3821,1,2
3822,5352,3821,1,2
3822,5354,3821,1,2
3822,5355,3821,1,2
3822,5356,3821,1,2
3822,5358,3821,1,2
3822,5359,3821,1,2
3822,5363,3821,1,2
3822,5370,3821,1,2
3822,5371,3821,1,2
3822,5372,3821,1,2
3822,5376,3821,1,2
3822,5377,3821,1,2
3822,5378,3821,1,2
3835,5286,3836,2,1
3835,5365,3836,2,1
3836,5300,3837,2,1
3836,5303,3837,2,1
3836,5311,3837,2,1
3836,5340,3837,2,1
3836,5372,3837,2,1
3876,5283,3766,0,3
3876,5285,3766,0,3
3876,5288,3986,3,0
3876,5289,3766,0,3
3876,5291,3986,3,0
3876,5292,3766,0,3
3876,5294,3986,3,0
3876,5296,3986,3,0
3876,5298,3766,0,3
3876,5302,3986,3,0
3876,5304,3986,3,0
3876,5307,3986,3,0
3876,5309,3766,0,3
3876,5312,3766,0,3
3876,5314,3986,3,0
3876,5317,3766,0,3
3876,5319,3986,3,0
3876,5329,3986,3,0
3876,5330,3766,0,3
3876,5332,3986,3,0
3876,5334,3986,3,0
3876,5337,3766,0,3
3876,5339,3766,0,3
3876,5340,3766,0,3
3876,5342,3766,0,3
3876,5344,3766,0,3
3876,5346,3986,3,0
3876,5349,3986,3,0
3876,5350,3766,0,3
3876,5351,3986,3,0
3876,5352,3986,3,0
3876,5354,3766,0,3
3876,5355,3986,3,0
3876,5358,3986,3,0
3876,5359,3986,3,0
3876,5360,3986,3,0
3876,5363,3766,0,3
3876,5370,3766,0,3
3876,5371,3986,3,0
3876,5376,3986,3,0
3876,5377,3766,0,3
3876,5378,3766,0,3
3877,5280,3876,1,2
3877,5281,3876,1,2
3877,5282,3876,1,2
3877,5286,3876,1,2
3877,5287,3876,1,2
3877,5290,3876,1,2
3877,5293,3876,1,2
3877,5295,3876,1,2
3877,5297,3876,1,2
3877,5299,3876,1,2
3877,5300,3876,1,2
3877,5303,3876,1,2
3877,5305,3876,1,2
3877,5306,3876,1,2
3877,5308,3876,1,2
3877,5310,3876,1,2
3877,5311,3876,1,2
3877,5313,3876,1,2
3877,5315,3876,1,2
3877,5316,3876,1,2
3877,5320,3876,1,2
3877,5321,3876,1,2
3877,5322,3876,1,2
3877,5323,3876,1,2
3877,5325,3876,1,2
3877,5326,3876,1,2
3877,5327,3876,1,2
3877,5328,3876,1,2
3877,5331,3876,1,2
3877,5333,3876,1,2
3877,5335,3876,1,2
3877,5343,3876,1,2
3877,5345,3876,1,2
3877,5347,3876,1,2
3877,5348,3876,1,2
3877,5357,3876,1,2
3877,5361,3876,1,2
3877,5362,3876,1,2
3877,5364,3876,1,2
3877,5365,3876,1,2
3877,5366,3876,1,2
3877,5367,3876,1,2
3877,5369,3876,1,2
3877,5372,3876,1,2
3877,5373,3876,1,2
3877,5375,3876,1,2
3877,5379,3876,1,2
3918,5334,4028,3,0
3918,5349,4028,3,0
3918,5359,4028,3,0
3931,5300,4041,3,0
3931,5364,4041,3,0
3931,5369,4041,3,0
3931,5372,4041,3,0
3932,5283,3931,1,2
3932,5285,3931,1,2
3932,5289,3931,1,2
3932,5292,3931,1,2
3932,5298,3931,1,2
3932,5309,3931,1,2
3932,5312,3931,1,2
3932,5317,3931,1,2
3932,5330,3931,1,2
3932,5336,3931,1,2
3932,5337,3931,1,2
3932,5339,3931,1,2
3932,5340,3931,1,2
3932,5342,3931,1,2
3932,5344,3931,1,2
3932,5350,3931,1,2
3932,5354,3931,1,2
3932,5356,3931,1,2
3932,5363,3931,1,2
3932,5368,3931,1,2
3932,5370,3931,1,2
3932,5374,3931,1,2
3932,5377,3931,1,2
3932,5378,3931,1,2
3942,5289,3943,2,1
3976,5317,4086,3,0
3986,5283,3876,0,3
3986,5284,4096,3,0
3986,5285,3876,0,3
3986,5288,4096,3,0
3986,5289,3876,0,3
3986,5291,4096,3,0
3986,5292,3876,0,3
3986,5294,4096,3,0
3986,5296,4096,3,0
3986,5298,3876,0,3
3986,5302,4096,3,0
3986,5304,4096,3,0
3986,5307,4096,3,0
3986,5309,3876,0,3
3986,5312,3876,0,3
3986,5314,4096,3,0
3986,5317,3876,0,3
3986,5318,4096,3,0
3986,5319,4096,3,0
3986,5324,4096,3,0
3986,5329,4096,3,0
3986,5330,3876,0,3
3986,5332,4096,3,0
3986,5334,4096,3,0
3986,5336,3876,0,3
3986,5337,3876,0,3
3986,5338,4096,3,0
3986,5339,3876,0,3
3986,5340,3876,0,3
3986,5341,4096,3,0
3986,5342,3876,0,3
3986,5344,3876,0,3
3986,5346,4096,3,0
3986,5349,4096,3,0
3986,5350,3876,0,3
3986,5351,4096,3,0
3986,5352,4096,3,0
3986,5354,3876,0,3
3986,5355,4096,3,0
3986,5358,4096,3,0
3986,5359,4096,3,0
3986,5360,4096,3,0
3986,5368,3876,0,3
3986,5370,3876,0,3
3986,5371,4096,3,0
3986,5376,4096,3,0
3986,5377,3876,0,3
3986,5378,3876,0,3
3987,5280,3986,1,2
3987,5282,3986,1,2
3987,5286,3986,1,2
3987,5287,3986,1,2
3987,5290,3986,1,2
3987,5293,3986,1,2
3987,5295,3986,1,2
3987,5297,3986,1,2
3987,5299,3986,1,2
3987,5300,3986,1,2
3987,5303,3986,1,2
3987,5305,3986,1,2
3987,5306,3986,1,2
3987,5311,3986,1,2
3987,5313,3986,1,2
3987,5315,3986,1,2
3987,5320,3986,1,2
3987,5321,3986,1,2
3987,5322,3986,1,2
3987,5323,3986,1,2
3987,5325,3986,1,2
3987,5326,3986,1,2
3987,5327,3986,1,2
3987,5328,3986,1,2
3987,5331,3986,1,2
3987,5333,3986,1,2
3987,5335,3986,1,2
3987,5343,3986,1,2
3987,5345,3986,1,2
3987,5347,3986,1,2
3987,5348,3986,1,2
3987,5356,3986,1,2
3987,5357,3986,1,2
3987,5361,3986,1,2
3987,5362,3986,1,2
3987,5364,3986,1,2
3987,5365,3986,1,2
3987,5366,3986,1,2
3987,5367,3986,1,2
3987,5372,3986,1,2
3987,5373,3986,1,2
3987,5375,3986,1,2
3987,5379,3986,1,2
4031,5289,3921,0,3
4031,5317,3921,0,3
4032,5336,3922,0,3
4033,5307,4143,3,0
4041,5280,3931,0,3
4041,5282,3931,0,3
4041,5286,3931,0,3
4041,5287,3931,0,3
4041,5290,3931,0,3
4041,5293,3931,0,3
4041,5295,3931,0,3
4041,5297,3931,0,3
4041,5299,3931,0,3
4041,5300,4151,3,0
4041,5303,3931,0,3
4041,5305,3931,0,3
4041,5306,3931,0,3
4041,5310,3931,0,3
4041,5311,3931,0,3
4041,5313,3931,0,3
4041,5315,3931,0,3
4041,5320,3931,0,3
4041,5321,3931,0,3
4041,5322,3931,0,3
4041,5323,3931,0,3
4041,5325,3931,0,3
4041,5326,3931,0,3
4041,5327,3931,0,3
4041,5328,3931,0,3
4041,5331,3931,0,3
4041,5333,3931,0,3
4041,5335,3931,0,3
4041,5343,3931,0,3
4041,5345,3931,0,3
4041,5347,3931,0,3
4041,5348,3931,0,3
4041,5357,3931,0,3
4041,5361,3931,0,3
4041,5362,3931,0,3
4041,5364,4151,3,0
4041,5365,3931,0,3
4041,5366,3931,0,3
4041,5367,3931,0,3
4041,5369,4151,3,0
4041,5372,4151,3,0
4041,5373,3931,0,3
4041,5375,3931,0,3
4041,5379,3931,0,3
4042,5283,4041,1,2
4042,5284,4041,1,2
4042,5288,4041,1,2
4042,5289,4041,1,2
4042,5291,4041,1,2
4042,5292,4041,1,2
4042,5294,4041,1,2
4042,5296,4041,1,2
4042,5298,4041,1,2
4042,5301,4041,1,2
4042,5302,4041,1,2
4042,5304,4041,1,2
4042,5307,4041,1,2
4042,5309,4041,1,2
4042,5312,4041,1,2
4042,5317,4041,1,2
4042,5318,4041,1,2
4042,5319,4041,1,2
4042,5324,4041,1,2
4042,5329,4041,1,2
4042,5330,4041,1,2
4042,5332,4041,1,2
4042,5334,4041,1,2
4042,5336,4041,1,2
4042,5337,4041,1,2
4042,5339,4041,1,2
4042,5340,4041,1,2
4042,5341,4041,1,2
4042,5342,4041,1,2
4042,5344,4041,1,2
4042,5346,4041,1,2
4042,5349,4041,1,2
4042,5350,4041,1,2
4042,5351,4041,1,2
4042,5352,4041,1,2
4042,5354,4041,1,2
4042,5358,4041,1,2
4042,5359,4041,1,2
4042,5360,4041,1,2
4042,5368,4041,1,2
4042,5370,4041,1,2
4042,5371,4041,1,2
4042,5374,4041,1,2
4042,5376,4041,1,2
4042,5377,4041,1,2
4042,5378,4041,1,2
4055,5286,4056,2,1
4055,5365,4056,2,1
4056,5300,4057,2,1
4056,5303,4057,2,1
4056,5311,4057,2,1
4056,5340,4057,2,1
4056,5372,4057,2,1
4069,5306,4068,1,2
4096,5281,4206,3,0
4096,5283,3986,0,3
4096,5284,4206,3,0
4096,5288,4206,3,0
4096,5289,3986,0,3
4096,5291,4206,3,0
4096,5292,3986,0,3
4096,5294,4206,3,0
4096,5296,4206,3,0
4096,5298,3986,0,3
4096,5302,4206,3,0
4096,5304,4206,3,0
4096,5307,4206,3,0
4096,5308,4206,3,0
4096,5309,3986,0,3
4096,5310,4206,3,0
4096,5312,3986,0,3
4096,5314,4206,3,0
4096,5316,4206,3,0
4096,5318,4206,3,0
4096,5319,4206,3,0
4096,5324,4206,3,0
4096,5329,4206,3,0
4096,5330,3986,0,3
4096,5332,4206,3,0
4096,5334,4206,3,0
4096,5336,3986,0,3
4096,5337,3986,0,3
4096,5338,4206,3,0
4096,5339,3986,0,3
4096,5341,4206,3,0
4096,5344,3986,0,3
4096,5346,4206,3,0
4096,5349,4206,3,0
4096,5350,3986,0,3
4096,5351,4206,3,0
4096,5352,4206,3,0
4096,5354,3986,0,3
4096,5358,4206,3,0
4096,5359,4206,3,0
4096,5360,4206,3,0
4096,5368,3986,0,3
4096,5370,3986,0,3
4096,5371,4206,3,0
4096,5376,4206,3,0
4096,5377,3986,0,3
4096,5378,3986,0,3
4097,5280,4096,1,2
4097,5282,4096,1,2
4097,5285,4096,1,2
4097,5286,4096,1,2
4097,5287,4096,1,2
4097,5295,4096,1,2
4097,5297,4096,1,2
4097,5299,4096,1,2
4097,5300,4096,1,2
4097,5303,4096,1,2
4097,5305,4096,1,2
4097,5306,4096,1,2
4097,5311,4096,1,2
4097,5313,4096,1,2
4097,5315,4096,1,2
4097,5320,4096,1,2
4097,5321,4096,1,2
4097,5322,4096,1,2
4097,5323,4096,1,2
4097,5325,4096,1,2
4097,5326,4096,1,2
4097,5327,4096,1,2
4097,5328,4096,1,2
4097,5331,4096,1,2
4097,5333,4096,1,2
4097,5335,4096,1,2
4097,5340,4096,1,2
4097,5342,4096,1,2
4097,5343,4096,1,2
4097,5345,4096,1,2
4097,5347,4096,1,2
4097,5348,4096,1,2
4097,5356,4096,1,2
4097,5357,4096,1,2
4097,5361,4096,1,2
4097,5362,4096,1,2
4097,5363,4096,1,2
4097,5365,4096,1,2
4097,5366,4096,1,2
4097,5367,4096,1,2
4097,5372,4096,1,2
4097,5373,4096,1,2
4097,5375,4096,1,2
4097,5379,4096,1,2
4138,5334,4248,3,0
4138,5349,4248,3,0
4138,5359,4248,3,0
4138,5365,4248,3,0
4151,5285,4261,3,0
4151,5300,4261,3,0
4151,5340,4261,3,0
4151,5342,4261,3,0
4151,5356,4261,3,0
4151,5363,4261,3,0
4151,5364,4261,3,0
4151,5372,4261,3,0
4152,5283,4151,1,2
4152,5289,4151,1,2
4152,5292,4151,1,2
4152,5298,4151,1,2
4152,5309,4151,1,2
4152,5312,4151,1,2
4152,5317,4151,1,2
4152,5330,4151,1,2
4152,5336,4151,1,2
4152,5337,4151,1,2
4152,5339,4151,1,2
4152,5344,4151,1,2
4152,5350,4151,1,2
4152,5354,4151,1,2
4152,5368,4151,1,2
4152,5370,4151,1,2
4152,5374,4151,1,2
4152,5377,4151,1,2
4152,5378,4151,1,2
4162,5289,4163,2,1
4162,5317,4163,2,1
4206,5281,4316,3,0
4206,5283,4096,0,3
4206,5284,4316,3,0
4206,5288,4316,3,0
4206,5289,4096,0,3
4206,5290,4316,3,0
4206,5291,4316,3,0
4206,5292,4096,0,3
4206,5293,4316,3,0
4206,5294,4316,3,0
4206,5298,4096,0,3
4206,5302,4316,3,0
4206,5304,4316,3,0
4206,5307,4316,3,0
4206,5308,4316,3,0
4206,5309,4096,0,3
4206,5310,4316,3,0
4206,5312,4096,0,3
4206,5316,4316,3,0
4206,5318,4316,3,0
4206,5319,4316,3,0
4206,5324,4316,3,0
4206,5329,4316,3,0
4206,5330,4096,0,3
4206,5332,4316,3,0
4206,5334,4316,3,0
4206,5336,4096,0,3
4206,5337,4096,0,3
4206,5338,4316,3,0
4206,5339,4096,0,3
4206,5341,4316,3,0
4206,5344,4096,0,3
4206,5349,4316,3,0
4206,5350,4096,0,3
4206,5351,4316,3,0
4206,5352,4316,3,0
4206,5354,4096,0,3
4206,5358,4316,3,0
4206,5359,4316,3,0
4206,5360,4316,3,0
4206,5368,4096,0,3
4206,5370,4096,0,3
4206,5371,4316,3,0
4206,5374,4096,0,3
4206,5376,4316,3,0
4206,5377,4096,0,3
4206,5378,4096,0,3
4207,5280,4206,1,2
4207,5282,4206,1,2
4207,5285,4206,1,2
4207,5286,4206,1,2
4207,5287,4206,1,2
4207,5295,4206,1,2
4207,5297,4206,1,2
4207,5299,4206,1,2
4207,5300,4206,1,2
4207,5303,4206,1,2
4207,5305,4206,1,2
4207,5306,4206,1,2
4207,5311,4206,1,2
4207,5313,4206,1,2
4207,5315,4206,1,2
4207,5320,4206,1,2
4207,5321,4206,1,2
4207,5322,4206,1,2
4207,5323,4206,1,2
4207,5325,4206,1,2
4207,5326,4206,1,2
4207,5327,4206,1,2
4207,5328,4206,1,2
4207,5331,4206,1,2
4207,5333,4206,1,2
4207,5335,4206,1,2
4207,5340,4206,1,2
4207,5342,4206,1,2
4207,5343,4206,1,2
4207,5345,4206,1,2
4207,5347,4206,1,2
4207,5348,4206,1,2
4207,5356,4206,1,2
4207,5361,4206,1,2
4207,5363,4206,1,2
4207,5365,4206,1,2
4207,5366,4206,1,2
4207,5367,4206,1,2
4207,5372,4206,1,2
4207,5373,4206,1,2
4207,5375,4206,1,2
4207,5379,4206,1,2
4251,5289,4141,0,3
4252,5336,4142,0,3
4253,5307,4363,3,0
4261,5280,4151,0,3
4261,5282,4151,0,3
4261,5285,4371,3,0
4261,5286,4151,0,3
4261,5287,4151,0,3
4261,5295,4151,0,3
4261,5297,4151,0,3
4261,5299,4151,0,3
4261,5300,4371,3,0
4261,5303,4151,0,3
4261,5305,4151,0,3
4261,5306,4151,0,3
4261,5311,4151,0,3
4261,5313,4151,0,3
4261,5315,4151,0,3
4261,5320,4151,0,3
4261,5321,4151,0,3
4261,5322,4151,0,3
4261,5323,4151,0,3
4261,5325,4151,0,3
4261,5326,4151,0,3
4261,5327,4151,0,3
4261,5328,4151,0,3
4261,5331,4151,0,3
4261,5333,4151,0,3
4261,5335,4151,0,3
4261,5340,4371,3,0
4261,5342,4371,3,0
4261,5343,4151,0,3
4261,5345,4151,0,3
4261,5347,4151,0,3
4261,5348,4151,0,3
4261,5356,4371,3,0
4261,5357,4151,0,3
4261,5361,4151,0,3
4261,5363,4371,3,0
4261,5365,4151,0,3
4261,5366,4151,0,3
4261,5367,4151,0,3
4261,5372,4371,3,0
4261,5373,4151,0,3
4261,5375,4151,0,3
4261,5379,4151,0,3
4262,5281,4261,1,2
4262,5283,4261,1,2
4262,5284,4261,1,2
4262,5288,4261,1,2
4262,5289,4261,1,2
4262,5290,4261,1,2
4262,5291,4261,1,2
4262,5292,4261,1,2
4262,5293,4261,1,2
4262,5294,4261,1,2
4262,5298,4261,1,2
4262,5301,4261,1,2
4262,5304,4261,1,2
4262,5307,4261,1,2
4262,5308,4261,1,2
4262,5309,4261,1,2
4262,5310,4261,1,2
4262,5312,4261,1,2
4262,5316,4261,1,2
4262,5318,4261,1,2
4262,5319,4261,1,2
4262,5324,4261,1,2
4262,5329,4261,1,2
4262,5330,4261,1,2
4262,5332,4261,1,2
4262,5334,4261,1,2
4262,5336,4261,1,2
4262,5337,4261,1,2
4262,5338,4261,1,2
4262,5339,4261,1,2
4262,5341,4261,1,2
4262,5344,4261,1,2
4262,5349,4261,1,2
4262,5351,4261,1,2
4262,5352,4261,1,2
4262,5354,4261,1,2
4262,5355,4261,1,2
4262,5358,4261,1,2
4262,5359,4261,1,2
4262,5360,4261,1,2
4262,5368,4261,1,2
4262,5370,4261,1,2
4262,5371,4261,1,2
4262,5374,4261,1,2
4262,5376,4261,1,2
4262,5377,4261,1,2
4262,5378,4261,1,2
4275,5286,4276,2,1
4275,5365,4276,2,1
4276,5300,4277,2,1
4276,5311,4277,2,1
4276,5340,4277,2,1
4276,5372,4277,2,1
4296,5293,4186,0,3
4316,5281,4426,3,0
4316,5283,4206,0,3
4316,5284,4426,3,0
4316,5288,4426,3,0
4316,5290,4426,3,0
4316,5291,4426,3,0
4316,5292,4206,0,3
4316,5293,4426,3,0
4316,5294,4426,3,0
4316,5298,4206,0,3
4316,5304,4426,3,0
4316,5307,4426,3,0
4316,5308,4426,3,0
4316,5310,4426,3,0
4316,5315,4426,3,0
4316,5316,4426,3,0
4316,5318,4426,3,0
4316,5319,4426,3,0
4316,5324,4426,3,0
4316,5329,4426,3,0
4316,5330,4206,0,3
4316,5332,4426,3,0
4316,5334,4426,3,0
4316,5338,4426,3,0
4316,5339,4206,0,3
4316,5341,4426,3,0
4316,5349,4426,3,0
4316,5351,4426,3,0
4316,5352,4426,3,0
4316,5355,4206,0,3
4316,5357,4426,3,0
4316,5358,4426,3,0
4316,5359,4426,3,0
4316,5360,4426,3,0
4316,5362,4426,3,0
4316,5370,4206,0,3
4316,5371,4426,3,0
4316,5376,4426,3,0
4316,5378,4206,0,3
4317,5280,4316,1,2
4317,5282,4316,1,2
4317,5285,4316,1,2
4317,5286,4316,1,2
4317,5287,4316,1,2
4317,5295,4316,1,2
4317,5297,4316,1,2
4317,5299,4316,1,2
4317,5300,4316,1,2
4317,5303,4316,1,2
4317,5305,4316,1,2
4317,5306,4316,1,2
4317,5309,4316,1,2
4317,5311,4316,1,2
4317,5312,4316,1,2
4317,5313,4316,1,2
4317,5317,4316,1,2
4317,5320,4316,1,2
4317,5322,4316,1,2
4317,5323,4316,1,2
4317,5325,4316,1,2
4317,5327,4316,1,2
4317,5331,4316,1,2
4317,5333,4316,1,2
4317,5335,4316,1,2
4317,5337,4316,1,2
4317,5340,4316,1,2
4317,5342,4316,1,2
4317,5345,4316,1,2
4317,5347,4316,1,2
4317,5348,4316,1,2
4317,5350,4316,1,2
4317,5356,4316,1,2
4317,5361,4316,1,2
4317,5363,4316,1,2
4317,5364,4316,1,2
4317,5365,4316,1,2
4317,5366,4316,1,2
4317,5367,4316,1,2
4317,5369,4316,1,2
4317,5372,4316,1,2
4317,5373,4316,1,2
4317,5375,4316,1,2
4317,5377,4316,1,2
4358,5334,4468,3,0
4358,5349,4468,3,0
4358,5359,4468,3,0
4358,5365,4468,3,0
4371,5285,4481,3,0
4371,5300,4481,3,0
4371,5317,4481,3,0
4371,5336,4481,3,0
4371,5337,4481,3,0
4371,5340,4481,3,0
4371,5342,4481,3,0
4371,5350,4481,3,0
4371,5356,4481,3,0
4371,5363,4481,3,0
4371,5372,4481,3,0
4372,5283,4371,1,2
4372,5292,4371,1,2
4372,5296,4371,1,2
4372,5298,4371,1,2
4372,5314,4371,1,2
4372,5330,4371,1,2
4372,5339,4371,1,2
4372,5346,4371,1,2
4372,5355,4371,1,2
4372,5368,4371,1,2
4372,5370,4371,1,2
4372,5378,4371,1,2
4382,5289,4383,2,1
4382,5317,4383,2,1
4413,5369,4303,0,3
4426,5281,4536,3,0
4426,5283,4316,0,3
4426,5284,4536,3,0
4426,5288,4536,3,0
4426,5290,4536,3,0
4426,5291,4536,3,0
4426,5292,4316,0,3
4426,5293,4536,3,0
4426,5294,4536,3,0
4426,5296,4316,0,3
4426,5298,4316,0,3
4426,5302,4316,0,3
4426,5304,4536,3,0
4426,5307,4536,3,0
4426,5308,4536,3,0
4426,5310,4536,3,0
4426,5314,4316,0,3
4426,5315,4536,3,0
4426,5316,4536,3,0
4426,5318,4536,3,0
4426,5319,4536,3,0
4426,5321,4536,3,0
4426,5324,4536,3,0
4426,5328,4536,3,0
4426,5329,4536,3,0
4426,5330,4316,0,3
4426,5332,4536,3,0
4426,5334,4536,3,0
4426,5338,4536,3,0
4426,5339,4316,0,3
4426,5341,4536,3,0
4426,5343,4536,3,0
4426,5346,4316,0,3
4426,5349,4536,3,0
4426,5351,4536,3,0
4426,5352,4536,3,0
4426,5355,4316,0,3
4426,5357,4536,3,0
4426,5358,4536,3,0
4426,5359,4536,3,0
4426,5360,4536,3,0
4426,5362,4536,3,0
4426,5370,4316,0,3
4426,5371,4536,3,0
4426,5376,4536,3,0
4426,5378,4316,0,3
4426,5379,4536,3,0
4427,5280,4426,1,2
4427,5282,4426,1,2
4427,5285,4426,1,2
4427,5286,4426,1,2
4427,5287,4426,1,2
4427,5297,4426,1,2
4427,5299,4426,1,2
4427,5303,4426,1,2
4427,5305,4426,1,2
4427,5309,4426,1,2
4427,5311,4426,1,2
4427,5312,4426,1,2
4427,5313,4426,1,2
4427,5317,4426,1,2
4427,5320,4426,1,2
4427,5322,4426,1,2
4427,5323,4426,1,2
4427,5325,4426,1,2
4427,5327,4426,1,2
4427,5331,4426,1,2
4427,5333,4426,1,2
4427,5337,4426,1,2
4427,5340,4426,1,2
4427,5342,4426,1,2
4427,5345,4426,1,2
4427,5347,4426,1,2
4427,5348,4426,1,2
4427,5350,4426,1,2
4427,5354,4426,1,2
4427,5356,4426,1,2
4427,5361,4426,1,2
4427,5363,4426,1,2
4427,5364,4426,1,2
4427,5365,4426,1,2
4427,5366,4426,1,2
4427,5367,4426,1,2
4427,5369,4426,1,2
4427,5372,4426,1,2
4427,5373,4426,1,2
4427,5375,4426,1,2
4427,5377,4426,1,2
4471,5289,4361,0,3
4472,5336,4362,0,3
4473,5307,4583,3,0
4481,5280,4371,0,3
4481,5282,4371,0,3
4481,5285,4591,3,0
4481,5286,4371,0,3
4481,5287,4371,0,3
4481,5297,4371,0,3
4481,5299,4371,0,3
4481,5300,4591,3,0
4481,5303,4371,0,3
4481,5305,4371,0,3
4481,5309,4591,3,0
4481,5311,4371,0,3
4481,5313,4371,0,3
4481,5317,4591,3,0
4481,5320,4371,0,3
4481,5322,4371,0,3
4481,5323,4371,0,3
4481,5325,4371,0,3
4481,5327,4371,0,3
4481,5331,4371,0,3
4481,5333,4371,0,3
4481,5335,4371,0,3
4481,5336,4591,3,0
4481,5337,4591,3,0
4481,5340,4591,3,0
4481,5342,4591,3,0
4481,5344,4591,3,0
4481,5345,4371,0,3
4481,5347,4371,0,3
4481,5348,4371,0,3
4481,5350,4591,3,0
4481,5354,4591,3,0
4481,5356,4591,3,0
4481,5361,4371,0,3
4481,5363,4591,3,0
4481,5365,4371,0,3
4481,5366,4371,0,3
4481,5367,4371,0,3
4481,5372,4591,3,0
4481,5373,4371,0,3
4481,5375,4371,0,3
4481,5377,4591,3,0
4482,5281,4481,1,2
4482,5283,4481,1,2
4482,5284,4481,1,2
4482,5288,4481,1,2
4482,5290,4481,1,2
4482,5291,4481,1,2
4482,5292,4481,1,2
4482,5293,4481,1,2
4482,5294,4481,1,2
4482,5296,4481,1,2
4482,5298,4481,1,2
4482,5301,4481,1,2
4482,5302,4481,1,2
4482,5304,4481,1,2
4482,5307,4481,1,2
4482,5308,4481,1,2
4482,5310,4481,1,2
4482,5314,4481,1,2
4482,5315,4481,1,2
4482,5316,4481,1,2
4482,5318,4481,1,2
4482,5319,4481,1,2
4482,5321,4481,1,2
4482,5324,4481,1,2
4482,5328,4481,1,2
4482,5329,4481,1,2
4482,5332,4481,1,2
4482,5338,4481,1,2
4482,5339,4481,1,2
4482,5341,4481,1,2
4482,5343,4481,1,2
4482,5346,4481,1,2
4482,5349,4481,1,2
4482,5351,4481,1,2
4482,5355,4481,1,2
4482,5357,4481,1,2
4482,5358,4481,1,2
4482,5359,4481,1,2
4482,5360,4481,1,2
4482,5362,4481,1,2
4482,5370,4481,1,2
4482,5371,4481,1,2
4482,5376,4481,1,2
4482,5378,4481,1,2
4482,5379,4481,1,2
4495,5286,4496,2,1
4495,5365,4496,2,1
4496,5311,4497,2,1
4496,5340,4497,2,1
4496,5372,4497,2,1
4536,5281,4646,3,0
4536,5283,4426,0,3
4536,5284,4646,3,0
4536,5288,4646,3,0
4536,5290,4646,3,0
4536,5291,4646,3,0
4536,5293,4646,3,0
4536,5294,4646,3,0
4536,5295,4646,3,0
4536,5296,4426,0,3
4536,5298,4426,0,3
4536,5299,4646,3,0
4536,5302,4426,0,3
4536,5304,4646,3,0
4536,5305,4646,3,0
4536,5306,4646,3,0
4536,5307,4646,3,0
4536,5308,4646,3,0
4536,5310,4646,3,0
4536,5314,4426,0,3
4536,5315,4646,3,0
4536,5316,4646,3,0
4536,5318,4646,3,0
4536,5319,4646,3,0
4536,5320,4646,3,0
4536,5321,4646,3,0
4536,5322,4646,3,0
4536,5324,4646,3,0
4536,5325,4646,3,0
4536,5326,4646,3,0
4536,5327,4646,3,0
4536,5328,4646,3,0
4536,5329,4646,3,0
4536,5332,4646,3,0
4536,5334,4646,3,0
4536,5335,4646,3,0
4536,5338,4646,3,0
4536,5339,4426,0,3
4536,5341,4646,3,0
4536,5343,4646,3,0
4536,5346,4426,0,3
4536,5349,4646,3,0
4536,5351,4646,3,0
4536,5352,4646,3,0
4536,5355,4426,0,3
4536,5357,4646,3,0
4536,5358,4646,3,0
4536,5359,4646,3,0
4536,5360,4646,3,0
4536,5362,4646,3,0
4536,5367,4646,3,0
4536,5370,4426,0,3
4536,5371,4646,3,0
4536,5376,4646,3,0
4536,5378,4426,0,3
4536,5379,4646,3,0
4537,5280,4536,1,2
4537,5285,4536,1,2
4537,5287,4536,1,2
4537,5289,4536,1,2
4537,5309,4536,1,2
4537,5311,4536,1,2
4537,5312,4536,1,2
4537,5313,4536,1,2
4537,5317,4536,1,2
4537,5330,4536,1,2
4537,5333,4536,1,2
4537,5336,4536,1,2
4537,5337,4536,1,2
4537,5340,4536,1,2
4537,5342,4536,1,2
4537,5344,4536,1,2
4537,5345,4536,1,2
4537,5348,4536,1,2
4537,5350,4536,1,2
4537,5354,4536,1,2
4537,5356,4536,1,2
4537,5363,4536,1,2
4537,5364,4536,1,2
4537,5368,4536,1,2
4537,5369,4536,1,2
4537,5372,4536,1,2
4537,5374,4536,1,2
4537,5377,4536,1,2
4565,5352,4675,3,0
4578,5359,4688,3,0
4578,5365,4688,3,0
4591,5285,4701,3,0
4591,5289,4701,3,0
4591,5300,4701,3,0
4591,5309,4701,3,0
4591,5312,4701,3,0
4591,5317,4701,3,0
4591,5330,4701,3,0
4591,5336,4701,3,0
4591,5337,4701,3,0
4591,5340,4701,3,0
4591,5342,4701,3,0
4591,5344,4701,3,0
4591,5350,4701,3,0
4591,5354,4701,3,0
4591,5356,4701,3,0
4591,5363,4701,3,0
4591,5368,4701,3,0
4591,5372,4701,3,0
4591,5374,4701,3,0
4591,5377,4701,3,0
4592,5283,4591,1,2
4592,5296,4591,1,2
4592,5298,4591,1,2
4592,5302,4591,1,2
4592,5314,4591,1,2
4592,5339,4591,1,2
4592,5346,4591,1,2
4592,5355,4591,1,2
4592,5370,4591,1,2
4592,5378,4591,1,2
4602,5289,4603,2,1
4602,5317,4603,2,1
4633,5369,4523,0,3
4646,5281,4756,3,0
4646,5283,4536,0,3
4646,5284,4756,3,0
4646,5286,4756,3,0
4646,5288,4756,3,0
4646,5290,4756,3,0
4646,5291,4756,3,0
4646,5293,4756,3,0
4646,5294,4756,3,0
4646,5295,4756,3,0
4646,5296,4536,0,3
4646,5298,4536,0,3
4646,5299,4756,3,0
4646,5302,4536,0,3
4646,5303,4756,3,0
4646,5304,4756,3,0
4646,5305,4756,3,0
4646,5306,4756,3,0
4646,5307,4756,3,0
4646,5308,4756,3,0
4646,5310,4756,3,0
4646,5314,4536,0,3
4646,5315,4756,3,0
4646,5316,4756,3,0
4646,5318,4756,3,0
4646,5319,4756,3,0
4646,5320,4756,3,0
4646,5321,4756,3,0
4646,5322,4756,3,0
4646,5323,4756,3,0
4646,5324,4756,3,0
4646,5325,4756,3,0
4646,5326,4756,3,0
4646,5327,4756,3,0
4646,5328,4756,3,0
4646,5329,4756,3,0
4646,5331,4756,3,0
4646,5332,4756,3,0
4646,5335,4756,3,0
4646,5338,4756,3,0
4646,5339,4536,0,3
4646,5341,4756,3,0
4646,5343,4756,3,0
4646,5346,4536,0,3
4646,5347,4756,3,0
4646,5349,4756,3,0
4646,5351,4756,3,0
4646,5355,4536,0,3
4646,5357,4756,3,0
4646,5358,4756,3,0
4646,5359,4756,3,0
4646,5360,4756,3,0
4646,5361,4756,3,0
4646,5362,4756,3,0
4646,5366,4756,3,0
4646,5367,4756,3,0
4646,5370,4536,0,3
4646,5371,4756,3,0
4646,5373,4756,3,0
4646,5375,4756,3,0
4646,5378,4536,0,3
4646,5379,4756,3,0
4647,5280,4646,1,2
4647,5285,4646,1,2
4647,5287,4646,1,2
4647,5289,4646,1,2
4647,5309,4646,1,2
4647,5311,4646,1,2
4647,5312,4646,1,2
4647,5313,4646,1,2
4647,5330,4646,1,2
4647,5336,4646,1,2
4647,5337,4646,1,2
4647,5340,4646,1,2
4647,5342,4646,1,2
4647,5344,4646,1,2
4647,5345,4646,1,2
4647,5348,4646,1,2
4647,5350,4646,1,2
4647,5354,4646,1,2
4647,5356,4646,1,2
4647,5363,4646,1,2
4647,5364,4646,1,2
4647,5368,4646,1,2
4647,5369,4646,1,2
4647,5377,4646,1,2
4691,5289,4581,0,3
4693,5307,4803,3,0
4701,5280,4591,0,3
4701,5285,4811,3,0
4701,5287,4591,0,3
4701,5289,4811,3,0
4701,5309,4811,3,0
4701,5311,4591,0,3
4701,5312,4811,3,0
4701,5313,4591,0,3
4701,5317,4811,3,0
4701,5330,4811,3,0
4701,5336,4811,3,0
4701,5337,4811,3,0
4701,5340,4811,3,0
4701,5342,4811,3,0
4701,5344,4811,3,0
4701,5345,4591,0,3
4701,5348,4591,0,3
4701,5350,4811,3,0
4701,5354,4811,3,0
4701,5356,4811,3,0
4701,5363,4811,3,0
4701,5364,4591,0,3
4701,5368,4811,3,0
4701,5369,4591,0,3
4701,5374,4811,3,0
4701,5377,4811,3,0
4702,5281,4701,1,2
4702,5283,4701,1,2
4702,5284,4701,1,2
4702,5286,4701,1,2
4702,5288,4701,1,2
4702,5290,4701,1,2
4702,5291,4701,1,2
4702,5293,4701,1,2
4702,5294,4701,1,2
4702,5295,4701,1,2
4702,5296,4701,1,2
4702,5298,4701,1,2
4702,5299,4701,1,2
4702,5301,4701,1,2
4702,5302,4701,1,2
4702,5303,4701,1,2
4702,5304,4701,1,2
4702,5305,4701,1,2
4702,5306,4701,1,2
4702,5307,4701,1,2
4702,5308,4701,1,2
4702,5310,4701,1,2
4702,5314,4701,1,2
4702,5315,4701,1,2
4702,5316,4701,1,2
4702,5318,4701,1,2
4702,5319,4701,1,2
4702,5320,4701,1,2
4702,5321,4701,1,2
4702,5322,4701,1,2
4702,5323,4701,1,2
4702,5324,4701,1,2
4702,5325,4701,1,2
4702,5326,4701,1,2
4702,5327,4701,1,2
4702,5328,4701,1,2
4702,5329,4701,1,2
4702,5331,4701,1,2
4702,5332,4701,1,2
4702,5333,4701,1,2
4702,5335,4701,1,2
4702,5338,4701,1,2
4702,5339,4701,1,2
4702,5341,4701,1,2
4702,5343,4701,1,2
4702,5346,4701,1,2
4702,5355,4701,1,2
4702,5357,4701,1,2
4702,5358,4701,1,2
4702,5359,4701,1,2
4702,5360,4701,1,2
4702,5362,4701,1,2
4702,5366,4701,1,2
4702,5367,4701,1,2
4702,5370,4701,1,2
4702,5371,4701,1,2
4702,5373,4701,1,2
4702,5375,4701,1,2
4702,5378,4701,1,2
4702,5379,4701,1,2
4715,5286,4716,2,1
4715,5365,4716,2,1
4716,5311,4717,2,1
4716,5340,4717,2,1
4734,5338,4624,0,3
4756,5281,4866,3,0
4756,5282,4866,3,0
4756,5284,4866,3,0
4756,5286,4866,3,0
4756,5288,4866,3,0
4756,5290,4866,3,0
4756,5291,4866,3,0
4756,5293,4866,3,0
4756,5294,4866,3,0
4756,5295,4866,3,0
4756,5296,4646,0,3
4756,5297,4866,3,0
4756,5298,4646,0,3
4756,5299,4866,3,0
4756,5302,4646,0,3
4756,5303,4866,3,0
4756,5304,4866,3,0
4756,5305,4866,3,0
4756,5306,4866,3,0
4756,5307,4866,3,0
4756,5308,4866,3,0
4756,5310,4866,3,0
4756,5311,4866,3,0
4756,5314,4646,0,3
4756,5315,4866,3,0
4756,5316,4866,3,0
4756,5318,4866,3,0
4756,5319,4866,3,0
4756,5320,4866,3,0
4756,5321,4866,3,0
4756,5322,4866,3,0
4756,5323,4866,3,0
4756,5324,4866,3,0
4756,5325,4866,3,0
4756,5326,4866,3,0
4756,5327,4866,3,0
4756,5328,4866,3,0
4756,5329,4866,3,0
4756,5331,4866,3,0
4756,5332,4866,3,0
4756,5333,4866,3,0
4756,5335,4866,3,0
4756,5338,4866,3,0
4756,5341,4866,3,0
4756,5343,4866,3,0
4756,5345,4866,3,0
4756,5346,4646,0,3
4756,5347,4866,3,0
4756,5348,4866,3,0
4756,5352,4646,0,3
4756,5355,4646,0,3
4756,5357,4866,3,0
4756,5358,4866,3,0
4756,5359,4866,3,0
4756,5360,4866,3,0
4756,5361,4866,3,0
4756,5362,4866,3,0
4756,5365,4866,3,0
4756,5366,4866,3,0
4756,5367,4866,3,0
4756,5371,4866,3,0
4756,5373,4866,3,0
4756,5375,4866,3,0
4756,5379,4866,3,0
4757,5280,4756,1,2
4757,5285,4756,1,2
4757,5289,4756,1,2
4757,5292,4756,1,2
4757,5300,4756,1,2
4757,5309,4756,1,2
4757,5312,4756,1,2
4757,5313,4756,1,2
4757,5330,4756,1,2
4757,5337,4756,1,2
4757,5340,4756,1,2
4757,5342,4756,1,2
4757,5344,4756,1,2
4757,5350,4756,1,2
4757,5354,4756,1,2
4757,5356,4756,1,2
4757,5363,4756,1,2
4757,5364,4756,1,2
4757,5368,4756,1,2
4757,5369,4756,1,2
4757,5370,4756,1,2
4757,5372,4756,1,2
4757,5377,4756,1,2
4787,5309,4677,0,3
4793,5288,4903,3,0
4794,5358,4904,3,0
4798,5303,4908,3,0
4798,5359,4908,3,0
4798,5365,4908,3,0
4811,5285,4921,3,0
4811,5289,4921,3,0
4811,5292,4921,3,0
4811,5309,4921,3,0
4811,5312,4921,3,0
4811,5317,4921,3,0
4811,5330,4921,3,0
4811,5336,4921,3,0
4811,5337,4921,3,0
4811,5340,4921,3,0
4811,5342,4921,3,0
4811,5344,4921,3,0
4811,5350,4921,3,0
4811,5354,4921,3,0
4811,5356,4921,3,0
4811,5363,4921,3,0
4811,5368,4921,3,0
4811,5374,4921,3,0
4811,5377,4921,3,0
4812,5296,4811,1,2
4812,5298,4811,1,2
4812,5302,4811,1,2
4812,5314,4811,1,2
4812,5334,4811,1,2
4812,5346,4811,1,2
4812,5352,4811,1,2
4812,5355,4811,1,2
4812,5376,4811,1,2
4812,5378,4811,1,2
4822,5289,4823,2,1
4827,5329,4828,2,1
4866,5281,4976,3,0
4866,5282,4976,3,0
4866,5284,4976,3,0
4866,5286,4976,3,0
4866,5287,4976,3,0
4866,5288,4976,3,0
4866,5290,4976,3,0
4866,5291,4976,3,0
4866,5293,4976,3,0
4866,5294,4976,3,0
4866,5295,4976,3,0
4866,5296,4756,0,3
4866,5297,4976,3,0
4866,5299,4976,3,0
4866,5302,4756,0,3
4866,5303,4976,3,0
4866,5304,4976,3,0
4866,5305,4976,3,0
4866,5306,4976,3,0
4866,5307,4976,3,0
4866,5308,4976,3,0
4866,5310,4976,3,0
4866,5311,4976,3,0
4866,5314,4756,0,3
4866,5315,4976,3,0
4866,5316,4976,3,0
4866,5318,4976,3,0
4866,5319,4976,3,0
4866,5320,4976,3,0
4866,5321,4976,3,0
4866,5322,4976,3,0
4866,5323,4976,3,0
4866,5324,4976,3,0
4866,5325,4976,3,0
4866,5326,4976,3,0
4866,5327,4976,3,0
4866,5328,4976,3,0
4866,5329,4976,3,0
4866,5331,4976,3,0
4866,5332,4976,3,0
4866,5333,4976,3,0
4866,5335,4976,3,0
4866,5338,4976,3,0
4866,5341,4976,3,0
4866,5343,4976,3,0
4866,5345,4976,3,0
4866,5346,4756,0,3
4866,5347,4976,3,0
4866,5348,4976,3,0
4866,5352,4756,0,3
4866,5355,4756,0,3
4866,5357,4976,3,0
4866,5358,4976,3,0
4866,5359,4976,3,0
4866,5360,4976,3,0
4866,5361,4976,3,0
4866,5362,4976,3,0
4866,5365,4976,3,0
4866,5366,4976,3,0
4866,5367,4976,3,0
4866,5371,4976,3,0
4866,5373,4976,3,0
4866,5375,4976,3,0
4866,5376,4756,0,3
4866,5379,4976,3,0
4867,5283,4866,1,2
4867,5285,4866,1,2
4867,5289,4866,1,2
4867,5292,4866,1,2
4867,5300,4866,1,2
4867,5309,4866,1,2
4867,5312,4866,1,2
4867,5330,4866,1,2
4867,5337,4866,1,2
4867,5344,4866,1,2
4867,5350,4866,1,2
4867,5354,4866,1,2
4867,5356,4866,1,2
4867,5364,4866,1,2
4867,5369,4866,1,2
4867,5370,4866,1,2
4867,5372,4866,1,2
4867,5377,4866,1,2
4911,5289,4801,0,3
4921,5280,4811,0,3
4921,5283,5031,3,0
4921,5285,5031,3,0
4921,5289,5031,3,0
4921,5292,5031,3,0
4921,5300,4811,0,3
4921,5309,5031,3,0
4921,5312,5031,3,0
4921,5330,5031,3,0
4921,5336,5031,3,0
4921,5337,5031,3,0
4921,5340,5031,3,0
4921,5342,5031,3,0
4921,5344,5031,3,0
4921,5350,5031,3,0
4921,5354,5031,3,0
4921,5356,5031,3,0
4921,5363,5031,3,0
4921,5364,4811,0,3
4921,5368,5031,3,0
4921,5369,4811,0,3
4921,5370,5031,3,0
4921,5374,5031,3,0
4921,5377,5031,3,0
4922,5281,4921,1,2
4922,5282,4921,1,2
4922,5284,4921,1,2
4922,5286,4921,1,2
4922,5290,4921,1,2
4922,5291,4921,1,2
4922,5293,4921,1,2
4922,5294,4921,1,2
4922,5295,4921,1,2
4922,5296,4921,1,2
4922,5297,4921,1,2
4922,5299,4921,1,2
4922,5301,4921,1,2
4922,5302,4921,1,2
4922,5303,4921,1,2
4922,5305,4921,1,2
4922,5306,4921,1,2
4922,5308,4921,1,2
4922,5310,4921,1,2
4922,5311,4921,1,2
4922,5314,4921,1,2
4922,5315,4921,1,2
4922,5316,4921,1,2
4922,5318,4921,1,2
4922,5319,4921,1,2
4922,5320,4921,1,2
4922,5321,4921,1,2
4922,5322,4921,1,2
4922,5323,4921,1,2
4922,5324,4921,1,2
4922,5325,4921,1,2
4922,5326,4921,1,2
4922,5327,4921,1,2
4922,5328,4921,1,2
4922,5329,4921,1,2
4922,5331,4921,1,2
4922,5332,4921,1,2
4922,5333,4921,1,2
4922,5334,4921,1,2
4922,5335,4921,1,2
4922,5338,4921,1,2
4922,5341,4921,1,2
4922,5343,4921,1,2
4922,5345,4921,1,2
4922,5346,4921,1,2
4922,5347,4921,1,2
4922,5348,4921,1,2
4922,5349,4921,1,2
4922,5351,4921,1,2
4922,5352,4921,1,2
4922,5355,4921,1,2
4922,5357,4921,1,2
4922,5359,4921,1,2
4922,5360,4921,1,2
4922,5361,4921,1,2
4922,5362,4921,1,2
4922,5365,4921,1,2
4922,5366,4921,1,2
4922,5367,4921,1,2
4922,5373,4921,1,2
4922,5375,4921,1,2
4922,5376,4921,1,2
4922,5378,4921,1,2
4922,5379,4921,1,2
4935,5286,4936,2,1
4935,5365,4936,2,1
4936,5311,4937,2,1
4942,5356,4943,2,1
4956,5283,5066,3,0
4956,5298,5066,3,0
4976,5280,5086,3,0
4976,5281,5086,3,0
4976,5282,5086,3,0
4976,5284,5086,3,0
4976,5286,5086,3,0
4976,5287,5086,3,0
4976,5290,5086,3,0
4976,5291,5086,3,0
4976,5293,5086,3,0
4976,5294,5086,3,0
4976,5295,5086,3,0
4976,5296,4866,0,3
4976,5297,5086,3,0
4976,5299,5086,3,0
4976,5302,4866,0,3
4976,5303,5086,3,0
4976,5304,5086,3,0
4976,5305,5086,3,0
4976,5306,5086,3,0
4976,5307,5086,3,0
4976,5308,5086,3,0
4976,5310,5086,3,0
4976,5311,5086,3,0
4976,5313,5086,3,0
4976,5314,4866,0,3
4976,5315,5086,3,0
4976,5316,5086,3,0
4976,5318,5086,3,0
4976,5319,5086,3,0
4976,5320,5086,3,0
4976,5321,5086,3,0
4976,5322,5086,3,0
4976,5323,5086,3,0
4976,5324,5086,3,0
4976,5325,5086,3,0
4976,5326,5086,3,0
4976,5327,5086,3,0
4976,5328,5086,3,0
4976,5329,5086,3,0
4976,5331,5086,3,0
4976,5332,5086,3,0
4976,5333,5086,3,0
4976,5334,4866,0,3
4976,5335,5086,3,0
4976,5338,5086,3,0
4976,5341,5086,3,0
4976,5343,5086,3,0
4976,5345,5086,3,0
4976,5346,4866,0,3
4976,5347,5086,3,0
4976,5348,5086,3,0
4976,5351,4866,0,3
4976,5352,4866,0,3
4976,5355,4866,0,3
4976,5357,5086,3,0
4976,5359,5086,3,0
4976,5360,5086,3,0
4976,5361,5086,3,0
4976,5362,5086,3,0
4976,5365,5086,3,0
4976,5366,5086,3,0
4976,5367,5086,3,0
4976,5369,5086,3,0
4976,5373,5086,3,0
4976,5375,5086,3,0
4976,5376,4866,0,3
4976,5379,5086,3,0
4977,5283,4976,1,2
4977,5292,4976,1,2
4977,5298,4976,1,2
4977,5300,4976,1,2
4977,5309,4976,1,2
4977,5312,4976,1,2
4977,5317,4976,1,2
4977,5330,4976,1,2
4977,5337,4976,1,2
4977,5339,4976,1,2
4977,5340,4976,1,2
4977,5364,4976,1,2
4977,5370,4976,1,2
4977,5372,4976,1,2
4977,5377,4976,1,2
4977,5378,4976,1,2
5010,5351,4900,0,3
5018,5286,5128,3,0
5018,5303,5128,3,0
5018,5333,5128,3,0
5018,5365,5128,3,0
5031,5283,5141,3,0
5031,5285,5141,3,0
5031,5289,5141,3,0
5031,5292,5141,3,0
5031,5298,5141,3,0
5031,5309,5141,3,0
5031,5312,5141,3,0
5031,5330,5141,3,0
5031,5337,5141,3,0
5031,5339,5141,3,0
5031,5344,5141,3,0
5031,5350,5141,3,0
5031,5354,5141,3,0
5031,5368,5141,3,0
5031,5370,5141,3,0
5031,5377,5141,3,0
5031,5378,5141,3,0
5032,5296,5031,1,2
5032,5302,5031,1,2
5032,5314,5031,1,2
5032,5334,5031,1,2
5032,5346,5031,1,2
5032,5349,5031,1,2
5032,5351,5031,1,2
5032,5352,5031,1,2
5032,5355,5031,1,2
5032,5376,5031,1,2
5075,5363,5074,1,2
5086,5280,5196,3,0
5086,5281,5196,3,0
5086,5282,5196,3,0
5086,5284,5196,3,0
5086,5286,5196,3,0
5086,5287,5196,3,0
5086,5290,5196,3,0
5086,5291,5196,3,0
5086,5293,5196,3,0
5086,5294,5196,3,0
5086,5295,5196,3,0
5086,5297,5196,3,0
5086,5299,5196,3,0
5086,5303,5196,3,0
5086,5305,5196,3,0
5086,5306,5196,3,0
5086,5307,5196,3,0
5086,5308,5196,3,0
5086,5310,5196,3,0
5086,5311,5196,3,0
5086,5313,5196,3,0
5086,5315,5196,3,0
5086,5316,5196,3,0
5086,5318,5196,3,0
5086,5319,5196,3,0
5086,5320,5196,3,0
5086,5321,5196,3,0
5086,5322,5196,3,0
5086,5323,5196,3,0
5086,5324,5196,3,0
5086,5325,5196,3,0
5086,5326,5196,3,0
5086,5327,5196,3,0
5086,5328,5196,3,0
5086,5329,5196,3,0
5086,5331,5196,3,0
5086,5333,5196,3,0
5086,5335,5196,3,0
5086,5338,5196,3,0
5086,5341,5196,3,0
5086,5343,5196,3,0
5086,5345,5196,3,0
5086,5347,5196,3,0
5086,5348,5196,3,0
5086,5357,5196,3,0
5086,5359,5196,3,0
5086,5360,5196,3,0
5086,5361,5196,3,0
5086,5362,5196,3,0
5086,5365,5196,3,0
5086,5366,5196,3,0
5086,5367,5196,3,0
5086,5369,5196,3,0
5086,5373,5196,3,0
5086,5375,5196,3,0
5086,5379,5196,3,0
5087,5283,5086,1,2
5087,5292,5086,1,2
5087,5298,5086,1,2
5087,5300,5086,1,2
5087,5309,5086,1,2
5087,5312,5086,1,2
5087,5317,5086,1,2
5087,5330,5086,1,2
5087,5336,5086,1,2
5087,5337,5086,1,2
5087,5339,5086,1,2
5087,5340,5086,1,2
5087,5342,5086,1,2
5087,5356,5086,1,2
5087,5363,5086,1,2
5087,5370,5086,1,2
5087,5372,5086,1,2
5087,5374,5086,1,2
5087,5377,5086,1,2
5087,5378,5086,1,2
5131,5349,5021,0,3
5141,5283,5251,3,0
5141,5292,5251,3,0
5141,5298,5251,3,0
5141,5300,5031,0,3
5141,5309,5251,3,0
5141,5312,5251,3,0
5141,5330,5251,3,0
5141,5337,5251,3,0
5141,5339,5251,3,0
5141,5370,5251,3,0
5141,5372,5031,0,3
5141,5377,5251,3,0
5141,5378,5251,3,0
5142,5280,5141,1,2
5142,5281,5141,1,2
5142,5282,5141,1,2
5142,5284,5141,1,2
5142,5286,5141,1,2
5142,5287,5141,1,2
5142,5288,5141,1,2
5142,5290,5141,1,2
5142,5291,5141,1,2
5142,5293,5141,1,2
5142,5295,5141,1,2
5142,5296,5141,1,2
5142,5297,5141,1,2
5142,5299,5141,1,2
5142,5301,5141,1,2
5142,5302,5141,1,2
5142,5303,5141,1,2
5142,5305,5141,1,2
5142,5306,5141,1,2
5142,5308,5141,1,2
5142,5310,5141,1,2
5142,5311,5141,1,2
5142,5313,5141,1,2
5142,5314,5141,1,2
5142,5315,5141,1,2
5142,5316,5141,1,2
5142,5318,5141,1,2
5142,5319,5141,1,2
5142,5320,5141,1,2
5142,5321,5141,1,2
5142,5322,5141,1,2
5142,5323,5141,1,2
5142,5324,5141,1,2
5142,5325,5141,1,2
5142,5326,5141,1,2
5142,5327,5141,1,2
5142,5328,5141,1,2
5142,5331,5141,1,2
5142,5333,5141,1,2
5142,5334,5141,1,2
5142,5335,5141,1,2
5142,5338,5141,1,2
5142,5341,5141,1,2
5142,5343,5141,1,2
5142,5345,5141,1,2
5142,5346,5141,1,2
5142,5347,5141,1,2
5142,5348,5141,1,2
5142,5349,5141,1,2
5142,5351,5141,1,2
5142,5352,5141,1,2
5142,5355,5141,1,2
5142,5357,5141,1,2
5142,5358,5141,1,2
5142,5360,5141,1,2
5142,5361,5141,1,2
5142,5362,5141,1,2
5142,5365,5141,1,2
5142,5366,5141,1,2
5142,5367,5141,1,2
5142,5369,5141,1,2
5142,5371,5141,1,2
5142,5373,5141,1,2
5142,5375,5141,1,2
5142,5376,5141,1,2
5142,5379,5141,1,2
5155,5365,5156,2,1
5156,5311,5157,2,1
5196,5280,26,3,3
5196,5281,26,3,3
5196,5282,26,3,3
5196,5284,26,3,3
5196,5286,26,3,3
5196,5287,26,3,3
5196,5288,5086,0,3
5196,5290,26,3,3
5196,5291,26,3,3
5196,5293,26,3,3
5196,5295,26,3,3
5196,5296,5086,0,3
5196,5297,26,3,3
5196,5299,26,3,3
5196,5302,5086,0,3
5196,5303,26,3,3
5196,5305,26,3,3
5196,5306,26,3,3
5196,5307,26,3,3
5196,5308,26,3,3
5196,5310,26,3,3
5196,5311,26,3,3
5196,5313,26,3,3
5196,5314,5086,0,3
5196,5315,26,3,3
5196,5316,26,3,3
5196,5318,26,3,3
5196,5319,26,3,3
5196,5320,26,3,3
5196,5321,26,3,3
5196,5322,26,3,3
5196,5323,26,3,3
5196,5324,26,3,3
5196,5325,26,3,3
5196,5326,26,3,3
5196,5327,26,3,3
5196,5328,26,3,3
5196,5331,26,3,3
5196,5333,26,3,3
5196,5334,5086,0,3
5196,5335,26,3,3
5196,5338,26,3,3
5196,5341,26,3,3
5196,5343,26,3,3
5196,5345,26,3,3
5196,5346,5086,0,3
5196,5347,26,3,3
5196,5348,26,3,3
5196,5349,5086,0,3
5196,5351,5086,0,3
5196,5352,5086,0,3
5196,5355,5086,0,3
5196,5357,26,3,3
5196,5358,5086,0,3
5196,5360,26,3,3
5196,5361,26,3,3
5196,5362,26,3,3
5196,5364,26,3,3
5196,5365,26,3,3
5196,5366,26,3,3
5196,5367,26,3,3
5196,5369,26,3,3
5196,5371,5086,0,3
5196,5373,26,3,3
5196,5375,26,3,3
5196,5376,5086,0,3
5196,5379,26,3,3
5197,5283,5196,1,2
5197,5285,5196,1,2
5197,5289,5196,1,2
5197,5292,5196,1,2
5197,5298,5196,1,2
5197,5300,5196,1,2
5197,5309,5196,1,2
5197,5312,5196,1,2
5197,5317,5196,1,2
5197,5330,5196,1,2
5197,5336,5196,1,2
5197,5339,5196,1,2
5197,5340,5196,1,2
5197,5342,5196,1,2
5197,5344,5196,1,2
5197,5350,5196,1,2
5197,5354,5196,1,2
5197,5356,5196,1,2
5197,5363,5196,1,2
5197,5368,5196,1,2
5197,5370,5196,1,2
5197,5372,5196,1,2
5197,5374,5196,1,2
5197,5377,5196,1,2
5197,5378,5196,1,2
5238,5286,68,3,3
5238,5303,68,3,3
5238,5333,68,3,3
5238,5365,68,3,3
5251,5283,81,3,3
5251,5292,81,3,3
5251,5298,81,3,3
5251,5309,81,3,3
5251,5312,81,3,3
5251,5330,81,3,3
5251,5337,81,3,3
5251,5339,81,3,3
5251,5370,81,3,3
5251,5377,81,3,3
5251,5378,81,3,3
5252,5288,5251,1,2
5252,5296,5251,1,2
5252,5302,5251,1,2
5252,5304,5251,1,2
5252,5314,5251,1,2
5252,5332,5251,1,2
5252,5334,5251,1,2
5252,5346,5251,1,2
5252,5349,5251,1,2
5252,5351,5251,1,2
5252,5352,5251,1,2
5252,5355,5251,1,2
5252,5358,5251,1,2
5252,5371,5251,1,2
5252,5376,5251,1,2
5286,5288,2437,0,4
5286,5296,2437,0,4
5286,5302,2437,0,4
5286,5319,2437,0,4
5286,5329,2437,0,4
5286,5332,2437,0,4
5286,5346,2437,0,4
5286,5351,2437,0,4
5286,5355,2437,0,4
5286,5358,2437,0,4
5286,5359,2437,0,4
5286,5371,2437,0,4
5310,5306,269,0,4
5310,5326,269,0,4
5310,5328,269,0,4
5310,5343,269,0,4
5310,5364,269,0,4
5310,5369,269,0,4
5333,5345,1248,0,4
5356,5363,4958,0,4
5363,5356,4958,0,4
5363,5368,5069,0,4
