0,4,1.000000
0,5,0.250000
1,4,1.000000
1,5,0.250000
2,4,1.000000
2,5,0.250000
3,4,1.000000
3,5,0.250000
4,4,1.000000
4,5,0.250000
5,4,1.000000
5,5,0.250000
6,4,1.000000
6,5,0.250000
7,4,1.000000
7,5,0.250000
8,4,1.000000
8,5,0.250000
9,4,1.000000
9,5,0.250000
10,4,1.000000
10,5,0.250000
11,4,1.000000
11,5,0.250000
12,4,1.000000
12,5,0.250000
13,4,1.000000
13,5,0.250000
14,4,1.000000
14,5,0.250000
15,4,1.000000
15,5,0.250000
16,4,1.000000
16,5,0.250000
17,4,1.000000
17,5,0.250000
18,4,1.000000
18,5,0.250000
19,4,1.000000
19,5,0.250000
20,4,1.000000
20,5,0.250000
21,4,1.000000
21,5,0.250000
22,4,1.000000
22,5,0.250000
23,4,1.000000
23,5,0.250000
24,4,1.000000
24,5,0.250000
25,4,1.000000
25,5,0.250000
26,4,1.000000
26,5,0.250000
27,4,1.000000
27,5,0.250000
28,4,1.000000
28,5,0.250000
29,4,1.000000
29,5,0.250000
30,4,1.000000
30,5,0.250000
31,4,1.000000
31,5,0.250000
32,4,1.000000
32,5,0.250000
33,4,1.000000
33,5,0.250000
34,4,1.000000
34,5,0.250000
35,4,1.000000
35,5,0.250000
36,4,1.000000
36,5,0.250000
37,4,1.000000
37,5,0.250000
38,4,1.000000
38,5,0.250000
39,4,1.000000
39,5,0.250000
40,4,1.000000
40,5,0.250000
41,4,1.000000
41,5,0.250000
42,4,1.000000
42,5,0.250000
43,4,1.000000
43,5,0.250000
44,4,1.000000
44,5,0.250000
45,4,1.000000
45,5,0.250000
46,4,1.000000
46,5,0.250000
47,4,1.000000
47,5,0.250000
48,4,1.000000
48,5,0.250000
49,4,1.000000
49,5,0.250000
50,4,1.000000
50,5,0.250000
51,4,1.000000
51,5,0.250000
52,4,1.000000
52,5,0.250000
53,4,1.000000
53,5,0.250000
54,4,1.000000
54,5,0.250000
55,4,1.000000
55,5,0.250000
56,4,1.000000
56,5,0.250000
57,4,1.000000
57,5,0.250000
58,4,1.000000
58,5,0.250000
59,4,1.000000
59,5,0.250000
60,4,1.000000
60,5,0.250000
61,4,1.000000
61,5,0.250000
62,4,1.000000
62,5,0.250000
63,4,1.000000
63,5,0.250000
64,4,1.000000
64,5,0.250000
65,4,1.000000
65,5,0.250000
66,4,1.000000
66,5,0.250000
67,4,1.000000
67,5,0.250000
68,4,1.000000
68,5,0.250000
69,4,1.000000
69,5,0.250000
70,4,1.000000
70,5,0.250000
71,4,1.000000
71,5,0.250000
72,4,1.000000
72,5,0.250000
73,4,1.000000
73,5,0.250000
74,4,1.000000
74,5,0.250000
75,4,1.000000
75,5,0.250000
76,4,1.000000
76,5,0.250000
77,4,1.000000
77,5,0.250000
78,4,1.000000
78,5,0.250000
79,4,1.000000
79,5,0.250000
80,4,1.000000
80,5,0.250000
81,4,1.000000
81,5,0.250000
82,4,1.000000
82,5,0.250000
83,4,1.000000
83,5,0.250000
84,4,1.000000
84,5,0.250000
85,4,1.000000
85,5,0.250000
86,4,1.000000
86,5,0.250000
87,4,1.000000
87,5,0.250000
88,4,1.000000
88,5,0.250000
89,4,1.000000
89,5,0.250000
90,4,1.000000
90,5,0.250000
91,4,1.000000
91,5,0.250000
92,4,1.000000
92,5,0.250000
93,4,1.000000
93,5,0.250000
94,4,1.000000
94,5,0.250000
95,4,1.000000
95,5,0.250000
96,4,1.000000
96,5,0.250000
97,4,1.000000
97,5,0.250000
98,4,1.000000
98,5,0.250000
99,4,1.000000
99,5,0.250000
100,4,1.000000
100,5,0.250000
101,4,1.000000
101,5,0.250000
102,4,1.000000
102,5,0.250000
103,4,1.000000
103,5,0.250000
104,4,1.000000
104,5,0.250000
105,4,1.000000
105,5,0.250000
106,4,1.000000
106,5,0.250000
107,4,1.000000
107,5,0.250000
108,4,1.000000
108,5,0.250000
109,4,1.000000
109,5,0.250000
110,4,1.000000
110,5,0.250000
111,4,1.000000
111,5,0.250000
112,4,1.000000
112,5,0.250000
113,4,1.000000
113,5,0.250000
114,4,1.000000
114,5,0.250000
115,4,1.000000
115,5,0.250000
116,4,1.000000
116,5,0.250000
117,4,1.000000
117,5,0.250000
118,4,1.000000
118,5,0.250000
119,4,1.000000
119,5,0.250000
120,4,1.000000
120,5,0.250000
121,4,1.000000
121,5,0.250000
122,4,1.000000
122,5,0.250000
123,4,1.000000
123,5,0.250000
124,4,1.000000
124,5,0.250000
125,4,1.000000
125,5,0.250000
126,4,1.000000
126,5,0.250000
127,4,1.000000
127,5,0.250000
128,4,1.000000
128,5,0.250000
129,4,1.000000
129,5,0.250000
130,4,1.000000
130,5,0.250000
131,4,1.000000
131,5,0.250000
132,4,1.000000
132,5,0.250000
133,4,1.000000
133,5,0.250000
134,4,1.000000
134,5,0.250000
135,4,1.000000
135,5,0.250000
136,4,1.000000
136,5,0.250000
137,4,1.000000
137,5,0.250000
138,4,1.000000
138,5,0.250000
139,4,1.000000
139,5,0.250000
140,4,1.000000
140,5,0.250000
141,4,1.000000
141,5,0.250000
142,4,1.000000
142,5,0.250000
143,4,1.000000
143,5,0.250000
144,4,1.000000
144,5,0.250000
145,4,1.000000
145,5,0.250000
146,4,1.000000
146,5,0.250000
147,4,1.000000
147,5,0.250000
148,4,1.000000
148,5,0.250000
149,4,1.000000
149,5,0.250000
150,4,1.000000
150,5,0.250000
151,4,1.000000
151,5,0.250000
152,4,1.000000
152,5,0.250000
153,4,1.000000
153,5,0.250000
154,4,1.000000
154,5,0.250000
155,4,1.000000
155,5,0.250000
156,4,1.000000
156,5,0.250000
157,4,1.000000
157,5,0.250000
158,4,1.000000
158,5,0.250000
159,4,1.000000
159,5,0.250000
160,4,1.000000
160,5,0.250000
161,4,1.000000
161,5,0.250000
162,4,1.000000
162,5,0.250000
163,4,1.000000
163,5,0.250000
164,4,1.000000
164,5,0.250000
165,4,1.000000
165,5,0.250000
166,4,1.000000
166,5,0.250000
167,4,1.000000
167,5,0.250000
168,4,1.000000
168,5,0.250000
169,4,1.000000
169,5,0.250000
170,4,1.000000
170,5,0.250000
171,4,1.000000
171,5,0.250000
172,4,1.000000
172,5,0.250000
173,4,1.000000
173,5,0.250000
174,4,1.000000
174,5,0.250000
175,4,1.000000
175,5,0.250000
176,4,1.000000
176,5,0.250000
177,4,1.000000
177,5,0.250000
178,4,1.000000
178,5,0.250000
179,4,1.000000
179,5,0.250000
180,4,1.000000
180,5,0.250000
181,4,1.000000
181,5,0.250000
182,4,1.000000
182,5,0.250000
183,4,1.000000
183,5,0.250000
184,4,1.000000
184,5,0.250000
185,4,1.000000
185,5,0.250000
186,4,1.000000
186,5,0.250000
187,4,1.000000
187,5,0.250000
188,4,1.000000
188,5,0.250000
189,4,1.000000
189,5,0.250000
190,4,1.000000
190,5,0.250000
191,4,1.000000
191,5,0.250000
192,4,1.000000
192,5,0.250000
193,4,1.000000
193,5,0.250000
194,4,1.000000
194,5,0.250000
195,4,1.000000
195,5,0.250000
196,4,1.000000
196,5,0.250000
197,4,1.000000
197,5,0.250000
198,4,1.000000
198,5,0.250000
199,4,1.000000
199,5,0.250000
200,4,1.000000
200,5,0.250000
201,4,1.000000
201,5,0.250000
202,4,1.000000
202,5,0.250000
203,4,1.000000
203,5,0.250000
204,4,1.000000
204,5,0.250000
205,4,1.000000
205,5,0.250000
206,4,1.000000
206,5,0.250000
207,4,1.000000
207,5,0.250000
208,4,1.000000
208,5,0.250000
209,4,1.000000
209,5,0.250000
210,4,1.000000
210,5,0.250000
211,4,1.000000
211,5,0.250000
212,4,1.000000
212,5,0.250000
213,4,1.000000
213,5,0.250000
214,4,1.000000
214,5,0.250000
215,4,1.000000
215,5,0.250000
216,4,1.000000
216,5,0.250000
217,4,1.000000
217,5,0.250000
218,4,1.000000
218,5,0.250000
219,4,1.000000
219,5,0.250000
220,4,1.000000
220,5,0.250000
221,4,1.000000
221,5,0.250000
222,4,1.000000
222,5,0.250000
223,4,1.000000
223,5,0.250000
224,4,1.000000
224,5,0.250000
225,4,1.000000
225,5,0.250000
226,4,1.000000
226,5,0.250000
227,4,1.000000
227,5,0.250000
228,4,1.000000
228,5,0.250000
229,4,1.000000
229,5,0.250000
230,4,1.000000
230,5,0.250000
231,4,1.000000
231,5,0.250000
232,4,1.000000
232,5,0.250000
233,4,1.000000
233,5,0.250000
234,4,1.000000
234,5,0.250000
235,4,1.000000
235,5,0.250000
236,4,1.000000
236,5,0.250000
237,4,1.000000
237,5,0.250000
238,4,1.000000
238,5,0.250000
239,4,1.000000
239,5,0.250000
240,4,1.000000
240,5,0.250000
241,4,1.000000
241,5,0.250000
242,4,1.000000
242,5,0.250000
243,4,1.000000
243,5,0.250000
244,4,1.000000
244,5,0.250000
245,4,1.000000
245,5,0.250000
246,4,1.000000
246,5,0.250000
247,4,1.000000
247,5,0.250000
248,4,1.000000
248,5,0.250000
249,4,1.000000
249,5,0.250000
250,4,1.000000
250,5,0.250000
251,4,1.000000
251,5,0.250000
252,4,1.000000
252,5,0.250000
253,4,1.000000
253,5,0.250000
254,4,1.000000
254,5,0.250000
255,4,1.000000
255,5,0.250000
256,4,1.000000
256,5,0.250000
257,4,1.000000
257,5,0.250000
258,4,1.000000
258,5,0.250000
259,4,1.000000
259,5,0.250000
260,4,1.000000
260,5,0.250000
261,4,1.000000
261,5,0.250000
262,4,1.000000
262,5,0.250000
263,4,1.000000
263,5,0.250000
264,4,1.000000
264,5,0.250000
265,4,1.000000
265,5,0.250000
266,4,1.000000
266,5,0.250000
267,4,1.000000
267,5,0.250000
268,4,1.000000
268,5,0.250000
269,4,1.000000
269,5,0.250000
270,4,1.000000
270,5,0.250000
271,4,1.000000
271,5,0.250000
272,4,1.000000
272,5,0.250000
273,4,1.000000
273,5,0.250000
274,4,1.000000
274,5,0.250000
275,4,1.000000
275,5,0.250000
276,4,1.000000
276,5,0.250000
277,4,1.000000
277,5,0.250000
278,4,1.000000
278,5,0.250000
279,4,1.000000
279,5,0.250000
280,4,1.000000
280,5,0.250000
281,4,1.000000
281,5,0.250000
282,4,1.000000
282,5,0.250000
283,4,1.000000
283,5,0.250000
284,4,1.000000
284,5,0.250000
285,4,1.000000
285,5,0.250000
286,4,1.000000
286,5,0.250000
287,4,1.000000
287,5,0.250000
288,4,1.000000
288,5,0.250000
289,4,1.000000
289,5,0.250000
290,4,1.000000
290,5,0.250000
291,4,1.000000
291,5,0.250000
292,4,1.000000
292,5,0.250000
293,4,1.000000
293,5,0.250000
294,4,1.000000
294,5,0.250000
295,4,1.000000
295,5,0.250000
296,4,1.000000
296,5,0.250000
297,4,1.000000
297,5,0.250000
298,4,1.000000
298,5,0.250000
299,4,1.000000
299,5,0.250000
300,4,1.000000
300,5,0.250000
301,4,1.000000
301,5,0.250000
302,4,1.000000
302,5,0.250000
303,4,1.000000
303,5,0.250000
304,4,1.000000
304,5,0.250000
305,4,1.000000
305,5,0.250000
306,4,1.000000
306,5,0.250000
307,4,1.000000
307,5,0.250000
308,4,1.000000
308,5,0.250000
309,4,1.000000
309,5,0.250000
310,4,1.000000
310,5,0.250000
311,4,1.000000
311,5,0.250000
312,4,1.000000
312,5,0.250000
313,4,1.000000
313,5,0.250000
314,4,1.000000
314,5,0.250000
315,4,1.000000
315,5,0.250000
316,4,1.000000
316,5,0.250000
317,4,1.000000
317,5,0.250000
318,4,1.000000
318,5,0.250000
319,4,1.000000
319,5,0.250000
320,4,1.000000
320,5,0.250000
321,4,1.000000
321,5,0.250000
322,4,1.000000
322,5,0.250000
323,4,1.000000
323,5,0.250000
324,4,1.000000
324,5,0.250000
325,4,1.000000
325,5,0.250000
326,4,1.000000
326,5,0.250000
327,4,1.000000
327,5,0.250000
328,4,1.000000
328,5,0.250000
329,4,1.000000
329,5,0.250000
330,4,1.000000
330,5,0.250000
331,4,1.000000
331,5,0.250000
332,4,1.000000
332,5,0.250000
333,4,1.000000
333,5,0.250000
334,4,1.000000
334,5,0.250000
335,4,1.000000
335,5,0.250000
336,4,1.000000
336,5,0.250000
337,4,1.000000
337,5,0.250000
338,4,1.000000
338,5,0.250000
339,4,1.000000
339,5,0.250000
340,4,1.000000
340,5,0.250000
341,4,1.000000
341,5,0.250000
342,4,1.000000
342,5,0.250000
343,4,1.000000
343,5,0.250000
344,4,1.000000
344,5,0.250000
345,4,1.000000
345,5,0.250000
346,4,1.000000
346,5,0.250000
347,4,1.000000
347,5,0.250000
348,4,1.000000
348,5,0.250000
349,4,1.000000
349,5,0.250000
350,4,1.000000
350,5,0.250000
351,4,1.000000
351,5,0.250000
352,4,1.000000
352,5,0.250000
353,4,1.000000
353,5,0.250000
354,4,1.000000
354,5,0.250000
355,4,1.000000
355,5,0.250000
356,4,1.000000
356,5,0.250000
357,4,1.000000
357,5,0.250000
358,4,1.000000
358,5,0.250000
359,4,1.000000
359,5,0.250000
360,4,1.000000
360,5,0.250000
361,4,1.000000
361,5,0.250000
362,4,1.000000
362,5,0.250000
363,4,1.000000
363,5,0.250000
364,4,1.000000
364,5,0.250000
365,4,1.000000
365,5,0.250000
366,4,1.000000
366,5,0.250000
367,4,1.000000
367,5,0.250000
368,4,1.000000
368,5,0.250000
369,4,1.000000
369,5,0.250000
370,4,1.000000
370,5,0.250000
371,4,1.000000
371,5,0.250000
372,4,1.000000
372,5,0.250000
373,4,1.000000
373,5,0.250000
374,4,1.000000
374,5,0.250000
375,4,1.000000
375,5,0.250000
376,4,1.000000
376,5,0.250000
377,4,1.000000
377,5,0.250000
378,4,1.000000
378,5,0.250000
379,4,1.000000
379,5,0.250000
380,4,1.000000
380,5,0.250000
381,4,1.000000
381,5,0.250000
382,4,1.000000
382,5,0.250000
383,4,1.000000
383,5,0.250000
384,4,1.000000
384,5,0.250000
385,4,1.000000
385,5,0.250000
386,4,1.000000
386,5,0.250000
387,4,1.000000
387,5,0.250000
388,4,1.000000
388,5,0.250000
389,4,1.000000
389,5,0.250000
390,4,1.000000
390,5,0.250000
391,4,1.000000
391,5,0.250000
392,4,1.000000
392,5,0.250000
393,4,1.000000
393,5,0.250000
394,4,1.000000
394,5,0.250000
395,4,1.000000
395,5,0.250000
396,4,1.000000
396,5,0.250000
397,4,1.000000
397,5,0.250000
398,4,1.000000
398,5,0.250000
399,4,1.000000
399,5,0.250000
400,4,1.000000
400,5,0.250000
401,4,1.000000
401,5,0.250000
402,4,1.000000
402,5,0.250000
403,4,1.000000
403,5,0.250000
404,4,1.000000
404,5,0.250000
405,4,1.000000
405,5,0.250000
406,4,1.000000
406,5,0.250000
407,4,1.000000
407,5,0.250000
408,4,1.000000
408,5,0.250000
409,4,1.000000
409,5,0.250000
410,4,1.000000
410,5,0.250000
411,4,1.000000
411,5,0.250000
412,4,1.000000
412,5,0.250000
413,4,1.000000
413,5,0.250000
414,4,1.000000
414,5,0.250000
415,4,1.000000
415,5,0.250000
416,4,1.000000
416,5,0.250000
417,4,1.000000
417,5,0.250000
418,4,1.000000
418,5,0.250000
419,4,1.000000
419,5,0.250000
420,4,1.000000
420,5,0.250000
421,4,1.000000
421,5,0.250000
422,4,1.000000
422,5,0.250000
423,4,1.000000
423,5,0.250000
424,4,1.000000
424,5,0.250000
425,4,1.000000
425,5,0.250000
426,4,1.000000
426,5,0.250000
427,4,1.000000
427,5,0.250000
428,4,1.000000
428,5,0.250000
429,4,1.000000
429,5,0.250000
430,4,1.000000
430,5,0.250000
431,4,1.000000
431,5,0.250000
432,4,1.000000
432,5,0.250000
433,4,1.000000
433,5,0.250000
434,4,1.000000
434,5,0.250000
435,4,1.000000
435,5,0.250000
436,4,1.000000
436,5,0.250000
437,4,1.000000
437,5,0.250000
438,4,1.000000
438,5,0.250000
439,4,1.000000
439,5,0.250000
440,4,1.000000
440,5,0.250000
441,4,1.000000
441,5,0.250000
442,4,1.000000
442,5,0.250000
443,4,1.000000
443,5,0.250000
444,4,1.000000
444,5,0.250000
445,4,1.000000
445,5,0.250000
446,4,1.000000
446,5,0.250000
447,4,1.000000
447,5,0.250000
448,4,1.000000
448,5,0.250000
449,4,1.000000
449,5,0.250000
450,4,1.000000
450,5,0.250000
451,4,1.000000
451,5,0.250000
452,4,1.000000
452,5,0.250000
453,4,1.000000
453,5,0.250000
454,4,1.000000
454,5,0.250000
455,4,1.000000
455,5,0.250000
456,4,1.000000
456,5,0.250000
457,4,1.000000
457,5,0.250000
458,4,1.000000
458,5,0.250000
459,4,1.000000
459,5,0.250000
460,4,1.000000
460,5,0.250000
461,4,1.000000
461,5,0.250000
462,4,1.000000
462,5,0.250000
463,4,1.000000
463,5,0.250000
464,4,1.000000
464,5,0.250000
465,4,1.000000
465,5,0.250000
466,4,1.000000
466,5,0.250000
467,4,1.000000
467,5,0.250000
468,4,1.000000
468,5,0.250000
469,4,1.000000
469,5,0.250000
470,4,1.000000
470,5,0.250000
471,4,1.000000
471,5,0.250000
472,4,1.000000
472,5,0.250000
473,4,1.000000
473,5,0.250000
474,4,1.000000
474,5,0.250000
475,4,1.000000
475,5,0.250000
476,4,1.000000
476,5,0.250000
477,4,1.000000
477,5,0.250000
478,4,1.000000
478,5,0.250000
479,4,1.000000
479,5,0.250000
480,4,1.000000
480,5,0.250000
481,4,1.000000
481,5,0.250000
482,4,1.000000
482,5,0.250000
483,4,1.000000
483,5,0.250000
484,4,1.000000
484,5,0.250000
485,4,1.000000
485,5,0.250000
486,4,1.000000
486,5,0.250000
487,4,1.000000
487,5,0.250000
488,4,1.000000
488,5,0.250000
489,4,1.000000
489,5,0.250000
490,4,1.000000
490,5,0.250000
491,4,1.000000
491,5,0.250000
492,4,1.000000
492,5,0.250000
493,4,1.000000
493,5,0.250000
494,4,1.000000
494,5,0.250000
495,4,1.000000
495,5,0.250000
496,4,1.000000
496,5,0.250000
497,4,1.000000
497,5,0.250000
498,4,1.000000
498,5,0.250000
499,4,1.000000
499,5,0.250000
500,4,1.000000
500,5,0.250000
501,4,1.000000
501,5,0.250000
502,4,1.000000
502,5,0.250000
503,4,1.000000
503,5,0.250000
504,4,1.000000
504,5,0.250000
505,4,1.000000
505,5,0.250000
506,4,1.000000
506,5,0.250000
507,4,1.000000
507,5,0.250000
508,4,1.000000
508,5,0.250000
509,4,1.000000
509,5,0.250000
510,4,1.000000
510,5,0.250000
511,4,1.000000
511,5,0.250000
512,4,1.000000
512,5,0.250000
513,4,1.000000
513,5,0.250000
514,4,1.000000
514,5,0.250000
515,4,1.000000
515,5,0.250000
516,4,1.000000
516,5,0.250000
517,4,1.000000
517,5,0.250000
518,4,1.000000
518,5,0.250000
519,4,1.000000
519,5,0.250000
520,4,1.000000
520,5,0.250000
521,4,1.000000
521,5,0.250000
522,4,1.000000
522,5,0.250000
523,4,1.000000
523,5,0.250000
524,4,1.000000
524,5,0.250000
525,4,1.000000
525,5,0.250000
526,4,1.000000
526,5,0.250000
527,4,1.000000
527,5,0.250000
528,4,1.000000
528,5,0.250000
529,4,1.000000
529,5,0.250000
530,4,1.000000
530,5,0.250000
531,4,1.000000
531,5,0.250000
532,4,1.000000
532,5,0.250000
533,4,1.000000
533,5,0.250000
534,4,1.000000
534,5,0.250000
535,4,1.000000
535,5,0.250000
536,4,1.000000
536,5,0.250000
537,4,1.000000
537,5,0.250000
538,4,1.000000
538,5,0.250000
539,4,1.000000
539,5,0.250000
540,4,1.000000
540,5,0.250000
541,4,1.000000
541,5,0.250000
542,4,1.000000
542,5,0.250000
543,4,1.000000
543,5,0.250000
544,4,1.000000
544,5,0.250000
545,4,1.000000
545,5,0.250000
546,4,1.000000
546,5,0.250000
547,4,1.000000
547,5,0.250000
548,4,1.000000
548,5,0.250000
549,4,1.000000
549,5,0.250000
550,4,1.000000
550,5,0.250000
551,4,1.000000
551,5,0.250000
552,4,1.000000
552,5,0.250000
553,4,1.000000
553,5,0.250000
554,4,1.000000
554,5,0.250000
555,4,1.000000
555,5,0.250000
556,4,1.000000
556,5,0.250000
557,4,1.000000
557,5,0.250000
558,4,1.000000
558,5,0.250000
559,4,1.000000
559,5,0.250000
560,4,1.000000
560,5,0.250000
561,4,1.000000
561,5,0.250000
562,4,1.000000
562,5,0.250000
563,4,1.000000
563,5,0.250000
564,4,1.000000
564,5,0.250000
565,4,1.000000
565,5,0.250000
566,4,1.000000
566,5,0.250000
567,4,1.000000
567,5,0.250000
568,4,1.000000
568,5,0.250000
569,4,1.000000
569,5,0.250000
570,4,1.000000
570,5,0.250000
571,4,1.000000
571,5,0.250000
572,4,1.000000
572,5,0.250000
573,4,1.000000
573,5,0.250000
574,4,1.000000
574,5,0.250000
575,4,1.000000
575,5,0.250000
576,4,1.000000
576,5,0.250000
577,4,1.000000
577,5,0.250000
578,4,1.000000
578,5,0.250000
579,4,1.000000
579,5,0.250000
580,4,1.000000
580,5,0.250000
581,4,1.000000
581,5,0.250000
582,4,1.000000
582,5,0.250000
583,4,1.000000
583,5,0.250000
584,4,1.000000
584,5,0.250000
585,4,1.000000
585,5,0.250000
586,4,1.000000
586,5,0.250000
587,4,1.000000
587,5,0.250000
588,4,1.000000
588,5,0.250000
589,4,1.000000
589,5,0.250000
590,4,1.000000
590,5,0.250000
591,4,1.000000
591,5,0.250000
592,4,1.000000
592,5,0.250000
593,4,1.000000
593,5,0.250000
594,4,1.000000
594,5,0.250000
595,4,1.000000
595,5,0.250000
596,4,1.000000
596,5,0.250000
597,4,1.000000
597,5,0.250000
598,4,1.000000
598,5,0.250000
599,4,1.000000
599,5,0.250000
600,4,1.000000
600,5,0.250000
601,4,1.000000
601,5,0.250000
602,4,1.000000
602,5,0.250000
603,4,1.000000
603,5,0.250000
604,4,1.000000
604,5,0.250000
605,4,1.000000
605,5,0.250000
606,4,1.000000
606,5,0.250000
607,4,1.000000
607,5,0.250000
608,4,1.000000
608,5,0.250000
609,4,1.000000
609,5,0.250000
610,4,1.000000
610,5,0.250000
611,4,1.000000
611,5,0.250000
612,4,1.000000
612,5,0.250000
613,4,1.000000
613,5,0.250000
614,4,1.000000
614,5,0.250000
615,4,1.000000
615,5,0.250000
616,4,1.000000
616,5,0.250000
617,4,1.000000
617,5,0.250000
618,4,1.000000
618,5,0.250000
619,4,1.000000
619,5,0.250000
620,4,1.000000
620,5,0.250000
621,4,1.000000
621,5,0.250000
622,4,1.000000
622,5,0.250000
623,4,1.000000
623,5,0.250000
624,4,1.000000
624,5,0.250000
625,4,1.000000
625,5,0.250000
626,4,1.000000
626,5,0.250000
627,4,1.000000
627,5,0.250000
628,4,1.000000
628,5,0.250000
629,4,1.000000
629,5,0.250000
630,4,1.000000
630,5,0.250000
631,4,1.000000
631,5,0.250000
632,4,1.000000
632,5,0.250000
633,4,1.000000
633,5,0.250000
634,4,1.000000
634,5,0.250000
635,4,1.000000
635,5,0.250000
636,4,1.000000
636,5,0.250000
637,4,1.000000
637,5,0.250000
638,4,1.000000
638,5,0.250000
639,4,1.000000
639,5,0.250000
640,4,1.000000
640,5,0.250000
641,4,1.000000
641,5,0.250000
642,4,1.000000
642,5,0.250000
643,4,1.000000
643,5,0.250000
644,4,1.000000
644,5,0.250000
645,4,1.000000
645,5,0.250000
646,4,1.000000
646,5,0.250000
647,4,1.000000
647,5,0.250000
648,4,1.000000
648,5,0.250000
649,4,1.000000
649,5,0.250000
650,4,1.000000
650,5,0.250000
651,4,1.000000
651,5,0.250000
652,4,1.000000
652,5,0.250000
653,4,1.000000
653,5,0.250000
654,4,1.000000
654,5,0.250000
655,4,1.000000
655,5,0.250000
656,4,1.000000
656,5,0.250000
657,4,1.000000
657,5,0.250000
658,4,1.000000
658,5,0.250000
659,4,1.000000
659,5,0.250000
660,4,1.000000
660,5,0.250000
661,4,1.000000
661,5,0.250000
662,4,1.000000
662,5,0.250000
663,4,1.000000
663,5,0.250000
664,4,1.000000
664,5,0.250000
665,4,1.000000
665,5,0.250000
666,4,1.000000
666,5,0.250000
667,4,1.000000
667,5,0.250000
668,4,1.000000
668,5,0.250000
669,4,1.000000
669,5,0.250000
670,4,1.000000
670,5,0.250000
671,4,1.000000
671,5,0.250000
672,4,1.000000
672,5,0.250000
673,4,1.000000
673,5,0.250000
674,4,1.000000
674,5,0.250000
675,4,1.000000
675,5,0.250000
676,4,1.000000
676,5,0.250000
677,4,1.000000
677,5,0.250000
678,4,1.000000
678,5,0.250000
679,4,1.000000
679,5,0.250000
680,4,1.000000
680,5,0.250000
681,4,1.000000
681,5,0.250000
682,4,1.000000
682,5,0.250000
683,4,1.000000
683,5,0.250000
684,4,1.000000
684,5,0.250000
685,4,1.000000
685,5,0.250000
686,4,1.000000
686,5,0.250000
687,4,1.000000
687,5,0.250000
688,4,1.000000
688,5,0.250000
689,4,1.000000
689,5,0.250000
690,4,1.000000
690,5,0.250000
691,4,1.000000
691,5,0.250000
692,4,1.000000
692,5,0.250000
693,4,1.000000
693,5,0.250000
694,4,1.000000
694,5,0.250000
695,4,1.000000
695,5,0.250000
696,4,1.000000
696,5,0.250000
697,4,1.000000
697,5,0.250000
698,4,1.000000
698,5,0.250000
699,4,1.000000
699,5,0.250000
700,4,1.000000
700,5,0.250000
701,4,1.000000
701,5,0.250000
702,4,1.000000
702,5,0.250000
703,4,1.000000
703,5,0.250000
704,4,1.000000
704,5,0.250000
705,4,1.000000
705,5,0.250000
706,4,1.000000
706,5,0.250000
707,4,1.000000
707,5,0.250000
708,4,1.000000
708,5,0.250000
709,4,1.000000
709,5,0.250000
710,4,1.000000
710,5,0.250000
711,4,1.000000
711,5,0.250000
712,4,1.000000
712,5,0.250000
713,4,1.000000
713,5,0.250000
714,4,1.000000
714,5,0.250000
715,4,1.000000
715,5,0.250000
716,4,1.000000
716,5,0.250000
717,4,1.000000
717,5,0.250000
718,4,1.000000
718,5,0.250000
719,4,1.000000
719,5,0.250000
720,4,1.000000
720,5,0.250000
721,4,1.000000
721,5,0.250000
722,4,1.000000
722,5,0.250000
723,4,1.000000
723,5,0.250000
724,4,1.000000
724,5,0.250000
725,4,1.000000
725,5,0.250000
726,4,1.000000
726,5,0.250000
727,4,1.000000
727,5,0.250000
728,4,1.000000
728,5,0.250000
729,4,1.000000
729,5,0.250000
730,4,1.000000
730,5,0.250000
731,4,1.000000
731,5,0.250000
732,4,1.000000
732,5,0.250000
733,4,1.000000
733,5,0.250000
734,4,1.000000
734,5,0.250000
735,4,1.000000
735,5,0.250000
736,4,1.000000
736,5,0.250000
737,4,1.000000
737,5,0.250000
738,4,1.000000
738,5,0.250000
739,4,1.000000
739,5,0.250000
740,4,1.000000
740,5,0.250000
741,4,1.000000
741,5,0.250000
742,4,1.000000
742,5,0.250000
743,4,1.000000
743,5,0.250000
744,4,1.000000
744,5,0.250000
745,4,1.000000
745,5,0.250000
746,4,1.000000
746,5,0.250000
747,4,1.000000
747,5,0.250000
748,4,1.000000
748,5,0.250000
749,4,1.000000
749,5,0.250000
750,4,1.000000
750,5,0.250000
751,4,1.000000
751,5,0.250000
752,4,1.000000
752,5,0.250000
753,4,1.000000
753,5,0.250000
754,4,1.000000
754,5,0.250000
755,4,1.000000
755,5,0.250000
756,4,1.000000
756,5,0.250000
757,4,1.000000
757,5,0.250000
758,4,1.000000
758,5,0.250000
759,4,1.000000
759,5,0.250000
760,4,1.000000
760,5,0.250000
761,4,1.000000
761,5,0.250000
762,4,1.000000
762,5,0.250000
763,4,1.000000
763,5,0.250000
764,4,1.000000
764,5,0.250000
765,4,1.000000
765,5,0.250000
766,4,1.000000
766,5,0.250000
767,4,1.000000
767,5,0.250000
768,4,1.000000
768,5,0.250000
769,4,1.000000
769,5,0.250000
770,4,1.000000
770,5,0.250000
771,4,1.000000
771,5,0.250000
772,4,1.000000
772,5,0.250000
773,4,1.000000
773,5,0.250000
774,4,1.000000
774,5,0.250000
775,4,1.000000
775,5,0.250000
776,4,1.000000
776,5,0.250000
777,4,1.000000
777,5,0.250000
778,4,1.000000
778,5,0.250000
779,4,1.000000
779,5,0.250000
780,4,1.000000
780,5,0.250000
781,4,1.000000
781,5,0.250000
782,4,1.000000
782,5,0.250000
783,4,1.000000
783,5,0.250000
784,4,1.000000
784,5,0.250000
785,4,1.000000
785,5,0.250000
786,4,1.000000
786,5,0.250000
787,4,1.000000
787,5,0.250000
788,4,1.000000
788,5,0.250000
789,4,1.000000
789,5,0.250000
790,4,1.000000
790,5,0.250000
791,4,1.000000
791,5,0.250000
792,4,1.000000
792,5,0.250000
793,4,1.000000
793,5,0.250000
794,4,1.000000
794,5,0.250000
795,4,1.000000
795,5,0.250000
796,4,1.000000
796,5,0.250000
797,4,1.000000
797,5,0.250000
798,4,1.000000
798,5,0.250000
799,4,1.000000
799,5,0.250000
800,4,1.000000
800,5,0.250000
801,4,1.000000
801,5,0.250000
802,4,1.000000
802,5,0.250000
803,4,1.000000
803,5,0.250000
804,4,1.000000
804,5,0.250000
805,4,1.000000
805,5,0.250000
806,4,1.000000
806,5,0.250000
807,4,1.000000
807,5,0.250000
808,4,1.000000
808,5,0.250000
809,4,1.000000
809,5,0.250000
810,4,1.000000
810,5,0.250000
811,4,1.000000
811,5,0.250000
812,4,1.000000
812,5,0.250000
813,4,1.000000
813,5,0.250000
814,4,1.000000
814,5,0.250000
815,4,1.000000
815,5,0.250000
816,4,1.000000
816,5,0.250000
817,4,1.000000
817,5,0.250000
818,4,1.000000
818,5,0.250000
819,4,1.000000
819,5,0.250000
820,4,1.000000
820,5,0.250000
821,4,1.000000
821,5,0.250000
822,4,1.000000
822,5,0.250000
823,4,1.000000
823,5,0.250000
824,4,1.000000
824,5,0.250000
825,4,1.000000
825,5,0.250000
826,4,1.000000
826,5,0.250000
827,4,1.000000
827,5,0.250000
828,4,1.000000
828,5,0.250000
829,4,1.000000
829,5,0.250000
830,4,1.000000
830,5,0.250000
831,4,1.000000
831,5,0.250000
832,4,1.000000
832,5,0.250000
833,4,1.000000
833,5,0.250000
834,4,1.000000
834,5,0.250000
835,4,1.000000
835,5,0.250000
836,4,1.000000
836,5,0.250000
837,4,1.000000
837,5,0.250000
838,4,1.000000
838,5,0.250000
839,4,1.000000
839,5,0.250000
840,4,1.000000
840,5,0.250000
841,4,1.000000
841,5,0.250000
842,4,1.000000
842,5,0.250000
843,4,1.000000
843,5,0.250000
844,4,1.000000
844,5,0.250000
845,4,1.000000
845,5,0.250000
846,4,1.000000
846,5,0.250000
847,4,1.000000
847,5,0.250000
848,4,1.000000
848,5,0.250000
849,4,1.000000
849,5,0.250000
850,4,1.000000
850,5,0.250000
851,4,1.000000
851,5,0.250000
852,4,1.000000
852,5,0.250000
853,4,1.000000
853,5,0.250000
854,4,1.000000
854,5,0.250000
855,4,1.000000
855,5,0.250000
856,4,1.000000
856,5,0.250000
857,4,1.000000
857,5,0.250000
858,4,1.000000
858,5,0.250000
859,4,1.000000
859,5,0.250000
860,4,1.000000
860,5,0.250000
861,4,1.000000
861,5,0.250000
862,4,1.000000
862,5,0.250000
863,4,1.000000
863,5,0.250000
864,4,1.000000
864,5,0.250000
865,4,1.000000
865,5,0.250000
866,4,1.000000
866,5,0.250000
867,4,1.000000
867,5,0.250000
868,4,1.000000
868,5,0.250000
869,4,1.000000
869,5,0.250000
870,4,1.000000
870,5,0.250000
871,4,1.000000
871,5,0.250000
872,4,1.000000
872,5,0.250000
873,4,1.000000
873,5,0.250000
874,4,1.000000
874,5,0.250000
875,4,1.000000
875,5,0.250000
876,4,1.000000
876,5,0.250000
877,4,1.000000
877,5,0.250000
878,4,1.000000
878,5,0.250000
879,4,1.000000
879,5,0.250000
880,4,1.000000
880,5,0.250000
881,4,1.000000
881,5,0.250000
882,4,1.000000
882,5,0.250000
883,4,1.000000
883,5,0.250000
884,4,1.000000
884,5,0.250000
885,4,1.000000
885,5,0.250000
886,4,1.000000
886,5,0.250000
887,4,1.000000
887,5,0.250000
888,4,1.000000
888,5,0.250000
889,4,1.000000
889,5,0.250000
890,4,1.000000
890,5,0.250000
891,4,1.000000
891,5,0.250000
892,4,1.000000
892,5,0.250000
893,4,1.000000
893,5,0.250000
894,4,1.000000
894,5,0.250000
895,4,1.000000
895,5,0.250000
896,4,1.000000
896,5,0.250000
897,4,1.000000
897,5,0.250000
898,4,1.000000
898,5,0.250000
899,4,1.000000
899,5,0.250000
900,4,1.000000
900,5,0.250000
901,4,1.000000
901,5,0.250000
902,4,1.000000
902,5,0.250000
903,4,1.000000
903,5,0.250000
904,4,1.000000
904,5,0.250000
905,4,1.000000
905,5,0.250000
906,4,1.000000
906,5,0.250000
907,4,1.000000
907,5,0.250000
908,4,1.000000
908,5,0.250000
909,4,1.000000
909,5,0.250000
910,4,1.000000
910,5,0.250000
911,4,1.000000
911,5,0.250000
912,4,1.000000
912,5,0.250000
913,4,1.000000
913,5,0.250000
914,4,1.000000
914,5,0.250000
915,4,1.000000
915,5,0.250000
916,4,1.000000
916,5,0.250000
917,4,1.000000
917,5,0.250000
918,4,1.000000
918,5,0.250000
919,4,1.000000
919,5,0.250000
920,4,1.000000
920,5,0.250000
921,4,1.000000
921,5,0.250000
922,4,1.000000
922,5,0.250000
923,4,1.000000
923,5,0.250000
924,4,1.000000
924,5,0.250000
925,4,1.000000
925,5,0.250000
926,4,1.000000
926,5,0.250000
927,4,1.000000
927,5,0.250000
928,4,1.000000
928,5,0.250000
929,4,1.000000
929,5,0.250000
930,4,1.000000
930,5,0.250000
931,4,1.000000
931,5,0.250000
932,4,1.000000
932,5,0.250000
933,4,1.000000
933,5,0.250000
934,4,1.000000
934,5,0.250000
935,4,1.000000
935,5,0.250000
936,4,1.000000
936,5,0.250000
937,4,1.000000
937,5,0.250000
938,4,1.000000
938,5,0.250000
939,4,1.000000
939,5,0.250000
940,4,1.000000
940,5,0.250000
941,4,1.000000
941,5,0.250000
942,4,1.000000
942,5,0.250000
943,4,1.000000
943,5,0.250000
944,4,1.000000
944,5,0.250000
945,4,1.000000
945,5,0.250000
946,4,1.000000
946,5,0.250000
947,4,1.000000
947,5,0.250000
948,4,1.000000
948,5,0.250000
949,4,1.000000
949,5,0.250000
950,4,1.000000
950,5,0.250000
951,4,1.000000
951,5,0.250000
952,4,1.000000
952,5,0.250000
953,4,1.000000
953,5,0.250000
954,4,1.000000
954,5,0.250000
955,4,1.000000
955,5,0.250000
956,4,1.000000
956,5,0.250000
957,4,1.000000
957,5,0.250000
958,4,1.000000
958,5,0.250000
959,4,1.000000
959,5,0.250000
960,4,1.000000
960,5,0.250000
961,4,1.000000
961,5,0.250000
962,4,1.000000
962,5,0.250000
963,4,1.000000
963,5,0.250000
964,4,1.000000
964,5,0.250000
965,4,1.000000
965,5,0.250000
966,4,1.000000
966,5,0.250000
967,4,1.000000
967,5,0.250000
968,4,1.000000
968,5,0.250000
969,4,1.000000
969,5,0.250000
970,4,1.000000
970,5,0.250000
971,4,1.000000
971,5,0.250000
972,4,1.000000
972,5,0.250000
973,4,1.000000
973,5,0.250000
974,4,1.000000
974,5,0.250000
975,4,1.000000
975,5,0.250000
976,4,1.000000
976,5,0.250000
977,4,1.000000
977,5,0.250000
978,4,1.000000
978,5,0.250000
979,4,1.000000
979,5,0.250000
980,4,1.000000
980,5,0.250000
981,4,1.000000
981,5,0.250000
982,4,1.000000
982,5,0.250000
983,4,1.000000
983,5,0.250000
984,4,1.000000
984,5,0.250000
985,4,1.000000
985,5,0.250000
986,4,1.000000
986,5,0.250000
987,4,1.000000
987,5,0.250000
988,4,1.000000
988,5,0.250000
989,4,1.000000
989,5,0.250000
990,4,1.000000
990,5,0.250000
991,4,1.000000
991,5,0.250000
992,4,1.000000
992,5,0.250000
993,4,1.000000
993,5,0.250000
994,4,1.000000
994,5,0.250000
995,4,1.000000
995,5,0.250000
996,4,1.000000
996,5,0.250000
997,4,1.000000
997,5,0.250000
998,4,1.000000
998,5,0.250000
999,4,1.000000
999,5,0.250000
1000,4,1.000000
1000,5,0.250000
1001,4,1.000000
1001,5,0.250000
1002,4,1.000000
1002,5,0.250000
1003,4,1.000000
1003,5,0.250000
1004,4,1.000000
1004,5,0.250000
1005,4,1.000000
1005,5,0.250000
1006,4,1.000000
1006,5,0.250000
1007,4,1.000000
1007,5,0.250000
1008,4,1.000000
1008,5,0.250000
1009,4,1.000000
1009,5,0.250000
1010,4,1.000000
1010,5,0.250000
1011,4,1.000000
1011,5,0.250000
1012,4,1.000000
1012,5,0.250000
1013,4,1.000000
1013,5,0.250000
1014,4,1.000000
1014,5,0.250000
1015,4,1.000000
1015,5,0.250000
1016,4,1.000000
1016,5,0.250000
1017,4,1.000000
1017,5,0.250000
1018,4,1.000000
1018,5,0.250000
1019,4,1.000000
1019,5,0.250000
1020,4,1.000000
1020,5,0.250000
1021,4,1.000000
1021,5,0.250000
1022,4,1.000000
1022,5,0.250000
1023,4,1.000000
1023,5,0.250000
1024,4,1.000000
1024,5,0.250000
1025,4,1.000000
1025,5,0.250000
1026,4,1.000000
1026,5,0.250000
1027,4,1.000000
1027,5,0.250000
1028,4,1.000000
1028,5,0.250000
1029,4,1.000000
1029,5,0.250000
1030,4,1.000000
1030,5,0.250000
1031,4,1.000000
1031,5,0.250000
1032,4,1.000000
1032,5,0.250000
1033,4,1.000000
1033,5,0.250000
1034,4,1.000000
1034,5,0.250000
1035,4,1.000000
1035,5,0.250000
1036,4,1.000000
1036,5,0.250000
1037,4,1.000000
1037,5,0.250000
1038,4,1.000000
1038,5,0.250000
1039,4,1.000000
1039,5,0.250000
1040,4,1.000000
1040,5,0.250000
1041,4,1.000000
1041,5,0.250000
1042,4,1.000000
1042,5,0.250000
1043,4,1.000000
1043,5,0.250000
1044,4,1.000000
1044,5,0.250000
1045,4,1.000000
1045,5,0.250000
1046,4,1.000000
1046,5,0.250000
1047,4,1.000000
1047,5,0.250000
1048,4,1.000000
1048,5,0.250000
1049,4,1.000000
1049,5,0.250000
1050,4,1.000000
1050,5,0.250000
1051,4,1.000000
1051,5,0.250000
1052,4,1.000000
1052,5,0.250000
1053,4,1.000000
1053,5,0.250000
1054,4,1.000000
1054,5,0.250000
1055,4,1.000000
1055,5,0.250000
1056,4,1.000000
1056,5,0.250000
1057,4,1.000000
1057,5,0.250000
1058,4,1.000000
1058,5,0.250000
1059,4,1.000000
1059,5,0.250000
1060,4,1.000000
1060,5,0.250000
1061,4,1.000000
1061,5,0.250000
1062,4,1.000000
1062,5,0.250000
1063,4,1.000000
1063,5,0.250000
1064,4,1.000000
1064,5,0.250000
1065,4,1.000000
1065,5,0.250000
1066,4,1.000000
1066,5,0.250000
1067,4,1.000000
1067,5,0.250000
1068,4,1.000000
1068,5,0.250000
1069,4,1.000000
1069,5,0.250000
1070,4,1.000000
1070,5,0.250000
1071,4,1.000000
1071,5,0.250000
1072,4,1.000000
1072,5,0.250000
1073,4,1.000000
1073,5,0.250000
1074,4,1.000000
1074,5,0.250000
1075,4,1.000000
1075,5,0.250000
1076,4,1.000000
1076,5,0.250000
1077,4,1.000000
1077,5,0.250000
1078,4,1.000000
1078,5,0.250000
1079,4,1.000000
1079,5,0.250000
1080,4,1.000000
1080,5,0.250000
1081,4,1.000000
1081,5,0.250000
1082,4,1.000000
1082,5,0.250000
1083,4,1.000000
1083,5,0.250000
1084,4,1.000000
1084,5,0.250000
1085,4,1.000000
1085,5,0.250000
1086,4,1.000000
1086,5,0.250000
1087,4,1.000000
1087,5,0.250000
1088,4,1.000000
1088,5,0.250000
1089,4,1.000000
1089,5,0.250000
1090,4,1.000000
1090,5,0.250000
1091,4,1.000000
1091,5,0.250000
1092,4,1.000000
1092,5,0.250000
1093,4,1.000000
1093,5,0.250000
1094,4,1.000000
1094,5,0.250000
1095,4,1.000000
1095,5,0.250000
1096,4,1.000000
1096,5,0.250000
1097,4,1.000000
1097,5,0.250000
1098,4,1.000000
1098,5,0.250000
1099,4,1.000000
1099,5,0.250000
1100,4,1.000000
1100,5,0.250000
1101,4,1.000000
1101,5,0.250000
1102,4,1.000000
1102,5,0.250000
1103,4,1.000000
1103,5,0.250000
1104,4,1.000000
1104,5,0.250000
1105,4,1.000000
1105,5,0.250000
1106,4,1.000000
1106,5,0.250000
1107,4,1.000000
1107,5,0.250000
1108,4,1.000000
1108,5,0.250000
1109,4,1.000000
1109,5,0.250000
1110,4,1.000000
1110,5,0.250000
1111,4,1.000000
1111,5,0.250000
1112,4,1.000000
1112,5,0.250000
1113,4,1.000000
1113,5,0.250000
1114,4,1.000000
1114,5,0.250000
1115,4,1.000000
1115,5,0.250000
1116,4,1.000000
1116,5,0.250000
1117,4,1.000000
1117,5,0.250000
1118,4,1.000000
1118,5,0.250000
1119,4,1.000000
1119,5,0.250000
1120,4,1.000000
1120,5,0.250000
1121,4,1.000000
1121,5,0.250000
1122,4,1.000000
1122,5,0.250000
1123,4,1.000000
1123,5,0.250000
1124,4,1.000000
1124,5,0.250000
1125,4,1.000000
1125,5,0.250000
1126,4,1.000000
1126,5,0.250000
1127,4,1.000000
1127,5,0.250000
1128,4,1.000000
1128,5,0.250000
1129,4,1.000000
1129,5,0.250000
1130,4,1.000000
1130,5,0.250000
1131,4,1.000000
1131,5,0.250000
1132,4,1.000000
1132,5,0.250000
1133,4,1.000000
1133,5,0.250000
1134,4,1.000000
1134,5,0.250000
1135,4,1.000000
1135,5,0.250000
1136,4,1.000000
1136,5,0.250000
1137,4,1.000000
1137,5,0.250000
1138,4,1.000000
1138,5,0.250000
1139,4,1.000000
1139,5,0.250000
1140,4,1.000000
1140,5,0.250000
1141,4,1.000000
1141,5,0.250000
1142,4,1.000000
1142,5,0.250000
1143,4,1.000000
1143,5,0.250000
1144,4,1.000000
1144,5,0.250000
1145,4,1.000000
1145,5,0.250000
1146,4,1.000000
1146,5,0.250000
1147,4,1.000000
1147,5,0.250000
1148,4,1.000000
1148,5,0.250000
1149,4,1.000000
1149,5,0.250000
1150,4,1.000000
1150,5,0.250000
1151,4,1.000000
1151,5,0.250000
1152,4,1.000000
1152,5,0.250000
1153,4,1.000000
1153,5,0.250000
1154,4,1.000000
1154,5,0.250000
1155,4,1.000000
1155,5,0.250000
1156,4,1.000000
1156,5,0.250000
1157,4,1.000000
1157,5,0.250000
1158,4,1.000000
1158,5,0.250000
1159,4,1.000000
1159,5,0.250000
1160,4,1.000000
1160,5,0.250000
1161,4,1.000000
1161,5,0.250000
1162,4,1.000000
1162,5,0.250000
1163,4,1.000000
1163,5,0.250000
1164,4,1.000000
1164,5,0.250000
1165,4,1.000000
1165,5,0.250000
1166,4,1.000000
1166,5,0.250000
1167,4,1.000000
1167,5,0.250000
1168,4,1.000000
1168,5,0.250000
1169,4,1.000000
1169,5,0.250000
1170,4,1.000000
1170,5,0.250000
1171,4,1.000000
1171,5,0.250000
1172,4,1.000000
1172,5,0.250000
1173,4,1.000000
1173,5,0.250000
1174,4,1.000000
1174,5,0.250000
1175,4,1.000000
1175,5,0.250000
1176,4,1.000000
1176,5,0.250000
1177,4,1.000000
1177,5,0.250000
1178,4,1.000000
1178,5,0.250000
1179,4,1.000000
1179,5,0.250000
1180,4,1.000000
1180,5,0.250000
1181,4,1.000000
1181,5,0.250000
1182,4,1.000000
1182,5,0.250000
1183,4,1.000000
1183,5,0.250000
1184,4,1.000000
1184,5,0.250000
1185,4,1.000000
1185,5,0.250000
1186,4,1.000000
1186,5,0.250000
1187,4,1.000000
1187,5,0.250000
1188,4,1.000000
1188,5,0.250000
1189,4,1.000000
1189,5,0.250000
1190,4,1.000000
1190,5,0.250000
1191,4,1.000000
1191,5,0.250000
1192,4,1.000000
1192,5,0.250000
1193,4,1.000000
1193,5,0.250000
1194,4,1.000000
1194,5,0.250000
1195,4,1.000000
1195,5,0.250000
1196,4,1.000000
1196,5,0.250000
1197,4,1.000000
1197,5,0.250000
1198,4,1.000000
1198,5,0.250000
1199,4,1.000000
1199,5,0.250000
1200,4,1.000000
1200,5,0.250000
1201,4,1.000000
1201,5,0.250000
1202,4,1.000000
1202,5,0.250000
1203,4,1.000000
1203,5,0.250000
1204,4,1.000000
1204,5,0.250000
1205,4,1.000000
1205,5,0.250000
1206,4,1.000000
1206,5,0.250000
1207,4,1.000000
1207,5,0.250000
1208,4,1.000000
1208,5,0.250000
1209,4,1.000000
1209,5,0.250000
1210,4,1.000000
1210,5,0.250000
1211,4,1.000000
1211,5,0.250000
1212,4,1.000000
1212,5,0.250000
1213,4,1.000000
1213,5,0.250000
1214,4,1.000000
1214,5,0.250000
1215,4,1.000000
1215,5,0.250000
1216,4,1.000000
1216,5,0.250000
1217,4,1.000000
1217,5,0.250000
1218,4,1.000000
1218,5,0.250000
1219,4,1.000000
1219,5,0.250000
1220,4,1.000000
1220,5,0.250000
1221,4,1.000000
1221,5,0.250000
1222,4,1.000000
1222,5,0.250000
1223,4,1.000000
1223,5,0.250000
1224,4,1.000000
1224,5,0.250000
1225,4,1.000000
1225,5,0.250000
1226,4,1.000000
1226,5,0.250000
1227,4,1.000000
1227,5,0.250000
1228,4,1.000000
1228,5,0.250000
1229,4,1.000000
1229,5,0.250000
1230,4,1.000000
1230,5,0.250000
1231,4,1.000000
1231,5,0.250000
1232,4,1.000000
1232,5,0.250000
1233,4,1.000000
1233,5,0.250000
1234,4,1.000000
1234,5,0.250000
1235,4,1.000000
1235,5,0.250000
1236,4,1.000000
1236,5,0.250000
1237,4,1.000000
1237,5,0.250000
1238,4,1.000000
1238,5,0.250000
1239,4,1.000000
1239,5,0.250000
1240,4,1.000000
1240,5,0.250000
1241,4,1.000000
1241,5,0.250000
1242,4,1.000000
1242,5,0.250000
1243,4,1.000000
1243,5,0.250000
1244,4,1.000000
1244,5,0.250000
1245,4,1.000000
1245,5,0.250000
1246,4,1.000000
1246,5,0.250000
1247,4,1.000000
1247,5,0.250000
1248,4,1.000000
1248,5,0.250000
1249,4,1.000000
1249,5,0.250000
1250,4,1.000000
1250,5,0.250000
1251,4,1.000000
1251,5,0.250000
1252,4,1.000000
1252,5,0.250000
1253,4,1.000000
1253,5,0.250000
1254,4,1.000000
1254,5,0.250000
1255,4,1.000000
1255,5,0.250000
1256,4,1.000000
1256,5,0.250000
1257,4,1.000000
1257,5,0.250000
1258,4,1.000000
1258,5,0.250000
1259,4,1.000000
1259,5,0.250000
1260,4,1.000000
1260,5,0.250000
1261,4,1.000000
1261,5,0.250000
1262,4,1.000000
1262,5,0.250000
1263,4,1.000000
1263,5,0.250000
1264,4,1.000000
1264,5,0.250000
1265,4,1.000000
1265,5,0.250000
1266,4,1.000000
1266,5,0.250000
1267,4,1.000000
1267,5,0.250000
1268,4,1.000000
1268,5,0.250000
1269,4,1.000000
1269,5,0.250000
1270,4,1.000000
1270,5,0.250000
1271,4,1.000000
1271,5,0.250000
1272,4,1.000000
1272,5,0.250000
1273,4,1.000000
1273,5,0.250000
1274,4,1.000000
1274,5,0.250000
1275,4,1.000000
1275,5,0.250000
1276,4,1.000000
1276,5,0.250000
1277,4,1.000000
1277,5,0.250000
1278,4,1.000000
1278,5,0.250000
1279,4,1.000000
1279,5,0.250000
1280,4,1.000000
1280,5,0.250000
1281,4,1.000000
1281,5,0.250000
1282,4,1.000000
1282,5,0.250000
1283,4,1.000000
1283,5,0.250000
1284,4,1.000000
1284,5,0.250000
1285,4,1.000000
1285,5,0.250000
1286,4,1.000000
1286,5,0.250000
1287,4,1.000000
1287,5,0.250000
1288,4,1.000000
1288,5,0.250000
1289,4,1.000000
1289,5,0.250000
1290,4,1.000000
1290,5,0.250000
1291,4,1.000000
1291,5,0.250000
1292,4,1.000000
1292,5,0.250000
1293,4,1.000000
1293,5,0.250000
1294,4,1.000000
1294,5,0.250000
1295,4,1.000000
1295,5,0.250000
1296,4,1.000000
1296,5,0.250000
1297,4,1.000000
1297,5,0.250000
1298,4,1.000000
1298,5,0.250000
1299,4,1.000000
1299,5,0.250000
1300,4,1.000000
1300,5,0.250000
1301,4,1.000000
1301,5,0.250000
1302,4,1.000000
1302,5,0.250000
1303,4,1.000000
1303,5,0.250000
1304,4,1.000000
1304,5,0.250000
1305,4,1.000000
1305,5,0.250000
1306,4,1.000000
1306,5,0.250000
1307,4,1.000000
1307,5,0.250000
1308,4,1.000000
1308,5,0.250000
1309,4,1.000000
1309,5,0.250000
1310,4,1.000000
1310,5,0.250000
1311,4,1.000000
1311,5,0.250000
1312,4,1.000000
1312,5,0.250000
1313,4,1.000000
1313,5,0.250000
1314,4,1.000000
1314,5,0.250000
1315,4,1.000000
1315,5,0.250000
1316,4,1.000000
1316,5,0.250000
1317,4,1.000000
1317,5,0.250000
1318,4,1.000000
1318,5,0.250000
1319,4,1.000000
1319,5,0.250000
1320,4,1.000000
1320,5,0.250000
1321,4,1.000000
1321,5,0.250000
1322,4,1.000000
1322,5,0.250000
1323,4,1.000000
1323,5,0.250000
1324,4,1.000000
1324,5,0.250000
1325,4,1.000000
1325,5,0.250000
1326,4,1.000000
1326,5,0.250000
1327,4,1.000000
1327,5,0.250000
1328,4,1.000000
1328,5,0.250000
1329,4,1.000000
1329,5,0.250000
1330,4,1.000000
1330,5,0.250000
1331,4,1.000000
1331,5,0.250000
1332,4,1.000000
1332,5,0.250000
1333,4,1.000000
1333,5,0.250000
1334,4,1.000000
1334,5,0.250000
1335,4,1.000000
1335,5,0.250000
1336,4,1.000000
1336,5,0.250000
1337,4,1.000000
1337,5,0.250000
1338,4,1.000000
1338,5,0.250000
1339,4,1.000000
1339,5,0.250000
1340,4,1.000000
1340,5,0.250000
1341,4,1.000000
1341,5,0.250000
1342,4,1.000000
1342,5,0.250000
1343,4,1.000000
1343,5,0.250000
1344,4,1.000000
1344,5,0.250000
1345,4,1.000000
1345,5,0.250000
1346,4,1.000000
1346,5,0.250000
1347,4,1.000000
1347,5,0.250000
1348,4,1.000000
1348,5,0.250000
1349,4,1.000000
1349,5,0.250000
1350,4,1.000000
1350,5,0.250000
1351,4,1.000000
1351,5,0.250000
1352,4,1.000000
1352,5,0.250000
1353,4,1.000000
1353,5,0.250000
1354,4,1.000000
1354,5,0.250000
1355,4,1.000000
1355,5,0.250000
1356,4,1.000000
1356,5,0.250000
1357,4,1.000000
1357,5,0.250000
1358,4,1.000000
1358,5,0.250000
1359,4,1.000000
1359,5,0.250000
1360,4,1.000000
1360,5,0.250000
1361,4,1.000000
1361,5,0.250000
1362,4,1.000000
1362,5,0.250000
1363,4,1.000000
1363,5,0.250000
1364,4,1.000000
1364,5,0.250000
1365,4,1.000000
1365,5,0.250000
1366,4,1.000000
1366,5,0.250000
1367,4,1.000000
1367,5,0.250000
1368,4,1.000000
1368,5,0.250000
1369,4,1.000000
1369,5,0.250000
1370,4,1.000000
1370,5,0.250000
1371,4,1.000000
1371,5,0.250000
1372,4,1.000000
1372,5,0.250000
1373,4,1.000000
1373,5,0.250000
1374,4,1.000000
1374,5,0.250000
1375,4,1.000000
1375,5,0.250000
1376,4,1.000000
1376,5,0.250000
1377,4,1.000000
1377,5,0.250000
1378,4,1.000000
1378,5,0.250000
1379,4,1.000000
1379,5,0.250000
1380,4,1.000000
1380,5,0.250000
1381,4,1.000000
1381,5,0.250000
1382,4,1.000000
1382,5,0.250000
1383,4,1.000000
1383,5,0.250000
1384,4,1.000000
1384,5,0.250000
1385,4,1.000000
1385,5,0.250000
1386,4,1.000000
1386,5,0.250000
1387,4,1.000000
1387,5,0.250000
1388,4,1.000000
1388,5,0.250000
1389,4,1.000000
1389,5,0.250000
1390,4,1.000000
1390,5,0.250000
1391,4,1.000000
1391,5,0.250000
1392,4,1.000000
1392,5,0.250000
1393,4,1.000000
1393,5,0.250000
1394,4,1.000000
1394,5,0.250000
1395,4,1.000000
1395,5,0.250000
1396,4,1.000000
1396,5,0.250000
1397,4,1.000000
1397,5,0.250000
1398,4,1.000000
1398,5,0.250000
1399,4,1.000000
1399,5,0.250000
1400,4,1.000000
1400,5,0.250000
1401,4,1.000000
1401,5,0.250000
1402,4,1.000000
1402,5,0.250000
1403,4,1.000000
1403,5,0.250000
1404,4,1.000000
1404,5,0.250000
1405,4,1.000000
1405,5,0.250000
1406,4,1.000000
1406,5,0.250000
1407,4,1.000000
1407,5,0.250000
1408,4,1.000000
1408,5,0.250000
1409,4,1.000000
1409,5,0.250000
1410,4,1.000000
1410,5,0.250000
1411,4,1.000000
1411,5,0.250000
1412,4,1.000000
1412,5,0.250000
1413,4,1.000000
1413,5,0.250000
1414,4,1.000000
1414,5,0.250000
1415,4,1.000000
1415,5,0.250000
1416,4,1.000000
1416,5,0.250000
1417,4,1.000000
1417,5,0.250000
1418,4,1.000000
1418,5,0.250000
1419,4,1.000000
1419,5,0.250000
1420,4,1.000000
1420,5,0.250000
1421,4,1.000000
1421,5,0.250000
1422,4,1.000000
1422,5,0.250000
1423,4,1.000000
1423,5,0.250000
1424,4,1.000000
1424,5,0.250000
1425,4,1.000000
1425,5,0.250000
1426,4,1.000000
1426,5,0.250000
1427,4,1.000000
1427,5,0.250000
1428,4,1.000000
1428,5,0.250000
1429,4,1.000000
1429,5,0.250000
1430,4,1.000000
1430,5,0.250000
1431,4,1.000000
1431,5,0.250000
1432,4,1.000000
1432,5,0.250000
1433,4,1.000000
1433,5,0.250000
1434,4,1.000000
1434,5,0.250000
1435,4,1.000000
1435,5,0.250000
1436,4,1.000000
1436,5,0.250000
1437,4,1.000000
1437,5,0.250000
1438,4,1.000000
1438,5,0.250000
1439,4,1.000000
1439,5,0.250000
1440,4,1.000000
1440,5,0.250000
1441,4,1.000000
1441,5,0.250000
1442,4,1.000000
1442,5,0.250000
1443,4,1.000000
1443,5,0.250000
1444,4,1.000000
1444,5,0.250000
1445,4,1.000000
1445,5,0.250000
1446,4,1.000000
1446,5,0.250000
1447,4,1.000000
1447,5,0.250000
1448,4,1.000000
1448,5,0.250000
1449,4,1.000000
1449,5,0.250000
1450,4,1.000000
1450,5,0.250000
1451,4,1.000000
1451,5,0.250000
1452,4,1.000000
1452,5,0.250000
1453,4,1.000000
1453,5,0.250000
1454,4,1.000000
1454,5,0.250000
1455,4,1.000000
1455,5,0.250000
1456,4,1.000000
1456,5,0.250000
1457,4,1.000000
1457,5,0.250000
1458,4,1.000000
1458,5,0.250000
1459,4,1.000000
1459,5,0.250000
1460,4,1.000000
1460,5,0.250000
1461,4,1.000000
1461,5,0.250000
1462,4,1.000000
1462,5,0.250000
1463,4,1.000000
1463,5,0.250000
1464,4,1.000000
1464,5,0.250000
1465,4,1.000000
1465,5,0.250000
1466,4,1.000000
1466,5,0.250000
1467,4,1.000000
1467,5,0.250000
1468,4,1.000000
1468,5,0.250000
1469,4,1.000000
1469,5,0.250000
1470,4,1.000000
1470,5,0.250000
1471,4,1.000000
1471,5,0.250000
1472,4,1.000000
1472,5,0.250000
1473,4,1.000000
1473,5,0.250000
1474,4,1.000000
1474,5,0.250000
1475,4,1.000000
1475,5,0.250000
1476,4,1.000000
1476,5,0.250000
1477,4,1.000000
1477,5,0.250000
1478,4,1.000000
1478,5,0.250000
1479,4,1.000000
1479,5,0.250000
1480,4,1.000000
1480,5,0.250000
1481,4,1.000000
1481,5,0.250000
1482,4,1.000000
1482,5,0.250000
1483,4,1.000000
1483,5,0.250000
1484,4,1.000000
1484,5,0.250000
1485,4,1.000000
1485,5,0.250000
1486,4,1.000000
1486,5,0.250000
1487,4,1.000000
1487,5,0.250000
1488,4,1.000000
1488,5,0.250000
1489,4,1.000000
1489,5,0.250000
1490,4,1.000000
1490,5,0.250000
1491,4,1.000000
1491,5,0.250000
1492,4,1.000000
1492,5,0.250000
1493,4,1.000000
1493,5,0.250000
1494,4,1.000000
1494,5,0.250000
1495,4,1.000000
1495,5,0.250000
1496,4,1.000000
1496,5,0.250000
1497,4,1.000000
1497,5,0.250000
1498,4,1.000000
1498,5,0.250000
1499,4,1.000000
1499,5,0.250000
1500,4,1.000000
1500,5,0.250000
1501,4,1.000000
1501,5,0.250000
1502,4,1.000000
1502,5,0.250000
1503,4,1.000000
1503,5,0.250000
1504,4,1.000000
1504,5,0.250000
1505,4,1.000000
1505,5,0.250000
1506,4,1.000000
1506,5,0.250000
1507,4,1.000000
1507,5,0.250000
1508,4,1.000000
1508,5,0.250000
1509,4,1.000000
1509,5,0.250000
1510,4,1.000000
1510,5,0.250000
1511,4,1.000000
1511,5,0.250000
1512,4,1.000000
1512,5,0.250000
1513,4,1.000000
1513,5,0.250000
1514,4,1.000000
1514,5,0.250000
1515,4,1.000000
1515,5,0.250000
1516,4,1.000000
1516,5,0.250000
1517,4,1.000000
1517,5,0.250000
1518,4,1.000000
1518,5,0.250000
1519,4,1.000000
1519,5,0.250000
1520,4,1.000000
1520,5,0.250000
1521,4,1.000000
1521,5,0.250000
1522,4,1.000000
1522,5,0.250000
1523,4,1.000000
1523,5,0.250000
1524,4,1.000000
1524,5,0.250000
1525,4,1.000000
1525,5,0.250000
1526,4,1.000000
1526,5,0.250000
1527,4,1.000000
1527,5,0.250000
1528,4,1.000000
1528,5,0.250000
1529,4,1.000000
1529,5,0.250000
1530,4,1.000000
1530,5,0.250000
1531,4,1.000000
1531,5,0.250000
1532,4,1.000000
1532,5,0.250000
1533,4,1.000000
1533,5,0.250000
1534,4,1.000000
1534,5,0.250000
1535,4,1.000000
1535,5,0.250000
1536,4,1.000000
1536,5,0.250000
1537,4,1.000000
1537,5,0.250000
1538,4,1.000000
1538,5,0.250000
1539,4,1.000000
1539,5,0.250000
1540,4,1.000000
1540,5,0.250000
1541,4,1.000000
1541,5,0.250000
1542,4,1.000000
1542,5,0.250000
1543,4,1.000000
1543,5,0.250000
1544,4,1.000000
1544,5,0.250000
1545,4,1.000000
1545,5,0.250000
1546,4,1.000000
1546,5,0.250000
1547,4,1.000000
1547,5,0.250000
1548,4,1.000000
1548,5,0.250000
1549,4,1.000000
1549,5,0.250000
1550,4,1.000000
1550,5,0.250000
1551,4,1.000000
1551,5,0.250000
1552,4,1.000000
1552,5,0.250000
1553,4,1.000000
1553,5,0.250000
1554,4,1.000000
1554,5,0.250000
1555,4,1.000000
1555,5,0.250000
1556,4,1.000000
1556,5,0.250000
1557,4,1.000000
1557,5,0.250000
1558,4,1.000000
1558,5,0.250000
1559,4,1.000000
1559,5,0.250000
1560,4,1.000000
1560,5,0.250000
1561,4,1.000000
1561,5,0.250000
1562,4,1.000000
1562,5,0.250000
1563,4,1.000000
1563,5,0.250000
1564,4,1.000000
1564,5,0.250000
1565,4,1.000000
1565,5,0.250000
1566,4,1.000000
1566,5,0.250000
1567,4,1.000000
1567,5,0.250000
1568,4,1.000000
1568,5,0.250000
1569,4,1.000000
1569,5,0.250000
1570,4,1.000000
1570,5,0.250000
1571,4,1.000000
1571,5,0.250000
1572,4,1.000000
1572,5,0.250000
1573,4,1.000000
1573,5,0.250000
1574,4,1.000000
1574,5,0.250000
1575,4,1.000000
1575,5,0.250000
1576,4,1.000000
1576,5,0.250000
1577,4,1.000000
1577,5,0.250000
1578,4,1.000000
1578,5,0.250000
1579,4,1.000000
1579,5,0.250000
1580,4,1.000000
1580,5,0.250000
1581,4,1.000000
1581,5,0.250000
1582,4,1.000000
1582,5,0.250000
1583,4,1.000000
1583,5,0.250000
1584,4,1.000000
1584,5,0.250000
1585,4,1.000000
1585,5,0.250000
1586,4,1.000000
1586,5,0.250000
1587,4,1.000000
1587,5,0.250000
1588,4,1.000000
1588,5,0.250000
1589,4,1.000000
1589,5,0.250000
1590,4,1.000000
1590,5,0.250000
1591,4,1.000000
1591,5,0.250000
1592,4,1.000000
1592,5,0.250000
1593,4,1.000000
1593,5,0.250000
1594,4,1.000000
1594,5,0.250000
1595,4,1.000000
1595,5,0.250000
1596,4,1.000000
1596,5,0.250000
1597,4,1.000000
1597,5,0.250000
1598,4,1.000000
1598,5,0.250000
1599,4,1.000000
1599,5,0.250000
1600,4,1.000000
1600,5,0.250000
1601,4,1.000000
1601,5,0.250000
1602,4,1.000000
1602,5,0.250000
1603,4,1.000000
1603,5,0.250000
1604,4,1.000000
1604,5,0.250000
1605,4,1.000000
1605,5,0.250000
1606,4,1.000000
1606,5,0.250000
1607,4,1.000000
1607,5,0.250000
1608,4,1.000000
1608,5,0.250000
1609,4,1.000000
1609,5,0.250000
1610,4,1.000000
1610,5,0.250000
1611,4,1.000000
1611,5,0.250000
1612,4,1.000000
1612,5,0.250000
1613,4,1.000000
1613,5,0.250000
1614,4,1.000000
1614,5,0.250000
1615,4,1.000000
1615,5,0.250000
1616,4,1.000000
1616,5,0.250000
1617,4,1.000000
1617,5,0.250000
1618,4,1.000000
1618,5,0.250000
1619,4,1.000000
1619,5,0.250000
1620,4,1.000000
1620,5,0.250000
1621,4,1.000000
1621,5,0.250000
1622,4,1.000000
1622,5,0.250000
1623,4,1.000000
1623,5,0.250000
1624,4,1.000000
1624,5,0.250000
1625,4,1.000000
1625,5,0.250000
1626,4,1.000000
1626,5,0.250000
1627,4,1.000000
1627,5,0.250000
1628,4,1.000000
1628,5,0.250000
1629,4,1.000000
1629,5,0.250000
1630,4,1.000000
1630,5,0.250000
1631,4,1.000000
1631,5,0.250000
1632,4,1.000000
1632,5,0.250000
1633,4,1.000000
1633,5,0.250000
1634,4,1.000000
1634,5,0.250000
1635,4,1.000000
1635,5,0.250000
1636,4,1.000000
1636,5,0.250000
1637,4,1.000000
1637,5,0.250000
1638,4,1.000000
1638,5,0.250000
1639,4,1.000000
1639,5,0.250000
1640,4,1.000000
1640,5,0.250000
1641,4,1.000000
1641,5,0.250000
1642,4,1.000000
1642,5,0.250000
1643,4,1.000000
1643,5,0.250000
1644,4,1.000000
1644,5,0.250000
1645,4,1.000000
1645,5,0.250000
1646,4,1.000000
1646,5,0.250000
1647,4,1.000000
1647,5,0.250000
1648,4,1.000000
1648,5,0.250000
1649,4,1.000000
1649,5,0.250000
1650,4,1.000000
1650,5,0.250000
1651,4,1.000000
1651,5,0.250000
1652,4,1.000000
1652,5,0.250000
1653,4,1.000000
1653,5,0.250000
1654,4,1.000000
1654,5,0.250000
1655,4,1.000000
1655,5,0.250000
1656,4,1.000000
1656,5,0.250000
1657,4,1.000000
1657,5,0.250000
1658,4,1.000000
1658,5,0.250000
1659,4,1.000000
1659,5,0.250000
1660,4,1.000000
1660,5,0.250000
1661,4,1.000000
1661,5,0.250000
1662,4,1.000000
1662,5,0.250000
1663,4,1.000000
1663,5,0.250000
1664,4,1.000000
1664,5,0.250000
1665,4,1.000000
1665,5,0.250000
1666,4,1.000000
1666,5,0.250000
1667,4,1.000000
1667,5,0.250000
1668,4,1.000000
1668,5,0.250000
1669,4,1.000000
1669,5,0.250000
1670,4,1.000000
1670,5,0.250000
1671,4,1.000000
1671,5,0.250000
1672,4,1.000000
1672,5,0.250000
1673,4,1.000000
1673,5,0.250000
1674,4,1.000000
1674,5,0.250000
1675,4,1.000000
1675,5,0.250000
1676,4,1.000000
1676,5,0.250000
1677,4,1.000000
1677,5,0.250000
1678,4,1.000000
1678,5,0.250000
1679,4,1.000000
1679,5,0.250000
1680,4,1.000000
1680,5,0.250000
1681,4,1.000000
1681,5,0.250000
1682,4,1.000000
1682,5,0.250000
1683,4,1.000000
1683,5,0.250000
1684,4,1.000000
1684,5,0.250000
1685,4,1.000000
1685,5,0.250000
1686,4,1.000000
1686,5,0.250000
1687,4,1.000000
1687,5,0.250000
1688,4,1.000000
1688,5,0.250000
1689,4,1.000000
1689,5,0.250000
1690,4,1.000000
1690,5,0.250000
1691,4,1.000000
1691,5,0.250000
1692,4,1.000000
1692,5,0.250000
1693,4,1.000000
1693,5,0.250000
1694,4,1.000000
1694,5,0.250000
1695,4,1.000000
1695,5,0.250000
1696,4,1.000000
1696,5,0.250000
1697,4,1.000000
1697,5,0.250000
1698,4,1.000000
1698,5,0.250000
1699,4,1.000000
1699,5,0.250000
1700,4,1.000000
1700,5,0.250000
1701,4,1.000000
1701,5,0.250000
1702,4,1.000000
1702,5,0.250000
1703,4,1.000000
1703,5,0.250000
1704,4,1.000000
1704,5,0.250000
1705,4,1.000000
1705,5,0.250000
1706,4,1.000000
1706,5,0.250000
1707,4,1.000000
1707,5,0.250000
1708,4,1.000000
1708,5,0.250000
1709,4,1.000000
1709,5,0.250000
1710,4,1.000000
1710,5,0.250000
1711,4,1.000000
1711,5,0.250000
1712,4,1.000000
1712,5,0.250000
1713,4,1.000000
1713,5,0.250000
1714,4,1.000000
1714,5,0.250000
1715,4,1.000000
1715,5,0.250000
1716,4,1.000000
1716,5,0.250000
1717,4,1.000000
1717,5,0.250000
1718,4,1.000000
1718,5,0.250000
1719,4,1.000000
1719,5,0.250000
1720,4,1.000000
1720,5,0.250000
1721,4,1.000000
1721,5,0.250000
1722,4,1.000000
1722,5,0.250000
1723,4,1.000000
1723,5,0.250000
1724,4,1.000000
1724,5,0.250000
1725,4,1.000000
1725,5,0.250000
1726,4,1.000000
1726,5,0.250000
1727,4,1.000000
1727,5,0.250000
1728,4,1.000000
1728,5,0.250000
1729,4,1.000000
1729,5,0.250000
1730,4,1.000000
1730,5,0.250000
1731,4,1.000000
1731,5,0.250000
1732,4,1.000000
1732,5,0.250000
1733,4,1.000000
1733,5,0.250000
1734,4,1.000000
1734,5,0.250000
1735,4,1.000000
1735,5,0.250000
1736,4,1.000000
1736,5,0.250000
1737,4,1.000000
1737,5,0.250000
1738,4,1.000000
1738,5,0.250000
1739,4,1.000000
1739,5,0.250000
1740,4,1.000000
1740,5,0.250000
1741,4,1.000000
1741,5,0.250000
1742,4,1.000000
1742,5,0.250000
1743,4,1.000000
1743,5,0.250000
1744,4,1.000000
1744,5,0.250000
1745,4,1.000000
1745,5,0.250000
1746,4,1.000000
1746,5,0.250000
1747,4,1.000000
1747,5,0.250000
1748,4,1.000000
1748,5,0.250000
1749,4,1.000000
1749,5,0.250000
1750,4,1.000000
1750,5,0.250000
1751,4,1.000000
1751,5,0.250000
1752,4,1.000000
1752,5,0.250000
1753,4,1.000000
1753,5,0.250000
1754,4,1.000000
1754,5,0.250000
1755,4,1.000000
1755,5,0.250000
1756,4,1.000000
1756,5,0.250000
1757,4,1.000000
1757,5,0.250000
1758,4,1.000000
1758,5,0.250000
1759,4,1.000000
1759,5,0.250000
1760,4,1.000000
1760,5,0.250000
1761,4,1.000000
1761,5,0.250000
1762,4,1.000000
1762,5,0.250000
1763,4,1.000000
1763,5,0.250000
1764,4,1.000000
1764,5,0.250000
1765,4,1.000000
1765,5,0.250000
1766,4,1.000000
1766,5,0.250000
1767,4,1.000000
1767,5,0.250000
1768,4,1.000000
1768,5,0.250000
1769,4,1.000000
1769,5,0.250000
1770,4,1.000000
1770,5,0.250000
1771,4,1.000000
1771,5,0.250000
1772,4,1.000000
1772,5,0.250000
1773,4,1.000000
1773,5,0.250000
1774,4,1.000000
1774,5,0.250000
1775,4,1.000000
1775,5,0.250000
1776,4,1.000000
1776,5,0.250000
1777,4,1.000000
1777,5,0.250000
1778,4,1.000000
1778,5,0.250000
1779,4,1.000000
1779,5,0.250000
1780,4,1.000000
1780,5,0.250000
1781,4,1.000000
1781,5,0.250000
1782,4,1.000000
1782,5,0.250000
1783,4,1.000000
1783,5,0.250000
1784,4,1.000000
1784,5,0.250000
1785,4,1.000000
1785,5,0.250000
1786,4,1.000000
1786,5,0.250000
1787,4,1.000000
1787,5,0.250000
1788,4,1.000000
1788,5,0.250000
1789,4,1.000000
1789,5,0.250000
1790,4,1.000000
1790,5,0.250000
1791,4,1.000000
1791,5,0.250000
1792,4,1.000000
1792,5,0.250000
1793,4,1.000000
1793,5,0.250000
1794,4,1.000000
1794,5,0.250000
1795,4,1.000000
1795,5,0.250000
1796,4,1.000000
1796,5,0.250000
1797,4,1.000000
1797,5,0.250000
1798,4,1.000000
1798,5,0.250000
1799,4,1.000000
1799,5,0.250000
1800,4,1.000000
1800,5,0.250000
1801,4,1.000000
1801,5,0.250000
1802,4,1.000000
1802,5,0.250000
1803,4,1.000000
1803,5,0.250000
1804,4,1.000000
1804,5,0.250000
1805,4,1.000000
1805,5,0.250000
1806,4,1.000000
1806,5,0.250000
1807,4,1.000000
1807,5,0.250000
1808,4,1.000000
1808,5,0.250000
1809,4,1.000000
1809,5,0.250000
1810,4,1.000000
1810,5,0.250000
1811,4,1.000000
1811,5,0.250000
1812,4,1.000000
1812,5,0.250000
1813,4,1.000000
1813,5,0.250000
1814,4,1.000000
1814,5,0.250000
1815,4,1.000000
1815,5,0.250000
1816,4,1.000000
1816,5,0.250000
1817,4,1.000000
1817,5,0.250000
1818,4,1.000000
1818,5,0.250000
1819,4,1.000000
1819,5,0.250000
1820,4,1.000000
1820,5,0.250000
1821,4,1.000000
1821,5,0.250000
1822,4,1.000000
1822,5,0.250000
1823,4,1.000000
1823,5,0.250000
1824,4,1.000000
1824,5,0.250000
1825,4,1.000000
1825,5,0.250000
1826,4,1.000000
1826,5,0.250000
1827,4,1.000000
1827,5,0.250000
1828,4,1.000000
1828,5,0.250000
1829,4,1.000000
1829,5,0.250000
1830,4,1.000000
1830,5,0.250000
1831,4,1.000000
1831,5,0.250000
1832,4,1.000000
1832,5,0.250000
1833,4,1.000000
1833,5,0.250000
1834,4,1.000000
1834,5,0.250000
1835,4,1.000000
1835,5,0.250000
1836,4,1.000000
1836,5,0.250000
1837,4,1.000000
1837,5,0.250000
1838,4,1.000000
1838,5,0.250000
1839,4,1.000000
1839,5,0.250000
1840,4,1.000000
1840,5,0.250000
1841,4,1.000000
1841,5,0.250000
1842,4,1.000000
1842,5,0.250000
1843,4,1.000000
1843,5,0.250000
1844,4,1.000000
1844,5,0.250000
1845,4,1.000000
1845,5,0.250000
1846,4,1.000000
1846,5,0.250000
1847,4,1.000000
1847,5,0.250000
1848,4,1.000000
1848,5,0.250000
1849,4,1.000000
1849,5,0.250000
1850,4,1.000000
1850,5,0.250000
1851,4,1.000000
1851,5,0.250000
1852,4,1.000000
1852,5,0.250000
1853,4,1.000000
1853,5,0.250000
1854,4,1.000000
1854,5,0.250000
1855,4,1.000000
1855,5,0.250000
1856,4,1.000000
1856,5,0.250000
1857,4,1.000000
1857,5,0.250000
1858,4,1.000000
1858,5,0.250000
1859,4,1.000000
1859,5,0.250000
1860,4,1.000000
1860,5,0.250000
1861,4,1.000000
1861,5,0.250000
1862,4,1.000000
1862,5,0.250000
1863,4,1.000000
1863,5,0.250000
1864,4,1.000000
1864,5,0.250000
1865,4,1.000000
1865,5,0.250000
1866,4,1.000000
1866,5,0.250000
1867,4,1.000000
1867,5,0.250000
1868,4,1.000000
1868,5,0.250000
1869,4,1.000000
1869,5,0.250000
1870,4,1.000000
1870,5,0.250000
1871,4,1.000000
1871,5,0.250000
1872,4,1.000000
1872,5,0.250000
1873,4,1.000000
1873,5,0.250000
1874,4,1.000000
1874,5,0.250000
1875,4,1.000000
1875,5,0.250000
1876,4,1.000000
1876,5,0.250000
1877,4,1.000000
1877,5,0.250000
1878,4,1.000000
1878,5,0.250000
1879,4,1.000000
1879,5,0.250000
1880,4,1.000000
1880,5,0.250000
1881,4,1.000000
1881,5,0.250000
1882,4,1.000000
1882,5,0.250000
1883,4,1.000000
1883,5,0.250000
1884,4,1.000000
1884,5,0.250000
1885,4,1.000000
1885,5,0.250000
1886,4,1.000000
1886,5,0.250000
1887,4,1.000000
1887,5,0.250000
1888,4,1.000000
1888,5,0.250000
1889,4,1.000000
1889,5,0.250000
1890,4,1.000000
1890,5,0.250000
1891,4,1.000000
1891,5,0.250000
1892,4,1.000000
1892,5,0.250000
1893,4,1.000000
1893,5,0.250000
1894,4,1.000000
1894,5,0.250000
1895,4,1.000000
1895,5,0.250000
1896,4,1.000000
1896,5,0.250000
1897,4,1.000000
1897,5,0.250000
1898,4,1.000000
1898,5,0.250000
1899,4,1.000000
1899,5,0.250000
1900,4,1.000000
1900,5,0.250000
1901,4,1.000000
1901,5,0.250000
1902,4,1.000000
1902,5,0.250000
1903,4,1.000000
1903,5,0.250000
1904,4,1.000000
1904,5,0.250000
1905,4,1.000000
1905,5,0.250000
1906,4,1.000000
1906,5,0.250000
1907,4,1.000000
1907,5,0.250000
1908,4,1.000000
1908,5,0.250000
1909,4,1.000000
1909,5,0.250000
1910,4,1.000000
1910,5,0.250000
1911,4,1.000000
1911,5,0.250000
1912,4,1.000000
1912,5,0.250000
1913,4,1.000000
1913,5,0.250000
1914,4,1.000000
1914,5,0.250000
1915,4,1.000000
1915,5,0.250000
1916,4,1.000000
1916,5,0.250000
1917,4,1.000000
1917,5,0.250000
1918,4,1.000000
1918,5,0.250000
1919,4,1.000000
1919,5,0.250000
1920,4,1.000000
1920,5,0.250000
1921,4,1.000000
1921,5,0.250000
1922,4,1.000000
1922,5,0.250000
1923,4,1.000000
1923,5,0.250000
1924,4,1.000000
1924,5,0.250000
1925,4,1.000000
1925,5,0.250000
1926,4,1.000000
1926,5,0.250000
1927,4,1.000000
1927,5,0.250000
1928,4,1.000000
1928,5,0.250000
1929,4,1.000000
1929,5,0.250000
1930,4,1.000000
1930,5,0.250000
1931,4,1.000000
1931,5,0.250000
1932,4,1.000000
1932,5,0.250000
1933,4,1.000000
1933,5,0.250000
1934,4,1.000000
1934,5,0.250000
1935,4,1.000000
1935,5,0.250000
1936,4,1.000000
1936,5,0.250000
1937,4,1.000000
1937,5,0.250000
1938,4,1.000000
1938,5,0.250000
1939,4,1.000000
1939,5,0.250000
1940,4,1.000000
1940,5,0.250000
1941,4,1.000000
1941,5,0.250000
1942,4,1.000000
1942,5,0.250000
1943,4,1.000000
1943,5,0.250000
1944,4,1.000000
1944,5,0.250000
1945,4,1.000000
1945,5,0.250000
1946,4,1.000000
1946,5,0.250000
1947,4,1.000000
1947,5,0.250000
1948,4,1.000000
1948,5,0.250000
1949,4,1.000000
1949,5,0.250000
1950,4,1.000000
1950,5,0.250000
1951,4,1.000000
1951,5,0.250000
1952,4,1.000000
1952,5,0.250000
1953,4,1.000000
1953,5,0.250000
1954,4,1.000000
1954,5,0.250000
1955,4,1.000000
1955,5,0.250000
1956,4,1.000000
1956,5,0.250000
1957,4,1.000000
1957,5,0.250000
1958,4,1.000000
1958,5,0.250000
1959,4,1.000000
1959,5,0.250000
1960,4,1.000000
1960,5,0.250000
1961,4,1.000000
1961,5,0.250000
1962,4,1.000000
1962,5,0.250000
1963,4,1.000000
1963,5,0.250000
1964,4,1.000000
1964,5,0.250000
1965,4,1.000000
1965,5,0.250000
1966,4,1.000000
1966,5,0.250000
1967,4,1.000000
1967,5,0.250000
1968,4,1.000000
1968,5,0.250000
1969,4,1.000000
1969,5,0.250000
1970,4,1.000000
1970,5,0.250000
1971,4,1.000000
1971,5,0.250000
1972,4,1.000000
1972,5,0.250000
1973,4,1.000000
1973,5,0.250000
1974,4,1.000000
1974,5,0.250000
1975,4,1.000000
1975,5,0.250000
1976,4,1.000000
1976,5,0.250000
1977,4,1.000000
1977,5,0.250000
1978,4,1.000000
1978,5,0.250000
1979,4,1.000000
1979,5,0.250000
1980,4,1.000000
1980,5,0.250000
1981,4,1.000000
1981,5,0.250000
1982,4,1.000000
1982,5,0.250000
1983,4,1.000000
1983,5,0.250000
1984,4,1.000000
1984,5,0.250000
1985,4,1.000000
1985,5,0.250000
1986,4,1.000000
1986,5,0.250000
1987,4,1.000000
1987,5,0.250000
1988,4,1.000000
1988,5,0.250000
1989,4,1.000000
1989,5,0.250000
1990,4,1.000000
1990,5,0.250000
1991,4,1.000000
1991,5,0.250000
1992,4,1.000000
1992,5,0.250000
1993,4,1.000000
1993,5,0.250000
1994,4,1.000000
1994,5,0.250000
1995,4,1.000000
1995,5,0.250000
1996,4,1.000000
1996,5,0.250000
1997,4,1.000000
1997,5,0.250000
1998,4,1.000000
1998,5,0.250000
1999,4,1.000000
1999,5,0.250000
2000,4,1.000000
2000,5,0.250000
2001,4,1.000000
2001,5,0.250000
2002,4,1.000000
2002,5,0.250000
2003,4,1.000000
2003,5,0.250000
2004,4,1.000000
2004,5,0.250000
2005,4,1.000000
2005,5,0.250000
2006,4,1.000000
2006,5,0.250000
2007,4,1.000000
2007,5,0.250000
2008,4,1.000000
2008,5,0.250000
2009,4,1.000000
2009,5,0.250000
2010,4,1.000000
2010,5,0.250000
2011,4,1.000000
2011,5,0.250000
2012,4,1.000000
2012,5,0.250000
2013,4,1.000000
2013,5,0.250000
2014,4,1.000000
2014,5,0.250000
2015,4,1.000000
2015,5,0.250000
2016,4,1.000000
2016,5,0.250000
2017,4,1.000000
2017,5,0.250000
2018,4,1.000000
2018,5,0.250000
2019,4,1.000000
2019,5,0.250000
2020,4,1.000000
2020,5,0.250000
2021,4,1.000000
2021,5,0.250000
2022,4,1.000000
2022,5,0.250000
2023,4,1.000000
2023,5,0.250000
2024,4,1.000000
2024,5,0.250000
2025,4,1.000000
2025,5,0.250000
2026,4,1.000000
2026,5,0.250000
2027,4,1.000000
2027,5,0.250000
2028,4,1.000000
2028,5,0.250000
2029,4,1.000000
2029,5,0.250000
2030,4,1.000000
2030,5,0.250000
2031,4,1.000000
2031,5,0.250000
2032,4,1.000000
2032,5,0.250000
2033,4,1.000000
2033,5,0.250000
2034,4,1.000000
2034,5,0.250000
2035,4,1.000000
2035,5,0.250000
2036,4,1.000000
2036,5,0.250000
2037,4,1.000000
2037,5,0.250000
2038,4,1.000000
2038,5,0.250000
2039,4,1.000000
2039,5,0.250000
2040,4,1.000000
2040,5,0.250000
2041,4,1.000000
2041,5,0.250000
2042,4,1.000000
2042,5,0.250000
2043,4,1.000000
2043,5,0.250000
2044,4,1.000000
2044,5,0.250000
2045,4,1.000000
2045,5,0.250000
2046,4,1.000000
2046,5,0.250000
2047,4,1.000000
2047,5,0.250000
2048,4,1.000000
2048,5,0.250000
2049,4,1.000000
2049,5,0.250000
2050,4,1.000000
2050,5,0.250000
2051,4,1.000000
2051,5,0.250000
2052,4,1.000000
2052,5,0.250000
2053,4,1.000000
2053,5,0.250000
2054,4,1.000000
2054,5,0.250000
2055,4,1.000000
2055,5,0.250000
2056,4,1.000000
2056,5,0.250000
2057,4,1.000000
2057,5,0.250000
2058,4,1.000000
2058,5,0.250000
2059,4,1.000000
2059,5,0.250000
2060,4,1.000000
2060,5,0.250000
2061,4,1.000000
2061,5,0.250000
2062,4,1.000000
2062,5,0.250000
2063,4,1.000000
2063,5,0.250000
2064,4,1.000000
2064,5,0.250000
2065,4,1.000000
2065,5,0.250000
2066,4,1.000000
2066,5,0.250000
2067,4,1.000000
2067,5,0.250000
2068,4,1.000000
2068,5,0.250000
2069,4,1.000000
2069,5,0.250000
2070,4,1.000000
2070,5,0.250000
2071,4,1.000000
2071,5,0.250000
2072,4,1.000000
2072,5,0.250000
2073,4,1.000000
2073,5,0.250000
2074,4,1.000000
2074,5,0.250000
2075,4,1.000000
2075,5,0.250000
2076,4,1.000000
2076,5,0.250000
2077,4,1.000000
2077,5,0.250000
2078,4,1.000000
2078,5,0.250000
2079,4,1.000000
2079,5,0.250000
2080,4,1.000000
2080,5,0.250000
2081,4,1.000000
2081,5,0.250000
2082,4,1.000000
2082,5,0.250000
2083,4,1.000000
2083,5,0.250000
2084,4,1.000000
2084,5,0.250000
2085,4,1.000000
2085,5,0.250000
2086,4,1.000000
2086,5,0.250000
2087,4,1.000000
2087,5,0.250000
2088,4,1.000000
2088,5,0.250000
2089,4,1.000000
2089,5,0.250000
2090,4,1.000000
2090,5,0.250000
2091,4,1.000000
2091,5,0.250000
2092,4,1.000000
2092,5,0.250000
2093,4,1.000000
2093,5,0.250000
2094,4,1.000000
2094,5,0.250000
2095,4,1.000000
2095,5,0.250000
2096,4,1.000000
2096,5,0.250000
2097,4,1.000000
2097,5,0.250000
2098,4,1.000000
2098,5,0.250000
2099,4,1.000000
2099,5,0.250000
2100,4,1.000000
2100,5,0.250000
2101,4,1.000000
2101,5,0.250000
2102,4,1.000000
2102,5,0.250000
2103,4,1.000000
2103,5,0.250000
2104,4,1.000000
2104,5,0.250000
2105,4,1.000000
2105,5,0.250000
2106,4,1.000000
2106,5,0.250000
2107,4,1.000000
2107,5,0.250000
2108,4,1.000000
2108,5,0.250000
2109,4,1.000000
2109,5,0.250000
2110,4,1.000000
2110,5,0.250000
2111,4,1.000000
2111,5,0.250000
2112,4,1.000000
2112,5,0.250000
2113,4,1.000000
2113,5,0.250000
2114,4,1.000000
2114,5,0.250000
2115,4,1.000000
2115,5,0.250000
2116,4,1.000000
2116,5,0.250000
2117,4,1.000000
2117,5,0.250000
2118,4,1.000000
2118,5,0.250000
2119,4,1.000000
2119,5,0.250000
2120,4,1.000000
2120,5,0.250000
2121,4,1.000000
2121,5,0.250000
2122,4,1.000000
2122,5,0.250000
2123,4,1.000000
2123,5,0.250000
2124,4,1.000000
2124,5,0.250000
2125,4,1.000000
2125,5,0.250000
2126,4,1.000000
2126,5,0.250000
2127,4,1.000000
2127,5,0.250000
2128,4,1.000000
2128,5,0.250000
2129,4,1.000000
2129,5,0.250000
2130,4,1.000000
2130,5,0.250000
2131,4,1.000000
2131,5,0.250000
2132,4,1.000000
2132,5,0.250000
2133,4,1.000000
2133,5,0.250000
2134,4,1.000000
2134,5,0.250000
2135,4,1.000000
2135,5,0.250000
2136,4,1.000000
2136,5,0.250000
2137,4,1.000000
2137,5,0.250000
2138,4,1.000000
2138,5,0.250000
2139,4,1.000000
2139,5,0.250000
2140,4,1.000000
2140,5,0.250000
2141,4,1.000000
2141,5,0.250000
2142,4,1.000000
2142,5,0.250000
2143,4,1.000000
2143,5,0.250000
2144,4,1.000000
2144,5,0.250000
2145,4,1.000000
2145,5,0.250000
2146,4,1.000000
2146,5,0.250000
2147,4,1.000000
2147,5,0.250000
2148,4,1.000000
2148,5,0.250000
2149,4,1.000000
2149,5,0.250000
2150,4,1.000000
2150,5,0.250000
2151,4,1.000000
2151,5,0.250000
2152,4,1.000000
2152,5,0.250000
2153,4,1.000000
2153,5,0.250000
2154,4,1.000000
2154,5,0.250000
2155,4,1.000000
2155,5,0.250000
2156,4,1.000000
2156,5,0.250000
2157,4,1.000000
2157,5,0.250000
2158,4,1.000000
2158,5,0.250000
2159,4,1.000000
2159,5,0.250000
2160,4,1.000000
2160,5,0.250000
2161,4,1.000000
2161,5,0.250000
2162,4,1.000000
2162,5,0.250000
2163,4,1.000000
2163,5,0.250000
2164,4,1.000000
2164,5,0.250000
2165,4,1.000000
2165,5,0.250000
2166,4,1.000000
2166,5,0.250000
2167,4,1.000000
2167,5,0.250000
2168,4,1.000000
2168,5,0.250000
2169,4,1.000000
2169,5,0.250000
2170,4,1.000000
2170,5,0.250000
2171,4,1.000000
2171,5,0.250000
2172,4,1.000000
2172,5,0.250000
2173,4,1.000000
2173,5,0.250000
2174,4,1.000000
2174,5,0.250000
2175,4,1.000000
2175,5,0.250000
2176,4,1.000000
2176,5,0.250000
2177,4,1.000000
2177,5,0.250000
2178,4,1.000000
2178,5,0.250000
2179,4,1.000000
2179,5,0.250000
2180,4,1.000000
2180,5,0.250000
2181,4,1.000000
2181,5,0.250000
2182,4,1.000000
2182,5,0.250000
2183,4,1.000000
2183,5,0.250000
2184,4,1.000000
2184,5,0.250000
2185,4,1.000000
2185,5,0.250000
2186,4,1.000000
2186,5,0.250000
2187,4,1.000000
2187,5,0.250000
2188,4,1.000000
2188,5,0.250000
2189,4,1.000000
2189,5,0.250000
2190,4,1.000000
2190,5,0.250000
2191,4,1.000000
2191,5,0.250000
2192,4,1.000000
2192,5,0.250000
2193,4,1.000000
2193,5,0.250000
2194,4,1.000000
2194,5,0.250000
2195,4,1.000000
2195,5,0.250000
2196,4,1.000000
2196,5,0.250000
2197,4,1.000000
2197,5,0.250000
2198,4,1.000000
2198,5,0.250000
2199,4,1.000000
2199,5,0.250000
2200,4,1.000000
2200,5,0.250000
2201,4,1.000000
2201,5,0.250000
2202,4,1.000000
2202,5,0.250000
2203,4,1.000000
2203,5,0.250000
2204,4,1.000000
2204,5,0.250000
2205,4,1.000000
2205,5,0.250000
2206,4,1.000000
2206,5,0.250000
2207,4,1.000000
2207,5,0.250000
2208,4,1.000000
2208,5,0.250000
2209,4,1.000000
2209,5,0.250000
2210,4,1.000000
2210,5,0.250000
2211,4,1.000000
2211,5,0.250000
2212,4,1.000000
2212,5,0.250000
2213,4,1.000000
2213,5,0.250000
2214,4,1.000000
2214,5,0.250000
2215,4,1.000000
2215,5,0.250000
2216,4,1.000000
2216,5,0.250000
2217,4,1.000000
2217,5,0.250000
2218,4,1.000000
2218,5,0.250000
2219,4,1.000000
2219,5,0.250000
2220,4,1.000000
2220,5,0.250000
2221,4,1.000000
2221,5,0.250000
2222,4,1.000000
2222,5,0.250000
2223,4,1.000000
2223,5,0.250000
2224,4,1.000000
2224,5,0.250000
2225,4,1.000000
2225,5,0.250000
2226,4,1.000000
2226,5,0.250000
2227,4,1.000000
2227,5,0.250000
2228,4,1.000000
2228,5,0.250000
2229,4,1.000000
2229,5,0.250000
2230,4,1.000000
2230,5,0.250000
2231,4,1.000000
2231,5,0.250000
2232,4,1.000000
2232,5,0.250000
2233,4,1.000000
2233,5,0.250000
2234,4,1.000000
2234,5,0.250000
2235,4,1.000000
2235,5,0.250000
2236,4,1.000000
2236,5,0.250000
2237,4,1.000000
2237,5,0.250000
2238,4,1.000000
2238,5,0.250000
2239,4,1.000000
2239,5,0.250000
2240,4,1.000000
2240,5,0.250000
2241,4,1.000000
2241,5,0.250000
2242,4,1.000000
2242,5,0.250000
2243,4,1.000000
2243,5,0.250000
2244,4,1.000000
2244,5,0.250000
2245,4,1.000000
2245,5,0.250000
2246,4,1.000000
2246,5,0.250000
2247,4,1.000000
2247,5,0.250000
2248,4,1.000000
2248,5,0.250000
2249,4,1.000000
2249,5,0.250000
2250,4,1.000000
2250,5,0.250000
2251,4,1.000000
2251,5,0.250000
2252,4,1.000000
2252,5,0.250000
2253,4,1.000000
2253,5,0.250000
2254,4,1.000000
2254,5,0.250000
2255,4,1.000000
2255,5,0.250000
2256,4,1.000000
2256,5,0.250000
2257,4,1.000000
2257,5,0.250000
2258,4,1.000000
2258,5,0.250000
2259,4,1.000000
2259,5,0.250000
2260,4,1.000000
2260,5,0.250000
2261,4,1.000000
2261,5,0.250000
2262,4,1.000000
2262,5,0.250000
2263,4,1.000000
2263,5,0.250000
2264,4,1.000000
2264,5,0.250000
2265,4,1.000000
2265,5,0.250000
2266,4,1.000000
2266,5,0.250000
2267,4,1.000000
2267,5,0.250000
2268,4,1.000000
2268,5,0.250000
2269,4,1.000000
2269,5,0.250000
2270,4,1.000000
2270,5,0.250000
2271,4,1.000000
2271,5,0.250000
2272,4,1.000000
2272,5,0.250000
2273,4,1.000000
2273,5,0.250000
2274,4,1.000000
2274,5,0.250000
2275,4,1.000000
2275,5,0.250000
2276,4,1.000000
2276,5,0.250000
2277,4,1.000000
2277,5,0.250000
2278,4,1.000000
2278,5,0.250000
2279,4,1.000000
2279,5,0.250000
2280,4,1.000000
2280,5,0.250000
2281,4,1.000000
2281,5,0.250000
2282,4,1.000000
2282,5,0.250000
2283,4,1.000000
2283,5,0.250000
2284,4,1.000000
2284,5,0.250000
2285,4,1.000000
2285,5,0.250000
2286,4,1.000000
2286,5,0.250000
2287,4,1.000000
2287,5,0.250000
2288,4,1.000000
2288,5,0.250000
2289,4,1.000000
2289,5,0.250000
2290,4,1.000000
2290,5,0.250000
2291,4,1.000000
2291,5,0.250000
2292,4,1.000000
2292,5,0.250000
2293,4,1.000000
2293,5,0.250000
2294,4,1.000000
2294,5,0.250000
2295,4,1.000000
2295,5,0.250000
2296,4,1.000000
2296,5,0.250000
2297,4,1.000000
2297,5,0.250000
2298,4,1.000000
2298,5,0.250000
2299,4,1.000000
2299,5,0.250000
2300,4,1.000000
2300,5,0.250000
2301,4,1.000000
2301,5,0.250000
2302,4,1.000000
2302,5,0.250000
2303,4,1.000000
2303,5,0.250000
2304,4,1.000000
2304,5,0.250000
2305,4,1.000000
2305,5,0.250000
2306,4,1.000000
2306,5,0.250000
2307,4,1.000000
2307,5,0.250000
2308,4,1.000000
2308,5,0.250000
2309,4,1.000000
2309,5,0.250000
2310,4,1.000000
2310,5,0.250000
2311,4,1.000000
2311,5,0.250000
2312,4,1.000000
2312,5,0.250000
2313,4,1.000000
2313,5,0.250000
2314,4,1.000000
2314,5,0.250000
2315,4,1.000000
2315,5,0.250000
2316,4,1.000000
2316,5,0.250000
2317,4,1.000000
2317,5,0.250000
2318,4,1.000000
2318,5,0.250000
2319,4,1.000000
2319,5,0.250000
2320,4,1.000000
2320,5,0.250000
2321,4,1.000000
2321,5,0.250000
2322,4,1.000000
2322,5,0.250000
2323,4,1.000000
2323,5,0.250000
2324,4,1.000000
2324,5,0.250000
2325,4,1.000000
2325,5,0.250000
2326,4,1.000000
2326,5,0.250000
2327,4,1.000000
2327,5,0.250000
2328,4,1.000000
2328,5,0.250000
2329,4,1.000000
2329,5,0.250000
2330,4,1.000000
2330,5,0.250000
2331,4,1.000000
2331,5,0.250000
2332,4,1.000000
2332,5,0.250000
2333,4,1.000000
2333,5,0.250000
2334,4,1.000000
2334,5,0.250000
2335,4,1.000000
2335,5,0.250000
2336,4,1.000000
2336,5,0.250000
2337,4,1.000000
2337,5,0.250000
2338,4,1.000000
2338,5,0.250000
2339,4,1.000000
2339,5,0.250000
2340,4,1.000000
2340,5,0.250000
2341,4,1.000000
2341,5,0.250000
2342,4,1.000000
2342,5,0.250000
2343,4,1.000000
2343,5,0.250000
2344,4,1.000000
2344,5,0.250000
2345,4,1.000000
2345,5,0.250000
2346,4,1.000000
2346,5,0.250000
2347,4,1.000000
2347,5,0.250000
2348,4,1.000000
2348,5,0.250000
2349,4,1.000000
2349,5,0.250000
2350,4,1.000000
2350,5,0.250000
2351,4,1.000000
2351,5,0.250000
2352,4,1.000000
2352,5,0.250000
2353,4,1.000000
2353,5,0.250000
2354,4,1.000000
2354,5,0.250000
2355,4,1.000000
2355,5,0.250000
2356,4,1.000000
2356,5,0.250000
2357,4,1.000000
2357,5,0.250000
2358,4,1.000000
2358,5,0.250000
2359,4,1.000000
2359,5,0.250000
2360,4,1.000000
2360,5,0.250000
2361,4,1.000000
2361,5,0.250000
2362,4,1.000000
2362,5,0.250000
2363,4,1.000000
2363,5,0.250000
2364,4,1.000000
2364,5,0.250000
2365,4,1.000000
2365,5,0.250000
2366,4,1.000000
2366,5,0.250000
2367,4,1.000000
2367,5,0.250000
2368,4,1.000000
2368,5,0.250000
2369,4,1.000000
2369,5,0.250000
2370,4,1.000000
2370,5,0.250000
2371,4,1.000000
2371,5,0.250000
2372,4,1.000000
2372,5,0.250000
2373,4,1.000000
2373,5,0.250000
2374,4,1.000000
2374,5,0.250000
2375,4,1.000000
2375,5,0.250000
2376,4,1.000000
2376,5,0.250000
2377,4,1.000000
2377,5,0.250000
2378,4,1.000000
2378,5,0.250000
2379,4,1.000000
2379,5,0.250000
2380,4,1.000000
2380,5,0.250000
2381,4,1.000000
2381,5,0.250000
2382,4,1.000000
2382,5,0.250000
2383,4,1.000000
2383,5,0.250000
2384,4,1.000000
2384,5,0.250000
2385,4,1.000000
2385,5,0.250000
2386,4,1.000000
2386,5,0.250000
2387,4,1.000000
2387,5,0.250000
2388,4,1.000000
2388,5,0.250000
2389,4,1.000000
2389,5,0.250000
2390,4,1.000000
2390,5,0.250000
2391,4,1.000000
2391,5,0.250000
2392,4,1.000000
2392,5,0.250000
2393,4,1.000000
2393,5,0.250000
2394,4,1.000000
2394,5,0.250000
2395,4,1.000000
2395,5,0.250000
2396,4,1.000000
2396,5,0.250000
2397,4,1.000000
2397,5,0.250000
2398,4,1.000000
2398,5,0.250000
2399,4,1.000000
2399,5,0.250000
2400,4,1.000000
2400,5,0.250000
2401,4,1.000000
2401,5,0.250000
2402,4,1.000000
2402,5,0.250000
2403,4,1.000000
2403,5,0.250000
2404,4,1.000000
2404,5,0.250000
2405,4,1.000000
2405,5,0.250000
2406,4,1.000000
2406,5,0.250000
2407,4,1.000000
2407,5,0.250000
2408,4,1.000000
2408,5,0.250000
2409,4,1.000000
2409,5,0.250000
2410,4,1.000000
2410,5,0.250000
2411,4,1.000000
2411,5,0.250000
2412,4,1.000000
2412,5,0.250000
2413,4,1.000000
2413,5,0.250000
2414,4,1.000000
2414,5,0.250000
2415,4,1.000000
2415,5,0.250000
2416,4,1.000000
2416,5,0.250000
2417,4,1.000000
2417,5,0.250000
2418,4,1.000000
2418,5,0.250000
2419,4,1.000000
2419,5,0.250000
2420,4,1.000000
2420,5,0.250000
2421,4,1.000000
2421,5,0.250000
2422,4,1.000000
2422,5,0.250000
2423,4,1.000000
2423,5,0.250000
2424,4,1.000000
2424,5,0.250000
2425,4,1.000000
2425,5,0.250000
2426,4,1.000000
2426,5,0.250000
2427,4,1.000000
2427,5,0.250000
2428,4,1.000000
2428,5,0.250000
2429,4,1.000000
2429,5,0.250000
2430,4,1.000000
2430,5,0.250000
2431,4,1.000000
2431,5,0.250000
2432,4,1.000000
2432,5,0.250000
2433,4,1.000000
2433,5,0.250000
2434,4,1.000000
2434,5,0.250000
2435,4,1.000000
2435,5,0.250000
2436,4,1.000000
2436,5,0.250000
2437,4,1.000000
2437,5,0.250000
2438,4,1.000000
2438,5,0.250000
2439,4,1.000000
2439,5,0.250000
2440,4,1.000000
2440,5,0.250000
2441,4,1.000000
2441,5,0.250000
2442,4,1.000000
2442,5,0.250000
2443,4,1.000000
2443,5,0.250000
2444,4,1.000000
2444,5,0.250000
2445,4,1.000000
2445,5,0.250000
2446,4,1.000000
2446,5,0.250000
2447,4,1.000000
2447,5,0.250000
2448,4,1.000000
2448,5,0.250000
2449,4,1.000000
2449,5,0.250000
2450,4,1.000000
2450,5,0.250000
2451,4,1.000000
2451,5,0.250000
2452,4,1.000000
2452,5,0.250000
2453,4,1.000000
2453,5,0.250000
2454,4,1.000000
2454,5,0.250000
2455,4,1.000000
2455,5,0.250000
2456,4,1.000000
2456,5,0.250000
2457,4,1.000000
2457,5,0.250000
2458,4,1.000000
2458,5,0.250000
2459,4,1.000000
2459,5,0.250000
2460,4,1.000000
2460,5,0.250000
2461,4,1.000000
2461,5,0.250000
2462,4,1.000000
2462,5,0.250000
2463,4,1.000000
2463,5,0.250000
2464,4,1.000000
2464,5,0.250000
2465,4,1.000000
2465,5,0.250000
2466,4,1.000000
2466,5,0.250000
2467,4,1.000000
2467,5,0.250000
2468,4,1.000000
2468,5,0.250000
2469,4,1.000000
2469,5,0.250000
2470,4,1.000000
2470,5,0.250000
2471,4,1.000000
2471,5,0.250000
2472,4,1.000000
2472,5,0.250000
2473,4,1.000000
2473,5,0.250000
2474,4,1.000000
2474,5,0.250000
2475,4,1.000000
2475,5,0.250000
2476,4,1.000000
2476,5,0.250000
2477,4,1.000000
2477,5,0.250000
2478,4,1.000000
2478,5,0.250000
2479,4,1.000000
2479,5,0.250000
2480,4,1.000000
2480,5,0.250000
2481,4,1.000000
2481,5,0.250000
2482,4,1.000000
2482,5,0.250000
2483,4,1.000000
2483,5,0.250000
2484,4,1.000000
2484,5,0.250000
2485,4,1.000000
2485,5,0.250000
2486,4,1.000000
2486,5,0.250000
2487,4,1.000000
2487,5,0.250000
2488,4,1.000000
2488,5,0.250000
2489,4,1.000000
2489,5,0.250000
2490,4,1.000000
2490,5,0.250000
2491,4,1.000000
2491,5,0.250000
2492,4,1.000000
2492,5,0.250000
2493,4,1.000000
2493,5,0.250000
2494,4,1.000000
2494,5,0.250000
2495,4,1.000000
2495,5,0.250000
2496,4,1.000000
2496,5,0.250000
2497,4,1.000000
2497,5,0.250000
2498,4,1.000000
2498,5,0.250000
2499,4,1.000000
2499,5,0.250000
2500,4,1.000000
2500,5,0.250000
2501,4,1.000000
2501,5,0.250000
2502,4,1.000000
2502,5,0.250000
2503,4,1.000000
2503,5,0.250000
2504,4,1.000000
2504,5,0.250000
2505,4,1.000000
2505,5,0.250000
2506,4,1.000000
2506,5,0.250000
2507,4,1.000000
2507,5,0.250000
2508,4,1.000000
2508,5,0.250000
2509,4,1.000000
2509,5,0.250000
2510,4,1.000000
2510,5,0.250000
2511,4,1.000000
2511,5,0.250000
2512,4,1.000000
2512,5,0.250000
2513,4,1.000000
2513,5,0.250000
2514,4,1.000000
2514,5,0.250000
2515,4,1.000000
2515,5,0.250000
2516,4,1.000000
2516,5,0.250000
2517,4,1.000000
2517,5,0.250000
2518,4,1.000000
2518,5,0.250000
2519,4,1.000000
2519,5,0.250000
2520,4,1.000000
2520,5,0.250000
2521,4,1.000000
2521,5,0.250000
2522,4,1.000000
2522,5,0.250000
2523,4,1.000000
2523,5,0.250000
2524,4,1.000000
2524,5,0.250000
2525,4,1.000000
2525,5,0.250000
2526,4,1.000000
2526,5,0.250000
2527,4,1.000000
2527,5,0.250000
2528,4,1.000000
2528,5,0.250000
2529,4,1.000000
2529,5,0.250000
2530,4,1.000000
2530,5,0.250000
2531,4,1.000000
2531,5,0.250000
2532,4,1.000000
2532,5,0.250000
2533,4,1.000000
2533,5,0.250000
2534,4,1.000000
2534,5,0.250000
2535,4,1.000000
2535,5,0.250000
2536,4,1.000000
2536,5,0.250000
2537,4,1.000000
2537,5,0.250000
2538,4,1.000000
2538,5,0.250000
2539,4,1.000000
2539,5,0.250000
2540,4,1.000000
2540,5,0.250000
2541,4,1.000000
2541,5,0.250000
2542,4,1.000000
2542,5,0.250000
2543,4,1.000000
2543,5,0.250000
2544,4,1.000000
2544,5,0.250000
2545,4,1.000000
2545,5,0.250000
2546,4,1.000000
2546,5,0.250000
2547,4,1.000000
2547,5,0.250000
2548,4,1.000000
2548,5,0.250000
2549,4,1.000000
2549,5,0.250000
2550,4,1.000000
2550,5,0.250000
2551,4,1.000000
2551,5,0.250000
2552,4,1.000000
2552,5,0.250000
2553,4,1.000000
2553,5,0.250000
2554,4,1.000000
2554,5,0.250000
2555,4,1.000000
2555,5,0.250000
2556,4,1.000000
2556,5,0.250000
2557,4,1.000000
2557,5,0.250000
2558,4,1.000000
2558,5,0.250000
2559,4,1.000000
2559,5,0.250000
2560,4,1.000000
2560,5,0.250000
2561,4,1.000000
2561,5,0.250000
2562,4,1.000000
2562,5,0.250000
2563,4,1.000000
2563,5,0.250000
2564,4,1.000000
2564,5,0.250000
2565,4,1.000000
2565,5,0.250000
2566,4,1.000000
2566,5,0.250000
2567,4,1.000000
2567,5,0.250000
2568,4,1.000000
2568,5,0.250000
2569,4,1.000000
2569,5,0.250000
2570,4,1.000000
2570,5,0.250000
2571,4,1.000000
2571,5,0.250000
2572,4,1.000000
2572,5,0.250000
2573,4,1.000000
2573,5,0.250000
2574,4,1.000000
2574,5,0.250000
2575,4,1.000000
2575,5,0.250000
2576,4,1.000000
2576,5,0.250000
2577,4,1.000000
2577,5,0.250000
2578,4,1.000000
2578,5,0.250000
2579,4,1.000000
2579,5,0.250000
2580,4,1.000000
2580,5,0.250000
2581,4,1.000000
2581,5,0.250000
2582,4,1.000000
2582,5,0.250000
2583,4,1.000000
2583,5,0.250000
2584,4,1.000000
2584,5,0.250000
2585,4,1.000000
2585,5,0.250000
2586,4,1.000000
2586,5,0.250000
2587,4,1.000000
2587,5,0.250000
2588,4,1.000000
2588,5,0.250000
2589,4,1.000000
2589,5,0.250000
2590,4,1.000000
2590,5,0.250000
2591,4,1.000000
2591,5,0.250000
2592,4,1.000000
2592,5,0.250000
2593,4,1.000000
2593,5,0.250000
2594,4,1.000000
2594,5,0.250000
2595,4,1.000000
2595,5,0.250000
2596,4,1.000000
2596,5,0.250000
2597,4,1.000000
2597,5,0.250000
2598,4,1.000000
2598,5,0.250000
2599,4,1.000000
2599,5,0.250000
2600,4,1.000000
2600,5,0.250000
2601,4,1.000000
2601,5,0.250000
2602,4,1.000000
2602,5,0.250000
2603,4,1.000000
2603,5,0.250000
2604,4,1.000000
2604,5,0.250000
2605,4,1.000000
2605,5,0.250000
2606,4,1.000000
2606,5,0.250000
2607,4,1.000000
2607,5,0.250000
2608,4,1.000000
2608,5,0.250000
2609,4,1.000000
2609,5,0.250000
2610,4,1.000000
2610,5,0.250000
2611,4,1.000000
2611,5,0.250000
2612,4,1.000000
2612,5,0.250000
2613,4,1.000000
2613,5,0.250000
2614,4,1.000000
2614,5,0.250000
2615,4,1.000000
2615,5,0.250000
2616,4,1.000000
2616,5,0.250000
2617,4,1.000000
2617,5,0.250000
2618,4,1.000000
2618,5,0.250000
2619,4,1.000000
2619,5,0.250000
2620,4,1.000000
2620,5,0.250000
2621,4,1.000000
2621,5,0.250000
2622,4,1.000000
2622,5,0.250000
2623,4,1.000000
2623,5,0.250000
2624,4,1.000000
2624,5,0.250000
2625,4,1.000000
2625,5,0.250000
2626,4,1.000000
2626,5,0.250000
2627,4,1.000000
2627,5,0.250000
2628,4,1.000000
2628,5,0.250000
2629,4,1.000000
2629,5,0.250000
2630,4,1.000000
2630,5,0.250000
2631,4,1.000000
2631,5,0.250000
2632,4,1.000000
2632,5,0.250000
2633,4,1.000000
2633,5,0.250000
2634,4,1.000000
2634,5,0.250000
2635,4,1.000000
2635,5,0.250000
2636,4,1.000000
2636,5,0.250000
2637,4,1.000000
2637,5,0.250000
2638,4,1.000000
2638,5,0.250000
2639,4,1.000000
2639,5,0.250000
2640,4,1.000000
2640,5,0.250000
2641,4,1.000000
2641,5,0.250000
2642,4,1.000000
2642,5,0.250000
2643,4,1.000000
2643,5,0.250000
2644,4,1.000000
2644,5,0.250000
2645,4,1.000000
2645,5,0.250000
2646,4,1.000000
2646,5,0.250000
2647,4,1.000000
2647,5,0.250000
2648,4,1.000000
2648,5,0.250000
2649,4,1.000000
2649,5,0.250000
2650,4,1.000000
2650,5,0.250000
2651,4,1.000000
2651,5,0.250000
2652,4,1.000000
2652,5,0.250000
2653,4,1.000000
2653,5,0.250000
2654,4,1.000000
2654,5,0.250000
2655,4,1.000000
2655,5,0.250000
2656,4,1.000000
2656,5,0.250000
2657,4,1.000000
2657,5,0.250000
2658,4,1.000000
2658,5,0.250000
2659,4,1.000000
2659,5,0.250000
2660,4,1.000000
2660,5,0.250000
2661,4,1.000000
2661,5,0.250000
2662,4,1.000000
2662,5,0.250000
2663,4,1.000000
2663,5,0.250000
2664,4,1.000000
2664,5,0.250000
2665,4,1.000000
2665,5,0.250000
2666,4,1.000000
2666,5,0.250000
2667,4,1.000000
2667,5,0.250000
2668,4,1.000000
2668,5,0.250000
2669,4,1.000000
2669,5,0.250000
2670,4,1.000000
2670,5,0.250000
2671,4,1.000000
2671,5,0.250000
2672,4,1.000000
2672,5,0.250000
2673,4,1.000000
2673,5,0.250000
2674,4,1.000000
2674,5,0.250000
2675,4,1.000000
2675,5,0.250000
2676,4,1.000000
2676,5,0.250000
2677,4,1.000000
2677,5,0.250000
2678,4,1.000000
2678,5,0.250000
2679,4,1.000000
2679,5,0.250000
2680,4,1.000000
2680,5,0.250000
2681,4,1.000000
2681,5,0.250000
2682,4,1.000000
2682,5,0.250000
2683,4,1.000000
2683,5,0.250000
2684,4,1.000000
2684,5,0.250000
2685,4,1.000000
2685,5,0.250000
2686,4,1.000000
2686,5,0.250000
2687,4,1.000000
2687,5,0.250000
2688,4,1.000000
2688,5,0.250000
2689,4,1.000000
2689,5,0.250000
2690,4,1.000000
2690,5,0.250000
2691,4,1.000000
2691,5,0.250000
2692,4,1.000000
2692,5,0.250000
2693,4,1.000000
2693,5,0.250000
2694,4,1.000000
2694,5,0.250000
2695,4,1.000000
2695,5,0.250000
2696,4,1.000000
2696,5,0.250000
2697,4,1.000000
2697,5,0.250000
2698,4,1.000000
2698,5,0.250000
2699,4,1.000000
2699,5,0.250000
2700,4,1.000000
2700,5,0.250000
2701,4,1.000000
2701,5,0.250000
2702,4,1.000000
2702,5,0.250000
2703,4,1.000000
2703,5,0.250000
2704,4,1.000000
2704,5,0.250000
2705,4,1.000000
2705,5,0.250000
2706,4,1.000000
2706,5,0.250000
2707,4,1.000000
2707,5,0.250000
2708,4,1.000000
2708,5,0.250000
2709,4,1.000000
2709,5,0.250000
2710,4,1.000000
2710,5,0.250000
2711,4,1.000000
2711,5,0.250000
2712,4,1.000000
2712,5,0.250000
2713,4,1.000000
2713,5,0.250000
2714,4,1.000000
2714,5,0.250000
2715,4,1.000000
2715,5,0.250000
2716,4,1.000000
2716,5,0.250000
2717,4,1.000000
2717,5,0.250000
2718,4,1.000000
2718,5,0.250000
2719,4,1.000000
2719,5,0.250000
2720,4,1.000000
2720,5,0.250000
2721,4,1.000000
2721,5,0.250000
2722,4,1.000000
2722,5,0.250000
2723,4,1.000000
2723,5,0.250000
2724,4,1.000000
2724,5,0.250000
2725,4,1.000000
2725,5,0.250000
2726,4,1.000000
2726,5,0.250000
2727,4,1.000000
2727,5,0.250000
2728,4,1.000000
2728,5,0.250000
2729,4,1.000000
2729,5,0.250000
2730,4,1.000000
2730,5,0.250000
2731,4,1.000000
2731,5,0.250000
2732,4,1.000000
2732,5,0.250000
2733,4,1.000000
2733,5,0.250000
2734,4,1.000000
2734,5,0.250000
2735,4,1.000000
2735,5,0.250000
2736,4,1.000000
2736,5,0.250000
2737,4,1.000000
2737,5,0.250000
2738,4,1.000000
2738,5,0.250000
2739,4,1.000000
2739,5,0.250000
2740,4,1.000000
2740,5,0.250000
2741,4,1.000000
2741,5,0.250000
2742,4,1.000000
2742,5,0.250000
2743,4,1.000000
2743,5,0.250000
2744,4,1.000000
2744,5,0.250000
2745,4,1.000000
2745,5,0.250000
2746,4,1.000000
2746,5,0.250000
2747,4,1.000000
2747,5,0.250000
2748,4,1.000000
2748,5,0.250000
2749,4,1.000000
2749,5,0.250000
2750,4,1.000000
2750,5,0.250000
2751,4,1.000000
2751,5,0.250000
2752,4,1.000000
2752,5,0.250000
2753,4,1.000000
2753,5,0.250000
2754,4,1.000000
2754,5,0.250000
2755,4,1.000000
2755,5,0.250000
2756,4,1.000000
2756,5,0.250000
2757,4,1.000000
2757,5,0.250000
2758,4,1.000000
2758,5,0.250000
2759,4,1.000000
2759,5,0.250000
2760,4,1.000000
2760,5,0.250000
2761,4,1.000000
2761,5,0.250000
2762,4,1.000000
2762,5,0.250000
2763,4,1.000000
2763,5,0.250000
2764,4,1.000000
2764,5,0.250000
2765,4,1.000000
2765,5,0.250000
2766,4,1.000000
2766,5,0.250000
2767,4,1.000000
2767,5,0.250000
2768,4,1.000000
2768,5,0.250000
2769,4,1.000000
2769,5,0.250000
2770,4,1.000000
2770,5,0.250000
2771,4,1.000000
2771,5,0.250000
2772,4,1.000000
2772,5,0.250000
2773,4,1.000000
2773,5,0.250000
2774,4,1.000000
2774,5,0.250000
2775,4,1.000000
2775,5,0.250000
2776,4,1.000000
2776,5,0.250000
2777,4,1.000000
2777,5,0.250000
2778,4,1.000000
2778,5,0.250000
2779,4,1.000000
2779,5,0.250000
2780,4,1.000000
2780,5,0.250000
2781,4,1.000000
2781,5,0.250000
2782,4,1.000000
2782,5,0.250000
2783,4,1.000000
2783,5,0.250000
2784,4,1.000000
2784,5,0.250000
2785,4,1.000000
2785,5,0.250000
2786,4,1.000000
2786,5,0.250000
2787,4,1.000000
2787,5,0.250000
2788,4,1.000000
2788,5,0.250000
2789,4,1.000000
2789,5,0.250000
2790,4,1.000000
2790,5,0.250000
2791,4,1.000000
2791,5,0.250000
2792,4,1.000000
2792,5,0.250000
2793,4,1.000000
2793,5,0.250000
2794,4,1.000000
2794,5,0.250000
2795,4,1.000000
2795,5,0.250000
2796,4,1.000000
2796,5,0.250000
2797,4,1.000000
2797,5,0.250000
2798,4,1.000000
2798,5,0.250000
2799,4,1.000000
2799,5,0.250000
2800,4,1.000000
2800,5,0.250000
2801,4,1.000000
2801,5,0.250000
2802,4,1.000000
2802,5,0.250000
2803,4,1.000000
2803,5,0.250000
2804,4,1.000000
2804,5,0.250000
2805,4,1.000000
2805,5,0.250000
2806,4,1.000000
2806,5,0.250000
2807,4,1.000000
2807,5,0.250000
2808,4,1.000000
2808,5,0.250000
2809,4,1.000000
2809,5,0.250000
2810,4,1.000000
2810,5,0.250000
2811,4,1.000000
2811,5,0.250000
2812,4,1.000000
2812,5,0.250000
2813,4,1.000000
2813,5,0.250000
2814,4,1.000000
2814,5,0.250000
2815,4,1.000000
2815,5,0.250000
2816,4,1.000000
2816,5,0.250000
2817,4,1.000000
2817,5,0.250000
2818,4,1.000000
2818,5,0.250000
2819,4,1.000000
2819,5,0.250000
2820,4,1.000000
2820,5,0.250000
2821,4,1.000000
2821,5,0.250000
2822,4,1.000000
2822,5,0.250000
2823,4,1.000000
2823,5,0.250000
2824,4,1.000000
2824,5,0.250000
2825,4,1.000000
2825,5,0.250000
2826,4,1.000000
2826,5,0.250000
2827,4,1.000000
2827,5,0.250000
2828,4,1.000000
2828,5,0.250000
2829,4,1.000000
2829,5,0.250000
2830,4,1.000000
2830,5,0.250000
2831,4,1.000000
2831,5,0.250000
2832,4,1.000000
2832,5,0.250000
2833,4,1.000000
2833,5,0.250000
2834,4,1.000000
2834,5,0.250000
2835,4,1.000000
2835,5,0.250000
2836,4,1.000000
2836,5,0.250000
2837,4,1.000000
2837,5,0.250000
2838,4,1.000000
2838,5,0.250000
2839,4,1.000000
2839,5,0.250000
2840,4,1.000000
2840,5,0.250000
2841,4,1.000000
2841,5,0.250000
2842,4,1.000000
2842,5,0.250000
2843,4,1.000000
2843,5,0.250000
2844,4,1.000000
2844,5,0.250000
2845,4,1.000000
2845,5,0.250000
2846,4,1.000000
2846,5,0.250000
2847,4,1.000000
2847,5,0.250000
2848,4,1.000000
2848,5,0.250000
2849,4,1.000000
2849,5,0.250000
2850,4,1.000000
2850,5,0.250000
2851,4,1.000000
2851,5,0.250000
2852,4,1.000000
2852,5,0.250000
2853,4,1.000000
2853,5,0.250000
2854,4,1.000000
2854,5,0.250000
2855,4,1.000000
2855,5,0.250000
2856,4,1.000000
2856,5,0.250000
2857,4,1.000000
2857,5,0.250000
2858,4,1.000000
2858,5,0.250000
2859,4,1.000000
2859,5,0.250000
2860,4,1.000000
2860,5,0.250000
2861,4,1.000000
2861,5,0.250000
2862,4,1.000000
2862,5,0.250000
2863,4,1.000000
2863,5,0.250000
2864,4,1.000000
2864,5,0.250000
2865,4,1.000000
2865,5,0.250000
2866,4,1.000000
2866,5,0.250000
2867,4,1.000000
2867,5,0.250000
2868,4,1.000000
2868,5,0.250000
2869,4,1.000000
2869,5,0.250000
2870,4,1.000000
2870,5,0.250000
2871,4,1.000000
2871,5,0.250000
2872,4,1.000000
2872,5,0.250000
2873,4,1.000000
2873,5,0.250000
2874,4,1.000000
2874,5,0.250000
2875,4,1.000000
2875,5,0.250000
2876,4,1.000000
2876,5,0.250000
2877,4,1.000000
2877,5,0.250000
2878,4,1.000000
2878,5,0.250000
2879,4,1.000000
2879,5,0.250000
2880,4,1.000000
2880,5,0.250000
2881,4,1.000000
2881,5,0.250000
2882,4,1.000000
2882,5,0.250000
2883,4,1.000000
2883,5,0.250000
2884,4,1.000000
2884,5,0.250000
2885,4,1.000000
2885,5,0.250000
2886,4,1.000000
2886,5,0.250000
2887,4,1.000000
2887,5,0.250000
2888,4,1.000000
2888,5,0.250000
2889,4,1.000000
2889,5,0.250000
2890,4,1.000000
2890,5,0.250000
2891,4,1.000000
2891,5,0.250000
2892,4,1.000000
2892,5,0.250000
2893,4,1.000000
2893,5,0.250000
2894,4,1.000000
2894,5,0.250000
2895,4,1.000000
2895,5,0.250000
2896,4,1.000000
2896,5,0.250000
2897,4,1.000000
2897,5,0.250000
2898,4,1.000000
2898,5,0.250000
2899,4,1.000000
2899,5,0.250000
2900,4,1.000000
2900,5,0.250000
2901,4,1.000000
2901,5,0.250000
2902,4,1.000000
2902,5,0.250000
2903,4,1.000000
2903,5,0.250000
2904,4,1.000000
2904,5,0.250000
2905,4,1.000000
2905,5,0.250000
2906,4,1.000000
2906,5,0.250000
2907,4,1.000000
2907,5,0.250000
2908,4,1.000000
2908,5,0.250000
2909,4,1.000000
2909,5,0.250000
2910,4,1.000000
2910,5,0.250000
2911,4,1.000000
2911,5,0.250000
2912,4,1.000000
2912,5,0.250000
2913,4,1.000000
2913,5,0.250000
2914,4,1.000000
2914,5,0.250000
2915,4,1.000000
2915,5,0.250000
2916,4,1.000000
2916,5,0.250000
2917,4,1.000000
2917,5,0.250000
2918,4,1.000000
2918,5,0.250000
2919,4,1.000000
2919,5,0.250000
2920,4,1.000000
2920,5,0.250000
2921,4,1.000000
2921,5,0.250000
2922,4,1.000000
2922,5,0.250000
2923,4,1.000000
2923,5,0.250000
2924,4,1.000000
2924,5,0.250000
2925,4,1.000000
2925,5,0.250000
2926,4,1.000000
2926,5,0.250000
2927,4,1.000000
2927,5,0.250000
2928,4,1.000000
2928,5,0.250000
2929,4,1.000000
2929,5,0.250000
2930,4,1.000000
2930,5,0.250000
2931,4,1.000000
2931,5,0.250000
2932,4,1.000000
2932,5,0.250000
2933,4,1.000000
2933,5,0.250000
2934,4,1.000000
2934,5,0.250000
2935,4,1.000000
2935,5,0.250000
2936,4,1.000000
2936,5,0.250000
2937,4,1.000000
2937,5,0.250000
2938,4,1.000000
2938,5,0.250000
2939,4,1.000000
2939,5,0.250000
2940,4,1.000000
2940,5,0.250000
2941,4,1.000000
2941,5,0.250000
2942,4,1.000000
2942,5,0.250000
2943,4,1.000000
2943,5,0.250000
2944,4,1.000000
2944,5,0.250000
2945,4,1.000000
2945,5,0.250000
2946,4,1.000000
2946,5,0.250000
2947,4,1.000000
2947,5,0.250000
2948,4,1.000000
2948,5,0.250000
2949,4,1.000000
2949,5,0.250000
2950,4,1.000000
2950,5,0.250000
2951,4,1.000000
2951,5,0.250000
2952,4,1.000000
2952,5,0.250000
2953,4,1.000000
2953,5,0.250000
2954,4,1.000000
2954,5,0.250000
2955,4,1.000000
2955,5,0.250000
2956,4,1.000000
2956,5,0.250000
2957,4,1.000000
2957,5,0.250000
2958,4,1.000000
2958,5,0.250000
2959,4,1.000000
2959,5,0.250000
2960,4,1.000000
2960,5,0.250000
2961,4,1.000000
2961,5,0.250000
2962,4,1.000000
2962,5,0.250000
2963,4,1.000000
2963,5,0.250000
2964,4,1.000000
2964,5,0.250000
2965,4,1.000000
2965,5,0.250000
2966,4,1.000000
2966,5,0.250000
2967,4,1.000000
2967,5,0.250000
2968,4,1.000000
2968,5,0.250000
2969,4,1.000000
2969,5,0.250000
2970,4,1.000000
2970,5,0.250000
2971,4,1.000000
2971,5,0.250000
2972,4,1.000000
2972,5,0.250000
2973,4,1.000000
2973,5,0.250000
2974,4,1.000000
2974,5,0.250000
2975,4,1.000000
2975,5,0.250000
2976,4,1.000000
2976,5,0.250000
2977,4,1.000000
2977,5,0.250000
2978,4,1.000000
2978,5,0.250000
2979,4,1.000000
2979,5,0.250000
2980,4,1.000000
2980,5,0.250000
2981,4,1.000000
2981,5,0.250000
2982,4,1.000000
2982,5,0.250000
2983,4,1.000000
2983,5,0.250000
2984,4,1.000000
2984,5,0.250000
2985,4,1.000000
2985,5,0.250000
2986,4,1.000000
2986,5,0.250000
2987,4,1.000000
2987,5,0.250000
2988,4,1.000000
2988,5,0.250000
2989,4,1.000000
2989,5,0.250000
2990,4,1.000000
2990,5,0.250000
2991,4,1.000000
2991,5,0.250000
2992,4,1.000000
2992,5,0.250000
2993,4,1.000000
2993,5,0.250000
2994,4,1.000000
2994,5,0.250000
2995,4,1.000000
2995,5,0.250000
2996,4,1.000000
2996,5,0.250000
2997,4,1.000000
2997,5,0.250000
2998,4,1.000000
2998,5,0.250000
2999,4,1.000000
2999,5,0.250000
3000,4,1.000000
3000,5,0.250000
3001,4,1.000000
3001,5,0.250000
3002,4,1.000000
3002,5,0.250000
3003,4,1.000000
3003,5,0.250000
3004,4,1.000000
3004,5,0.250000
3005,4,1.000000
3005,5,0.250000
3006,4,1.000000
3006,5,0.250000
3007,4,1.000000
3007,5,0.250000
3008,4,1.000000
3008,5,0.250000
3009,4,1.000000
3009,5,0.250000
3010,4,1.000000
3010,5,0.250000
3011,4,1.000000
3011,5,0.250000
3012,4,1.000000
3012,5,0.250000
3013,4,1.000000
3013,5,0.250000
3014,4,1.000000
3014,5,0.250000
3015,4,1.000000
3015,5,0.250000
3016,4,1.000000
3016,5,0.250000
3017,4,1.000000
3017,5,0.250000
3018,4,1.000000
3018,5,0.250000
3019,4,1.000000
3019,5,0.250000
3020,4,1.000000
3020,5,0.250000
3021,4,1.000000
3021,5,0.250000
3022,4,1.000000
3022,5,0.250000
3023,4,1.000000
3023,5,0.250000
3024,4,1.000000
3024,5,0.250000
3025,4,1.000000
3025,5,0.250000
3026,4,1.000000
3026,5,0.250000
3027,4,1.000000
3027,5,0.250000
3028,4,1.000000
3028,5,0.250000
3029,4,1.000000
3029,5,0.250000
3030,4,1.000000
3030,5,0.250000
3031,4,1.000000
3031,5,0.250000
3032,4,1.000000
3032,5,0.250000
3033,4,1.000000
3033,5,0.250000
3034,4,1.000000
3034,5,0.250000
3035,4,1.000000
3035,5,0.250000
3036,4,1.000000
3036,5,0.250000
3037,4,1.000000
3037,5,0.250000
3038,4,1.000000
3038,5,0.250000
3039,4,1.000000
3039,5,0.250000
3040,4,1.000000
3040,5,0.250000
3041,4,1.000000
3041,5,0.250000
3042,4,1.000000
3042,5,0.250000
3043,4,1.000000
3043,5,0.250000
3044,4,1.000000
3044,5,0.250000
3045,4,1.000000
3045,5,0.250000
3046,4,1.000000
3046,5,0.250000
3047,4,1.000000
3047,5,0.250000
3048,4,1.000000
3048,5,0.250000
3049,4,1.000000
3049,5,0.250000
3050,4,1.000000
3050,5,0.250000
3051,4,1.000000
3051,5,0.250000
3052,4,1.000000
3052,5,0.250000
3053,4,1.000000
3053,5,0.250000
3054,4,1.000000
3054,5,0.250000
3055,4,1.000000
3055,5,0.250000
3056,4,1.000000
3056,5,0.250000
3057,4,1.000000
3057,5,0.250000
3058,4,1.000000
3058,5,0.250000
3059,4,1.000000
3059,5,0.250000
3060,4,1.000000
3060,5,0.250000
3061,4,1.000000
3061,5,0.250000
3062,4,1.000000
3062,5,0.250000
3063,4,1.000000
3063,5,0.250000
3064,4,1.000000
3064,5,0.250000
3065,4,1.000000
3065,5,0.250000
3066,4,1.000000
3066,5,0.250000
3067,4,1.000000
3067,5,0.250000
3068,4,1.000000
3068,5,0.250000
3069,4,1.000000
3069,5,0.250000
3070,4,1.000000
3070,5,0.250000
3071,4,1.000000
3071,5,0.250000
3072,4,1.000000
3072,5,0.250000
3073,4,1.000000
3073,5,0.250000
3074,4,1.000000
3074,5,0.250000
3075,4,1.000000
3075,5,0.250000
3076,4,1.000000
3076,5,0.250000
3077,4,1.000000
3077,5,0.250000
3078,4,1.000000
3078,5,0.250000
3079,4,1.000000
3079,5,0.250000
3080,4,1.000000
3080,5,0.250000
3081,4,1.000000
3081,5,0.250000
3082,4,1.000000
3082,5,0.250000
3083,4,1.000000
3083,5,0.250000
3084,4,1.000000
3084,5,0.250000
3085,4,1.000000
3085,5,0.250000
3086,4,1.000000
3086,5,0.250000
3087,4,1.000000
3087,5,0.250000
3088,4,1.000000
3088,5,0.250000
3089,4,1.000000
3089,5,0.250000
3090,4,1.000000
3090,5,0.250000
3091,4,1.000000
3091,5,0.250000
3092,4,1.000000
3092,5,0.250000
3093,4,1.000000
3093,5,0.250000
3094,4,1.000000
3094,5,0.250000
3095,4,1.000000
3095,5,0.250000
3096,4,1.000000
3096,5,0.250000
3097,4,1.000000
3097,5,0.250000
3098,4,1.000000
3098,5,0.250000
3099,4,1.000000
3099,5,0.250000
3100,4,1.000000
3100,5,0.250000
3101,4,1.000000
3101,5,0.250000
3102,4,1.000000
3102,5,0.250000
3103,4,1.000000
3103,5,0.250000
3104,4,1.000000
3104,5,0.250000
3105,4,1.000000
3105,5,0.250000
3106,4,1.000000
3106,5,0.250000
3107,4,1.000000
3107,5,0.250000
3108,4,1.000000
3108,5,0.250000
3109,4,1.000000
3109,5,0.250000
3110,4,1.000000
3110,5,0.250000
3111,4,1.000000
3111,5,0.250000
3112,4,1.000000
3112,5,0.250000
3113,4,1.000000
3113,5,0.250000
3114,4,1.000000
3114,5,0.250000
3115,4,1.000000
3115,5,0.250000
3116,4,1.000000
3116,5,0.250000
3117,4,1.000000
3117,5,0.250000
3118,4,1.000000
3118,5,0.250000
3119,4,1.000000
3119,5,0.250000
3120,4,1.000000
3120,5,0.250000
3121,4,1.000000
3121,5,0.250000
3122,4,1.000000
3122,5,0.250000
3123,4,1.000000
3123,5,0.250000
3124,4,1.000000
3124,5,0.250000
3125,4,1.000000
3125,5,0.250000
3126,4,1.000000
3126,5,0.250000
3127,4,1.000000
3127,5,0.250000
3128,4,1.000000
3128,5,0.250000
3129,4,1.000000
3129,5,0.250000
3130,4,1.000000
3130,5,0.250000
3131,4,1.000000
3131,5,0.250000
3132,4,1.000000
3132,5,0.250000
3133,4,1.000000
3133,5,0.250000
3134,4,1.000000
3134,5,0.250000
3135,4,1.000000
3135,5,0.250000
3136,4,1.000000
3136,5,0.250000
3137,4,1.000000
3137,5,0.250000
3138,4,1.000000
3138,5,0.250000
3139,4,1.000000
3139,5,0.250000
3140,4,1.000000
3140,5,0.250000
3141,4,1.000000
3141,5,0.250000
3142,4,1.000000
3142,5,0.250000
3143,4,1.000000
3143,5,0.250000
3144,4,1.000000
3144,5,0.250000
3145,4,1.000000
3145,5,0.250000
3146,4,1.000000
3146,5,0.250000
3147,4,1.000000
3147,5,0.250000
3148,4,1.000000
3148,5,0.250000
3149,4,1.000000
3149,5,0.250000
3150,4,1.000000
3150,5,0.250000
3151,4,1.000000
3151,5,0.250000
3152,4,1.000000
3152,5,0.250000
3153,4,1.000000
3153,5,0.250000
3154,4,1.000000
3154,5,0.250000
3155,4,1.000000
3155,5,0.250000
3156,4,1.000000
3156,5,0.250000
3157,4,1.000000
3157,5,0.250000
3158,4,1.000000
3158,5,0.250000
3159,4,1.000000
3159,5,0.250000
3160,4,1.000000
3160,5,0.250000
3161,4,1.000000
3161,5,0.250000
3162,4,1.000000
3162,5,0.250000
3163,4,1.000000
3163,5,0.250000
3164,4,1.000000
3164,5,0.250000
3165,4,1.000000
3165,5,0.250000
3166,4,1.000000
3166,5,0.250000
3167,4,1.000000
3167,5,0.250000
3168,4,1.000000
3168,5,0.250000
3169,4,1.000000
3169,5,0.250000
3170,4,1.000000
3170,5,0.250000
3171,4,1.000000
3171,5,0.250000
3172,4,1.000000
3172,5,0.250000
3173,4,1.000000
3173,5,0.250000
3174,4,1.000000
3174,5,0.250000
3175,4,1.000000
3175,5,0.250000
3176,4,1.000000
3176,5,0.250000
3177,4,1.000000
3177,5,0.250000
3178,4,1.000000
3178,5,0.250000
3179,4,1.000000
3179,5,0.250000
3180,4,1.000000
3180,5,0.250000
3181,4,1.000000
3181,5,0.250000
3182,4,1.000000
3182,5,0.250000
3183,4,1.000000
3183,5,0.250000
3184,4,1.000000
3184,5,0.250000
3185,4,1.000000
3185,5,0.250000
3186,4,1.000000
3186,5,0.250000
3187,4,1.000000
3187,5,0.250000
3188,4,1.000000
3188,5,0.250000
3189,4,1.000000
3189,5,0.250000
3190,4,1.000000
3190,5,0.250000
3191,4,1.000000
3191,5,0.250000
3192,4,1.000000
3192,5,0.250000
3193,4,1.000000
3193,5,0.250000
3194,4,1.000000
3194,5,0.250000
3195,4,1.000000
3195,5,0.250000
3196,4,1.000000
3196,5,0.250000
3197,4,1.000000
3197,5,0.250000
3198,4,1.000000
3198,5,0.250000
3199,4,1.000000
3199,5,0.250000
3200,4,1.000000
3200,5,0.250000
3201,4,1.000000
3201,5,0.250000
3202,4,1.000000
3202,5,0.250000
3203,4,1.000000
3203,5,0.250000
3204,4,1.000000
3204,5,0.250000
3205,4,1.000000
3205,5,0.250000
3206,4,1.000000
3206,5,0.250000
3207,4,1.000000
3207,5,0.250000
3208,4,1.000000
3208,5,0.250000
3209,4,1.000000
3209,5,0.250000
3210,4,1.000000
3210,5,0.250000
3211,4,1.000000
3211,5,0.250000
3212,4,1.000000
3212,5,0.250000
3213,4,1.000000
3213,5,0.250000
3214,4,1.000000
3214,5,0.250000
3215,4,1.000000
3215,5,0.250000
3216,4,1.000000
3216,5,0.250000
3217,4,1.000000
3217,5,0.250000
3218,4,1.000000
3218,5,0.250000
3219,4,1.000000
3219,5,0.250000
3220,4,1.000000
3220,5,0.250000
3221,4,1.000000
3221,5,0.250000
3222,4,1.000000
3222,5,0.250000
3223,4,1.000000
3223,5,0.250000
3224,4,1.000000
3224,5,0.250000
3225,4,1.000000
3225,5,0.250000
3226,4,1.000000
3226,5,0.250000
3227,4,1.000000
3227,5,0.250000
3228,4,1.000000
3228,5,0.250000
3229,4,1.000000
3229,5,0.250000
3230,4,1.000000
3230,5,0.250000
3231,4,1.000000
3231,5,0.250000
3232,4,1.000000
3232,5,0.250000
3233,4,1.000000
3233,5,0.250000
3234,4,1.000000
3234,5,0.250000
3235,4,1.000000
3235,5,0.250000
3236,4,1.000000
3236,5,0.250000
3237,4,1.000000
3237,5,0.250000
3238,4,1.000000
3238,5,0.250000
3239,4,1.000000
3239,5,0.250000
3240,4,1.000000
3240,5,0.250000
3241,4,1.000000
3241,5,0.250000
3242,4,1.000000
3242,5,0.250000
3243,4,1.000000
3243,5,0.250000
3244,4,1.000000
3244,5,0.250000
3245,4,1.000000
3245,5,0.250000
3246,4,1.000000
3246,5,0.250000
3247,4,1.000000
3247,5,0.250000
3248,4,1.000000
3248,5,0.250000
3249,4,1.000000
3249,5,0.250000
3250,4,1.000000
3250,5,0.250000
3251,4,1.000000
3251,5,0.250000
3252,4,1.000000
3252,5,0.250000
3253,4,1.000000
3253,5,0.250000
3254,4,1.000000
3254,5,0.250000
3255,4,1.000000
3255,5,0.250000
3256,4,1.000000
3256,5,0.250000
3257,4,1.000000
3257,5,0.250000
3258,4,1.000000
3258,5,0.250000
3259,4,1.000000
3259,5,0.250000
3260,4,1.000000
3260,5,0.250000
3261,4,1.000000
3261,5,0.250000
3262,4,1.000000
3262,5,0.250000
3263,4,1.000000
3263,5,0.250000
3264,4,1.000000
3264,5,0.250000
3265,4,1.000000
3265,5,0.250000
3266,4,1.000000
3266,5,0.250000
3267,4,1.000000
3267,5,0.250000
3268,4,1.000000
3268,5,0.250000
3269,4,1.000000
3269,5,0.250000
3270,4,1.000000
3270,5,0.250000
3271,4,1.000000
3271,5,0.250000
3272,4,1.000000
3272,5,0.250000
3273,4,1.000000
3273,5,0.250000
3274,4,1.000000
3274,5,0.250000
3275,4,1.000000
3275,5,0.250000
3276,4,1.000000
3276,5,0.250000
3277,4,1.000000
3277,5,0.250000
3278,4,1.000000
3278,5,0.250000
3279,4,1.000000
3279,5,0.250000
3280,4,1.000000
3280,5,0.250000
3281,4,1.000000
3281,5,0.250000
3282,4,1.000000
3282,5,0.250000
3283,4,1.000000
3283,5,0.250000
3284,4,1.000000
3284,5,0.250000
3285,4,1.000000
3285,5,0.250000
3286,4,1.000000
3286,5,0.250000
3287,4,1.000000
3287,5,0.250000
3288,4,1.000000
3288,5,0.250000
3289,4,1.000000
3289,5,0.250000
3290,4,1.000000
3290,5,0.250000
3291,4,1.000000
3291,5,0.250000
3292,4,1.000000
3292,5,0.250000
3293,4,1.000000
3293,5,0.250000
3294,4,1.000000
3294,5,0.250000
3295,4,1.000000
3295,5,0.250000
3296,4,1.000000
3296,5,0.250000
3297,4,1.000000
3297,5,0.250000
3298,4,1.000000
3298,5,0.250000
3299,4,1.000000
3299,5,0.250000
3300,4,1.000000
3300,5,0.250000
3301,4,1.000000
3301,5,0.250000
3302,4,1.000000
3302,5,0.250000
3303,4,1.000000
3303,5,0.250000
3304,4,1.000000
3304,5,0.250000
3305,4,1.000000
3305,5,0.250000
3306,4,1.000000
3306,5,0.250000
3307,4,1.000000
3307,5,0.250000
3308,4,1.000000
3308,5,0.250000
3309,4,1.000000
3309,5,0.250000
3310,4,1.000000
3310,5,0.250000
3311,4,1.000000
3311,5,0.250000
3312,4,1.000000
3312,5,0.250000
3313,4,1.000000
3313,5,0.250000
3314,4,1.000000
3314,5,0.250000
3315,4,1.000000
3315,5,0.250000
3316,4,1.000000
3316,5,0.250000
3317,4,1.000000
3317,5,0.250000
3318,4,1.000000
3318,5,0.250000
3319,4,1.000000
3319,5,0.250000
3320,4,1.000000
3320,5,0.250000
3321,4,1.000000
3321,5,0.250000
3322,4,1.000000
3322,5,0.250000
3323,4,1.000000
3323,5,0.250000
3324,4,1.000000
3324,5,0.250000
3325,4,1.000000
3325,5,0.250000
3326,4,1.000000
3326,5,0.250000
3327,4,1.000000
3327,5,0.250000
3328,4,1.000000
3328,5,0.250000
3329,4,1.000000
3329,5,0.250000
3330,4,1.000000
3330,5,0.250000
3331,4,1.000000
3331,5,0.250000
3332,4,1.000000
3332,5,0.250000
3333,4,1.000000
3333,5,0.250000
3334,4,1.000000
3334,5,0.250000
3335,4,1.000000
3335,5,0.250000
3336,4,1.000000
3336,5,0.250000
3337,4,1.000000
3337,5,0.250000
3338,4,1.000000
3338,5,0.250000
3339,4,1.000000
3339,5,0.250000
3340,4,1.000000
3340,5,0.250000
3341,4,1.000000
3341,5,0.250000
3342,4,1.000000
3342,5,0.250000
3343,4,1.000000
3343,5,0.250000
3344,4,1.000000
3344,5,0.250000
3345,4,1.000000
3345,5,0.250000
3346,4,1.000000
3346,5,0.250000
3347,4,1.000000
3347,5,0.250000
3348,4,1.000000
3348,5,0.250000
3349,4,1.000000
3349,5,0.250000
3350,4,1.000000
3350,5,0.250000
3351,4,1.000000
3351,5,0.250000
3352,4,1.000000
3352,5,0.250000
3353,4,1.000000
3353,5,0.250000
3354,4,1.000000
3354,5,0.250000
3355,4,1.000000
3355,5,0.250000
3356,4,1.000000
3356,5,0.250000
3357,4,1.000000
3357,5,0.250000
3358,4,1.000000
3358,5,0.250000
3359,4,1.000000
3359,5,0.250000
3360,0,1.000000
3360,1,0.250000
3361,0,1.000000
3361,1,0.250000
3362,0,1.000000
3362,1,0.250000
3363,0,1.000000
3363,1,0.250000
3364,0,1.000000
3364,1,0.250000
3365,0,1.000000
3365,1,0.250000
3366,0,1.000000
3366,1,0.250000
3367,0,1.000000
3367,1,0.250000
3368,0,1.000000
3368,1,0.250000
3369,0,1.000000
3369,1,0.250000
3370,0,1.000000
3370,1,0.250000
3371,0,1.000000
3371,1,0.250000
3372,0,1.000000
3372,1,0.250000
3373,0,1.000000
3373,1,0.250000
3374,0,1.000000
3374,1,0.250000
3375,0,1.000000
3375,1,0.250000
3376,0,1.000000
3376,1,0.250000
3377,0,1.000000
3377,1,0.250000
3378,0,1.000000
3378,1,0.250000
3379,0,1.000000
3379,1,0.250000
3380,0,1.000000
3380,1,0.250000
3381,0,1.000000
3381,1,0.250000
3382,0,1.000000
3382,1,0.250000
3383,0,1.000000
3383,1,0.250000
3384,0,1.000000
3384,1,0.250000
3385,0,1.000000
3385,1,0.250000
3386,0,1.000000
3386,1,0.250000
3387,0,1.000000
3387,1,0.250000
3388,0,1.000000
3388,1,0.250000
3389,0,1.000000
3389,1,0.250000
3390,0,1.000000
3390,1,0.250000
3391,0,1.000000
3391,1,0.250000
3392,0,1.000000
3392,1,0.250000
3393,0,1.000000
3393,1,0.250000
3394,0,1.000000
3394,1,0.250000
3395,0,1.000000
3395,1,0.250000
3396,0,1.000000
3396,1,0.250000
3397,0,1.000000
3397,1,0.250000
3398,0,1.000000
3398,1,0.250000
3399,0,1.000000
3399,1,0.250000
3400,0,1.000000
3400,1,0.250000
3401,0,1.000000
3401,1,0.250000
3402,0,1.000000
3402,1,0.250000
3403,0,1.000000
3403,1,0.250000
3404,0,1.000000
3404,1,0.250000
3405,0,1.000000
3405,1,0.250000
3406,0,1.000000
3406,1,0.250000
3407,0,1.000000
3407,1,0.250000
3408,0,1.000000
3408,1,0.250000
3409,0,1.000000
3409,1,0.250000
3410,0,1.000000
3410,1,0.250000
3411,0,1.000000
3411,1,0.250000
3412,0,1.000000
3412,1,0.250000
3413,0,1.000000
3413,1,0.250000
3414,0,1.000000
3414,1,0.250000
3415,0,1.000000
3415,1,0.250000
3416,0,1.000000
3416,1,0.250000
3417,0,1.000000
3417,1,0.250000
3418,0,1.000000
3418,1,0.250000
3419,0,1.000000
3419,1,0.250000
3420,0,1.000000
3420,1,0.250000
3421,0,1.000000
3421,1,0.250000
3422,0,1.000000
3422,1,0.250000
3423,0,1.000000
3423,1,0.250000
3424,0,1.000000
3424,1,0.250000
3425,0,1.000000
3425,1,0.250000
3426,0,1.000000
3426,1,0.250000
3427,0,1.000000
3427,1,0.250000
3428,0,1.000000
3428,1,0.250000
3429,0,1.000000
3429,1,0.250000
3430,0,1.000000
3430,1,0.250000
3431,0,1.000000
3431,1,0.250000
3432,0,1.000000
3432,1,0.250000
3433,0,1.000000
3433,1,0.250000
3434,0,1.000000
3434,1,0.250000
3435,0,1.000000
3435,1,0.250000
3436,0,1.000000
3436,1,0.250000
3437,0,1.000000
3437,1,0.250000
3438,0,1.000000
3438,1,0.250000
3439,0,1.000000
3439,1,0.250000
3440,0,1.000000
3440,1,0.250000
3441,0,1.000000
3441,1,0.250000
3442,0,1.000000
3442,1,0.250000
3443,0,1.000000
3443,1,0.250000
3444,0,1.000000
3444,1,0.250000
3445,0,1.000000
3445,1,0.250000
3446,0,1.000000
3446,1,0.250000
3447,0,1.000000
3447,1,0.250000
3448,0,1.000000
3448,1,0.250000
3449,0,1.000000
3449,1,0.250000
3450,0,1.000000
3450,1,0.250000
3451,0,1.000000
3451,1,0.250000
3452,0,1.000000
3452,1,0.250000
3453,0,1.000000
3453,1,0.250000
3454,0,1.000000
3454,1,0.250000
3455,0,1.000000
3455,1,0.250000
3456,0,1.000000
3456,1,0.250000
3457,0,1.000000
3457,1,0.250000
3458,0,1.000000
3458,1,0.250000
3459,0,1.000000
3459,1,0.250000
