28 120
Starlink-525 0
1 00001U 00000ABC 00001.00000000  .00000000  00000-0  00000+0 0    04
2 00001  53.0000   0.0000 0000001   0.0000   0.0000 15.13677000    02
Starlink-525 1
1 00002U 00000ABC 00001.00000000  .00000000  00000-0  00000+0 0    05
2 00002  53.0000   0.0000 0000001   0.0000   3.0000 15.13677000    06
Starlink-525 2
1 00003U 00000ABC 00001.00000000  .00000000  00000-0  00000+0 0    06
2 00003  53.0000   0.0000 0000001   0.0000   6.0000 15.13677000    00
Starlink-525 3
1 00004U 00000ABC 00001.00000000  .00000000  00000-0  00000+0 0    07
2 00004  53.0000   0.0000 0000001   0.0000   9.0000 15.13677000    04
Starlink-525 4
1 00005U 00000ABC 00001.00000000  .00000000  00000-0  00000+0 0    08
2 00005  53.0000   0.0000 0000001   0.0000  12.0000 15.13677000    09
Starlink-525 5
1 00006U 00000ABC 00001.00000000  .00000000  00000-0  00000+0 0    09
2 00006  53.0000   0.0000 0000001   0.0000  15.0000 15.13677000    03
Starlink-525 6
1 00007U 00000ABC 00001.00000000  .00000000  00000-0  00000+0 0    00
2 00007  53.0000   0.0000 0000001   0.0000  18.0000 15.13677000    07
Starlink-525 7
1 00008U 00000ABC 00001.00000000  .00000000  00000-0  00000+0 0    01
2 00008  53.0000   0.0000 0000001   0.0000  21.0000 15.13677000    02
Starlink-525 8
1 00009U 00000ABC 00001.00000000  .00000000  00000-0  00000+0 0    02
2 00009  53.0000   0.0000 0000001   0.0000  24.0000 15.13677000    06
Starlink-525 9
1 00010U 00000ABC 00001.00000000  .00000000  00000-0  00000+0 0    04
2 00010  53.0000   0.0000 0000001   0.0000  27.0000 15.13677000    01
Starlink-525 10
1 00011U 00000ABC 00001.00000000  .00000000  00000-0  00000+0 0    05
2 00011  53.0000   0.0000 0000001   0.0000  30.0000 15.13677000    06
Starlink-525 11
1 00012U 00000ABC 00001.00000000  .00000000  00000-0  00000+0 0    06
2 00012  53.0000   0.0000 0000001   0.0000  33.0000 15.13677000    00
Starlink-525 12
1 00013U 00000ABC 00001.00000000  .00000000  00000-0  00000+0 0    07
2 00013  53.0000   0.0000 0000001   0.0000  36.0000 15.13677000    04
Starlink-525 13
1 00014U 00000ABC 00001.00000000  .00000000  00000-0  00000+0 0    08
2 00014  53.0000   0.0000 0000001   0.0000  39.0000 15.13677000    08
Starlink-525 14
1 00015U 00000ABC 00001.00000000  .00000000  00000-0  00000+0 0    09
2 00015  53.0000   0.0000 0000001   0.0000  42.0000 15.13677000    03
Starlink-525 15
1 00016U 00000ABC 00001.00000000  .00000000  00000-0  00000+0 0    00
2 00016  53.0000   0.0000 0000001   0.0000  45.0000 15.13677000    07
Starlink-525 16
1 00017U 00000ABC 00001.00000000  .00000000  00000-0  00000+0 0    01
2 00017  53.0000   0.0000 0000001   0.0000  48.0000 15.13677000    01
Starlink-525 17
1 00018U 00000ABC 00001.00000000  .00000000  00000-0  00000+0 0    02
2 00018  53.0000   0.0000 0000001   0.0000  51.0000 15.13677000    06
Starlink-525 18
1 00019U 00000ABC 00001.00000000  .00000000  00000-0  00000+0 0    03
2 00019  53.0000   0.0000 0000001   0.0000  54.0000 15.13677000    00
Starlink-525 19
1 00020U 00000ABC 00001.00000000  .00000000  00000-0  00000+0 0    05
2 00020  53.0000   0.0000 0000001   0.0000  57.0000 15.13677000    05
Starlink-525 20
1 00021U 00000ABC 00001.00000000  .00000000  00000-0  00000+0 0    06
2 00021  53.0000   0.0000 0000001   0.0000  60.0000 15.13677000    00
Starlink-525 21
1 00022U 00000ABC 00001.00000000  .00000000  00000-0  00000+0 0    07
2 00022  53.0000   0.0000 0000001   0.0000  63.0000 15.13677000    04
Starlink-525 22
1 00023U 00000ABC 00001.00000000  .00000000  00000-0  00000+0 0    08
2 00023  53.0000   0.0000 0000001   0.0000  66.0000 15.13677000    08
Starlink-525 23
1 00024U 00000ABC 00001.00000000  .00000000  00000-0  00000+0 0    09
2 00024  53.0000   0.0000 0000001   0.0000  69.0000 15.13677000    02
Starlink-525 24
1 00025U 00000ABC 00001.00000000  .00000000  00000-0  00000+0 0    00
2 00025  53.0000   0.0000 0000001   0.0000  72.0000 15.13677000    07
Starlink-525 25
1 00026U 00000ABC 00001.00000000  .00000000  00000-0  00000+0 0    01
2 00026  53.0000   0.0000 0000001   0.0000  75.0000 15.13677000    01
Starlink-525 26
1 00027U 00000ABC 00001.00000000  .00000000  00000-0  00000+0 0    02
2 00027  53.0000   0.0000 0000001   0.0000  78.0000 15.13677000    05
Starlink-525 27
1 00028U 00000ABC 00001.00000000  .00000000  00000-0  00000+0 0    03
2 00028  53.0000   0.0000 0000001   0.0000  81.0000 15.13677000    00
Starlink-525 28
1 00029U 00000ABC 00001.00000000  .00000000  00000-0  00000+0 0    04
2 00029  53.0000   0.0000 0000001   0.0000  84.0000 15.13677000    04
Starlink-525 29
1 00030U 00000ABC 00001.00000000  .00000000  00000-0  00000+0 0    06
2 00030  53.0000   0.0000 0000001   0.0000  87.0000 15.13677000    09
Starlink-525 30
1 00031U 00000ABC 00001.00000000  .00000000  00000-0  00000+0 0    07
2 00031  53.0000   0.0000 0000001   0.0000  90.0000 15.13677000    04
Starlink-525 31
1 00032U 00000ABC 00001.00000000  .00000000  00000-0  00000+0 0    08
2 00032  53.0000   0.0000 0000001   0.0000  93.0000 15.13677000    08
Starlink-525 32
1 00033U 00000ABC 00001.00000000  .00000000  00000-0  00000+0 0    09
2 00033  53.0000   0.0000 0000001   0.0000  96.0000 15.13677000    02
Starlink-525 33
1 00034U 00000ABC 00001.00000000  .00000000  00000-0  00000+0 0    00
2 00034  53.0000   0.0000 0000001   0.0000  99.0000 15.13677000    06
Starlink-525 34
1 00035U 00000ABC 00001.00000000  .00000000  00000-0  00000+0 0    01
2 00035  53.0000   0.0000 0000001   0.0000 102.0000 15.13677000    02
Starlink-525 35
1 00036U 00000ABC 00001.00000000  .00000000  00000-0  00000+0 0    02
2 00036  53.0000   0.0000 0000001   0.0000 105.0000 15.13677000    06
Starlink-525 36
1 00037U 00000ABC 00001.00000000  .00000000  00000-0  00000+0 0    03
2 00037  53.0000   0.0000 0000001   0.0000 108.0000 15.13677000    00
Starlink-525 37
1 00038U 00000ABC 00001.00000000  .00000000  00000-0  00000+0 0    04
2 00038  53.0000   0.0000 0000001   0.0000 111.0000 15.13677000    05
Starlink-525 38
1 00039U 00000ABC 00001.00000000  .00000000  00000-0  00000+0 0    05
2 00039  53.0000   0.0000 0000001   0.0000 114.0000 15.13677000    09
Starlink-525 39
1 00040U 00000ABC 00001.00000000  .00000000  00000-0  00000+0 0    07
2 00040  53.0000   0.0000 0000001   0.0000 117.0000 15.13677000    04
Starlink-525 40
1 00041U 00000ABC 00001.00000000  .00000000  00000-0  00000+0 0    08
2 00041  53.0000   0.0000 0000001   0.0000 120.0000 15.13677000    09
Starlink-525 41
1 00042U 00000ABC 00001.00000000  .00000000  00000-0  00000+0 0    09
2 00042  53.0000   0.0000 0000001   0.0000 123.0000 15.13677000    03
Starlink-525 42
1 00043U 00000ABC 00001.00000000  .00000000  00000-0  00000+0 0    00
2 00043  53.0000   0.0000 0000001   0.0000 126.0000 15.13677000    07
Starlink-525 43
1 00044U 00000ABC 00001.00000000  .00000000  00000-0  00000+0 0    01
2 00044  53.0000   0.0000 0000001   0.0000 129.0000 15.13677000    01
Starlink-525 44
1 00045U 00000ABC 00001.00000000  .00000000  00000-0  00000+0 0    02
2 00045  53.0000   0.0000 0000001   0.0000 132.0000 15.13677000    06
Starlink-525 45
1 00046U 00000ABC 00001.00000000  .00000000  00000-0  00000+0 0    03
2 00046  53.0000   0.0000 0000001   0.0000 135.0000 15.13677000    00
Starlink-525 46
1 00047U 00000ABC 00001.00000000  .00000000  00000-0  00000+0 0    04
2 00047  53.0000   0.0000 0000001   0.0000 138.0000 15.13677000    04
Starlink-525 47
1 00048U 00000ABC 00001.00000000  .00000000  00000-0  00000+0 0    05
2 00048  53.0000   0.0000 0000001   0.0000 141.0000 15.13677000    09
Starlink-525 48
1 00049U 00000ABC 00001.00000000  .00000000  00000-0  00000+0 0    06
2 00049  53.0000   0.0000 0000001   0.0000 144.0000 15.13677000    03
Starlink-525 49
1 00050U 00000ABC 00001.00000000  .00000000  00000-0  00000+0 0    08
2 00050  53.0000   0.0000 0000001   0.0000 147.0000 15.13677000    08
Starlink-525 50
1 00051U 00000ABC 00001.00000000  .00000000  00000-0  00000+0 0    09
2 00051  53.0000   0.0000 0000001   0.0000 150.0000 15.13677000    03
Starlink-525 51
1 00052U 00000ABC 00001.00000000  .00000000  00000-0  00000+0 0    00
2 00052  53.0000   0.0000 0000001   0.0000 153.0000 15.13677000    07
Starlink-525 52
1 00053U 00000ABC 00001.00000000  .00000000  00000-0  00000+0 0    01
2 00053  53.0000   0.0000 0000001   0.0000 156.0000 15.13677000    01
Starlink-525 53
1 00054U 00000ABC 00001.00000000  .00000000  00000-0  00000+0 0    02
2 00054  53.0000   0.0000 0000001   0.0000 159.0000 15.13677000    05
Starlink-525 54
1 00055U 00000ABC 00001.00000000  .00000000  00000-0  00000+0 0    03
2 00055  53.0000   0.0000 0000001   0.0000 162.0000 15.13677000    00
Starlink-525 55
1 00056U 00000ABC 00001.00000000  .00000000  00000-0  00000+0 0    04
2 00056  53.0000   0.0000 0000001   0.0000 165.0000 15.13677000    04
Starlink-525 56
1 00057U 00000ABC 00001.00000000  .00000000  00000-0  00000+0 0    05
2 00057  53.0000   0.0000 0000001   0.0000 168.0000 15.13677000    08
Starlink-525 57
1 00058U 00000ABC 00001.00000000  .00000000  00000-0  00000+0 0    06
2 00058  53.0000   0.0000 0000001   0.0000 171.0000 15.13677000    03
Starlink-525 58
1 00059U 00000ABC 00001.00000000  .00000000  00000-0  00000+0 0    07
2 00059  53.0000   0.0000 0000001   0.0000 174.0000 15.13677000    07
Starlink-525 59
1 00060U 00000ABC 00001.00000000  .00000000  00000-0  00000+0 0    09
2 00060  53.0000   0.0000 0000001   0.0000 177.0000 15.13677000    02
Starlink-525 60
1 00061U 00000ABC 00001.00000000  .00000000  00000-0  00000+0 0    00
2 00061  53.0000   0.0000 0000001   0.0000 180.0000 15.13677000    07
Starlink-525 61
1 00062U 00000ABC 00001.00000000  .00000000  00000-0  00000+0 0    01
2 00062  53.0000   0.0000 0000001   0.0000 183.0000 15.13677000    01
Starlink-525 62
1 00063U 00000ABC 00001.00000000  .00000000  00000-0  00000+0 0    02
2 00063  53.0000   0.0000 0000001   0.0000 186.0000 15.13677000    05
Starlink-525 63
1 00064U 00000ABC 00001.00000000  .00000000  00000-0  00000+0 0    03
2 00064  53.0000   0.0000 0000001   0.0000 189.0000 15.13677000    09
Starlink-525 64
1 00065U 00000ABC 00001.00000000  .00000000  00000-0  00000+0 0    04
2 00065  53.0000   0.0000 0000001   0.0000 192.0000 15.13677000    04
Starlink-525 65
1 00066U 00000ABC 00001.00000000  .00000000  00000-0  00000+0 0    05
2 00066  53.0000   0.0000 0000001   0.0000 195.0000 15.13677000    08
Starlink-525 66
1 00067U 00000ABC 00001.00000000  .00000000  00000-0  00000+0 0    06
2 00067  53.0000   0.0000 0000001   0.0000 198.0000 15.13677000    02
Starlink-525 67
1 00068U 00000ABC 00001.00000000  .00000000  00000-0  00000+0 0    07
2 00068  53.0000   0.0000 0000001   0.0000 201.0000 15.13677000    08
Starlink-525 68
1 00069U 00000ABC 00001.00000000  .00000000  00000-0  00000+0 0    08
2 00069  53.0000   0.0000 0000001   0.0000 204.0000 15.13677000    02
Starlink-525 69
1 00070U 00000ABC 00001.00000000  .00000000  00000-0  00000+0 0    00
2 00070  53.0000   0.0000 0000001   0.0000 207.0000 15.13677000    07
Starlink-525 70
1 00071U 00000ABC 00001.00000000  .00000000  00000-0  00000+0 0    01
2 00071  53.0000   0.0000 0000001   0.0000 210.0000 15.13677000    02
Starlink-525 71
1 00072U 00000ABC 00001.00000000  .00000000  00000-0  00000+0 0    02
2 00072  53.0000   0.0000 0000001   0.0000 213.0000 15.13677000    06
Starlink-525 72
1 00073U 00000ABC 00001.00000000  .00000000  00000-0  00000+0 0    03
2 00073  53.0000   0.0000 0000001   0.0000 216.0000 15.13677000    00
Starlink-525 73
1 00074U 00000ABC 00001.00000000  .00000000  00000-0  00000+0 0    04
2 00074  53.0000   0.0000 0000001   0.0000 219.0000 15.13677000    04
Starlink-525 74
1 00075U 00000ABC 00001.00000000  .00000000  00000-0  00000+0 0    05
2 00075  53.0000   0.0000 0000001   0.0000 222.0000 15.13677000    09
Starlink-525 75
1 00076U 00000ABC 00001.00000000  .00000000  00000-0  00000+0 0    06
2 00076  53.0000   0.0000 0000001   0.0000 225.0000 15.13677000    03
Starlink-525 76
1 00077U 00000ABC 00001.00000000  .00000000  00000-0  00000+0 0    07
2 00077  53.0000   0.0000 0000001   0.0000 228.0000 15.13677000    07
Starlink-525 77
1 00078U 00000ABC 00001.00000000  .00000000  00000-0  00000+0 0    08
2 00078  53.0000   0.0000 0000001   0.0000 231.0000 15.13677000    02
Starlink-525 78
1 00079U 00000ABC 00001.00000000  .00000000  00000-0  00000+0 0    09
2 00079  53.0000   0.0000 0000001   0.0000 234.0000 15.13677000    06
Starlink-525 79
1 00080U 00000ABC 00001.00000000  .00000000  00000-0  00000+0 0    01
2 00080  53.0000   0.0000 0000001   0.0000 237.0000 15.13677000    01
Starlink-525 80
1 00081U 00000ABC 00001.00000000  .00000000  00000-0  00000+0 0    02
2 00081  53.0000   0.0000 0000001   0.0000 240.0000 15.13677000    06
Starlink-525 81
1 00082U 00000ABC 00001.00000000  .00000000  00000-0  00000+0 0    03
2 00082  53.0000   0.0000 0000001   0.0000 243.0000 15.13677000    00
Starlink-525 82
1 00083U 00000ABC 00001.00000000  .00000000  00000-0  00000+0 0    04
2 00083  53.0000   0.0000 0000001   0.0000 246.0000 15.13677000    04
Starlink-525 83
1 00084U 00000ABC 00001.00000000  .00000000  00000-0  00000+0 0    05
2 00084  53.0000   0.0000 0000001   0.0000 249.0000 15.13677000    08
Starlink-525 84
1 00085U 00000ABC 00001.00000000  .00000000  00000-0  00000+0 0    06
2 00085  53.0000   0.0000 0000001   0.0000 252.0000 15.13677000    03
Starlink-525 85
1 00086U 00000ABC 00001.00000000  .00000000  00000-0  00000+0 0    07
2 00086  53.0000   0.0000 0000001   0.0000 255.0000 15.13677000    07
Starlink-525 86
1 00087U 00000ABC 00001.00000000  .00000000  00000-0  00000+0 0    08
2 00087  53.0000   0.0000 0000001   0.0000 258.0000 15.13677000    01
Starlink-525 87
1 00088U 00000ABC 00001.00000000  .00000000  00000-0  00000+0 0    09
2 00088  53.0000   0.0000 0000001   0.0000 261.0000 15.13677000    06
Starlink-525 88
1 00089U 00000ABC 00001.00000000  .00000000  00000-0  00000+0 0    00
2 00089  53.0000   0.0000 0000001   0.0000 264.0000 15.13677000    00
Starlink-525 89
1 00090U 00000ABC 00001.00000000  .00000000  00000-0  00000+0 0    02
2 00090  53.0000   0.0000 0000001   0.0000 267.0000 15.13677000    05
Starlink-525 90
1 00091U 00000ABC 00001.00000000  .00000000  00000-0  00000+0 0    03
2 00091  53.0000   0.0000 0000001   0.0000 270.0000 15.13677000    00
Starlink-525 91
1 00092U 00000ABC 00001.00000000  .00000000  00000-0  00000+0 0    04
2 00092  53.0000   0.0000 0000001   0.0000 273.0000 15.13677000    04
Starlink-525 92
1 00093U 00000ABC 00001.00000000  .00000000  00000-0  00000+0 0    05
2 00093  53.0000   0.0000 0000001   0.0000 276.0000 15.13677000    08
Starlink-525 93
1 00094U 00000ABC 00001.00000000  .00000000  00000-0  00000+0 0    06
2 00094  53.0000   0.0000 0000001   0.0000 279.0000 15.13677000    02
Starlink-525 94
1 00095U 00000ABC 00001.00000000  .00000000  00000-0  00000+0 0    07
2 00095  53.0000   0.0000 0000001   0.0000 282.0000 15.13677000    07
Starlink-525 95
1 00096U 00000ABC 00001.00000000  .00000000  00000-0  00000+0 0    08
2 00096  53.0000   0.0000 0000001   0.0000 285.0000 15.13677000    01
Starlink-525 96
1 00097U 00000ABC 00001.00000000  .00000000  00000-0  00000+0 0    09
2 00097  53.0000   0.0000 0000001   0.0000 288.0000 15.13677000    05
Starlink-525 97
1 00098U 00000ABC 00001.00000000  .00000000  00000-0  00000+0 0    00
2 00098  53.0000   0.0000 0000001   0.0000 291.0000 15.13677000    00
Starlink-525 98
1 00099U 00000ABC 00001.00000000  .00000000  00000-0  00000+0 0    01
2 00099  53.0000   0.0000 0000001   0.0000 294.0000 15.13677000    04
Starlink-525 99
1 00100U 00000ABC 00001.00000000  .00000000  00000-0  00000+0 0    04
2 00100  53.0000   0.0000 0000001   0.0000 297.0000 15.13677000    00
Starlink-525 100
1 00101U 00000ABC 00001.00000000  .00000000  00000-0  00000+0 0    05
2 00101  53.0000   0.0000 0000001   0.0000 300.0000 15.13677000    06
Starlink-525 101
1 00102U 00000ABC 00001.00000000  .00000000  00000-0  00000+0 0    06
2 00102  53.0000   0.0000 0000001   0.0000 303.0000 15.13677000    00
Starlink-525 102
1 00103U 00000ABC 00001.00000000  .00000000  00000-0  00000+0 0    07
2 00103  53.0000   0.0000 0000001   0.0000 306.0000 15.13677000    04
Starlink-525 103
1 00104U 00000ABC 00001.00000000  .00000000  00000-0  00000+0 0    08
2 00104  53.0000   0.0000 0000001   0.0000 309.0000 15.13677000    08
Starlink-525 104
1 00105U 00000ABC 00001.00000000  .00000000  00000-0  00000+0 0    09
2 00105  53.0000   0.0000 0000001   0.0000 312.0000 15.13677000    03
Starlink-525 105
1 00106U 00000ABC 00001.00000000  .00000000  00000-0  00000+0 0    00
2 00106  53.0000   0.0000 0000001   0.0000 315.0000 15.13677000    07
Starlink-525 106
1 00107U 00000ABC 00001.00000000  .00000000  00000-0  00000+0 0    01
2 00107  53.0000   0.0000 0000001   0.0000 318.0000 15.13677000    01
Starlink-525 107
1 00108U 00000ABC 00001.00000000  .00000000  00000-0  00000+0 0    02
2 00108  53.0000   0.0000 0000001   0.0000 321.0000 15.13677000    06
Starlink-525 108
1 00109U 00000ABC 00001.00000000  .00000000  00000-0  00000+0 0    03
2 00109  53.0000   0.0000 0000001   0.0000 324.0000 15.13677000    00
Starlink-525 109
1 00110U 00000ABC 00001.00000000  .00000000  00000-0  00000+0 0    05
2 00110  53.0000   0.0000 0000001   0.0000 327.0000 15.13677000    05
Starlink-525 110
1 00111U 00000ABC 00001.00000000  .00000000  00000-0  00000+0 0    06
2 00111  53.0000   0.0000 0000001   0.0000 330.0000 15.13677000    00
Starlink-525 111
1 00112U 00000ABC 00001.00000000  .00000000  00000-0  00000+0 0    07
2 00112  53.0000   0.0000 0000001   0.0000 333.0000 15.13677000    04
Starlink-525 112
1 00113U 00000ABC 00001.00000000  .00000000  00000-0  00000+0 0    08
2 00113  53.0000   0.0000 0000001   0.0000 336.0000 15.13677000    08
Starlink-525 113
1 00114U 00000ABC 00001.00000000  .00000000  00000-0  00000+0 0    09
2 00114  53.0000   0.0000 0000001   0.0000 339.0000 15.13677000    02
Starlink-525 114
1 00115U 00000ABC 00001.00000000  .00000000  00000-0  00000+0 0    00
2 00115  53.0000   0.0000 0000001   0.0000 342.0000 15.13677000    07
Starlink-525 115
1 00116U 00000ABC 00001.00000000  .00000000  00000-0  00000+0 0    01
2 00116  53.0000   0.0000 0000001   0.0000 345.0000 15.13677000    01
Starlink-525 116
1 00117U 00000ABC 00001.00000000  .00000000  00000-0  00000+0 0    02
2 00117  53.0000   0.0000 0000001   0.0000 348.0000 15.13677000    05
Starlink-525 117
1 00118U 00000ABC 00001.00000000  .00000000  00000-0  00000+0 0    03
2 00118  53.0000   0.0000 0000001   0.0000 351.0000 15.13677000    00
Starlink-525 118
1 00119U 00000ABC 00001.00000000  .00000000  00000-0  00000+0 0    04
2 00119  53.0000   0.0000 0000001   0.0000 354.0000 15.13677000    04
Starlink-525 119
1 00120U 00000ABC 00001.00000000  .00000000  00000-0  00000+0 0    06
2 00120  53.0000   0.0000 0000001   0.0000 357.0000 15.13677000    09
Starlink-525 120
1 00121U 00000ABC 00001.00000000  .00000000  00000-0  00000+0 0    07
2 00121  53.0000  12.8571 0000001   0.0000   1.5000 15.13677000    05
Starlink-525 121
1 00122U 00000ABC 00001.00000000  .00000000  00000-0  00000+0 0    08
2 00122  53.0000  12.8571 0000001   0.0000   4.5000 15.13677000    09
Starlink-525 122
1 00123U 00000ABC 00001.00000000  .00000000  00000-0  00000+0 0    09
2 00123  53.0000  12.8571 0000001   0.0000   7.5000 15.13677000    03
Starlink-525 123
1 00124U 00000ABC 00001.00000000  .00000000  00000-0  00000+0 0    00
2 00124  53.0000  12.8571 0000001   0.0000  10.5000 15.13677000    08
Starlink-525 124
1 00125U 00000ABC 00001.00000000  .00000000  00000-0  00000+0 0    01
2 00125  53.0000  12.8571 0000001   0.0000  13.5000 15.13677000    02
Starlink-525 125
1 00126U 00000ABC 00001.00000000  .00000000  00000-0  00000+0 0    02
2 00126  53.0000  12.8571 0000001   0.0000  16.5000 15.13677000    06
Starlink-525 126
1 00127U 00000ABC 00001.00000000  .00000000  00000-0  00000+0 0    03
2 00127  53.0000  12.8571 0000001   0.0000  19.5000 15.13677000    00
Starlink-525 127
1 00128U 00000ABC 00001.00000000  .00000000  00000-0  00000+0 0    04
2 00128  53.0000  12.8571 0000001   0.0000  22.5000 15.13677000    05
Starlink-525 128
1 00129U 00000ABC 00001.00000000  .00000000  00000-0  00000+0 0    05
2 00129  53.0000  12.8571 0000001   0.0000  25.5000 15.13677000    09
Starlink-525 129
1 00130U 00000ABC 00001.00000000  .00000000  00000-0  00000+0 0    07
2 00130  53.0000  12.8571 0000001   0.0000  28.5000 15.13677000    04
Starlink-525 130
1 00131U 00000ABC 00001.00000000  .00000000  00000-0  00000+0 0    08
2 00131  53.0000  12.8571 0000001   0.0000  31.5000 15.13677000    09
Starlink-525 131
1 00132U 00000ABC 00001.00000000  .00000000  00000-0  00000+0 0    09
2 00132  53.0000  12.8571 0000001   0.0000  34.5000 15.13677000    03
Starlink-525 132
1 00133U 00000ABC 00001.00000000  .00000000  00000-0  00000+0 0    00
2 00133  53.0000  12.8571 0000001   0.0000  37.5000 15.13677000    07
Starlink-525 133
1 00134U 00000ABC 00001.00000000  .00000000  00000-0  00000+0 0    01
2 00134  53.0000  12.8571 0000001   0.0000  40.5000 15.13677000    02
Starlink-525 134
1 00135U 00000ABC 00001.00000000  .00000000  00000-0  00000+0 0    02
2 00135  53.0000  12.8571 0000001   0.0000  43.5000 15.13677000    06
Starlink-525 135
1 00136U 00000ABC 00001.00000000  .00000000  00000-0  00000+0 0    03
2 00136  53.0000  12.8571 0000001   0.0000  46.5000 15.13677000    00
Starlink-525 136
1 00137U 00000ABC 00001.00000000  .00000000  00000-0  00000+0 0    04
2 00137  53.0000  12.8571 0000001   0.0000  49.5000 15.13677000    04
Starlink-525 137
1 00138U 00000ABC 00001.00000000  .00000000  00000-0  00000+0 0    05
2 00138  53.0000  12.8571 0000001   0.0000  52.5000 15.13677000    09
Starlink-525 138
1 00139U 00000ABC 00001.00000000  .00000000  00000-0  00000+0 0    06
2 00139  53.0000  12.8571 0000001   0.0000  55.5000 15.13677000    03
Starlink-525 139
1 00140U 00000ABC 00001.00000000  .00000000  00000-0  00000+0 0    08
2 00140  53.0000  12.8571 0000001   0.0000  58.5000 15.13677000    08
Starlink-525 140
1 00141U 00000ABC 00001.00000000  .00000000  00000-0  00000+0 0    09
2 00141  53.0000  12.8571 0000001   0.0000  61.5000 15.13677000    03
Starlink-525 141
1 00142U 00000ABC 00001.00000000  .00000000  00000-0  00000+0 0    00
2 00142  53.0000  12.8571 0000001   0.0000  64.5000 15.13677000    07
Starlink-525 142
1 00143U 00000ABC 00001.00000000  .00000000  00000-0  00000+0 0    01
2 00143  53.0000  12.8571 0000001   0.0000  67.5000 15.13677000    01
Starlink-525 143
1 00144U 00000ABC 00001.00000000  .00000000  00000-0  00000+0 0    02
2 00144  53.0000  12.8571 0000001   0.0000  70.5000 15.13677000    06
Starlink-525 144
1 00145U 00000ABC 00001.00000000  .00000000  00000-0  00000+0 0    03
2 00145  53.0000  12.8571 0000001   0.0000  73.5000 15.13677000    00
Starlink-525 145
1 00146U 00000ABC 00001.00000000  .00000000  00000-0  00000+0 0    04
2 00146  53.0000  12.8571 0000001   0.0000  76.5000 15.13677000    04
Starlink-525 146
1 00147U 00000ABC 00001.00000000  .00000000  00000-0  00000+0 0    05
2 00147  53.0000  12.8571 0000001   0.0000  79.5000 15.13677000    08
Starlink-525 147
1 00148U 00000ABC 00001.00000000  .00000000  00000-0  00000+0 0    06
2 00148  53.0000  12.8571 0000001   0.0000  82.5000 15.13677000    03
Starlink-525 148
1 00149U 00000ABC 00001.00000000  .00000000  00000-0  00000+0 0    07
2 00149  53.0000  12.8571 0000001   0.0000  85.5000 15.13677000    07
Starlink-525 149
1 00150U 00000ABC 00001.00000000  .00000000  00000-0  00000+0 0    09
2 00150  53.0000  12.8571 0000001   0.0000  88.5000 15.13677000    02
Starlink-525 150
1 00151U 00000ABC 00001.00000000  .00000000  00000-0  00000+0 0    00
2 00151  53.0000  12.8571 0000001   0.0000  91.5000 15.13677000    07
Starlink-525 151
1 00152U 00000ABC 00001.00000000  .00000000  00000-0  00000+0 0    01
2 00152  53.0000  12.8571 0000001   0.0000  94.5000 15.13677000    01
Starlink-525 152
1 00153U 00000ABC 00001.00000000  .00000000  00000-0  00000+0 0    02
2 00153  53.0000  12.8571 0000001   0.0000  97.5000 15.13677000    05
Starlink-525 153
1 00154U 00000ABC 00001.00000000  .00000000  00000-0  00000+0 0    03
2 00154  53.0000  12.8571 0000001   0.0000 100.5000 15.13677000    01
Starlink-525 154
1 00155U 00000ABC 00001.00000000  .00000000  00000-0  00000+0 0    04
2 00155  53.0000  12.8571 0000001   0.0000 103.5000 15.13677000    05
Starlink-525 155
1 00156U 00000ABC 00001.00000000  .00000000  00000-0  00000+0 0    05
2 00156  53.0000  12.8571 0000001   0.0000 106.5000 15.13677000    09
Starlink-525 156
1 00157U 00000ABC 00001.00000000  .00000000  00000-0  00000+0 0    06
2 00157  53.0000  12.8571 0000001   0.0000 109.5000 15.13677000    03
Starlink-525 157
1 00158U 00000ABC 00001.00000000  .00000000  00000-0  00000+0 0    07
2 00158  53.0000  12.8571 0000001   0.0000 112.5000 15.13677000    08
Starlink-525 158
1 00159U 00000ABC 00001.00000000  .00000000  00000-0  00000+0 0    08
2 00159  53.0000  12.8571 0000001   0.0000 115.5000 15.13677000    02
Starlink-525 159
1 00160U 00000ABC 00001.00000000  .00000000  00000-0  00000+0 0    00
2 00160  53.0000  12.8571 0000001   0.0000 118.5000 15.13677000    07
Starlink-525 160
1 00161U 00000ABC 00001.00000000  .00000000  00000-0  00000+0 0    01
2 00161  53.0000  12.8571 0000001   0.0000 121.5000 15.13677000    02
Starlink-525 161
1 00162U 00000ABC 00001.00000000  .00000000  00000-0  00000+0 0    02
2 00162  53.0000  12.8571 0000001   0.0000 124.5000 15.13677000    06
Starlink-525 162
1 00163U 00000ABC 00001.00000000  .00000000  00000-0  00000+0 0    03
2 00163  53.0000  12.8571 0000001   0.0000 127.5000 15.13677000    00
Starlink-525 163
1 00164U 00000ABC 00001.00000000  .00000000  00000-0  00000+0 0    04
2 00164  53.0000  12.8571 0000001   0.0000 130.5000 15.13677000    05
Starlink-525 164
1 00165U 00000ABC 00001.00000000  .00000000  00000-0  00000+0 0    05
2 00165  53.0000  12.8571 0000001   0.0000 133.5000 15.13677000    09
Starlink-525 165
1 00166U 00000ABC 00001.00000000  .00000000  00000-0  00000+0 0    06
2 00166  53.0000  12.8571 0000001   0.0000 136.5000 15.13677000    03
Starlink-525 166
1 00167U 00000ABC 00001.00000000  .00000000  00000-0  00000+0 0    07
2 00167  53.0000  12.8571 0000001   0.0000 139.5000 15.13677000    07
Starlink-525 167
1 00168U 00000ABC 00001.00000000  .00000000  00000-0  00000+0 0    08
2 00168  53.0000  12.8571 0000001   0.0000 142.5000 15.13677000    02
Starlink-525 168
1 00169U 00000ABC 00001.00000000  .00000000  00000-0  00000+0 0    09
2 00169  53.0000  12.8571 0000001   0.0000 145.5000 15.13677000    06
Starlink-525 169
1 00170U 00000ABC 00001.00000000  .00000000  00000-0  00000+0 0    01
2 00170  53.0000  12.8571 0000001   0.0000 148.5000 15.13677000    01
Starlink-525 170
1 00171U 00000ABC 00001.00000000  .00000000  00000-0  00000+0 0    02
2 00171  53.0000  12.8571 0000001   0.0000 151.5000 15.13677000    06
Starlink-525 171
1 00172U 00000ABC 00001.00000000  .00000000  00000-0  00000+0 0    03
2 00172  53.0000  12.8571 0000001   0.0000 154.5000 15.13677000    00
Starlink-525 172
1 00173U 00000ABC 00001.00000000  .00000000  00000-0  00000+0 0    04
2 00173  53.0000  12.8571 0000001   0.0000 157.5000 15.13677000    04
Starlink-525 173
1 00174U 00000ABC 00001.00000000  .00000000  00000-0  00000+0 0    05
2 00174  53.0000  12.8571 0000001   0.0000 160.5000 15.13677000    09
Starlink-525 174
1 00175U 00000ABC 00001.00000000  .00000000  00000-0  00000+0 0    06
2 00175  53.0000  12.8571 0000001   0.0000 163.5000 15.13677000    03
Starlink-525 175
1 00176U 00000ABC 00001.00000000  .00000000  00000-0  00000+0 0    07
2 00176  53.0000  12.8571 0000001   0.0000 166.5000 15.13677000    07
Starlink-525 176
1 00177U 00000ABC 00001.00000000  .00000000  00000-0  00000+0 0    08
2 00177  53.0000  12.8571 0000001   0.0000 169.5000 15.13677000    01
Starlink-525 177
1 00178U 00000ABC 00001.00000000  .00000000  00000-0  00000+0 0    09
2 00178  53.0000  12.8571 0000001   0.0000 172.5000 15.13677000    06
Starlink-525 178
1 00179U 00000ABC 00001.00000000  .00000000  00000-0  00000+0 0    00
2 00179  53.0000  12.8571 0000001   0.0000 175.5000 15.13677000    00
Starlink-525 179
1 00180U 00000ABC 00001.00000000  .00000000  00000-0  00000+0 0    02
2 00180  53.0000  12.8571 0000001   0.0000 178.5000 15.13677000    05
Starlink-525 180
1 00181U 00000ABC 00001.00000000  .00000000  00000-0  00000+0 0    03
2 00181  53.0000  12.8571 0000001   0.0000 181.5000 15.13677000    00
Starlink-525 181
1 00182U 00000ABC 00001.00000000  .00000000  00000-0  00000+0 0    04
2 00182  53.0000  12.8571 0000001   0.0000 184.5000 15.13677000    04
Starlink-525 182
1 00183U 00000ABC 00001.00000000  .00000000  00000-0  00000+0 0    05
2 00183  53.0000  12.8571 0000001   0.0000 187.5000 15.13677000    08
Starlink-525 183
1 00184U 00000ABC 00001.00000000  .00000000  00000-0  00000+0 0    06
2 00184  53.0000  12.8571 0000001   0.0000 190.5000 15.13677000    03
Starlink-525 184
1 00185U 00000ABC 00001.00000000  .00000000  00000-0  00000+0 0    07
2 00185  53.0000  12.8571 0000001   0.0000 193.5000 15.13677000    07
Starlink-525 185
1 00186U 00000ABC 00001.00000000  .00000000  00000-0  00000+0 0    08
2 00186  53.0000  12.8571 0000001   0.0000 196.5000 15.13677000    01
Starlink-525 186
1 00187U 00000ABC 00001.00000000  .00000000  00000-0  00000+0 0    09
2 00187  53.0000  12.8571 0000001   0.0000 199.5000 15.13677000    05
Starlink-525 187
1 00188U 00000ABC 00001.00000000  .00000000  00000-0  00000+0 0    00
2 00188  53.0000  12.8571 0000001   0.0000 202.5000 15.13677000    01
Starlink-525 188
1 00189U 00000ABC 00001.00000000  .00000000  00000-0  00000+0 0    01
2 00189  53.0000  12.8571 0000001   0.0000 205.5000 15.13677000    05
Starlink-525 189
1 00190U 00000ABC 00001.00000000  .00000000  00000-0  00000+0 0    03
2 00190  53.0000  12.8571 0000001   0.0000 208.5000 15.13677000    00
Starlink-525 190
1 00191U 00000ABC 00001.00000000  .00000000  00000-0  00000+0 0    04
2 00191  53.0000  12.8571 0000001   0.0000 211.5000 15.13677000    05
Starlink-525 191
1 00192U 00000ABC 00001.00000000  .00000000  00000-0  00000+0 0    05
2 00192  53.0000  12.8571 0000001   0.0000 214.5000 15.13677000    09
Starlink-525 192
1 00193U 00000ABC 00001.00000000  .00000000  00000-0  00000+0 0    06
2 00193  53.0000  12.8571 0000001   0.0000 217.5000 15.13677000    03
Starlink-525 193
1 00194U 00000ABC 00001.00000000  .00000000  00000-0  00000+0 0    07
2 00194  53.0000  12.8571 0000001   0.0000 220.5000 15.13677000    08
Starlink-525 194
1 00195U 00000ABC 00001.00000000  .00000000  00000-0  00000+0 0    08
2 00195  53.0000  12.8571 0000001   0.0000 223.5000 15.13677000    02
Starlink-525 195
1 00196U 00000ABC 00001.00000000  .00000000  00000-0  00000+0 0    09
2 00196  53.0000  12.8571 0000001   0.0000 226.5000 15.13677000    06
Starlink-525 196
1 00197U 00000ABC 00001.00000000  .00000000  00000-0  00000+0 0    00
2 00197  53.0000  12.8571 0000001   0.0000 229.5000 15.13677000    00
Starlink-525 197
1 00198U 00000ABC 00001.00000000  .00000000  00000-0  00000+0 0    01
2 00198  53.0000  12.8571 0000001   0.0000 232.5000 15.13677000    05
Starlink-525 198
1 00199U 00000ABC 00001.00000000  .00000000  00000-0  00000+0 0    02
2 00199  53.0000  12.8571 0000001   0.0000 235.5000 15.13677000    09
Starlink-525 199
1 00200U 00000ABC 00001.00000000  .00000000  00000-0  00000+0 0    05
2 00200  53.0000  12.8571 0000001   0.0000 238.5000 15.13677000    05
Starlink-525 200
1 00201U 00000ABC 00001.00000000  .00000000  00000-0  00000+0 0    06
2 00201  53.0000  12.8571 0000001   0.0000 241.5000 15.13677000    00
Starlink-525 201
1 00202U 00000ABC 00001.00000000  .00000000  00000-0  00000+0 0    07
2 00202  53.0000  12.8571 0000001   0.0000 244.5000 15.13677000    04
Starlink-525 202
1 00203U 00000ABC 00001.00000000  .00000000  00000-0  00000+0 0    08
2 00203  53.0000  12.8571 0000001   0.0000 247.5000 15.13677000    08
Starlink-525 203
1 00204U 00000ABC 00001.00000000  .00000000  00000-0  00000+0 0    09
2 00204  53.0000  12.8571 0000001   0.0000 250.5000 15.13677000    03
Starlink-525 204
1 00205U 00000ABC 00001.00000000  .00000000  00000-0  00000+0 0    00
2 00205  53.0000  12.8571 0000001   0.0000 253.5000 15.13677000    07
Starlink-525 205
1 00206U 00000ABC 00001.00000000  .00000000  00000-0  00000+0 0    01
2 00206  53.0000  12.8571 0000001   0.0000 256.5000 15.13677000    01
Starlink-525 206
1 00207U 00000ABC 00001.00000000  .00000000  00000-0  00000+0 0    02
2 00207  53.0000  12.8571 0000001   0.0000 259.5000 15.13677000    05
Starlink-525 207
1 00208U 00000ABC 00001.00000000  .00000000  00000-0  00000+0 0    03
2 00208  53.0000  12.8571 0000001   0.0000 262.5000 15.13677000    00
Starlink-525 208
1 00209U 00000ABC 00001.00000000  .00000000  00000-0  00000+0 0    04
2 00209  53.0000  12.8571 0000001   0.0000 265.5000 15.13677000    04
Starlink-525 209
1 00210U 00000ABC 00001.00000000  .00000000  00000-0  00000+0 0    06
2 00210  53.0000  12.8571 0000001   0.0000 268.5000 15.13677000    09
Starlink-525 210
1 00211U 00000ABC 00001.00000000  .00000000  00000-0  00000+0 0    07
2 00211  53.0000  12.8571 0000001   0.0000 271.5000 15.13677000    04
Starlink-525 211
1 00212U 00000ABC 00001.00000000  .00000000  00000-0  00000+0 0    08
2 00212  53.0000  12.8571 0000001   0.0000 274.5000 15.13677000    08
Starlink-525 212
1 00213U 00000ABC 00001.00000000  .00000000  00000-0  00000+0 0    09
2 00213  53.0000  12.8571 0000001   0.0000 277.5000 15.13677000    02
Starlink-525 213
1 00214U 00000ABC 00001.00000000  .00000000  00000-0  00000+0 0    00
2 00214  53.0000  12.8571 0000001   0.0000 280.5000 15.13677000    07
Starlink-525 214
1 00215U 00000ABC 00001.00000000  .00000000  00000-0  00000+0 0    01
2 00215  53.0000  12.8571 0000001   0.0000 283.5000 15.13677000    01
Starlink-525 215
1 00216U 00000ABC 00001.00000000  .00000000  00000-0  00000+0 0    02
2 00216  53.0000  12.8571 0000001   0.0000 286.5000 15.13677000    05
Starlink-525 216
1 00217U 00000ABC 00001.00000000  .00000000  00000-0  00000+0 0    03
2 00217  53.0000  12.8571 0000001   0.0000 289.5000 15.13677000    09
Starlink-525 217
1 00218U 00000ABC 00001.00000000  .00000000  00000-0  00000+0 0    04
2 00218  53.0000  12.8571 0000001   0.0000 292.5000 15.13677000    04
Starlink-525 218
1 00219U 00000ABC 00001.00000000  .00000000  00000-0  00000+0 0    05
2 00219  53.0000  12.8571 0000001   0.0000 295.5000 15.13677000    08
Starlink-525 219
1 00220U 00000ABC 00001.00000000  .00000000  00000-0  00000+0 0    07
2 00220  53.0000  12.8571 0000001   0.0000 298.5000 15.13677000    03
Starlink-525 220
1 00221U 00000ABC 00001.00000000  .00000000  00000-0  00000+0 0    08
2 00221  53.0000  12.8571 0000001   0.0000 301.5000 15.13677000    09
Starlink-525 221
1 00222U 00000ABC 00001.00000000  .00000000  00000-0  00000+0 0    09
2 00222  53.0000  12.8571 0000001   0.0000 304.5000 15.13677000    03
Starlink-525 222
1 00223U 00000ABC 00001.00000000  .00000000  00000-0  00000+0 0    00
2 00223  53.0000  12.8571 0000001   0.0000 307.5000 15.13677000    07
Starlink-525 223
1 00224U 00000ABC 00001.00000000  .00000000  00000-0  00000+0 0    01
2 00224  53.0000  12.8571 0000001   0.0000 310.5000 15.13677000    02
Starlink-525 224
1 00225U 00000ABC 00001.00000000  .00000000  00000-0  00000+0 0    02
2 00225  53.0000  12.8571 0000001   0.0000 313.5000 15.13677000    06
Starlink-525 225
1 00226U 00000ABC 00001.00000000  .00000000  00000-0  00000+0 0    03
2 00226  53.0000  12.8571 0000001   0.0000 316.5000 15.13677000    00
Starlink-525 226
1 00227U 00000ABC 00001.00000000  .00000000  00000-0  00000+0 0    04
2 00227  53.0000  12.8571 0000001   0.0000 319.5000 15.13677000    04
Starlink-525 227
1 00228U 00000ABC 00001.00000000  .00000000  00000-0  00000+0 0    05
2 00228  53.0000  12.8571 0000001   0.0000 322.5000 15.13677000    09
Starlink-525 228
1 00229U 00000ABC 00001.00000000  .00000000  00000-0  00000+0 0    06
2 00229  53.0000  12.8571 0000001   0.0000 325.5000 15.13677000    03
Starlink-525 229
1 00230U 00000ABC 00001.00000000  .00000000  00000-0  00000+0 0    08
2 00230  53.0000  12.8571 0000001   0.0000 328.5000 15.13677000    08
Starlink-525 230
1 00231U 00000ABC 00001.00000000  .00000000  00000-0  00000+0 0    09
2 00231  53.0000  12.8571 0000001   0.0000 331.5000 15.13677000    03
Starlink-525 231
1 00232U 00000ABC 00001.00000000  .00000000  00000-0  00000+0 0    00
2 00232  53.0000  12.8571 0000001   0.0000 334.5000 15.13677000    07
Starlink-525 232
1 00233U 00000ABC 00001.00000000  .00000000  00000-0  00000+0 0    01
2 00233  53.0000  12.8571 0000001   0.0000 337.5000 15.13677000    01
Starlink-525 233
1 00234U 00000ABC 00001.00000000  .00000000  00000-0  00000+0 0    02
2 00234  53.0000  12.8571 0000001   0.0000 340.5000 15.13677000    06
Starlink-525 234
1 00235U 00000ABC 00001.00000000  .00000000  00000-0  00000+0 0    03
2 00235  53.0000  12.8571 0000001   0.0000 343.5000 15.13677000    00
Starlink-525 235
1 00236U 00000ABC 00001.00000000  .00000000  00000-0  00000+0 0    04
2 00236  53.0000  12.8571 0000001   0.0000 346.5000 15.13677000    04
Starlink-525 236
1 00237U 00000ABC 00001.00000000  .00000000  00000-0  00000+0 0    05
2 00237  53.0000  12.8571 0000001   0.0000 349.5000 15.13677000    08
Starlink-525 237
1 00238U 00000ABC 00001.00000000  .00000000  00000-0  00000+0 0    06
2 00238  53.0000  12.8571 0000001   0.0000 352.5000 15.13677000    03
Starlink-525 238
1 00239U 00000ABC 00001.00000000  .00000000  00000-0  00000+0 0    07
2 00239  53.0000  12.8571 0000001   0.0000 355.5000 15.13677000    07
Starlink-525 239
1 00240U 00000ABC 00001.00000000  .00000000  00000-0  00000+0 0    09
2 00240  53.0000  12.8571 0000001   0.0000 358.5000 15.13677000    02
Starlink-525 240
1 00241U 00000ABC 00001.00000000  .00000000  00000-0  00000+0 0    00
2 00241  53.0000  25.7143 0000001   0.0000   0.0000 15.13677000    00
Starlink-525 241
1 00242U 00000ABC 00001.00000000  .00000000  00000-0  00000+0 0    01
2 00242  53.0000  25.7143 0000001   0.0000   3.0000 15.13677000    04
Starlink-525 242
1 00243U 00000ABC 00001.00000000  .00000000  00000-0  00000+0 0    02
2 00243  53.0000  25.7143 0000001   0.0000   6.0000 15.13677000    08
Starlink-525 243
1 00244U 00000ABC 00001.00000000  .00000000  00000-0  00000+0 0    03
2 00244  53.0000  25.7143 0000001   0.0000   9.0000 15.13677000    02
Starlink-525 244
1 00245U 00000ABC 00001.00000000  .00000000  00000-0  00000+0 0    04
2 00245  53.0000  25.7143 0000001   0.0000  12.0000 15.13677000    07
Starlink-525 245
1 00246U 00000ABC 00001.00000000  .00000000  00000-0  00000+0 0    05
2 00246  53.0000  25.7143 0000001   0.0000  15.0000 15.13677000    01
Starlink-525 246
1 00247U 00000ABC 00001.00000000  .00000000  00000-0  00000+0 0    06
2 00247  53.0000  25.7143 0000001   0.0000  18.0000 15.13677000    05
Starlink-525 247
1 00248U 00000ABC 00001.00000000  .00000000  00000-0  00000+0 0    07
2 00248  53.0000  25.7143 0000001   0.0000  21.0000 15.13677000    00
Starlink-525 248
1 00249U 00000ABC 00001.00000000  .00000000  00000-0  00000+0 0    08
2 00249  53.0000  25.7143 0000001   0.0000  24.0000 15.13677000    04
Starlink-525 249
1 00250U 00000ABC 00001.00000000  .00000000  00000-0  00000+0 0    00
2 00250  53.0000  25.7143 0000001   0.0000  27.0000 15.13677000    09
Starlink-525 250
1 00251U 00000ABC 00001.00000000  .00000000  00000-0  00000+0 0    01
2 00251  53.0000  25.7143 0000001   0.0000  30.0000 15.13677000    04
Starlink-525 251
1 00252U 00000ABC 00001.00000000  .00000000  00000-0  00000+0 0    02
2 00252  53.0000  25.7143 0000001   0.0000  33.0000 15.13677000    08
Starlink-525 252
1 00253U 00000ABC 00001.00000000  .00000000  00000-0  00000+0 0    03
2 00253  53.0000  25.7143 0000001   0.0000  36.0000 15.13677000    02
Starlink-525 253
1 00254U 00000ABC 00001.00000000  .00000000  00000-0  00000+0 0    04
2 00254  53.0000  25.7143 0000001   0.0000  39.0000 15.13677000    06
Starlink-525 254
1 00255U 00000ABC 00001.00000000  .00000000  00000-0  00000+0 0    05
2 00255  53.0000  25.7143 0000001   0.0000  42.0000 15.13677000    01
Starlink-525 255
1 00256U 00000ABC 00001.00000000  .00000000  00000-0  00000+0 0    06
2 00256  53.0000  25.7143 0000001   0.0000  45.0000 15.13677000    05
Starlink-525 256
1 00257U 00000ABC 00001.00000000  .00000000  00000-0  00000+0 0    07
2 00257  53.0000  25.7143 0000001   0.0000  48.0000 15.13677000    09
Starlink-525 257
1 00258U 00000ABC 00001.00000000  .00000000  00000-0  00000+0 0    08
2 00258  53.0000  25.7143 0000001   0.0000  51.0000 15.13677000    04
Starlink-525 258
1 00259U 00000ABC 00001.00000000  .00000000  00000-0  00000+0 0    09
2 00259  53.0000  25.7143 0000001   0.0000  54.0000 15.13677000    08
Starlink-525 259
1 00260U 00000ABC 00001.00000000  .00000000  00000-0  00000+0 0    01
2 00260  53.0000  25.7143 0000001   0.0000  57.0000 15.13677000    03
Starlink-525 260
1 00261U 00000ABC 00001.00000000  .00000000  00000-0  00000+0 0    02
2 00261  53.0000  25.7143 0000001   0.0000  60.0000 15.13677000    08
Starlink-525 261
1 00262U 00000ABC 00001.00000000  .00000000  00000-0  00000+0 0    03
2 00262  53.0000  25.7143 0000001   0.0000  63.0000 15.13677000    02
Starlink-525 262
1 00263U 00000ABC 00001.00000000  .00000000  00000-0  00000+0 0    04
2 00263  53.0000  25.7143 0000001   0.0000  66.0000 15.13677000    06
Starlink-525 263
1 00264U 00000ABC 00001.00000000  .00000000  00000-0  00000+0 0    05
2 00264  53.0000  25.7143 0000001   0.0000  69.0000 15.13677000    00
Starlink-525 264
1 00265U 00000ABC 00001.00000000  .00000000  00000-0  00000+0 0    06
2 00265  53.0000  25.7143 0000001   0.0000  72.0000 15.13677000    05
Starlink-525 265
1 00266U 00000ABC 00001.00000000  .00000000  00000-0  00000+0 0    07
2 00266  53.0000  25.7143 0000001   0.0000  75.0000 15.13677000    09
Starlink-525 266
1 00267U 00000ABC 00001.00000000  .00000000  00000-0  00000+0 0    08
2 00267  53.0000  25.7143 0000001   0.0000  78.0000 15.13677000    03
Starlink-525 267
1 00268U 00000ABC 00001.00000000  .00000000  00000-0  00000+0 0    09
2 00268  53.0000  25.7143 0000001   0.0000  81.0000 15.13677000    08
Starlink-525 268
1 00269U 00000ABC 00001.00000000  .00000000  00000-0  00000+0 0    00
2 00269  53.0000  25.7143 0000001   0.0000  84.0000 15.13677000    02
Starlink-525 269
1 00270U 00000ABC 00001.00000000  .00000000  00000-0  00000+0 0    02
2 00270  53.0000  25.7143 0000001   0.0000  87.0000 15.13677000    07
Starlink-525 270
1 00271U 00000ABC 00001.00000000  .00000000  00000-0  00000+0 0    03
2 00271  53.0000  25.7143 0000001   0.0000  90.0000 15.13677000    02
Starlink-525 271
1 00272U 00000ABC 00001.00000000  .00000000  00000-0  00000+0 0    04
2 00272  53.0000  25.7143 0000001   0.0000  93.0000 15.13677000    06
Starlink-525 272
1 00273U 00000ABC 00001.00000000  .00000000  00000-0  00000+0 0    05
2 00273  53.0000  25.7143 0000001   0.0000  96.0000 15.13677000    00
Starlink-525 273
1 00274U 00000ABC 00001.00000000  .00000000  00000-0  00000+0 0    06
2 00274  53.0000  25.7143 0000001   0.0000  99.0000 15.13677000    04
Starlink-525 274
1 00275U 00000ABC 00001.00000000  .00000000  00000-0  00000+0 0    07
2 00275  53.0000  25.7143 0000001   0.0000 102.0000 15.13677000    00
Starlink-525 275
1 00276U 00000ABC 00001.00000000  .00000000  00000-0  00000+0 0    08
2 00276  53.0000  25.7143 0000001   0.0000 105.0000 15.13677000    04
Starlink-525 276
1 00277U 00000ABC 00001.00000000  .00000000  00000-0  00000+0 0    09
2 00277  53.0000  25.7143 0000001   0.0000 108.0000 15.13677000    08
Starlink-525 277
1 00278U 00000ABC 00001.00000000  .00000000  00000-0  00000+0 0    00
2 00278  53.0000  25.7143 0000001   0.0000 111.0000 15.13677000    03
Starlink-525 278
1 00279U 00000ABC 00001.00000000  .00000000  00000-0  00000+0 0    01
2 00279  53.0000  25.7143 0000001   0.0000 114.0000 15.13677000    07
Starlink-525 279
1 00280U 00000ABC 00001.00000000  .00000000  00000-0  00000+0 0    03
2 00280  53.0000  25.7143 0000001   0.0000 117.0000 15.13677000    02
Starlink-525 280
1 00281U 00000ABC 00001.00000000  .00000000  00000-0  00000+0 0    04
2 00281  53.0000  25.7143 0000001   0.0000 120.0000 15.13677000    07
Starlink-525 281
1 00282U 00000ABC 00001.00000000  .00000000  00000-0  00000+0 0    05
2 00282  53.0000  25.7143 0000001   0.0000 123.0000 15.13677000    01
Starlink-525 282
1 00283U 00000ABC 00001.00000000  .00000000  00000-0  00000+0 0    06
2 00283  53.0000  25.7143 0000001   0.0000 126.0000 15.13677000    05
Starlink-525 283
1 00284U 00000ABC 00001.00000000  .00000000  00000-0  00000+0 0    07
2 00284  53.0000  25.7143 0000001   0.0000 129.0000 15.13677000    09
Starlink-525 284
1 00285U 00000ABC 00001.00000000  .00000000  00000-0  00000+0 0    08
2 00285  53.0000  25.7143 0000001   0.0000 132.0000 15.13677000    04
Starlink-525 285
1 00286U 00000ABC 00001.00000000  .00000000  00000-0  00000+0 0    09
2 00286  53.0000  25.7143 0000001   0.0000 135.0000 15.13677000    08
Starlink-525 286
1 00287U 00000ABC 00001.00000000  .00000000  00000-0  00000+0 0    00
2 00287  53.0000  25.7143 0000001   0.0000 138.0000 15.13677000    02
Starlink-525 287
1 00288U 00000ABC 00001.00000000  .00000000  00000-0  00000+0 0    01
2 00288  53.0000  25.7143 0000001   0.0000 141.0000 15.13677000    07
Starlink-525 288
1 00289U 00000ABC 00001.00000000  .00000000  00000-0  00000+0 0    02
2 00289  53.0000  25.7143 0000001   0.0000 144.0000 15.13677000    01
Starlink-525 289
1 00290U 00000ABC 00001.00000000  .00000000  00000-0  00000+0 0    04
2 00290  53.0000  25.7143 0000001   0.0000 147.0000 15.13677000    06
Starlink-525 290
1 00291U 00000ABC 00001.00000000  .00000000  00000-0  00000+0 0    05
2 00291  53.0000  25.7143 0000001   0.0000 150.0000 15.13677000    01
Starlink-525 291
1 00292U 00000ABC 00001.00000000  .00000000  00000-0  00000+0 0    06
2 00292  53.0000  25.7143 0000001   0.0000 153.0000 15.13677000    05
Starlink-525 292
1 00293U 00000ABC 00001.00000000  .00000000  00000-0  00000+0 0    07
2 00293  53.0000  25.7143 0000001   0.0000 156.0000 15.13677000    09
Starlink-525 293
1 00294U 00000ABC 00001.00000000  .00000000  00000-0  00000+0 0    08
2 00294  53.0000  25.7143 0000001   0.0000 159.0000 15.13677000    03
Starlink-525 294
1 00295U 00000ABC 00001.00000000  .00000000  00000-0  00000+0 0    09
2 00295  53.0000  25.7143 0000001   0.0000 162.0000 15.13677000    08
Starlink-525 295
1 00296U 00000ABC 00001.00000000  .00000000  00000-0  00000+0 0    00
2 00296  53.0000  25.7143 0000001   0.0000 165.0000 15.13677000    02
Starlink-525 296
1 00297U 00000ABC 00001.00000000  .00000000  00000-0  00000+0 0    01
2 00297  53.0000  25.7143 0000001   0.0000 168.0000 15.13677000    06
Starlink-525 297
1 00298U 00000ABC 00001.00000000  .00000000  00000-0  00000+0 0    02
2 00298  53.0000  25.7143 0000001   0.0000 171.0000 15.13677000    01
Starlink-525 298
1 00299U 00000ABC 00001.00000000  .00000000  00000-0  00000+0 0    03
2 00299  53.0000  25.7143 0000001   0.0000 174.0000 15.13677000    05
Starlink-525 299
1 00300U 00000ABC 00001.00000000  .00000000  00000-0  00000+0 0    06
2 00300  53.0000  25.7143 0000001   0.0000 177.0000 15.13677000    01
Starlink-525 300
1 00301U 00000ABC 00001.00000000  .00000000  00000-0  00000+0 0    07
2 00301  53.0000  25.7143 0000001   0.0000 180.0000 15.13677000    06
Starlink-525 301
1 00302U 00000ABC 00001.00000000  .00000000  00000-0  00000+0 0    08
2 00302  53.0000  25.7143 0000001   0.0000 183.0000 15.13677000    00
Starlink-525 302
1 00303U 00000ABC 00001.00000000  .00000000  00000-0  00000+0 0    09
2 00303  53.0000  25.7143 0000001   0.0000 186.0000 15.13677000    04
Starlink-525 303
1 00304U 00000ABC 00001.00000000  .00000000  00000-0  00000+0 0    00
2 00304  53.0000  25.7143 0000001   0.0000 189.0000 15.13677000    08
Starlink-525 304
1 00305U 00000ABC 00001.00000000  .00000000  00000-0  00000+0 0    01
2 00305  53.0000  25.7143 0000001   0.0000 192.0000 15.13677000    03
Starlink-525 305
1 00306U 00000ABC 00001.00000000  .00000000  00000-0  00000+0 0    02
2 00306  53.0000  25.7143 0000001   0.0000 195.0000 15.13677000    07
Starlink-525 306
1 00307U 00000ABC 00001.00000000  .00000000  00000-0  00000+0 0    03
2 00307  53.0000  25.7143 0000001   0.0000 198.0000 15.13677000    01
Starlink-525 307
1 00308U 00000ABC 00001.00000000  .00000000  00000-0  00000+0 0    04
2 00308  53.0000  25.7143 0000001   0.0000 201.0000 15.13677000    07
Starlink-525 308
1 00309U 00000ABC 00001.00000000  .00000000  00000-0  00000+0 0    05
2 00309  53.0000  25.7143 0000001   0.0000 204.0000 15.13677000    01
Starlink-525 309
1 00310U 00000ABC 00001.00000000  .00000000  00000-0  00000+0 0    07
2 00310  53.0000  25.7143 0000001   0.0000 207.0000 15.13677000    06
Starlink-525 310
1 00311U 00000ABC 00001.00000000  .00000000  00000-0  00000+0 0    08
2 00311  53.0000  25.7143 0000001   0.0000 210.0000 15.13677000    01
Starlink-525 311
1 00312U 00000ABC 00001.00000000  .00000000  00000-0  00000+0 0    09
2 00312  53.0000  25.7143 0000001   0.0000 213.0000 15.13677000    05
Starlink-525 312
1 00313U 00000ABC 00001.00000000  .00000000  00000-0  00000+0 0    00
2 00313  53.0000  25.7143 0000001   0.0000 216.0000 15.13677000    09
Starlink-525 313
1 00314U 00000ABC 00001.00000000  .00000000  00000-0  00000+0 0    01
2 00314  53.0000  25.7143 0000001   0.0000 219.0000 15.13677000    03
Starlink-525 314
1 00315U 00000ABC 00001.00000000  .00000000  00000-0  00000+0 0    02
2 00315  53.0000  25.7143 0000001   0.0000 222.0000 15.13677000    08
Starlink-525 315
1 00316U 00000ABC 00001.00000000  .00000000  00000-0  00000+0 0    03
2 00316  53.0000  25.7143 0000001   0.0000 225.0000 15.13677000    02
Starlink-525 316
1 00317U 00000ABC 00001.00000000  .00000000  00000-0  00000+0 0    04
2 00317  53.0000  25.7143 0000001   0.0000 228.0000 15.13677000    06
Starlink-525 317
1 00318U 00000ABC 00001.00000000  .00000000  00000-0  00000+0 0    05
2 00318  53.0000  25.7143 0000001   0.0000 231.0000 15.13677000    01
Starlink-525 318
1 00319U 00000ABC 00001.00000000  .00000000  00000-0  00000+0 0    06
2 00319  53.0000  25.7143 0000001   0.0000 234.0000 15.13677000    05
Starlink-525 319
1 00320U 00000ABC 00001.00000000  .00000000  00000-0  00000+0 0    08
2 00320  53.0000  25.7143 0000001   0.0000 237.0000 15.13677000    00
Starlink-525 320
1 00321U 00000ABC 00001.00000000  .00000000  00000-0  00000+0 0    09
2 00321  53.0000  25.7143 0000001   0.0000 240.0000 15.13677000    05
Starlink-525 321
1 00322U 00000ABC 00001.00000000  .00000000  00000-0  00000+0 0    00
2 00322  53.0000  25.7143 0000001   0.0000 243.0000 15.13677000    09
Starlink-525 322
1 00323U 00000ABC 00001.00000000  .00000000  00000-0  00000+0 0    01
2 00323  53.0000  25.7143 0000001   0.0000 246.0000 15.13677000    03
Starlink-525 323
1 00324U 00000ABC 00001.00000000  .00000000  00000-0  00000+0 0    02
2 00324  53.0000  25.7143 0000001   0.0000 249.0000 15.13677000    07
Starlink-525 324
1 00325U 00000ABC 00001.00000000  .00000000  00000-0  00000+0 0    03
2 00325  53.0000  25.7143 0000001   0.0000 252.0000 15.13677000    02
Starlink-525 325
1 00326U 00000ABC 00001.00000000  .00000000  00000-0  00000+0 0    04
2 00326  53.0000  25.7143 0000001   0.0000 255.0000 15.13677000    06
Starlink-525 326
1 00327U 00000ABC 00001.00000000  .00000000  00000-0  00000+0 0    05
2 00327  53.0000  25.7143 0000001   0.0000 258.0000 15.13677000    00
Starlink-525 327
1 00328U 00000ABC 00001.00000000  .00000000  00000-0  00000+0 0    06
2 00328  53.0000  25.7143 0000001   0.0000 261.0000 15.13677000    05
Starlink-525 328
1 00329U 00000ABC 00001.00000000  .00000000  00000-0  00000+0 0    07
2 00329  53.0000  25.7143 0000001   0.0000 264.0000 15.13677000    09
Starlink-525 329
1 00330U 00000ABC 00001.00000000  .00000000  00000-0  00000+0 0    09
2 00330  53.0000  25.7143 0000001   0.0000 267.0000 15.13677000    04
Starlink-525 330
1 00331U 00000ABC 00001.00000000  .00000000  00000-0  00000+0 0    00
2 00331  53.0000  25.7143 0000001   0.0000 270.0000 15.13677000    09
Starlink-525 331
1 00332U 00000ABC 00001.00000000  .00000000  00000-0  00000+0 0    01
2 00332  53.0000  25.7143 0000001   0.0000 273.0000 15.13677000    03
Starlink-525 332
1 00333U 00000ABC 00001.00000000  .00000000  00000-0  00000+0 0    02
2 00333  53.0000  25.7143 0000001   0.0000 276.0000 15.13677000    07
Starlink-525 333
1 00334U 00000ABC 00001.00000000  .00000000  00000-0  00000+0 0    03
2 00334  53.0000  25.7143 0000001   0.0000 279.0000 15.13677000    01
Starlink-525 334
1 00335U 00000ABC 00001.00000000  .00000000  00000-0  00000+0 0    04
2 00335  53.0000  25.7143 0000001   0.0000 282.0000 15.13677000    06
Starlink-525 335
1 00336U 00000ABC 00001.00000000  .00000000  00000-0  00000+0 0    05
2 00336  53.0000  25.7143 0000001   0.0000 285.0000 15.13677000    00
Starlink-525 336
1 00337U 00000ABC 00001.00000000  .00000000  00000-0  00000+0 0    06
2 00337  53.0000  25.7143 0000001   0.0000 288.0000 15.13677000    04
Starlink-525 337
1 00338U 00000ABC 00001.00000000  .00000000  00000-0  00000+0 0    07
2 00338  53.0000  25.7143 0000001   0.0000 291.0000 15.13677000    09
Starlink-525 338
1 00339U 00000ABC 00001.00000000  .00000000  00000-0  00000+0 0    08
2 00339  53.0000  25.7143 0000001   0.0000 294.0000 15.13677000    03
Starlink-525 339
1 00340U 00000ABC 00001.00000000  .00000000  00000-0  00000+0 0    00
2 00340  53.0000  25.7143 0000001   0.0000 297.0000 15.13677000    08
Starlink-525 340
1 00341U 00000ABC 00001.00000000  .00000000  00000-0  00000+0 0    01
2 00341  53.0000  25.7143 0000001   0.0000 300.0000 15.13677000    04
Starlink-525 341
1 00342U 00000ABC 00001.00000000  .00000000  00000-0  00000+0 0    02
2 00342  53.0000  25.7143 0000001   0.0000 303.0000 15.13677000    08
Starlink-525 342
1 00343U 00000ABC 00001.00000000  .00000000  00000-0  00000+0 0    03
2 00343  53.0000  25.7143 0000001   0.0000 306.0000 15.13677000    02
Starlink-525 343
1 00344U 00000ABC 00001.00000000  .00000000  00000-0  00000+0 0    04
2 00344  53.0000  25.7143 0000001   0.0000 309.0000 15.13677000    06
Starlink-525 344
1 00345U 00000ABC 00001.00000000  .00000000  00000-0  00000+0 0    05
2 00345  53.0000  25.7143 0000001   0.0000 312.0000 15.13677000    01
Starlink-525 345
1 00346U 00000ABC 00001.00000000  .00000000  00000-0  00000+0 0    06
2 00346  53.0000  25.7143 0000001   0.0000 315.0000 15.13677000    05
Starlink-525 346
1 00347U 00000ABC 00001.00000000  .00000000  00000-0  00000+0 0    07
2 00347  53.0000  25.7143 0000001   0.0000 318.0000 15.13677000    09
Starlink-525 347
1 00348U 00000ABC 00001.00000000  .00000000  00000-0  00000+0 0    08
2 00348  53.0000  25.7143 0000001   0.0000 321.0000 15.13677000    04
Starlink-525 348
1 00349U 00000ABC 00001.00000000  .00000000  00000-0  00000+0 0    09
2 00349  53.0000  25.7143 0000001   0.0000 324.0000 15.13677000    08
Starlink-525 349
1 00350U 00000ABC 00001.00000000  .00000000  00000-0  00000+0 0    01
2 00350  53.0000  25.7143 0000001   0.0000 327.0000 15.13677000    03
Starlink-525 350
1 00351U 00000ABC 00001.00000000  .00000000  00000-0  00000+0 0    02
2 00351  53.0000  25.7143 0000001   0.0000 330.0000 15.13677000    08
Starlink-525 351
1 00352U 00000ABC 00001.00000000  .00000000  00000-0  00000+0 0    03
2 00352  53.0000  25.7143 0000001   0.0000 333.0000 15.13677000    02
Starlink-525 352
1 00353U 00000ABC 00001.00000000  .00000000  00000-0  00000+0 0    04
2 00353  53.0000  25.7143 0000001   0.0000 336.0000 15.13677000    06
Starlink-525 353
1 00354U 00000ABC 00001.00000000  .00000000  00000-0  00000+0 0    05
2 00354  53.0000  25.7143 0000001   0.0000 339.0000 15.13677000    00
Starlink-525 354
1 00355U 00000ABC 00001.00000000  .00000000  00000-0  00000+0 0    06
2 00355  53.0000  25.7143 0000001   0.0000 342.0000 15.13677000    05
Starlink-525 355
1 00356U 00000ABC 00001.00000000  .00000000  00000-0  00000+0 0    07
2 00356  53.0000  25.7143 0000001   0.0000 345.0000 15.13677000    09
Starlink-525 356
1 00357U 00000ABC 00001.00000000  .00000000  00000-0  00000+0 0    08
2 00357  53.0000  25.7143 0000001   0.0000 348.0000 15.13677000    03
Starlink-525 357
1 00358U 00000ABC 00001.00000000  .00000000  00000-0  00000+0 0    09
2 00358  53.0000  25.7143 0000001   0.0000 351.0000 15.13677000    08
Starlink-525 358
1 00359U 00000ABC 00001.00000000  .00000000  00000-0  00000+0 0    00
2 00359  53.0000  25.7143 0000001   0.0000 354.0000 15.13677000    02
Starlink-525 359
1 00360U 00000ABC 00001.00000000  .00000000  00000-0  00000+0 0    02
2 00360  53.0000  25.7143 0000001   0.0000 357.0000 15.13677000    07
Starlink-525 360
1 00361U 00000ABC 00001.00000000  .00000000  00000-0  00000+0 0    03
2 00361  53.0000  38.5714 0000001   0.0000   1.5000 15.13677000    05
Starlink-525 361
1 00362U 00000ABC 00001.00000000  .00000000  00000-0  00000+0 0    04
2 00362  53.0000  38.5714 0000001   0.0000   4.5000 15.13677000    09
Starlink-525 362
1 00363U 00000ABC 00001.00000000  .00000000  00000-0  00000+0 0    05
2 00363  53.0000  38.5714 0000001   0.0000   7.5000 15.13677000    03
Starlink-525 363
1 00364U 00000ABC 00001.00000000  .00000000  00000-0  00000+0 0    06
2 00364  53.0000  38.5714 0000001   0.0000  10.5000 15.13677000    08
Starlink-525 364
1 00365U 00000ABC 00001.00000000  .00000000  00000-0  00000+0 0    07
2 00365  53.0000  38.5714 0000001   0.0000  13.5000 15.13677000    02
Starlink-525 365
1 00366U 00000ABC 00001.00000000  .00000000  00000-0  00000+0 0    08
2 00366  53.0000  38.5714 0000001   0.0000  16.5000 15.13677000    06
Starlink-525 366
1 00367U 00000ABC 00001.00000000  .00000000  00000-0  00000+0 0    09
2 00367  53.0000  38.5714 0000001   0.0000  19.5000 15.13677000    00
Starlink-525 367
1 00368U 00000ABC 00001.00000000  .00000000  00000-0  00000+0 0    00
2 00368  53.0000  38.5714 0000001   0.0000  22.5000 15.13677000    05
Starlink-525 368
1 00369U 00000ABC 00001.00000000  .00000000  00000-0  00000+0 0    01
2 00369  53.0000  38.5714 0000001   0.0000  25.5000 15.13677000    09
Starlink-525 369
1 00370U 00000ABC 00001.00000000  .00000000  00000-0  00000+0 0    03
2 00370  53.0000  38.5714 0000001   0.0000  28.5000 15.13677000    04
Starlink-525 370
1 00371U 00000ABC 00001.00000000  .00000000  00000-0  00000+0 0    04
2 00371  53.0000  38.5714 0000001   0.0000  31.5000 15.13677000    09
Starlink-525 371
1 00372U 00000ABC 00001.00000000  .00000000  00000-0  00000+0 0    05
2 00372  53.0000  38.5714 0000001   0.0000  34.5000 15.13677000    03
Starlink-525 372
1 00373U 00000ABC 00001.00000000  .00000000  00000-0  00000+0 0    06
2 00373  53.0000  38.5714 0000001   0.0000  37.5000 15.13677000    07
Starlink-525 373
1 00374U 00000ABC 00001.00000000  .00000000  00000-0  00000+0 0    07
2 00374  53.0000  38.5714 0000001   0.0000  40.5000 15.13677000    02
Starlink-525 374
1 00375U 00000ABC 00001.00000000  .00000000  00000-0  00000+0 0    08
2 00375  53.0000  38.5714 0000001   0.0000  43.5000 15.13677000    06
Starlink-525 375
1 00376U 00000ABC 00001.00000000  .00000000  00000-0  00000+0 0    09
2 00376  53.0000  38.5714 0000001   0.0000  46.5000 15.13677000    00
Starlink-525 376
1 00377U 00000ABC 00001.00000000  .00000000  00000-0  00000+0 0    00
2 00377  53.0000  38.5714 0000001   0.0000  49.5000 15.13677000    04
Starlink-525 377
1 00378U 00000ABC 00001.00000000  .00000000  00000-0  00000+0 0    01
2 00378  53.0000  38.5714 0000001   0.0000  52.5000 15.13677000    09
Starlink-525 378
1 00379U 00000ABC 00001.00000000  .00000000  00000-0  00000+0 0    02
2 00379  53.0000  38.5714 0000001   0.0000  55.5000 15.13677000    03
Starlink-525 379
1 00380U 00000ABC 00001.00000000  .00000000  00000-0  00000+0 0    04
2 00380  53.0000  38.5714 0000001   0.0000  58.5000 15.13677000    08
Starlink-525 380
1 00381U 00000ABC 00001.00000000  .00000000  00000-0  00000+0 0    05
2 00381  53.0000  38.5714 0000001   0.0000  61.5000 15.13677000    03
Starlink-525 381
1 00382U 00000ABC 00001.00000000  .00000000  00000-0  00000+0 0    06
2 00382  53.0000  38.5714 0000001   0.0000  64.5000 15.13677000    07
Starlink-525 382
1 00383U 00000ABC 00001.00000000  .00000000  00000-0  00000+0 0    07
2 00383  53.0000  38.5714 0000001   0.0000  67.5000 15.13677000    01
Starlink-525 383
1 00384U 00000ABC 00001.00000000  .00000000  00000-0  00000+0 0    08
2 00384  53.0000  38.5714 0000001   0.0000  70.5000 15.13677000    06
Starlink-525 384
1 00385U 00000ABC 00001.00000000  .00000000  00000-0  00000+0 0    09
2 00385  53.0000  38.5714 0000001   0.0000  73.5000 15.13677000    00
Starlink-525 385
1 00386U 00000ABC 00001.00000000  .00000000  00000-0  00000+0 0    00
2 00386  53.0000  38.5714 0000001   0.0000  76.5000 15.13677000    04
Starlink-525 386
1 00387U 00000ABC 00001.00000000  .00000000  00000-0  00000+0 0    01
2 00387  53.0000  38.5714 0000001   0.0000  79.5000 15.13677000    08
Starlink-525 387
1 00388U 00000ABC 00001.00000000  .00000000  00000-0  00000+0 0    02
2 00388  53.0000  38.5714 0000001   0.0000  82.5000 15.13677000    03
Starlink-525 388
1 00389U 00000ABC 00001.00000000  .00000000  00000-0  00000+0 0    03
2 00389  53.0000  38.5714 0000001   0.0000  85.5000 15.13677000    07
Starlink-525 389
1 00390U 00000ABC 00001.00000000  .00000000  00000-0  00000+0 0    05
2 00390  53.0000  38.5714 0000001   0.0000  88.5000 15.13677000    02
Starlink-525 390
1 00391U 00000ABC 00001.00000000  .00000000  00000-0  00000+0 0    06
2 00391  53.0000  38.5714 0000001   0.0000  91.5000 15.13677000    07
Starlink-525 391
1 00392U 00000ABC 00001.00000000  .00000000  00000-0  00000+0 0    07
2 00392  53.0000  38.5714 0000001   0.0000  94.5000 15.13677000    01
Starlink-525 392
1 00393U 00000ABC 00001.00000000  .00000000  00000-0  00000+0 0    08
2 00393  53.0000  38.5714 0000001   0.0000  97.5000 15.13677000    05
Starlink-525 393
1 00394U 00000ABC 00001.00000000  .00000000  00000-0  00000+0 0    09
2 00394  53.0000  38.5714 0000001   0.0000 100.5000 15.13677000    01
Starlink-525 394
1 00395U 00000ABC 00001.00000000  .00000000  00000-0  00000+0 0    00
2 00395  53.0000  38.5714 0000001   0.0000 103.5000 15.13677000    05
Starlink-525 395
1 00396U 00000ABC 00001.00000000  .00000000  00000-0  00000+0 0    01
2 00396  53.0000  38.5714 0000001   0.0000 106.5000 15.13677000    09
Starlink-525 396
1 00397U 00000ABC 00001.00000000  .00000000  00000-0  00000+0 0    02
2 00397  53.0000  38.5714 0000001   0.0000 109.5000 15.13677000    03
Starlink-525 397
1 00398U 00000ABC 00001.00000000  .00000000  00000-0  00000+0 0    03
2 00398  53.0000  38.5714 0000001   0.0000 112.5000 15.13677000    08
Starlink-525 398
1 00399U 00000ABC 00001.00000000  .00000000  00000-0  00000+0 0    04
2 00399  53.0000  38.5714 0000001   0.0000 115.5000 15.13677000    02
Starlink-525 399
1 00400U 00000ABC 00001.00000000  .00000000  00000-0  00000+0 0    07
2 00400  53.0000  38.5714 0000001   0.0000 118.5000 15.13677000    08
Starlink-525 400
1 00401U 00000ABC 00001.00000000  .00000000  00000-0  00000+0 0    08
2 00401  53.0000  38.5714 0000001   0.0000 121.5000 15.13677000    03
Starlink-525 401
1 00402U 00000ABC 00001.00000000  .00000000  00000-0  00000+0 0    09
2 00402  53.0000  38.5714 0000001   0.0000 124.5000 15.13677000    07
Starlink-525 402
1 00403U 00000ABC 00001.00000000  .00000000  00000-0  00000+0 0    00
2 00403  53.0000  38.5714 0000001   0.0000 127.5000 15.13677000    01
Starlink-525 403
1 00404U 00000ABC 00001.00000000  .00000000  00000-0  00000+0 0    01
2 00404  53.0000  38.5714 0000001   0.0000 130.5000 15.13677000    06
Starlink-525 404
1 00405U 00000ABC 00001.00000000  .00000000  00000-0  00000+0 0    02
2 00405  53.0000  38.5714 0000001   0.0000 133.5000 15.13677000    00
Starlink-525 405
1 00406U 00000ABC 00001.00000000  .00000000  00000-0  00000+0 0    03
2 00406  53.0000  38.5714 0000001   0.0000 136.5000 15.13677000    04
Starlink-525 406
1 00407U 00000ABC 00001.00000000  .00000000  00000-0  00000+0 0    04
2 00407  53.0000  38.5714 0000001   0.0000 139.5000 15.13677000    08
Starlink-525 407
1 00408U 00000ABC 00001.00000000  .00000000  00000-0  00000+0 0    05
2 00408  53.0000  38.5714 0000001   0.0000 142.5000 15.13677000    03
Starlink-525 408
1 00409U 00000ABC 00001.00000000  .00000000  00000-0  00000+0 0    06
2 00409  53.0000  38.5714 0000001   0.0000 145.5000 15.13677000    07
Starlink-525 409
1 00410U 00000ABC 00001.00000000  .00000000  00000-0  00000+0 0    08
2 00410  53.0000  38.5714 0000001   0.0000 148.5000 15.13677000    02
Starlink-525 410
1 00411U 00000ABC 00001.00000000  .00000000  00000-0  00000+0 0    09
2 00411  53.0000  38.5714 0000001   0.0000 151.5000 15.13677000    07
Starlink-525 411
1 00412U 00000ABC 00001.00000000  .00000000  00000-0  00000+0 0    00
2 00412  53.0000  38.5714 0000001   0.0000 154.5000 15.13677000    01
Starlink-525 412
1 00413U 00000ABC 00001.00000000  .00000000  00000-0  00000+0 0    01
2 00413  53.0000  38.5714 0000001   0.0000 157.5000 15.13677000    05
Starlink-525 413
1 00414U 00000ABC 00001.00000000  .00000000  00000-0  00000+0 0    02
2 00414  53.0000  38.5714 0000001   0.0000 160.5000 15.13677000    00
Starlink-525 414
1 00415U 00000ABC 00001.00000000  .00000000  00000-0  00000+0 0    03
2 00415  53.0000  38.5714 0000001   0.0000 163.5000 15.13677000    04
Starlink-525 415
1 00416U 00000ABC 00001.00000000  .00000000  00000-0  00000+0 0    04
2 00416  53.0000  38.5714 0000001   0.0000 166.5000 15.13677000    08
Starlink-525 416
1 00417U 00000ABC 00001.00000000  .00000000  00000-0  00000+0 0    05
2 00417  53.0000  38.5714 0000001   0.0000 169.5000 15.13677000    02
Starlink-525 417
1 00418U 00000ABC 00001.00000000  .00000000  00000-0  00000+0 0    06
2 00418  53.0000  38.5714 0000001   0.0000 172.5000 15.13677000    07
Starlink-525 418
1 00419U 00000ABC 00001.00000000  .00000000  00000-0  00000+0 0    07
2 00419  53.0000  38.5714 0000001   0.0000 175.5000 15.13677000    01
Starlink-525 419
1 00420U 00000ABC 00001.00000000  .00000000  00000-0  00000+0 0    09
2 00420  53.0000  38.5714 0000001   0.0000 178.5000 15.13677000    06
Starlink-525 420
1 00421U 00000ABC 00001.00000000  .00000000  00000-0  00000+0 0    00
2 00421  53.0000  38.5714 0000001   0.0000 181.5000 15.13677000    01
Starlink-525 421
1 00422U 00000ABC 00001.00000000  .00000000  00000-0  00000+0 0    01
2 00422  53.0000  38.5714 0000001   0.0000 184.5000 15.13677000    05
Starlink-525 422
1 00423U 00000ABC 00001.00000000  .00000000  00000-0  00000+0 0    02
2 00423  53.0000  38.5714 0000001   0.0000 187.5000 15.13677000    09
Starlink-525 423
1 00424U 00000ABC 00001.00000000  .00000000  00000-0  00000+0 0    03
2 00424  53.0000  38.5714 0000001   0.0000 190.5000 15.13677000    04
Starlink-525 424
1 00425U 00000ABC 00001.00000000  .00000000  00000-0  00000+0 0    04
2 00425  53.0000  38.5714 0000001   0.0000 193.5000 15.13677000    08
Starlink-525 425
1 00426U 00000ABC 00001.00000000  .00000000  00000-0  00000+0 0    05
2 00426  53.0000  38.5714 0000001   0.0000 196.5000 15.13677000    02
Starlink-525 426
1 00427U 00000ABC 00001.00000000  .00000000  00000-0  00000+0 0    06
2 00427  53.0000  38.5714 0000001   0.0000 199.5000 15.13677000    06
Starlink-525 427
1 00428U 00000ABC 00001.00000000  .00000000  00000-0  00000+0 0    07
2 00428  53.0000  38.5714 0000001   0.0000 202.5000 15.13677000    02
Starlink-525 428
1 00429U 00000ABC 00001.00000000  .00000000  00000-0  00000+0 0    08
2 00429  53.0000  38.5714 0000001   0.0000 205.5000 15.13677000    06
Starlink-525 429
1 00430U 00000ABC 00001.00000000  .00000000  00000-0  00000+0 0    00
2 00430  53.0000  38.5714 0000001   0.0000 208.5000 15.13677000    01
Starlink-525 430
1 00431U 00000ABC 00001.00000000  .00000000  00000-0  00000+0 0    01
2 00431  53.0000  38.5714 0000001   0.0000 211.5000 15.13677000    06
Starlink-525 431
1 00432U 00000ABC 00001.00000000  .00000000  00000-0  00000+0 0    02
2 00432  53.0000  38.5714 0000001   0.0000 214.5000 15.13677000    00
Starlink-525 432
1 00433U 00000ABC 00001.00000000  .00000000  00000-0  00000+0 0    03
2 00433  53.0000  38.5714 0000001   0.0000 217.5000 15.13677000    04
Starlink-525 433
1 00434U 00000ABC 00001.00000000  .00000000  00000-0  00000+0 0    04
2 00434  53.0000  38.5714 0000001   0.0000 220.5000 15.13677000    09
Starlink-525 434
1 00435U 00000ABC 00001.00000000  .00000000  00000-0  00000+0 0    05
2 00435  53.0000  38.5714 0000001   0.0000 223.5000 15.13677000    03
Starlink-525 435
1 00436U 00000ABC 00001.00000000  .00000000  00000-0  00000+0 0    06
2 00436  53.0000  38.5714 0000001   0.0000 226.5000 15.13677000    07
Starlink-525 436
1 00437U 00000ABC 00001.00000000  .00000000  00000-0  00000+0 0    07
2 00437  53.0000  38.5714 0000001   0.0000 229.5000 15.13677000    01
Starlink-525 437
1 00438U 00000ABC 00001.00000000  .00000000  00000-0  00000+0 0    08
2 00438  53.0000  38.5714 0000001   0.0000 232.5000 15.13677000    06
Starlink-525 438
1 00439U 00000ABC 00001.00000000  .00000000  00000-0  00000+0 0    09
2 00439  53.0000  38.5714 0000001   0.0000 235.5000 15.13677000    00
Starlink-525 439
1 00440U 00000ABC 00001.00000000  .00000000  00000-0  00000+0 0    01
2 00440  53.0000  38.5714 0000001   0.0000 238.5000 15.13677000    05
Starlink-525 440
1 00441U 00000ABC 00001.00000000  .00000000  00000-0  00000+0 0    02
2 00441  53.0000  38.5714 0000001   0.0000 241.5000 15.13677000    00
Starlink-525 441
1 00442U 00000ABC 00001.00000000  .00000000  00000-0  00000+0 0    03
2 00442  53.0000  38.5714 0000001   0.0000 244.5000 15.13677000    04
Starlink-525 442
1 00443U 00000ABC 00001.00000000  .00000000  00000-0  00000+0 0    04
2 00443  53.0000  38.5714 0000001   0.0000 247.5000 15.13677000    08
Starlink-525 443
1 00444U 00000ABC 00001.00000000  .00000000  00000-0  00000+0 0    05
2 00444  53.0000  38.5714 0000001   0.0000 250.5000 15.13677000    03
Starlink-525 444
1 00445U 00000ABC 00001.00000000  .00000000  00000-0  00000+0 0    06
2 00445  53.0000  38.5714 0000001   0.0000 253.5000 15.13677000    07
Starlink-525 445
1 00446U 00000ABC 00001.00000000  .00000000  00000-0  00000+0 0    07
2 00446  53.0000  38.5714 0000001   0.0000 256.5000 15.13677000    01
Starlink-525 446
1 00447U 00000ABC 00001.00000000  .00000000  00000-0  00000+0 0    08
2 00447  53.0000  38.5714 0000001   0.0000 259.5000 15.13677000    05
Starlink-525 447
1 00448U 00000ABC 00001.00000000  .00000000  00000-0  00000+0 0    09
2 00448  53.0000  38.5714 0000001   0.0000 262.5000 15.13677000    00
Starlink-525 448
1 00449U 00000ABC 00001.00000000  .00000000  00000-0  00000+0 0    00
2 00449  53.0000  38.5714 0000001   0.0000 265.5000 15.13677000    04
Starlink-525 449
1 00450U 00000ABC 00001.00000000  .00000000  00000-0  00000+0 0    02
2 00450  53.0000  38.5714 0000001   0.0000 268.5000 15.13677000    09
Starlink-525 450
1 00451U 00000ABC 00001.00000000  .00000000  00000-0  00000+0 0    03
2 00451  53.0000  38.5714 0000001   0.0000 271.5000 15.13677000    04
Starlink-525 451
1 00452U 00000ABC 00001.00000000  .00000000  00000-0  00000+0 0    04
2 00452  53.0000  38.5714 0000001   0.0000 274.5000 15.13677000    08
Starlink-525 452
1 00453U 00000ABC 00001.00000000  .00000000  00000-0  00000+0 0    05
2 00453  53.0000  38.5714 0000001   0.0000 277.5000 15.13677000    02
Starlink-525 453
1 00454U 00000ABC 00001.00000000  .00000000  00000-0  00000+0 0    06
2 00454  53.0000  38.5714 0000001   0.0000 280.5000 15.13677000    07
Starlink-525 454
1 00455U 00000ABC 00001.00000000  .00000000  00000-0  00000+0 0    07
2 00455  53.0000  38.5714 0000001   0.0000 283.5000 15.13677000    01
Starlink-525 455
1 00456U 00000ABC 00001.00000000  .00000000  00000-0  00000+0 0    08
2 00456  53.0000  38.5714 0000001   0.0000 286.5000 15.13677000    05
Starlink-525 456
1 00457U 00000ABC 00001.00000000  .00000000  00000-0  00000+0 0    09
2 00457  53.0000  38.5714 0000001   0.0000 289.5000 15.13677000    09
Starlink-525 457
1 00458U 00000ABC 00001.00000000  .00000000  00000-0  00000+0 0    00
2 00458  53.0000  38.5714 0000001   0.0000 292.5000 15.13677000    04
Starlink-525 458
1 00459U 00000ABC 00001.00000000  .00000000  00000-0  00000+0 0    01
2 00459  53.0000  38.5714 0000001   0.0000 295.5000 15.13677000    08
Starlink-525 459
1 00460U 00000ABC 00001.00000000  .00000000  00000-0  00000+0 0    03
2 00460  53.0000  38.5714 0000001   0.0000 298.5000 15.13677000    03
Starlink-525 460
1 00461U 00000ABC 00001.00000000  .00000000  00000-0  00000+0 0    04
2 00461  53.0000  38.5714 0000001   0.0000 301.5000 15.13677000    09
Starlink-525 461
1 00462U 00000ABC 00001.00000000  .00000000  00000-0  00000+0 0    05
2 00462  53.0000  38.5714 0000001   0.0000 304.5000 15.13677000    03
Starlink-525 462
1 00463U 00000ABC 00001.00000000  .00000000  00000-0  00000+0 0    06
2 00463  53.0000  38.5714 0000001   0.0000 307.5000 15.13677000    07
Starlink-525 463
1 00464U 00000ABC 00001.00000000  .00000000  00000-0  00000+0 0    07
2 00464  53.0000  38.5714 0000001   0.0000 310.5000 15.13677000    02
Starlink-525 464
1 00465U 00000ABC 00001.00000000  .00000000  00000-0  00000+0 0    08
2 00465  53.0000  38.5714 0000001   0.0000 313.5000 15.13677000    06
Starlink-525 465
1 00466U 00000ABC 00001.00000000  .00000000  00000-0  00000+0 0    09
2 00466  53.0000  38.5714 0000001   0.0000 316.5000 15.13677000    00
Starlink-525 466
1 00467U 00000ABC 00001.00000000  .00000000  00000-0  00000+0 0    00
2 00467  53.0000  38.5714 0000001   0.0000 319.5000 15.13677000    04
Starlink-525 467
1 00468U 00000ABC 00001.00000000  .00000000  00000-0  00000+0 0    01
2 00468  53.0000  38.5714 0000001   0.0000 322.5000 15.13677000    09
Starlink-525 468
1 00469U 00000ABC 00001.00000000  .00000000  00000-0  00000+0 0    02
2 00469  53.0000  38.5714 0000001   0.0000 325.5000 15.13677000    03
Starlink-525 469
1 00470U 00000ABC 00001.00000000  .00000000  00000-0  00000+0 0    04
2 00470  53.0000  38.5714 0000001   0.0000 328.5000 15.13677000    08
Starlink-525 470
1 00471U 00000ABC 00001.00000000  .00000000  00000-0  00000+0 0    05
2 00471  53.0000  38.5714 0000001   0.0000 331.5000 15.13677000    03
Starlink-525 471
1 00472U 00000ABC 00001.00000000  .00000000  00000-0  00000+0 0    06
2 00472  53.0000  38.5714 0000001   0.0000 334.5000 15.13677000    07
Starlink-525 472
1 00473U 00000ABC 00001.00000000  .00000000  00000-0  00000+0 0    07
2 00473  53.0000  38.5714 0000001   0.0000 337.5000 15.13677000    01
Starlink-525 473
1 00474U 00000ABC 00001.00000000  .00000000  00000-0  00000+0 0    08
2 00474  53.0000  38.5714 0000001   0.0000 340.5000 15.13677000    06
Starlink-525 474
1 00475U 00000ABC 00001.00000000  .00000000  00000-0  00000+0 0    09
2 00475  53.0000  38.5714 0000001   0.0000 343.5000 15.13677000    00
Starlink-525 475
1 00476U 00000ABC 00001.00000000  .00000000  00000-0  00000+0 0    00
2 00476  53.0000  38.5714 0000001   0.0000 346.5000 15.13677000    04
Starlink-525 476
1 00477U 00000ABC 00001.00000000  .00000000  00000-0  00000+0 0    01
2 00477  53.0000  38.5714 0000001   0.0000 349.5000 15.13677000    08
Starlink-525 477
1 00478U 00000ABC 00001.00000000  .00000000  00000-0  00000+0 0    02
2 00478  53.0000  38.5714 0000001   0.0000 352.5000 15.13677000    03
Starlink-525 478
1 00479U 00000ABC 00001.00000000  .00000000  00000-0  00000+0 0    03
2 00479  53.0000  38.5714 0000001   0.0000 355.5000 15.13677000    07
Starlink-525 479
1 00480U 00000ABC 00001.00000000  .00000000  00000-0  00000+0 0    05
2 00480  53.0000  38.5714 0000001   0.0000 358.5000 15.13677000    02
Starlink-525 480
1 00481U 00000ABC 00001.00000000  .00000000  00000-0  00000+0 0    06
2 00481  53.0000  51.4286 0000001   0.0000   0.0000 15.13677000    00
Starlink-525 481
1 00482U 00000ABC 00001.00000000  .00000000  00000-0  00000+0 0    07
2 00482  53.0000  51.4286 0000001   0.0000   3.0000 15.13677000    04
Starlink-525 482
1 00483U 00000ABC 00001.00000000  .00000000  00000-0  00000+0 0    08
2 00483  53.0000  51.4286 0000001   0.0000   6.0000 15.13677000    08
Starlink-525 483
1 00484U 00000ABC 00001.00000000  .00000000  00000-0  00000+0 0    09
2 00484  53.0000  51.4286 0000001   0.0000   9.0000 15.13677000    02
Starlink-525 484
1 00485U 00000ABC 00001.00000000  .00000000  00000-0  00000+0 0    00
2 00485  53.0000  51.4286 0000001   0.0000  12.0000 15.13677000    07
Starlink-525 485
1 00486U 00000ABC 00001.00000000  .00000000  00000-0  00000+0 0    01
2 00486  53.0000  51.4286 0000001   0.0000  15.0000 15.13677000    01
Starlink-525 486
1 00487U 00000ABC 00001.00000000  .00000000  00000-0  00000+0 0    02
2 00487  53.0000  51.4286 0000001   0.0000  18.0000 15.13677000    05
Starlink-525 487
1 00488U 00000ABC 00001.00000000  .00000000  00000-0  00000+0 0    03
2 00488  53.0000  51.4286 0000001   0.0000  21.0000 15.13677000    00
Starlink-525 488
1 00489U 00000ABC 00001.00000000  .00000000  00000-0  00000+0 0    04
2 00489  53.0000  51.4286 0000001   0.0000  24.0000 15.13677000    04
Starlink-525 489
1 00490U 00000ABC 00001.00000000  .00000000  00000-0  00000+0 0    06
2 00490  53.0000  51.4286 0000001   0.0000  27.0000 15.13677000    09
Starlink-525 490
1 00491U 00000ABC 00001.00000000  .00000000  00000-0  00000+0 0    07
2 00491  53.0000  51.4286 0000001   0.0000  30.0000 15.13677000    04
Starlink-525 491
1 00492U 00000ABC 00001.00000000  .00000000  00000-0  00000+0 0    08
2 00492  53.0000  51.4286 0000001   0.0000  33.0000 15.13677000    08
Starlink-525 492
1 00493U 00000ABC 00001.00000000  .00000000  00000-0  00000+0 0    09
2 00493  53.0000  51.4286 0000001   0.0000  36.0000 15.13677000    02
Starlink-525 493
1 00494U 00000ABC 00001.00000000  .00000000  00000-0  00000+0 0    00
2 00494  53.0000  51.4286 0000001   0.0000  39.0000 15.13677000    06
Starlink-525 494
1 00495U 00000ABC 00001.00000000  .00000000  00000-0  00000+0 0    01
2 00495  53.0000  51.4286 0000001   0.0000  42.0000 15.13677000    01
Starlink-525 495
1 00496U 00000ABC 00001.00000000  .00000000  00000-0  00000+0 0    02
2 00496  53.0000  51.4286 0000001   0.0000  45.0000 15.13677000    05
Starlink-525 496
1 00497U 00000ABC 00001.00000000  .00000000  00000-0  00000+0 0    03
2 00497  53.0000  51.4286 0000001   0.0000  48.0000 15.13677000    09
Starlink-525 497
1 00498U 00000ABC 00001.00000000  .00000000  00000-0  00000+0 0    04
2 00498  53.0000  51.4286 0000001   0.0000  51.0000 15.13677000    04
Starlink-525 498
1 00499U 00000ABC 00001.00000000  .00000000  00000-0  00000+0 0    05
2 00499  53.0000  51.4286 0000001   0.0000  54.0000 15.13677000    08
Starlink-525 499
1 00500U 00000ABC 00001.00000000  .00000000  00000-0  00000+0 0    08
2 00500  53.0000  51.4286 0000001   0.0000  57.0000 15.13677000    04
Starlink-525 500
1 00501U 00000ABC 00001.00000000  .00000000  00000-0  00000+0 0    09
2 00501  53.0000  51.4286 0000001   0.0000  60.0000 15.13677000    09
Starlink-525 501
1 00502U 00000ABC 00001.00000000  .00000000  00000-0  00000+0 0    00
2 00502  53.0000  51.4286 0000001   0.0000  63.0000 15.13677000    03
Starlink-525 502
1 00503U 00000ABC 00001.00000000  .00000000  00000-0  00000+0 0    01
2 00503  53.0000  51.4286 0000001   0.0000  66.0000 15.13677000    07
Starlink-525 503
1 00504U 00000ABC 00001.00000000  .00000000  00000-0  00000+0 0    02
2 00504  53.0000  51.4286 0000001   0.0000  69.0000 15.13677000    01
Starlink-525 504
1 00505U 00000ABC 00001.00000000  .00000000  00000-0  00000+0 0    03
2 00505  53.0000  51.4286 0000001   0.0000  72.0000 15.13677000    06
Starlink-525 505
1 00506U 00000ABC 00001.00000000  .00000000  00000-0  00000+0 0    04
2 00506  53.0000  51.4286 0000001   0.0000  75.0000 15.13677000    00
Starlink-525 506
1 00507U 00000ABC 00001.00000000  .00000000  00000-0  00000+0 0    05
2 00507  53.0000  51.4286 0000001   0.0000  78.0000 15.13677000    04
Starlink-525 507
1 00508U 00000ABC 00001.00000000  .00000000  00000-0  00000+0 0    06
2 00508  53.0000  51.4286 0000001   0.0000  81.0000 15.13677000    09
Starlink-525 508
1 00509U 00000ABC 00001.00000000  .00000000  00000-0  00000+0 0    07
2 00509  53.0000  51.4286 0000001   0.0000  84.0000 15.13677000    03
Starlink-525 509
1 00510U 00000ABC 00001.00000000  .00000000  00000-0  00000+0 0    09
2 00510  53.0000  51.4286 0000001   0.0000  87.0000 15.13677000    08
Starlink-525 510
1 00511U 00000ABC 00001.00000000  .00000000  00000-0  00000+0 0    00
2 00511  53.0000  51.4286 0000001   0.0000  90.0000 15.13677000    03
Starlink-525 511
1 00512U 00000ABC 00001.00000000  .00000000  00000-0  00000+0 0    01
2 00512  53.0000  51.4286 0000001   0.0000  93.0000 15.13677000    07
Starlink-525 512
1 00513U 00000ABC 00001.00000000  .00000000  00000-0  00000+0 0    02
2 00513  53.0000  51.4286 0000001   0.0000  96.0000 15.13677000    01
Starlink-525 513
1 00514U 00000ABC 00001.00000000  .00000000  00000-0  00000+0 0    03
2 00514  53.0000  51.4286 0000001   0.0000  99.0000 15.13677000    05
Starlink-525 514
1 00515U 00000ABC 00001.00000000  .00000000  00000-0  00000+0 0    04
2 00515  53.0000  51.4286 0000001   0.0000 102.0000 15.13677000    01
Starlink-525 515
1 00516U 00000ABC 00001.00000000  .00000000  00000-0  00000+0 0    05
2 00516  53.0000  51.4286 0000001   0.0000 105.0000 15.13677000    05
Starlink-525 516
1 00517U 00000ABC 00001.00000000  .00000000  00000-0  00000+0 0    06
2 00517  53.0000  51.4286 0000001   0.0000 108.0000 15.13677000    09
Starlink-525 517
1 00518U 00000ABC 00001.00000000  .00000000  00000-0  00000+0 0    07
2 00518  53.0000  51.4286 0000001   0.0000 111.0000 15.13677000    04
Starlink-525 518
1 00519U 00000ABC 00001.00000000  .00000000  00000-0  00000+0 0    08
2 00519  53.0000  51.4286 0000001   0.0000 114.0000 15.13677000    08
Starlink-525 519
1 00520U 00000ABC 00001.00000000  .00000000  00000-0  00000+0 0    00
2 00520  53.0000  51.4286 0000001   0.0000 117.0000 15.13677000    03
Starlink-525 520
1 00521U 00000ABC 00001.00000000  .00000000  00000-0  00000+0 0    01
2 00521  53.0000  51.4286 0000001   0.0000 120.0000 15.13677000    08
Starlink-525 521
1 00522U 00000ABC 00001.00000000  .00000000  00000-0  00000+0 0    02
2 00522  53.0000  51.4286 0000001   0.0000 123.0000 15.13677000    02
Starlink-525 522
1 00523U 00000ABC 00001.00000000  .00000000  00000-0  00000+0 0    03
2 00523  53.0000  51.4286 0000001   0.0000 126.0000 15.13677000    06
Starlink-525 523
1 00524U 00000ABC 00001.00000000  .00000000  00000-0  00000+0 0    04
2 00524  53.0000  51.4286 0000001   0.0000 129.0000 15.13677000    00
Starlink-525 524
1 00525U 00000ABC 00001.00000000  .00000000  00000-0  00000+0 0    05
2 00525  53.0000  51.4286 0000001   0.0000 132.0000 15.13677000    05
Starlink-525 525
1 00526U 00000ABC 00001.00000000  .00000000  00000-0  00000+0 0    06
2 00526  53.0000  51.4286 0000001   0.0000 135.0000 15.13677000    09
Starlink-525 526
1 00527U 00000ABC 00001.00000000  .00000000  00000-0  00000+0 0    07
2 00527  53.0000  51.4286 0000001   0.0000 138.0000 15.13677000    03
Starlink-525 527
1 00528U 00000ABC 00001.00000000  .00000000  00000-0  00000+0 0    08
2 00528  53.0000  51.4286 0000001   0.0000 141.0000 15.13677000    08
Starlink-525 528
1 00529U 00000ABC 00001.00000000  .00000000  00000-0  00000+0 0    09
2 00529  53.0000  51.4286 0000001   0.0000 144.0000 15.13677000    02
Starlink-525 529
1 00530U 00000ABC 00001.00000000  .00000000  00000-0  00000+0 0    01
2 00530  53.0000  51.4286 0000001   0.0000 147.0000 15.13677000    07
Starlink-525 530
1 00531U 00000ABC 00001.00000000  .00000000  00000-0  00000+0 0    02
2 00531  53.0000  51.4286 0000001   0.0000 150.0000 15.13677000    02
Starlink-525 531
1 00532U 00000ABC 00001.00000000  .00000000  00000-0  00000+0 0    03
2 00532  53.0000  51.4286 0000001   0.0000 153.0000 15.13677000    06
Starlink-525 532
1 00533U 00000ABC 00001.00000000  .00000000  00000-0  00000+0 0    04
2 00533  53.0000  51.4286 0000001   0.0000 156.0000 15.13677000    00
Starlink-525 533
1 00534U 00000ABC 00001.00000000  .00000000  00000-0  00000+0 0    05
2 00534  53.0000  51.4286 0000001   0.0000 159.0000 15.13677000    04
Starlink-525 534
1 00535U 00000ABC 00001.00000000  .00000000  00000-0  00000+0 0    06
2 00535  53.0000  51.4286 0000001   0.0000 162.0000 15.13677000    09
Starlink-525 535
1 00536U 00000ABC 00001.00000000  .00000000  00000-0  00000+0 0    07
2 00536  53.0000  51.4286 0000001   0.0000 165.0000 15.13677000    03
Starlink-525 536
1 00537U 00000ABC 00001.00000000  .00000000  00000-0  00000+0 0    08
2 00537  53.0000  51.4286 0000001   0.0000 168.0000 15.13677000    07
Starlink-525 537
1 00538U 00000ABC 00001.00000000  .00000000  00000-0  00000+0 0    09
2 00538  53.0000  51.4286 0000001   0.0000 171.0000 15.13677000    02
Starlink-525 538
1 00539U 00000ABC 00001.00000000  .00000000  00000-0  00000+0 0    00
2 00539  53.0000  51.4286 0000001   0.0000 174.0000 15.13677000    06
Starlink-525 539
1 00540U 00000ABC 00001.00000000  .00000000  00000-0  00000+0 0    02
2 00540  53.0000  51.4286 0000001   0.0000 177.0000 15.13677000    01
Starlink-525 540
1 00541U 00000ABC 00001.00000000  .00000000  00000-0  00000+0 0    03
2 00541  53.0000  51.4286 0000001   0.0000 180.0000 15.13677000    06
Starlink-525 541
1 00542U 00000ABC 00001.00000000  .00000000  00000-0  00000+0 0    04
2 00542  53.0000  51.4286 0000001   0.0000 183.0000 15.13677000    00
Starlink-525 542
1 00543U 00000ABC 00001.00000000  .00000000  00000-0  00000+0 0    05
2 00543  53.0000  51.4286 0000001   0.0000 186.0000 15.13677000    04
Starlink-525 543
1 00544U 00000ABC 00001.00000000  .00000000  00000-0  00000+0 0    06
2 00544  53.0000  51.4286 0000001   0.0000 189.0000 15.13677000    08
Starlink-525 544
1 00545U 00000ABC 00001.00000000  .00000000  00000-0  00000+0 0    07
2 00545  53.0000  51.4286 0000001   0.0000 192.0000 15.13677000    03
Starlink-525 545
1 00546U 00000ABC 00001.00000000  .00000000  00000-0  00000+0 0    08
2 00546  53.0000  51.4286 0000001   0.0000 195.0000 15.13677000    07
Starlink-525 546
1 00547U 00000ABC 00001.00000000  .00000000  00000-0  00000+0 0    09
2 00547  53.0000  51.4286 0000001   0.0000 198.0000 15.13677000    01
Starlink-525 547
1 00548U 00000ABC 00001.00000000  .00000000  00000-0  00000+0 0    00
2 00548  53.0000  51.4286 0000001   0.0000 201.0000 15.13677000    07
Starlink-525 548
1 00549U 00000ABC 00001.00000000  .00000000  00000-0  00000+0 0    01
2 00549  53.0000  51.4286 0000001   0.0000 204.0000 15.13677000    01
Starlink-525 549
1 00550U 00000ABC 00001.00000000  .00000000  00000-0  00000+0 0    03
2 00550  53.0000  51.4286 0000001   0.0000 207.0000 15.13677000    06
Starlink-525 550
1 00551U 00000ABC 00001.00000000  .00000000  00000-0  00000+0 0    04
2 00551  53.0000  51.4286 0000001   0.0000 210.0000 15.13677000    01
Starlink-525 551
1 00552U 00000ABC 00001.00000000  .00000000  00000-0  00000+0 0    05
2 00552  53.0000  51.4286 0000001   0.0000 213.0000 15.13677000    05
Starlink-525 552
1 00553U 00000ABC 00001.00000000  .00000000  00000-0  00000+0 0    06
2 00553  53.0000  51.4286 0000001   0.0000 216.0000 15.13677000    09
Starlink-525 553
1 00554U 00000ABC 00001.00000000  .00000000  00000-0  00000+0 0    07
2 00554  53.0000  51.4286 0000001   0.0000 219.0000 15.13677000    03
Starlink-525 554
1 00555U 00000ABC 00001.00000000  .00000000  00000-0  00000+0 0    08
2 00555  53.0000  51.4286 0000001   0.0000 222.0000 15.13677000    08
Starlink-525 555
1 00556U 00000ABC 00001.00000000  .00000000  00000-0  00000+0 0    09
2 00556  53.0000  51.4286 0000001   0.0000 225.0000 15.13677000    02
Starlink-525 556
1 00557U 00000ABC 00001.00000000  .00000000  00000-0  00000+0 0    00
2 00557  53.0000  51.4286 0000001   0.0000 228.0000 15.13677000    06
Starlink-525 557
1 00558U 00000ABC 00001.00000000  .00000000  00000-0  00000+0 0    01
2 00558  53.0000  51.4286 0000001   0.0000 231.0000 15.13677000    01
Starlink-525 558
1 00559U 00000ABC 00001.00000000  .00000000  00000-0  00000+0 0    02
2 00559  53.0000  51.4286 0000001   0.0000 234.0000 15.13677000    05
Starlink-525 559
1 00560U 00000ABC 00001.00000000  .00000000  00000-0  00000+0 0    04
2 00560  53.0000  51.4286 0000001   0.0000 237.0000 15.13677000    00
Starlink-525 560
1 00561U 00000ABC 00001.00000000  .00000000  00000-0  00000+0 0    05
2 00561  53.0000  51.4286 0000001   0.0000 240.0000 15.13677000    05
Starlink-525 561
1 00562U 00000ABC 00001.00000000  .00000000  00000-0  00000+0 0    06
2 00562  53.0000  51.4286 0000001   0.0000 243.0000 15.13677000    09
Starlink-525 562
1 00563U 00000ABC 00001.00000000  .00000000  00000-0  00000+0 0    07
2 00563  53.0000  51.4286 0000001   0.0000 246.0000 15.13677000    03
Starlink-525 563
1 00564U 00000ABC 00001.00000000  .00000000  00000-0  00000+0 0    08
2 00564  53.0000  51.4286 0000001   0.0000 249.0000 15.13677000    07
Starlink-525 564
1 00565U 00000ABC 00001.00000000  .00000000  00000-0  00000+0 0    09
2 00565  53.0000  51.4286 0000001   0.0000 252.0000 15.13677000    02
Starlink-525 565
1 00566U 00000ABC 00001.00000000  .00000000  00000-0  00000+0 0    00
2 00566  53.0000  51.4286 0000001   0.0000 255.0000 15.13677000    06
Starlink-525 566
1 00567U 00000ABC 00001.00000000  .00000000  00000-0  00000+0 0    01
2 00567  53.0000  51.4286 0000001   0.0000 258.0000 15.13677000    00
Starlink-525 567
1 00568U 00000ABC 00001.00000000  .00000000  00000-0  00000+0 0    02
2 00568  53.0000  51.4286 0000001   0.0000 261.0000 15.13677000    05
Starlink-525 568
1 00569U 00000ABC 00001.00000000  .00000000  00000-0  00000+0 0    03
2 00569  53.0000  51.4286 0000001   0.0000 264.0000 15.13677000    09
Starlink-525 569
1 00570U 00000ABC 00001.00000000  .00000000  00000-0  00000+0 0    05
2 00570  53.0000  51.4286 0000001   0.0000 267.0000 15.13677000    04
Starlink-525 570
1 00571U 00000ABC 00001.00000000  .00000000  00000-0  00000+0 0    06
2 00571  53.0000  51.4286 0000001   0.0000 270.0000 15.13677000    09
Starlink-525 571
1 00572U 00000ABC 00001.00000000  .00000000  00000-0  00000+0 0    07
2 00572  53.0000  51.4286 0000001   0.0000 273.0000 15.13677000    03
Starlink-525 572
1 00573U 00000ABC 00001.00000000  .00000000  00000-0  00000+0 0    08
2 00573  53.0000  51.4286 0000001   0.0000 276.0000 15.13677000    07
Starlink-525 573
1 00574U 00000ABC 00001.00000000  .00000000  00000-0  00000+0 0    09
2 00574  53.0000  51.4286 0000001   0.0000 279.0000 15.13677000    01
Starlink-525 574
1 00575U 00000ABC 00001.00000000  .00000000  00000-0  00000+0 0    00
2 00575  53.0000  51.4286 0000001   0.0000 282.0000 15.13677000    06
Starlink-525 575
1 00576U 00000ABC 00001.00000000  .00000000  00000-0  00000+0 0    01
2 00576  53.0000  51.4286 0000001   0.0000 285.0000 15.13677000    00
Starlink-525 576
1 00577U 00000ABC 00001.00000000  .00000000  00000-0  00000+0 0    02
2 00577  53.0000  51.4286 0000001   0.0000 288.0000 15.13677000    04
Starlink-525 577
1 00578U 00000ABC 00001.00000000  .00000000  00000-0  00000+0 0    03
2 00578  53.0000  51.4286 0000001   0.0000 291.0000 15.13677000    09
Starlink-525 578
1 00579U 00000ABC 00001.00000000  .00000000  00000-0  00000+0 0    04
2 00579  53.0000  51.4286 0000001   0.0000 294.0000 15.13677000    03
Starlink-525 579
1 00580U 00000ABC 00001.00000000  .00000000  00000-0  00000+0 0    06
2 00580  53.0000  51.4286 0000001   0.0000 297.0000 15.13677000    08
Starlink-525 580
1 00581U 00000ABC 00001.00000000  .00000000  00000-0  00000+0 0    07
2 00581  53.0000  51.4286 0000001   0.0000 300.0000 15.13677000    04
Starlink-525 581
1 00582U 00000ABC 00001.00000000  .00000000  00000-0  00000+0 0    08
2 00582  53.0000  51.4286 0000001   0.0000 303.0000 15.13677000    08
Starlink-525 582
1 00583U 00000ABC 00001.00000000  .00000000  00000-0  00000+0 0    09
2 00583  53.0000  51.4286 0000001   0.0000 306.0000 15.13677000    02
Starlink-525 583
1 00584U 00000ABC 00001.00000000  .00000000  00000-0  00000+0 0    00
2 00584  53.0000  51.4286 0000001   0.0000 309.0000 15.13677000    06
Starlink-525 584
1 00585U 00000ABC 00001.00000000  .00000000  00000-0  00000+0 0    01
2 00585  53.0000  51.4286 0000001   0.0000 312.0000 15.13677000    01
Starlink-525 585
1 00586U 00000ABC 00001.00000000  .00000000  00000-0  00000+0 0    02
2 00586  53.0000  51.4286 0000001   0.0000 315.0000 15.13677000    05
Starlink-525 586
1 00587U 00000ABC 00001.00000000  .00000000  00000-0  00000+0 0    03
2 00587  53.0000  51.4286 0000001   0.0000 318.0000 15.13677000    09
Starlink-525 587
1 00588U 00000ABC 00001.00000000  .00000000  00000-0  00000+0 0    04
2 00588  53.0000  51.4286 0000001   0.0000 321.0000 15.13677000    04
Starlink-525 588
1 00589U 00000ABC 00001.00000000  .00000000  00000-0  00000+0 0    05
2 00589  53.0000  51.4286 0000001   0.0000 324.0000 15.13677000    08
Starlink-525 589
1 00590U 00000ABC 00001.00000000  .00000000  00000-0  00000+0 0    07
2 00590  53.0000  51.4286 0000001   0.0000 327.0000 15.13677000    03
Starlink-525 590
1 00591U 00000ABC 00001.00000000  .00000000  00000-0  00000+0 0    08
2 00591  53.0000  51.4286 0000001   0.0000 330.0000 15.13677000    08
Starlink-525 591
1 00592U 00000ABC 00001.00000000  .00000000  00000-0  00000+0 0    09
2 00592  53.0000  51.4286 0000001   0.0000 333.0000 15.13677000    02
Starlink-525 592
1 00593U 00000ABC 00001.00000000  .00000000  00000-0  00000+0 0    00
2 00593  53.0000  51.4286 0000001   0.0000 336.0000 15.13677000    06
Starlink-525 593
1 00594U 00000ABC 00001.00000000  .00000000  00000-0  00000+0 0    01
2 00594  53.0000  51.4286 0000001   0.0000 339.0000 15.13677000    00
Starlink-525 594
1 00595U 00000ABC 00001.00000000  .00000000  00000-0  00000+0 0    02
2 00595  53.0000  51.4286 0000001   0.0000 342.0000 15.13677000    05
Starlink-525 595
1 00596U 00000ABC 00001.00000000  .00000000  00000-0  00000+0 0    03
2 00596  53.0000  51.4286 0000001   0.0000 345.0000 15.13677000    09
Starlink-525 596
1 00597U 00000ABC 00001.00000000  .00000000  00000-0  00000+0 0    04
2 00597  53.0000  51.4286 0000001   0.0000 348.0000 15.13677000    03
Starlink-525 597
1 00598U 00000ABC 00001.00000000  .00000000  00000-0  00000+0 0    05
2 00598  53.0000  51.4286 0000001   0.0000 351.0000 15.13677000    08
Starlink-525 598
1 00599U 00000ABC 00001.00000000  .00000000  00000-0  00000+0 0    06
2 00599  53.0000  51.4286 0000001   0.0000 354.0000 15.13677000    02
Starlink-525 599
1 00600U 00000ABC 00001.00000000  .00000000  00000-0  00000+0 0    09
2 00600  53.0000  51.4286 0000001   0.0000 357.0000 15.13677000    08
Starlink-525 600
1 00601U 00000ABC 00001.00000000  .00000000  00000-0  00000+0 0    00
2 00601  53.0000  64.2857 0000001   0.0000   1.5000 15.13677000    06
Starlink-525 601
1 00602U 00000ABC 00001.00000000  .00000000  00000-0  00000+0 0    01
2 00602  53.0000  64.2857 0000001   0.0000   4.5000 15.13677000    00
Starlink-525 602
1 00603U 00000ABC 00001.00000000  .00000000  00000-0  00000+0 0    02
2 00603  53.0000  64.2857 0000001   0.0000   7.5000 15.13677000    04
Starlink-525 603
1 00604U 00000ABC 00001.00000000  .00000000  00000-0  00000+0 0    03
2 00604  53.0000  64.2857 0000001   0.0000  10.5000 15.13677000    09
Starlink-525 604
1 00605U 00000ABC 00001.00000000  .00000000  00000-0  00000+0 0    04
2 00605  53.0000  64.2857 0000001   0.0000  13.5000 15.13677000    03
Starlink-525 605
1 00606U 00000ABC 00001.00000000  .00000000  00000-0  00000+0 0    05
2 00606  53.0000  64.2857 0000001   0.0000  16.5000 15.13677000    07
Starlink-525 606
1 00607U 00000ABC 00001.00000000  .00000000  00000-0  00000+0 0    06
2 00607  53.0000  64.2857 0000001   0.0000  19.5000 15.13677000    01
Starlink-525 607
1 00608U 00000ABC 00001.00000000  .00000000  00000-0  00000+0 0    07
2 00608  53.0000  64.2857 0000001   0.0000  22.5000 15.13677000    06
Starlink-525 608
1 00609U 00000ABC 00001.00000000  .00000000  00000-0  00000+0 0    08
2 00609  53.0000  64.2857 0000001   0.0000  25.5000 15.13677000    00
Starlink-525 609
1 00610U 00000ABC 00001.00000000  .00000000  00000-0  00000+0 0    00
2 00610  53.0000  64.2857 0000001   0.0000  28.5000 15.13677000    05
Starlink-525 610
1 00611U 00000ABC 00001.00000000  .00000000  00000-0  00000+0 0    01
2 00611  53.0000  64.2857 0000001   0.0000  31.5000 15.13677000    00
Starlink-525 611
1 00612U 00000ABC 00001.00000000  .00000000  00000-0  00000+0 0    02
2 00612  53.0000  64.2857 0000001   0.0000  34.5000 15.13677000    04
Starlink-525 612
1 00613U 00000ABC 00001.00000000  .00000000  00000-0  00000+0 0    03
2 00613  53.0000  64.2857 0000001   0.0000  37.5000 15.13677000    08
Starlink-525 613
1 00614U 00000ABC 00001.00000000  .00000000  00000-0  00000+0 0    04
2 00614  53.0000  64.2857 0000001   0.0000  40.5000 15.13677000    03
Starlink-525 614
1 00615U 00000ABC 00001.00000000  .00000000  00000-0  00000+0 0    05
2 00615  53.0000  64.2857 0000001   0.0000  43.5000 15.13677000    07
Starlink-525 615
1 00616U 00000ABC 00001.00000000  .00000000  00000-0  00000+0 0    06
2 00616  53.0000  64.2857 0000001   0.0000  46.5000 15.13677000    01
Starlink-525 616
1 00617U 00000ABC 00001.00000000  .00000000  00000-0  00000+0 0    07
2 00617  53.0000  64.2857 0000001   0.0000  49.5000 15.13677000    05
Starlink-525 617
1 00618U 00000ABC 00001.00000000  .00000000  00000-0  00000+0 0    08
2 00618  53.0000  64.2857 0000001   0.0000  52.5000 15.13677000    00
Starlink-525 618
1 00619U 00000ABC 00001.00000000  .00000000  00000-0  00000+0 0    09
2 00619  53.0000  64.2857 0000001   0.0000  55.5000 15.13677000    04
Starlink-525 619
1 00620U 00000ABC 00001.00000000  .00000000  00000-0  00000+0 0    01
2 00620  53.0000  64.2857 0000001   0.0000  58.5000 15.13677000    09
Starlink-525 620
1 00621U 00000ABC 00001.00000000  .00000000  00000-0  00000+0 0    02
2 00621  53.0000  64.2857 0000001   0.0000  61.5000 15.13677000    04
Starlink-525 621
1 00622U 00000ABC 00001.00000000  .00000000  00000-0  00000+0 0    03
2 00622  53.0000  64.2857 0000001   0.0000  64.5000 15.13677000    08
Starlink-525 622
1 00623U 00000ABC 00001.00000000  .00000000  00000-0  00000+0 0    04
2 00623  53.0000  64.2857 0000001   0.0000  67.5000 15.13677000    02
Starlink-525 623
1 00624U 00000ABC 00001.00000000  .00000000  00000-0  00000+0 0    05
2 00624  53.0000  64.2857 0000001   0.0000  70.5000 15.13677000    07
Starlink-525 624
1 00625U 00000ABC 00001.00000000  .00000000  00000-0  00000+0 0    06
2 00625  53.0000  64.2857 0000001   0.0000  73.5000 15.13677000    01
Starlink-525 625
1 00626U 00000ABC 00001.00000000  .00000000  00000-0  00000+0 0    07
2 00626  53.0000  64.2857 0000001   0.0000  76.5000 15.13677000    05
Starlink-525 626
1 00627U 00000ABC 00001.00000000  .00000000  00000-0  00000+0 0    08
2 00627  53.0000  64.2857 0000001   0.0000  79.5000 15.13677000    09
Starlink-525 627
1 00628U 00000ABC 00001.00000000  .00000000  00000-0  00000+0 0    09
2 00628  53.0000  64.2857 0000001   0.0000  82.5000 15.13677000    04
Starlink-525 628
1 00629U 00000ABC 00001.00000000  .00000000  00000-0  00000+0 0    00
2 00629  53.0000  64.2857 0000001   0.0000  85.5000 15.13677000    08
Starlink-525 629
1 00630U 00000ABC 00001.00000000  .00000000  00000-0  00000+0 0    02
2 00630  53.0000  64.2857 0000001   0.0000  88.5000 15.13677000    03
Starlink-525 630
1 00631U 00000ABC 00001.00000000  .00000000  00000-0  00000+0 0    03
2 00631  53.0000  64.2857 0000001   0.0000  91.5000 15.13677000    08
Starlink-525 631
1 00632U 00000ABC 00001.00000000  .00000000  00000-0  00000+0 0    04
2 00632  53.0000  64.2857 0000001   0.0000  94.5000 15.13677000    02
Starlink-525 632
1 00633U 00000ABC 00001.00000000  .00000000  00000-0  00000+0 0    05
2 00633  53.0000  64.2857 0000001   0.0000  97.5000 15.13677000    06
Starlink-525 633
1 00634U 00000ABC 00001.00000000  .00000000  00000-0  00000+0 0    06
2 00634  53.0000  64.2857 0000001   0.0000 100.5000 15.13677000    02
Starlink-525 634
1 00635U 00000ABC 00001.00000000  .00000000  00000-0  00000+0 0    07
2 00635  53.0000  64.2857 0000001   0.0000 103.5000 15.13677000    06
Starlink-525 635
1 00636U 00000ABC 00001.00000000  .00000000  00000-0  00000+0 0    08
2 00636  53.0000  64.2857 0000001   0.0000 106.5000 15.13677000    00
Starlink-525 636
1 00637U 00000ABC 00001.00000000  .00000000  00000-0  00000+0 0    09
2 00637  53.0000  64.2857 0000001   0.0000 109.5000 15.13677000    04
Starlink-525 637
1 00638U 00000ABC 00001.00000000  .00000000  00000-0  00000+0 0    00
2 00638  53.0000  64.2857 0000001   0.0000 112.5000 15.13677000    09
Starlink-525 638
1 00639U 00000ABC 00001.00000000  .00000000  00000-0  00000+0 0    01
2 00639  53.0000  64.2857 0000001   0.0000 115.5000 15.13677000    03
Starlink-525 639
1 00640U 00000ABC 00001.00000000  .00000000  00000-0  00000+0 0    03
2 00640  53.0000  64.2857 0000001   0.0000 118.5000 15.13677000    08
Starlink-525 640
1 00641U 00000ABC 00001.00000000  .00000000  00000-0  00000+0 0    04
2 00641  53.0000  64.2857 0000001   0.0000 121.5000 15.13677000    03
Starlink-525 641
1 00642U 00000ABC 00001.00000000  .00000000  00000-0  00000+0 0    05
2 00642  53.0000  64.2857 0000001   0.0000 124.5000 15.13677000    07
Starlink-525 642
1 00643U 00000ABC 00001.00000000  .00000000  00000-0  00000+0 0    06
2 00643  53.0000  64.2857 0000001   0.0000 127.5000 15.13677000    01
Starlink-525 643
1 00644U 00000ABC 00001.00000000  .00000000  00000-0  00000+0 0    07
2 00644  53.0000  64.2857 0000001   0.0000 130.5000 15.13677000    06
Starlink-525 644
1 00645U 00000ABC 00001.00000000  .00000000  00000-0  00000+0 0    08
2 00645  53.0000  64.2857 0000001   0.0000 133.5000 15.13677000    00
Starlink-525 645
1 00646U 00000ABC 00001.00000000  .00000000  00000-0  00000+0 0    09
2 00646  53.0000  64.2857 0000001   0.0000 136.5000 15.13677000    04
Starlink-525 646
1 00647U 00000ABC 00001.00000000  .00000000  00000-0  00000+0 0    00
2 00647  53.0000  64.2857 0000001   0.0000 139.5000 15.13677000    08
Starlink-525 647
1 00648U 00000ABC 00001.00000000  .00000000  00000-0  00000+0 0    01
2 00648  53.0000  64.2857 0000001   0.0000 142.5000 15.13677000    03
Starlink-525 648
1 00649U 00000ABC 00001.00000000  .00000000  00000-0  00000+0 0    02
2 00649  53.0000  64.2857 0000001   0.0000 145.5000 15.13677000    07
Starlink-525 649
1 00650U 00000ABC 00001.00000000  .00000000  00000-0  00000+0 0    04
2 00650  53.0000  64.2857 0000001   0.0000 148.5000 15.13677000    02
Starlink-525 650
1 00651U 00000ABC 00001.00000000  .00000000  00000-0  00000+0 0    05
2 00651  53.0000  64.2857 0000001   0.0000 151.5000 15.13677000    07
Starlink-525 651
1 00652U 00000ABC 00001.00000000  .00000000  00000-0  00000+0 0    06
2 00652  53.0000  64.2857 0000001   0.0000 154.5000 15.13677000    01
Starlink-525 652
1 00653U 00000ABC 00001.00000000  .00000000  00000-0  00000+0 0    07
2 00653  53.0000  64.2857 0000001   0.0000 157.5000 15.13677000    05
Starlink-525 653
1 00654U 00000ABC 00001.00000000  .00000000  00000-0  00000+0 0    08
2 00654  53.0000  64.2857 0000001   0.0000 160.5000 15.13677000    00
Starlink-525 654
1 00655U 00000ABC 00001.00000000  .00000000  00000-0  00000+0 0    09
2 00655  53.0000  64.2857 0000001   0.0000 163.5000 15.13677000    04
Starlink-525 655
1 00656U 00000ABC 00001.00000000  .00000000  00000-0  00000+0 0    00
2 00656  53.0000  64.2857 0000001   0.0000 166.5000 15.13677000    08
Starlink-525 656
1 00657U 00000ABC 00001.00000000  .00000000  00000-0  00000+0 0    01
2 00657  53.0000  64.2857 0000001   0.0000 169.5000 15.13677000    02
Starlink-525 657
1 00658U 00000ABC 00001.00000000  .00000000  00000-0  00000+0 0    02
2 00658  53.0000  64.2857 0000001   0.0000 172.5000 15.13677000    07
Starlink-525 658
1 00659U 00000ABC 00001.00000000  .00000000  00000-0  00000+0 0    03
2 00659  53.0000  64.2857 0000001   0.0000 175.5000 15.13677000    01
Starlink-525 659
1 00660U 00000ABC 00001.00000000  .00000000  00000-0  00000+0 0    05
2 00660  53.0000  64.2857 0000001   0.0000 178.5000 15.13677000    06
Starlink-525 660
1 00661U 00000ABC 00001.00000000  .00000000  00000-0  00000+0 0    06
2 00661  53.0000  64.2857 0000001   0.0000 181.5000 15.13677000    01
Starlink-525 661
1 00662U 00000ABC 00001.00000000  .00000000  00000-0  00000+0 0    07
2 00662  53.0000  64.2857 0000001   0.0000 184.5000 15.13677000    05
Starlink-525 662
1 00663U 00000ABC 00001.00000000  .00000000  00000-0  00000+0 0    08
2 00663  53.0000  64.2857 0000001   0.0000 187.5000 15.13677000    09
Starlink-525 663
1 00664U 00000ABC 00001.00000000  .00000000  00000-0  00000+0 0    09
2 00664  53.0000  64.2857 0000001   0.0000 190.5000 15.13677000    04
Starlink-525 664
1 00665U 00000ABC 00001.00000000  .00000000  00000-0  00000+0 0    00
2 00665  53.0000  64.2857 0000001   0.0000 193.5000 15.13677000    08
Starlink-525 665
1 00666U 00000ABC 00001.00000000  .00000000  00000-0  00000+0 0    01
2 00666  53.0000  64.2857 0000001   0.0000 196.5000 15.13677000    02
Starlink-525 666
1 00667U 00000ABC 00001.00000000  .00000000  00000-0  00000+0 0    02
2 00667  53.0000  64.2857 0000001   0.0000 199.5000 15.13677000    06
Starlink-525 667
1 00668U 00000ABC 00001.00000000  .00000000  00000-0  00000+0 0    03
2 00668  53.0000  64.2857 0000001   0.0000 202.5000 15.13677000    02
Starlink-525 668
1 00669U 00000ABC 00001.00000000  .00000000  00000-0  00000+0 0    04
2 00669  53.0000  64.2857 0000001   0.0000 205.5000 15.13677000    06
Starlink-525 669
1 00670U 00000ABC 00001.00000000  .00000000  00000-0  00000+0 0    06
2 00670  53.0000  64.2857 0000001   0.0000 208.5000 15.13677000    01
Starlink-525 670
1 00671U 00000ABC 00001.00000000  .00000000  00000-0  00000+0 0    07
2 00671  53.0000  64.2857 0000001   0.0000 211.5000 15.13677000    06
Starlink-525 671
1 00672U 00000ABC 00001.00000000  .00000000  00000-0  00000+0 0    08
2 00672  53.0000  64.2857 0000001   0.0000 214.5000 15.13677000    00
Starlink-525 672
1 00673U 00000ABC 00001.00000000  .00000000  00000-0  00000+0 0    09
2 00673  53.0000  64.2857 0000001   0.0000 217.5000 15.13677000    04
Starlink-525 673
1 00674U 00000ABC 00001.00000000  .00000000  00000-0  00000+0 0    00
2 00674  53.0000  64.2857 0000001   0.0000 220.5000 15.13677000    09
Starlink-525 674
1 00675U 00000ABC 00001.00000000  .00000000  00000-0  00000+0 0    01
2 00675  53.0000  64.2857 0000001   0.0000 223.5000 15.13677000    03
Starlink-525 675
1 00676U 00000ABC 00001.00000000  .00000000  00000-0  00000+0 0    02
2 00676  53.0000  64.2857 0000001   0.0000 226.5000 15.13677000    07
Starlink-525 676
1 00677U 00000ABC 00001.00000000  .00000000  00000-0  00000+0 0    03
2 00677  53.0000  64.2857 0000001   0.0000 229.5000 15.13677000    01
Starlink-525 677
1 00678U 00000ABC 00001.00000000  .00000000  00000-0  00000+0 0    04
2 00678  53.0000  64.2857 0000001   0.0000 232.5000 15.13677000    06
Starlink-525 678
1 00679U 00000ABC 00001.00000000  .00000000  00000-0  00000+0 0    05
2 00679  53.0000  64.2857 0000001   0.0000 235.5000 15.13677000    00
Starlink-525 679
1 00680U 00000ABC 00001.00000000  .00000000  00000-0  00000+0 0    07
2 00680  53.0000  64.2857 0000001   0.0000 238.5000 15.13677000    05
Starlink-525 680
1 00681U 00000ABC 00001.00000000  .00000000  00000-0  00000+0 0    08
2 00681  53.0000  64.2857 0000001   0.0000 241.5000 15.13677000    00
Starlink-525 681
1 00682U 00000ABC 00001.00000000  .00000000  00000-0  00000+0 0    09
2 00682  53.0000  64.2857 0000001   0.0000 244.5000 15.13677000    04
Starlink-525 682
1 00683U 00000ABC 00001.00000000  .00000000  00000-0  00000+0 0    00
2 00683  53.0000  64.2857 0000001   0.0000 247.5000 15.13677000    08
Starlink-525 683
1 00684U 00000ABC 00001.00000000  .00000000  00000-0  00000+0 0    01
2 00684  53.0000  64.2857 0000001   0.0000 250.5000 15.13677000    03
Starlink-525 684
1 00685U 00000ABC 00001.00000000  .00000000  00000-0  00000+0 0    02
2 00685  53.0000  64.2857 0000001   0.0000 253.5000 15.13677000    07
Starlink-525 685
1 00686U 00000ABC 00001.00000000  .00000000  00000-0  00000+0 0    03
2 00686  53.0000  64.2857 0000001   0.0000 256.5000 15.13677000    01
Starlink-525 686
1 00687U 00000ABC 00001.00000000  .00000000  00000-0  00000+0 0    04
2 00687  53.0000  64.2857 0000001   0.0000 259.5000 15.13677000    05
Starlink-525 687
1 00688U 00000ABC 00001.00000000  .00000000  00000-0  00000+0 0    05
2 00688  53.0000  64.2857 0000001   0.0000 262.5000 15.13677000    00
Starlink-525 688
1 00689U 00000ABC 00001.00000000  .00000000  00000-0  00000+0 0    06
2 00689  53.0000  64.2857 0000001   0.0000 265.5000 15.13677000    04
Starlink-525 689
1 00690U 00000ABC 00001.00000000  .00000000  00000-0  00000+0 0    08
2 00690  53.0000  64.2857 0000001   0.0000 268.5000 15.13677000    09
Starlink-525 690
1 00691U 00000ABC 00001.00000000  .00000000  00000-0  00000+0 0    09
2 00691  53.0000  64.2857 0000001   0.0000 271.5000 15.13677000    04
Starlink-525 691
1 00692U 00000ABC 00001.00000000  .00000000  00000-0  00000+0 0    00
2 00692  53.0000  64.2857 0000001   0.0000 274.5000 15.13677000    08
Starlink-525 692
1 00693U 00000ABC 00001.00000000  .00000000  00000-0  00000+0 0    01
2 00693  53.0000  64.2857 0000001   0.0000 277.5000 15.13677000    02
Starlink-525 693
1 00694U 00000ABC 00001.00000000  .00000000  00000-0  00000+0 0    02
2 00694  53.0000  64.2857 0000001   0.0000 280.5000 15.13677000    07
Starlink-525 694
1 00695U 00000ABC 00001.00000000  .00000000  00000-0  00000+0 0    03
2 00695  53.0000  64.2857 0000001   0.0000 283.5000 15.13677000    01
Starlink-525 695
1 00696U 00000ABC 00001.00000000  .00000000  00000-0  00000+0 0    04
2 00696  53.0000  64.2857 0000001   0.0000 286.5000 15.13677000    05
Starlink-525 696
1 00697U 00000ABC 00001.00000000  .00000000  00000-0  00000+0 0    05
2 00697  53.0000  64.2857 0000001   0.0000 289.5000 15.13677000    09
Starlink-525 697
1 00698U 00000ABC 00001.00000000  .00000000  00000-0  00000+0 0    06
2 00698  53.0000  64.2857 0000001   0.0000 292.5000 15.13677000    04
Starlink-525 698
1 00699U 00000ABC 00001.00000000  .00000000  00000-0  00000+0 0    07
2 00699  53.0000  64.2857 0000001   0.0000 295.5000 15.13677000    08
Starlink-525 699
1 00700U 00000ABC 00001.00000000  .00000000  00000-0  00000+0 0    00
2 00700  53.0000  64.2857 0000001   0.0000 298.5000 15.13677000    04
Starlink-525 700
1 00701U 00000ABC 00001.00000000  .00000000  00000-0  00000+0 0    01
2 00701  53.0000  64.2857 0000001   0.0000 301.5000 15.13677000    00
Starlink-525 701
1 00702U 00000ABC 00001.00000000  .00000000  00000-0  00000+0 0    02
2 00702  53.0000  64.2857 0000001   0.0000 304.5000 15.13677000    04
Starlink-525 702
1 00703U 00000ABC 00001.00000000  .00000000  00000-0  00000+0 0    03
2 00703  53.0000  64.2857 0000001   0.0000 307.5000 15.13677000    08
Starlink-525 703
1 00704U 00000ABC 00001.00000000  .00000000  00000-0  00000+0 0    04
2 00704  53.0000  64.2857 0000001   0.0000 310.5000 15.13677000    03
Starlink-525 704
1 00705U 00000ABC 00001.00000000  .00000000  00000-0  00000+0 0    05
2 00705  53.0000  64.2857 0000001   0.0000 313.5000 15.13677000    07
Starlink-525 705
1 00706U 00000ABC 00001.00000000  .00000000  00000-0  00000+0 0    06
2 00706  53.0000  64.2857 0000001   0.0000 316.5000 15.13677000    01
Starlink-525 706
1 00707U 00000ABC 00001.00000000  .00000000  00000-0  00000+0 0    07
2 00707  53.0000  64.2857 0000001   0.0000 319.5000 15.13677000    05
Starlink-525 707
1 00708U 00000ABC 00001.00000000  .00000000  00000-0  00000+0 0    08
2 00708  53.0000  64.2857 0000001   0.0000 322.5000 15.13677000    00
Starlink-525 708
1 00709U 00000ABC 00001.00000000  .00000000  00000-0  00000+0 0    09
2 00709  53.0000  64.2857 0000001   0.0000 325.5000 15.13677000    04
Starlink-525 709
1 00710U 00000ABC 00001.00000000  .00000000  00000-0  00000+0 0    01
2 00710  53.0000  64.2857 0000001   0.0000 328.5000 15.13677000    09
Starlink-525 710
1 00711U 00000ABC 00001.00000000  .00000000  00000-0  00000+0 0    02
2 00711  53.0000  64.2857 0000001   0.0000 331.5000 15.13677000    04
Starlink-525 711
1 00712U 00000ABC 00001.00000000  .00000000  00000-0  00000+0 0    03
2 00712  53.0000  64.2857 0000001   0.0000 334.5000 15.13677000    08
Starlink-525 712
1 00713U 00000ABC 00001.00000000  .00000000  00000-0  00000+0 0    04
2 00713  53.0000  64.2857 0000001   0.0000 337.5000 15.13677000    02
Starlink-525 713
1 00714U 00000ABC 00001.00000000  .00000000  00000-0  00000+0 0    05
2 00714  53.0000  64.2857 0000001   0.0000 340.5000 15.13677000    07
Starlink-525 714
1 00715U 00000ABC 00001.00000000  .00000000  00000-0  00000+0 0    06
2 00715  53.0000  64.2857 0000001   0.0000 343.5000 15.13677000    01
Starlink-525 715
1 00716U 00000ABC 00001.00000000  .00000000  00000-0  00000+0 0    07
2 00716  53.0000  64.2857 0000001   0.0000 346.5000 15.13677000    05
Starlink-525 716
1 00717U 00000ABC 00001.00000000  .00000000  00000-0  00000+0 0    08
2 00717  53.0000  64.2857 0000001   0.0000 349.5000 15.13677000    09
Starlink-525 717
1 00718U 00000ABC 00001.00000000  .00000000  00000-0  00000+0 0    09
2 00718  53.0000  64.2857 0000001   0.0000 352.5000 15.13677000    04
Starlink-525 718
1 00719U 00000ABC 00001.00000000  .00000000  00000-0  00000+0 0    00
2 00719  53.0000  64.2857 0000001   0.0000 355.5000 15.13677000    08
Starlink-525 719
1 00720U 00000ABC 00001.00000000  .00000000  00000-0  00000+0 0    02
2 00720  53.0000  64.2857 0000001   0.0000 358.5000 15.13677000    03
Starlink-525 720
1 00721U 00000ABC 00001.00000000  .00000000  00000-0  00000+0 0    03
2 00721  53.0000  77.1429 0000001   0.0000   0.0000 15.13677000    01
Starlink-525 721
1 00722U 00000ABC 00001.00000000  .00000000  00000-0  00000+0 0    04
2 00722  53.0000  77.1429 0000001   0.0000   3.0000 15.13677000    05
Starlink-525 722
1 00723U 00000ABC 00001.00000000  .00000000  00000-0  00000+0 0    05
2 00723  53.0000  77.1429 0000001   0.0000   6.0000 15.13677000    09
Starlink-525 723
1 00724U 00000ABC 00001.00000000  .00000000  00000-0  00000+0 0    06
2 00724  53.0000  77.1429 0000001   0.0000   9.0000 15.13677000    03
Starlink-525 724
1 00725U 00000ABC 00001.00000000  .00000000  00000-0  00000+0 0    07
2 00725  53.0000  77.1429 0000001   0.0000  12.0000 15.13677000    08
Starlink-525 725
1 00726U 00000ABC 00001.00000000  .00000000  00000-0  00000+0 0    08
2 00726  53.0000  77.1429 0000001   0.0000  15.0000 15.13677000    02
Starlink-525 726
1 00727U 00000ABC 00001.00000000  .00000000  00000-0  00000+0 0    09
2 00727  53.0000  77.1429 0000001   0.0000  18.0000 15.13677000    06
Starlink-525 727
1 00728U 00000ABC 00001.00000000  .00000000  00000-0  00000+0 0    00
2 00728  53.0000  77.1429 0000001   0.0000  21.0000 15.13677000    01
Starlink-525 728
1 00729U 00000ABC 00001.00000000  .00000000  00000-0  00000+0 0    01
2 00729  53.0000  77.1429 0000001   0.0000  24.0000 15.13677000    05
Starlink-525 729
1 00730U 00000ABC 00001.00000000  .00000000  00000-0  00000+0 0    03
2 00730  53.0000  77.1429 0000001   0.0000  27.0000 15.13677000    00
Starlink-525 730
1 00731U 00000ABC 00001.00000000  .00000000  00000-0  00000+0 0    04
2 00731  53.0000  77.1429 0000001   0.0000  30.0000 15.13677000    05
Starlink-525 731
1 00732U 00000ABC 00001.00000000  .00000000  00000-0  00000+0 0    05
2 00732  53.0000  77.1429 0000001   0.0000  33.0000 15.13677000    09
Starlink-525 732
1 00733U 00000ABC 00001.00000000  .00000000  00000-0  00000+0 0    06
2 00733  53.0000  77.1429 0000001   0.0000  36.0000 15.13677000    03
Starlink-525 733
1 00734U 00000ABC 00001.00000000  .00000000  00000-0  00000+0 0    07
2 00734  53.0000  77.1429 0000001   0.0000  39.0000 15.13677000    07
Starlink-525 734
1 00735U 00000ABC 00001.00000000  .00000000  00000-0  00000+0 0    08
2 00735  53.0000  77.1429 0000001   0.0000  42.0000 15.13677000    02
Starlink-525 735
1 00736U 00000ABC 00001.00000000  .00000000  00000-0  00000+0 0    09
2 00736  53.0000  77.1429 0000001   0.0000  45.0000 15.13677000    06
Starlink-525 736
1 00737U 00000ABC 00001.00000000  .00000000  00000-0  00000+0 0    00
2 00737  53.0000  77.1429 0000001   0.0000  48.0000 15.13677000    00
Starlink-525 737
1 00738U 00000ABC 00001.00000000  .00000000  00000-0  00000+0 0    01
2 00738  53.0000  77.1429 0000001   0.0000  51.0000 15.13677000    05
Starlink-525 738
1 00739U 00000ABC 00001.00000000  .00000000  00000-0  00000+0 0    02
2 00739  53.0000  77.1429 0000001   0.0000  54.0000 15.13677000    09
Starlink-525 739
1 00740U 00000ABC 00001.00000000  .00000000  00000-0  00000+0 0    04
2 00740  53.0000  77.1429 0000001   0.0000  57.0000 15.13677000    04
Starlink-525 740
1 00741U 00000ABC 00001.00000000  .00000000  00000-0  00000+0 0    05
2 00741  53.0000  77.1429 0000001   0.0000  60.0000 15.13677000    09
Starlink-525 741
1 00742U 00000ABC 00001.00000000  .00000000  00000-0  00000+0 0    06
2 00742  53.0000  77.1429 0000001   0.0000  63.0000 15.13677000    03
Starlink-525 742
1 00743U 00000ABC 00001.00000000  .00000000  00000-0  00000+0 0    07
2 00743  53.0000  77.1429 0000001   0.0000  66.0000 15.13677000    07
Starlink-525 743
1 00744U 00000ABC 00001.00000000  .00000000  00000-0  00000+0 0    08
2 00744  53.0000  77.1429 0000001   0.0000  69.0000 15.13677000    01
Starlink-525 744
1 00745U 00000ABC 00001.00000000  .00000000  00000-0  00000+0 0    09
2 00745  53.0000  77.1429 0000001   0.0000  72.0000 15.13677000    06
Starlink-525 745
1 00746U 00000ABC 00001.00000000  .00000000  00000-0  00000+0 0    00
2 00746  53.0000  77.1429 0000001   0.0000  75.0000 15.13677000    00
Starlink-525 746
1 00747U 00000ABC 00001.00000000  .00000000  00000-0  00000+0 0    01
2 00747  53.0000  77.1429 0000001   0.0000  78.0000 15.13677000    04
Starlink-525 747
1 00748U 00000ABC 00001.00000000  .00000000  00000-0  00000+0 0    02
2 00748  53.0000  77.1429 0000001   0.0000  81.0000 15.13677000    09
Starlink-525 748
1 00749U 00000ABC 00001.00000000  .00000000  00000-0  00000+0 0    03
2 00749  53.0000  77.1429 0000001   0.0000  84.0000 15.13677000    03
Starlink-525 749
1 00750U 00000ABC 00001.00000000  .00000000  00000-0  00000+0 0    05
2 00750  53.0000  77.1429 0000001   0.0000  87.0000 15.13677000    08
Starlink-525 750
1 00751U 00000ABC 00001.00000000  .00000000  00000-0  00000+0 0    06
2 00751  53.0000  77.1429 0000001   0.0000  90.0000 15.13677000    03
Starlink-525 751
1 00752U 00000ABC 00001.00000000  .00000000  00000-0  00000+0 0    07
2 00752  53.0000  77.1429 0000001   0.0000  93.0000 15.13677000    07
Starlink-525 752
1 00753U 00000ABC 00001.00000000  .00000000  00000-0  00000+0 0    08
2 00753  53.0000  77.1429 0000001   0.0000  96.0000 15.13677000    01
Starlink-525 753
1 00754U 00000ABC 00001.00000000  .00000000  00000-0  00000+0 0    09
2 00754  53.0000  77.1429 0000001   0.0000  99.0000 15.13677000    05
Starlink-525 754
1 00755U 00000ABC 00001.00000000  .00000000  00000-0  00000+0 0    00
2 00755  53.0000  77.1429 0000001   0.0000 102.0000 15.13677000    01
Starlink-525 755
1 00756U 00000ABC 00001.00000000  .00000000  00000-0  00000+0 0    01
2 00756  53.0000  77.1429 0000001   0.0000 105.0000 15.13677000    05
Starlink-525 756
1 00757U 00000ABC 00001.00000000  .00000000  00000-0  00000+0 0    02
2 00757  53.0000  77.1429 0000001   0.0000 108.0000 15.13677000    09
Starlink-525 757
1 00758U 00000ABC 00001.00000000  .00000000  00000-0  00000+0 0    03
2 00758  53.0000  77.1429 0000001   0.0000 111.0000 15.13677000    04
Starlink-525 758
1 00759U 00000ABC 00001.00000000  .00000000  00000-0  00000+0 0    04
2 00759  53.0000  77.1429 0000001   0.0000 114.0000 15.13677000    08
Starlink-525 759
1 00760U 00000ABC 00001.00000000  .00000000  00000-0  00000+0 0    06
2 00760  53.0000  77.1429 0000001   0.0000 117.0000 15.13677000    03
Starlink-525 760
1 00761U 00000ABC 00001.00000000  .00000000  00000-0  00000+0 0    07
2 00761  53.0000  77.1429 0000001   0.0000 120.0000 15.13677000    08
Starlink-525 761
1 00762U 00000ABC 00001.00000000  .00000000  00000-0  00000+0 0    08
2 00762  53.0000  77.1429 0000001   0.0000 123.0000 15.13677000    02
Starlink-525 762
1 00763U 00000ABC 00001.00000000  .00000000  00000-0  00000+0 0    09
2 00763  53.0000  77.1429 0000001   0.0000 126.0000 15.13677000    06
Starlink-525 763
1 00764U 00000ABC 00001.00000000  .00000000  00000-0  00000+0 0    00
2 00764  53.0000  77.1429 0000001   0.0000 129.0000 15.13677000    00
Starlink-525 764
1 00765U 00000ABC 00001.00000000  .00000000  00000-0  00000+0 0    01
2 00765  53.0000  77.1429 0000001   0.0000 132.0000 15.13677000    05
Starlink-525 765
1 00766U 00000ABC 00001.00000000  .00000000  00000-0  00000+0 0    02
2 00766  53.0000  77.1429 0000001   0.0000 135.0000 15.13677000    09
Starlink-525 766
1 00767U 00000ABC 00001.00000000  .00000000  00000-0  00000+0 0    03
2 00767  53.0000  77.1429 0000001   0.0000 138.0000 15.13677000    03
Starlink-525 767
1 00768U 00000ABC 00001.00000000  .00000000  00000-0  00000+0 0    04
2 00768  53.0000  77.1429 0000001   0.0000 141.0000 15.13677000    08
Starlink-525 768
1 00769U 00000ABC 00001.00000000  .00000000  00000-0  00000+0 0    05
2 00769  53.0000  77.1429 0000001   0.0000 144.0000 15.13677000    02
Starlink-525 769
1 00770U 00000ABC 00001.00000000  .00000000  00000-0  00000+0 0    07
2 00770  53.0000  77.1429 0000001   0.0000 147.0000 15.13677000    07
Starlink-525 770
1 00771U 00000ABC 00001.00000000  .00000000  00000-0  00000+0 0    08
2 00771  53.0000  77.1429 0000001   0.0000 150.0000 15.13677000    02
Starlink-525 771
1 00772U 00000ABC 00001.00000000  .00000000  00000-0  00000+0 0    09
2 00772  53.0000  77.1429 0000001   0.0000 153.0000 15.13677000    06
Starlink-525 772
1 00773U 00000ABC 00001.00000000  .00000000  00000-0  00000+0 0    00
2 00773  53.0000  77.1429 0000001   0.0000 156.0000 15.13677000    00
Starlink-525 773
1 00774U 00000ABC 00001.00000000  .00000000  00000-0  00000+0 0    01
2 00774  53.0000  77.1429 0000001   0.0000 159.0000 15.13677000    04
Starlink-525 774
1 00775U 00000ABC 00001.00000000  .00000000  00000-0  00000+0 0    02
2 00775  53.0000  77.1429 0000001   0.0000 162.0000 15.13677000    09
Starlink-525 775
1 00776U 00000ABC 00001.00000000  .00000000  00000-0  00000+0 0    03
2 00776  53.0000  77.1429 0000001   0.0000 165.0000 15.13677000    03
Starlink-525 776
1 00777U 00000ABC 00001.00000000  .00000000  00000-0  00000+0 0    04
2 00777  53.0000  77.1429 0000001   0.0000 168.0000 15.13677000    07
Starlink-525 777
1 00778U 00000ABC 00001.00000000  .00000000  00000-0  00000+0 0    05
2 00778  53.0000  77.1429 0000001   0.0000 171.0000 15.13677000    02
Starlink-525 778
1 00779U 00000ABC 00001.00000000  .00000000  00000-0  00000+0 0    06
2 00779  53.0000  77.1429 0000001   0.0000 174.0000 15.13677000    06
Starlink-525 779
1 00780U 00000ABC 00001.00000000  .00000000  00000-0  00000+0 0    08
2 00780  53.0000  77.1429 0000001   0.0000 177.0000 15.13677000    01
Starlink-525 780
1 00781U 00000ABC 00001.00000000  .00000000  00000-0  00000+0 0    09
2 00781  53.0000  77.1429 0000001   0.0000 180.0000 15.13677000    06
Starlink-525 781
1 00782U 00000ABC 00001.00000000  .00000000  00000-0  00000+0 0    00
2 00782  53.0000  77.1429 0000001   0.0000 183.0000 15.13677000    00
Starlink-525 782
1 00783U 00000ABC 00001.00000000  .00000000  00000-0  00000+0 0    01
2 00783  53.0000  77.1429 0000001   0.0000 186.0000 15.13677000    04
Starlink-525 783
1 00784U 00000ABC 00001.00000000  .00000000  00000-0  00000+0 0    02
2 00784  53.0000  77.1429 0000001   0.0000 189.0000 15.13677000    08
Starlink-525 784
1 00785U 00000ABC 00001.00000000  .00000000  00000-0  00000+0 0    03
2 00785  53.0000  77.1429 0000001   0.0000 192.0000 15.13677000    03
Starlink-525 785
1 00786U 00000ABC 00001.00000000  .00000000  00000-0  00000+0 0    04
2 00786  53.0000  77.1429 0000001   0.0000 195.0000 15.13677000    07
Starlink-525 786
1 00787U 00000ABC 00001.00000000  .00000000  00000-0  00000+0 0    05
2 00787  53.0000  77.1429 0000001   0.0000 198.0000 15.13677000    01
Starlink-525 787
1 00788U 00000ABC 00001.00000000  .00000000  00000-0  00000+0 0    06
2 00788  53.0000  77.1429 0000001   0.0000 201.0000 15.13677000    07
Starlink-525 788
1 00789U 00000ABC 00001.00000000  .00000000  00000-0  00000+0 0    07
2 00789  53.0000  77.1429 0000001   0.0000 204.0000 15.13677000    01
Starlink-525 789
1 00790U 00000ABC 00001.00000000  .00000000  00000-0  00000+0 0    09
2 00790  53.0000  77.1429 0000001   0.0000 207.0000 15.13677000    06
Starlink-525 790
1 00791U 00000ABC 00001.00000000  .00000000  00000-0  00000+0 0    00
2 00791  53.0000  77.1429 0000001   0.0000 210.0000 15.13677000    01
Starlink-525 791
1 00792U 00000ABC 00001.00000000  .00000000  00000-0  00000+0 0    01
2 00792  53.0000  77.1429 0000001   0.0000 213.0000 15.13677000    05
Starlink-525 792
1 00793U 00000ABC 00001.00000000  .00000000  00000-0  00000+0 0    02
2 00793  53.0000  77.1429 0000001   0.0000 216.0000 15.13677000    09
Starlink-525 793
1 00794U 00000ABC 00001.00000000  .00000000  00000-0  00000+0 0    03
2 00794  53.0000  77.1429 0000001   0.0000 219.0000 15.13677000    03
Starlink-525 794
1 00795U 00000ABC 00001.00000000  .00000000  00000-0  00000+0 0    04
2 00795  53.0000  77.1429 0000001   0.0000 222.0000 15.13677000    08
Starlink-525 795
1 00796U 00000ABC 00001.00000000  .00000000  00000-0  00000+0 0    05
2 00796  53.0000  77.1429 0000001   0.0000 225.0000 15.13677000    02
Starlink-525 796
1 00797U 00000ABC 00001.00000000  .00000000  00000-0  00000+0 0    06
2 00797  53.0000  77.1429 0000001   0.0000 228.0000 15.13677000    06
Starlink-525 797
1 00798U 00000ABC 00001.00000000  .00000000  00000-0  00000+0 0    07
2 00798  53.0000  77.1429 0000001   0.0000 231.0000 15.13677000    01
Starlink-525 798
1 00799U 00000ABC 00001.00000000  .00000000  00000-0  00000+0 0    08
2 00799  53.0000  77.1429 0000001   0.0000 234.0000 15.13677000    05
Starlink-525 799
1 00800U 00000ABC 00001.00000000  .00000000  00000-0  00000+0 0    01
2 00800  53.0000  77.1429 0000001   0.0000 237.0000 15.13677000    01
Starlink-525 800
1 00801U 00000ABC 00001.00000000  .00000000  00000-0  00000+0 0    02
2 00801  53.0000  77.1429 0000001   0.0000 240.0000 15.13677000    06
Starlink-525 801
1 00802U 00000ABC 00001.00000000  .00000000  00000-0  00000+0 0    03
2 00802  53.0000  77.1429 0000001   0.0000 243.0000 15.13677000    00
Starlink-525 802
1 00803U 00000ABC 00001.00000000  .00000000  00000-0  00000+0 0    04
2 00803  53.0000  77.1429 0000001   0.0000 246.0000 15.13677000    04
Starlink-525 803
1 00804U 00000ABC 00001.00000000  .00000000  00000-0  00000+0 0    05
2 00804  53.0000  77.1429 0000001   0.0000 249.0000 15.13677000    08
Starlink-525 804
1 00805U 00000ABC 00001.00000000  .00000000  00000-0  00000+0 0    06
2 00805  53.0000  77.1429 0000001   0.0000 252.0000 15.13677000    03
Starlink-525 805
1 00806U 00000ABC 00001.00000000  .00000000  00000-0  00000+0 0    07
2 00806  53.0000  77.1429 0000001   0.0000 255.0000 15.13677000    07
Starlink-525 806
1 00807U 00000ABC 00001.00000000  .00000000  00000-0  00000+0 0    08
2 00807  53.0000  77.1429 0000001   0.0000 258.0000 15.13677000    01
Starlink-525 807
1 00808U 00000ABC 00001.00000000  .00000000  00000-0  00000+0 0    09
2 00808  53.0000  77.1429 0000001   0.0000 261.0000 15.13677000    06
Starlink-525 808
1 00809U 00000ABC 00001.00000000  .00000000  00000-0  00000+0 0    00
2 00809  53.0000  77.1429 0000001   0.0000 264.0000 15.13677000    00
Starlink-525 809
1 00810U 00000ABC 00001.00000000  .00000000  00000-0  00000+0 0    02
2 00810  53.0000  77.1429 0000001   0.0000 267.0000 15.13677000    05
Starlink-525 810
1 00811U 00000ABC 00001.00000000  .00000000  00000-0  00000+0 0    03
2 00811  53.0000  77.1429 0000001   0.0000 270.0000 15.13677000    00
Starlink-525 811
1 00812U 00000ABC 00001.00000000  .00000000  00000-0  00000+0 0    04
2 00812  53.0000  77.1429 0000001   0.0000 273.0000 15.13677000    04
Starlink-525 812
1 00813U 00000ABC 00001.00000000  .00000000  00000-0  00000+0 0    05
2 00813  53.0000  77.1429 0000001   0.0000 276.0000 15.13677000    08
Starlink-525 813
1 00814U 00000ABC 00001.00000000  .00000000  00000-0  00000+0 0    06
2 00814  53.0000  77.1429 0000001   0.0000 279.0000 15.13677000    02
Starlink-525 814
1 00815U 00000ABC 00001.00000000  .00000000  00000-0  00000+0 0    07
2 00815  53.0000  77.1429 0000001   0.0000 282.0000 15.13677000    07
Starlink-525 815
1 00816U 00000ABC 00001.00000000  .00000000  00000-0  00000+0 0    08
2 00816  53.0000  77.1429 0000001   0.0000 285.0000 15.13677000    01
Starlink-525 816
1 00817U 00000ABC 00001.00000000  .00000000  00000-0  00000+0 0    09
2 00817  53.0000  77.1429 0000001   0.0000 288.0000 15.13677000    05
Starlink-525 817
1 00818U 00000ABC 00001.00000000  .00000000  00000-0  00000+0 0    00
2 00818  53.0000  77.1429 0000001   0.0000 291.0000 15.13677000    00
Starlink-525 818
1 00819U 00000ABC 00001.00000000  .00000000  00000-0  00000+0 0    01
2 00819  53.0000  77.1429 0000001   0.0000 294.0000 15.13677000    04
Starlink-525 819
1 00820U 00000ABC 00001.00000000  .00000000  00000-0  00000+0 0    03
2 00820  53.0000  77.1429 0000001   0.0000 297.0000 15.13677000    09
Starlink-525 820
1 00821U 00000ABC 00001.00000000  .00000000  00000-0  00000+0 0    04
2 00821  53.0000  77.1429 0000001   0.0000 300.0000 15.13677000    05
Starlink-525 821
1 00822U 00000ABC 00001.00000000  .00000000  00000-0  00000+0 0    05
2 00822  53.0000  77.1429 0000001   0.0000 303.0000 15.13677000    09
Starlink-525 822
1 00823U 00000ABC 00001.00000000  .00000000  00000-0  00000+0 0    06
2 00823  53.0000  77.1429 0000001   0.0000 306.0000 15.13677000    03
Starlink-525 823
1 00824U 00000ABC 00001.00000000  .00000000  00000-0  00000+0 0    07
2 00824  53.0000  77.1429 0000001   0.0000 309.0000 15.13677000    07
Starlink-525 824
1 00825U 00000ABC 00001.00000000  .00000000  00000-0  00000+0 0    08
2 00825  53.0000  77.1429 0000001   0.0000 312.0000 15.13677000    02
Starlink-525 825
1 00826U 00000ABC 00001.00000000  .00000000  00000-0  00000+0 0    09
2 00826  53.0000  77.1429 0000001   0.0000 315.0000 15.13677000    06
Starlink-525 826
1 00827U 00000ABC 00001.00000000  .00000000  00000-0  00000+0 0    00
2 00827  53.0000  77.1429 0000001   0.0000 318.0000 15.13677000    00
Starlink-525 827
1 00828U 00000ABC 00001.00000000  .00000000  00000-0  00000+0 0    01
2 00828  53.0000  77.1429 0000001   0.0000 321.0000 15.13677000    05
Starlink-525 828
1 00829U 00000ABC 00001.00000000  .00000000  00000-0  00000+0 0    02
2 00829  53.0000  77.1429 0000001   0.0000 324.0000 15.13677000    09
Starlink-525 829
1 00830U 00000ABC 00001.00000000  .00000000  00000-0  00000+0 0    04
2 00830  53.0000  77.1429 0000001   0.0000 327.0000 15.13677000    04
Starlink-525 830
1 00831U 00000ABC 00001.00000000  .00000000  00000-0  00000+0 0    05
2 00831  53.0000  77.1429 0000001   0.0000 330.0000 15.13677000    09
Starlink-525 831
1 00832U 00000ABC 00001.00000000  .00000000  00000-0  00000+0 0    06
2 00832  53.0000  77.1429 0000001   0.0000 333.0000 15.13677000    03
Starlink-525 832
1 00833U 00000ABC 00001.00000000  .00000000  00000-0  00000+0 0    07
2 00833  53.0000  77.1429 0000001   0.0000 336.0000 15.13677000    07
Starlink-525 833
1 00834U 00000ABC 00001.00000000  .00000000  00000-0  00000+0 0    08
2 00834  53.0000  77.1429 0000001   0.0000 339.0000 15.13677000    01
Starlink-525 834
1 00835U 00000ABC 00001.00000000  .00000000  00000-0  00000+0 0    09
2 00835  53.0000  77.1429 0000001   0.0000 342.0000 15.13677000    06
Starlink-525 835
1 00836U 00000ABC 00001.00000000  .00000000  00000-0  00000+0 0    00
2 00836  53.0000  77.1429 0000001   0.0000 345.0000 15.13677000    00
Starlink-525 836
1 00837U 00000ABC 00001.00000000  .00000000  00000-0  00000+0 0    01
2 00837  53.0000  77.1429 0000001   0.0000 348.0000 15.13677000    04
Starlink-525 837
1 00838U 00000ABC 00001.00000000  .00000000  00000-0  00000+0 0    02
2 00838  53.0000  77.1429 0000001   0.0000 351.0000 15.13677000    09
Starlink-525 838
1 00839U 00000ABC 00001.00000000  .00000000  00000-0  00000+0 0    03
2 00839  53.0000  77.1429 0000001   0.0000 354.0000 15.13677000    03
Starlink-525 839
1 00840U 00000ABC 00001.00000000  .00000000  00000-0  00000+0 0    05
2 00840  53.0000  77.1429 0000001   0.0000 357.0000 15.13677000    08
Starlink-525 840
1 00841U 00000ABC 00001.00000000  .00000000  00000-0  00000+0 0    06
2 00841  53.0000  90.0000 0000001   0.0000   1.5000 15.13677000    09
Starlink-525 841
1 00842U 00000ABC 00001.00000000  .00000000  00000-0  00000+0 0    07
2 00842  53.0000  90.0000 0000001   0.0000   4.5000 15.13677000    03
Starlink-525 842
1 00843U 00000ABC 00001.00000000  .00000000  00000-0  00000+0 0    08
2 00843  53.0000  90.0000 0000001   0.0000   7.5000 15.13677000    07
Starlink-525 843
1 00844U 00000ABC 00001.00000000  .00000000  00000-0  00000+0 0    09
2 00844  53.0000  90.0000 0000001   0.0000  10.5000 15.13677000    02
Starlink-525 844
1 00845U 00000ABC 00001.00000000  .00000000  00000-0  00000+0 0    00
2 00845  53.0000  90.0000 0000001   0.0000  13.5000 15.13677000    06
Starlink-525 845
1 00846U 00000ABC 00001.00000000  .00000000  00000-0  00000+0 0    01
2 00846  53.0000  90.0000 0000001   0.0000  16.5000 15.13677000    00
Starlink-525 846
1 00847U 00000ABC 00001.00000000  .00000000  00000-0  00000+0 0    02
2 00847  53.0000  90.0000 0000001   0.0000  19.5000 15.13677000    04
Starlink-525 847
1 00848U 00000ABC 00001.00000000  .00000000  00000-0  00000+0 0    03
2 00848  53.0000  90.0000 0000001   0.0000  22.5000 15.13677000    09
Starlink-525 848
1 00849U 00000ABC 00001.00000000  .00000000  00000-0  00000+0 0    04
2 00849  53.0000  90.0000 0000001   0.0000  25.5000 15.13677000    03
Starlink-525 849
1 00850U 00000ABC 00001.00000000  .00000000  00000-0  00000+0 0    06
2 00850  53.0000  90.0000 0000001   0.0000  28.5000 15.13677000    08
Starlink-525 850
1 00851U 00000ABC 00001.00000000  .00000000  00000-0  00000+0 0    07
2 00851  53.0000  90.0000 0000001   0.0000  31.5000 15.13677000    03
Starlink-525 851
1 00852U 00000ABC 00001.00000000  .00000000  00000-0  00000+0 0    08
2 00852  53.0000  90.0000 0000001   0.0000  34.5000 15.13677000    07
Starlink-525 852
1 00853U 00000ABC 00001.00000000  .00000000  00000-0  00000+0 0    09
2 00853  53.0000  90.0000 0000001   0.0000  37.5000 15.13677000    01
Starlink-525 853
1 00854U 00000ABC 00001.00000000  .00000000  00000-0  00000+0 0    00
2 00854  53.0000  90.0000 0000001   0.0000  40.5000 15.13677000    06
Starlink-525 854
1 00855U 00000ABC 00001.00000000  .00000000  00000-0  00000+0 0    01
2 00855  53.0000  90.0000 0000001   0.0000  43.5000 15.13677000    00
Starlink-525 855
1 00856U 00000ABC 00001.00000000  .00000000  00000-0  00000+0 0    02
2 00856  53.0000  90.0000 0000001   0.0000  46.5000 15.13677000    04
Starlink-525 856
1 00857U 00000ABC 00001.00000000  .00000000  00000-0  00000+0 0    03
2 00857  53.0000  90.0000 0000001   0.0000  49.5000 15.13677000    08
Starlink-525 857
1 00858U 00000ABC 00001.00000000  .00000000  00000-0  00000+0 0    04
2 00858  53.0000  90.0000 0000001   0.0000  52.5000 15.13677000    03
Starlink-525 858
1 00859U 00000ABC 00001.00000000  .00000000  00000-0  00000+0 0    05
2 00859  53.0000  90.0000 0000001   0.0000  55.5000 15.13677000    07
Starlink-525 859
1 00860U 00000ABC 00001.00000000  .00000000  00000-0  00000+0 0    07
2 00860  53.0000  90.0000 0000001   0.0000  58.5000 15.13677000    02
Starlink-525 860
1 00861U 00000ABC 00001.00000000  .00000000  00000-0  00000+0 0    08
2 00861  53.0000  90.0000 0000001   0.0000  61.5000 15.13677000    07
Starlink-525 861
1 00862U 00000ABC 00001.00000000  .00000000  00000-0  00000+0 0    09
2 00862  53.0000  90.0000 0000001   0.0000  64.5000 15.13677000    01
Starlink-525 862
1 00863U 00000ABC 00001.00000000  .00000000  00000-0  00000+0 0    00
2 00863  53.0000  90.0000 0000001   0.0000  67.5000 15.13677000    05
Starlink-525 863
1 00864U 00000ABC 00001.00000000  .00000000  00000-0  00000+0 0    01
2 00864  53.0000  90.0000 0000001   0.0000  70.5000 15.13677000    00
Starlink-525 864
1 00865U 00000ABC 00001.00000000  .00000000  00000-0  00000+0 0    02
2 00865  53.0000  90.0000 0000001   0.0000  73.5000 15.13677000    04
Starlink-525 865
1 00866U 00000ABC 00001.00000000  .00000000  00000-0  00000+0 0    03
2 00866  53.0000  90.0000 0000001   0.0000  76.5000 15.13677000    08
Starlink-525 866
1 00867U 00000ABC 00001.00000000  .00000000  00000-0  00000+0 0    04
2 00867  53.0000  90.0000 0000001   0.0000  79.5000 15.13677000    02
Starlink-525 867
1 00868U 00000ABC 00001.00000000  .00000000  00000-0  00000+0 0    05
2 00868  53.0000  90.0000 0000001   0.0000  82.5000 15.13677000    07
Starlink-525 868
1 00869U 00000ABC 00001.00000000  .00000000  00000-0  00000+0 0    06
2 00869  53.0000  90.0000 0000001   0.0000  85.5000 15.13677000    01
Starlink-525 869
1 00870U 00000ABC 00001.00000000  .00000000  00000-0  00000+0 0    08
2 00870  53.0000  90.0000 0000001   0.0000  88.5000 15.13677000    06
Starlink-525 870
1 00871U 00000ABC 00001.00000000  .00000000  00000-0  00000+0 0    09
2 00871  53.0000  90.0000 0000001   0.0000  91.5000 15.13677000    01
Starlink-525 871
1 00872U 00000ABC 00001.00000000  .00000000  00000-0  00000+0 0    00
2 00872  53.0000  90.0000 0000001   0.0000  94.5000 15.13677000    05
Starlink-525 872
1 00873U 00000ABC 00001.00000000  .00000000  00000-0  00000+0 0    01
2 00873  53.0000  90.0000 0000001   0.0000  97.5000 15.13677000    09
Starlink-525 873
1 00874U 00000ABC 00001.00000000  .00000000  00000-0  00000+0 0    02
2 00874  53.0000  90.0000 0000001   0.0000 100.5000 15.13677000    05
Starlink-525 874
1 00875U 00000ABC 00001.00000000  .00000000  00000-0  00000+0 0    03
2 00875  53.0000  90.0000 0000001   0.0000 103.5000 15.13677000    09
Starlink-525 875
1 00876U 00000ABC 00001.00000000  .00000000  00000-0  00000+0 0    04
2 00876  53.0000  90.0000 0000001   0.0000 106.5000 15.13677000    03
Starlink-525 876
1 00877U 00000ABC 00001.00000000  .00000000  00000-0  00000+0 0    05
2 00877  53.0000  90.0000 0000001   0.0000 109.5000 15.13677000    07
Starlink-525 877
1 00878U 00000ABC 00001.00000000  .00000000  00000-0  00000+0 0    06
2 00878  53.0000  90.0000 0000001   0.0000 112.5000 15.13677000    02
Starlink-525 878
1 00879U 00000ABC 00001.00000000  .00000000  00000-0  00000+0 0    07
2 00879  53.0000  90.0000 0000001   0.0000 115.5000 15.13677000    06
Starlink-525 879
1 00880U 00000ABC 00001.00000000  .00000000  00000-0  00000+0 0    09
2 00880  53.0000  90.0000 0000001   0.0000 118.5000 15.13677000    01
Starlink-525 880
1 00881U 00000ABC 00001.00000000  .00000000  00000-0  00000+0 0    00
2 00881  53.0000  90.0000 0000001   0.0000 121.5000 15.13677000    06
Starlink-525 881
1 00882U 00000ABC 00001.00000000  .00000000  00000-0  00000+0 0    01
2 00882  53.0000  90.0000 0000001   0.0000 124.5000 15.13677000    00
Starlink-525 882
1 00883U 00000ABC 00001.00000000  .00000000  00000-0  00000+0 0    02
2 00883  53.0000  90.0000 0000001   0.0000 127.5000 15.13677000    04
Starlink-525 883
1 00884U 00000ABC 00001.00000000  .00000000  00000-0  00000+0 0    03
2 00884  53.0000  90.0000 0000001   0.0000 130.5000 15.13677000    09
Starlink-525 884
1 00885U 00000ABC 00001.00000000  .00000000  00000-0  00000+0 0    04
2 00885  53.0000  90.0000 0000001   0.0000 133.5000 15.13677000    03
Starlink-525 885
1 00886U 00000ABC 00001.00000000  .00000000  00000-0  00000+0 0    05
2 00886  53.0000  90.0000 0000001   0.0000 136.5000 15.13677000    07
Starlink-525 886
1 00887U 00000ABC 00001.00000000  .00000000  00000-0  00000+0 0    06
2 00887  53.0000  90.0000 0000001   0.0000 139.5000 15.13677000    01
Starlink-525 887
1 00888U 00000ABC 00001.00000000  .00000000  00000-0  00000+0 0    07
2 00888  53.0000  90.0000 0000001   0.0000 142.5000 15.13677000    06
Starlink-525 888
1 00889U 00000ABC 00001.00000000  .00000000  00000-0  00000+0 0    08
2 00889  53.0000  90.0000 0000001   0.0000 145.5000 15.13677000    00
Starlink-525 889
1 00890U 00000ABC 00001.00000000  .00000000  00000-0  00000+0 0    00
2 00890  53.0000  90.0000 0000001   0.0000 148.5000 15.13677000    05
Starlink-525 890
1 00891U 00000ABC 00001.00000000  .00000000  00000-0  00000+0 0    01
2 00891  53.0000  90.0000 0000001   0.0000 151.5000 15.13677000    00
Starlink-525 891
1 00892U 00000ABC 00001.00000000  .00000000  00000-0  00000+0 0    02
2 00892  53.0000  90.0000 0000001   0.0000 154.5000 15.13677000    04
Starlink-525 892
1 00893U 00000ABC 00001.00000000  .00000000  00000-0  00000+0 0    03
2 00893  53.0000  90.0000 0000001   0.0000 157.5000 15.13677000    08
Starlink-525 893
1 00894U 00000ABC 00001.00000000  .00000000  00000-0  00000+0 0    04
2 00894  53.0000  90.0000 0000001   0.0000 160.5000 15.13677000    03
Starlink-525 894
1 00895U 00000ABC 00001.00000000  .00000000  00000-0  00000+0 0    05
2 00895  53.0000  90.0000 0000001   0.0000 163.5000 15.13677000    07
Starlink-525 895
1 00896U 00000ABC 00001.00000000  .00000000  00000-0  00000+0 0    06
2 00896  53.0000  90.0000 0000001   0.0000 166.5000 15.13677000    01
Starlink-525 896
1 00897U 00000ABC 00001.00000000  .00000000  00000-0  00000+0 0    07
2 00897  53.0000  90.0000 0000001   0.0000 169.5000 15.13677000    05
Starlink-525 897
1 00898U 00000ABC 00001.00000000  .00000000  00000-0  00000+0 0    08
2 00898  53.0000  90.0000 0000001   0.0000 172.5000 15.13677000    00
Starlink-525 898
1 00899U 00000ABC 00001.00000000  .00000000  00000-0  00000+0 0    09
2 00899  53.0000  90.0000 0000001   0.0000 175.5000 15.13677000    04
Starlink-525 899
1 00900U 00000ABC 00001.00000000  .00000000  00000-0  00000+0 0    02
2 00900  53.0000  90.0000 0000001   0.0000 178.5000 15.13677000    00
Starlink-525 900
1 00901U 00000ABC 00001.00000000  .00000000  00000-0  00000+0 0    03
2 00901  53.0000  90.0000 0000001   0.0000 181.5000 15.13677000    05
Starlink-525 901
1 00902U 00000ABC 00001.00000000  .00000000  00000-0  00000+0 0    04
2 00902  53.0000  90.0000 0000001   0.0000 184.5000 15.13677000    09
Starlink-525 902
1 00903U 00000ABC 00001.00000000  .00000000  00000-0  00000+0 0    05
2 00903  53.0000  90.0000 0000001   0.0000 187.5000 15.13677000    03
Starlink-525 903
1 00904U 00000ABC 00001.00000000  .00000000  00000-0  00000+0 0    06
2 00904  53.0000  90.0000 0000001   0.0000 190.5000 15.13677000    08
Starlink-525 904
1 00905U 00000ABC 00001.00000000  .00000000  00000-0  00000+0 0    07
2 00905  53.0000  90.0000 0000001   0.0000 193.5000 15.13677000    02
Starlink-525 905
1 00906U 00000ABC 00001.00000000  .00000000  00000-0  00000+0 0    08
2 00906  53.0000  90.0000 0000001   0.0000 196.5000 15.13677000    06
Starlink-525 906
1 00907U 00000ABC 00001.00000000  .00000000  00000-0  00000+0 0    09
2 00907  53.0000  90.0000 0000001   0.0000 199.5000 15.13677000    00
Starlink-525 907
1 00908U 00000ABC 00001.00000000  .00000000  00000-0  00000+0 0    00
2 00908  53.0000  90.0000 0000001   0.0000 202.5000 15.13677000    06
Starlink-525 908
1 00909U 00000ABC 00001.00000000  .00000000  00000-0  00000+0 0    01
2 00909  53.0000  90.0000 0000001   0.0000 205.5000 15.13677000    00
Starlink-525 909
1 00910U 00000ABC 00001.00000000  .00000000  00000-0  00000+0 0    03
2 00910  53.0000  90.0000 0000001   0.0000 208.5000 15.13677000    05
Starlink-525 910
1 00911U 00000ABC 00001.00000000  .00000000  00000-0  00000+0 0    04
2 00911  53.0000  90.0000 0000001   0.0000 211.5000 15.13677000    00
Starlink-525 911
1 00912U 00000ABC 00001.00000000  .00000000  00000-0  00000+0 0    05
2 00912  53.0000  90.0000 0000001   0.0000 214.5000 15.13677000    04
Starlink-525 912
1 00913U 00000ABC 00001.00000000  .00000000  00000-0  00000+0 0    06
2 00913  53.0000  90.0000 0000001   0.0000 217.5000 15.13677000    08
Starlink-525 913
1 00914U 00000ABC 00001.00000000  .00000000  00000-0  00000+0 0    07
2 00914  53.0000  90.0000 0000001   0.0000 220.5000 15.13677000    03
Starlink-525 914
1 00915U 00000ABC 00001.00000000  .00000000  00000-0  00000+0 0    08
2 00915  53.0000  90.0000 0000001   0.0000 223.5000 15.13677000    07
Starlink-525 915
1 00916U 00000ABC 00001.00000000  .00000000  00000-0  00000+0 0    09
2 00916  53.0000  90.0000 0000001   0.0000 226.5000 15.13677000    01
Starlink-525 916
1 00917U 00000ABC 00001.00000000  .00000000  00000-0  00000+0 0    00
2 00917  53.0000  90.0000 0000001   0.0000 229.5000 15.13677000    05
Starlink-525 917
1 00918U 00000ABC 00001.00000000  .00000000  00000-0  00000+0 0    01
2 00918  53.0000  90.0000 0000001   0.0000 232.5000 15.13677000    00
Starlink-525 918
1 00919U 00000ABC 00001.00000000  .00000000  00000-0  00000+0 0    02
2 00919  53.0000  90.0000 0000001   0.0000 235.5000 15.13677000    04
Starlink-525 919
1 00920U 00000ABC 00001.00000000  .00000000  00000-0  00000+0 0    04
2 00920  53.0000  90.0000 0000001   0.0000 238.5000 15.13677000    09
Starlink-525 920
1 00921U 00000ABC 00001.00000000  .00000000  00000-0  00000+0 0    05
2 00921  53.0000  90.0000 0000001   0.0000 241.5000 15.13677000    04
Starlink-525 921
1 00922U 00000ABC 00001.00000000  .00000000  00000-0  00000+0 0    06
2 00922  53.0000  90.0000 0000001   0.0000 244.5000 15.13677000    08
Starlink-525 922
1 00923U 00000ABC 00001.00000000  .00000000  00000-0  00000+0 0    07
2 00923  53.0000  90.0000 0000001   0.0000 247.5000 15.13677000    02
Starlink-525 923
1 00924U 00000ABC 00001.00000000  .00000000  00000-0  00000+0 0    08
2 00924  53.0000  90.0000 0000001   0.0000 250.5000 15.13677000    07
Starlink-525 924
1 00925U 00000ABC 00001.00000000  .00000000  00000-0  00000+0 0    09
2 00925  53.0000  90.0000 0000001   0.0000 253.5000 15.13677000    01
Starlink-525 925
1 00926U 00000ABC 00001.00000000  .00000000  00000-0  00000+0 0    00
2 00926  53.0000  90.0000 0000001   0.0000 256.5000 15.13677000    05
Starlink-525 926
1 00927U 00000ABC 00001.00000000  .00000000  00000-0  00000+0 0    01
2 00927  53.0000  90.0000 0000001   0.0000 259.5000 15.13677000    09
Starlink-525 927
1 00928U 00000ABC 00001.00000000  .00000000  00000-0  00000+0 0    02
2 00928  53.0000  90.0000 0000001   0.0000 262.5000 15.13677000    04
Starlink-525 928
1 00929U 00000ABC 00001.00000000  .00000000  00000-0  00000+0 0    03
2 00929  53.0000  90.0000 0000001   0.0000 265.5000 15.13677000    08
Starlink-525 929
1 00930U 00000ABC 00001.00000000  .00000000  00000-0  00000+0 0    05
2 00930  53.0000  90.0000 0000001   0.0000 268.5000 15.13677000    03
Starlink-525 930
1 00931U 00000ABC 00001.00000000  .00000000  00000-0  00000+0 0    06
2 00931  53.0000  90.0000 0000001   0.0000 271.5000 15.13677000    08
Starlink-525 931
1 00932U 00000ABC 00001.00000000  .00000000  00000-0  00000+0 0    07
2 00932  53.0000  90.0000 0000001   0.0000 274.5000 15.13677000    02
Starlink-525 932
1 00933U 00000ABC 00001.00000000  .00000000  00000-0  00000+0 0    08
2 00933  53.0000  90.0000 0000001   0.0000 277.5000 15.13677000    06
Starlink-525 933
1 00934U 00000ABC 00001.00000000  .00000000  00000-0  00000+0 0    09
2 00934  53.0000  90.0000 0000001   0.0000 280.5000 15.13677000    01
Starlink-525 934
1 00935U 00000ABC 00001.00000000  .00000000  00000-0  00000+0 0    00
2 00935  53.0000  90.0000 0000001   0.0000 283.5000 15.13677000    05
Starlink-525 935
1 00936U 00000ABC 00001.00000000  .00000000  00000-0  00000+0 0    01
2 00936  53.0000  90.0000 0000001   0.0000 286.5000 15.13677000    09
Starlink-525 936
1 00937U 00000ABC 00001.00000000  .00000000  00000-0  00000+0 0    02
2 00937  53.0000  90.0000 0000001   0.0000 289.5000 15.13677000    03
Starlink-525 937
1 00938U 00000ABC 00001.00000000  .00000000  00000-0  00000+0 0    03
2 00938  53.0000  90.0000 0000001   0.0000 292.5000 15.13677000    08
Starlink-525 938
1 00939U 00000ABC 00001.00000000  .00000000  00000-0  00000+0 0    04
2 00939  53.0000  90.0000 0000001   0.0000 295.5000 15.13677000    02
Starlink-525 939
1 00940U 00000ABC 00001.00000000  .00000000  00000-0  00000+0 0    06
2 00940  53.0000  90.0000 0000001   0.0000 298.5000 15.13677000    07
Starlink-525 940
1 00941U 00000ABC 00001.00000000  .00000000  00000-0  00000+0 0    07
2 00941  53.0000  90.0000 0000001   0.0000 301.5000 15.13677000    03
Starlink-525 941
1 00942U 00000ABC 00001.00000000  .00000000  00000-0  00000+0 0    08
2 00942  53.0000  90.0000 0000001   0.0000 304.5000 15.13677000    07
Starlink-525 942
1 00943U 00000ABC 00001.00000000  .00000000  00000-0  00000+0 0    09
2 00943  53.0000  90.0000 0000001   0.0000 307.5000 15.13677000    01
Starlink-525 943
1 00944U 00000ABC 00001.00000000  .00000000  00000-0  00000+0 0    00
2 00944  53.0000  90.0000 0000001   0.0000 310.5000 15.13677000    06
Starlink-525 944
1 00945U 00000ABC 00001.00000000  .00000000  00000-0  00000+0 0    01
2 00945  53.0000  90.0000 0000001   0.0000 313.5000 15.13677000    00
Starlink-525 945
1 00946U 00000ABC 00001.00000000  .00000000  00000-0  00000+0 0    02
2 00946  53.0000  90.0000 0000001   0.0000 316.5000 15.13677000    04
Starlink-525 946
1 00947U 00000ABC 00001.00000000  .00000000  00000-0  00000+0 0    03
2 00947  53.0000  90.0000 0000001   0.0000 319.5000 15.13677000    08
Starlink-525 947
1 00948U 00000ABC 00001.00000000  .00000000  00000-0  00000+0 0    04
2 00948  53.0000  90.0000 0000001   0.0000 322.5000 15.13677000    03
Starlink-525 948
1 00949U 00000ABC 00001.00000000  .00000000  00000-0  00000+0 0    05
2 00949  53.0000  90.0000 0000001   0.0000 325.5000 15.13677000    07
Starlink-525 949
1 00950U 00000ABC 00001.00000000  .00000000  00000-0  00000+0 0    07
2 00950  53.0000  90.0000 0000001   0.0000 328.5000 15.13677000    02
Starlink-525 950
1 00951U 00000ABC 00001.00000000  .00000000  00000-0  00000+0 0    08
2 00951  53.0000  90.0000 0000001   0.0000 331.5000 15.13677000    07
Starlink-525 951
1 00952U 00000ABC 00001.00000000  .00000000  00000-0  00000+0 0    09
2 00952  53.0000  90.0000 0000001   0.0000 334.5000 15.13677000    01
Starlink-525 952
1 00953U 00000ABC 00001.00000000  .00000000  00000-0  00000+0 0    00
2 00953  53.0000  90.0000 0000001   0.0000 337.5000 15.13677000    05
Starlink-525 953
1 00954U 00000ABC 00001.00000000  .00000000  00000-0  00000+0 0    01
2 00954  53.0000  90.0000 0000001   0.0000 340.5000 15.13677000    00
Starlink-525 954
1 00955U 00000ABC 00001.00000000  .00000000  00000-0  00000+0 0    02
2 00955  53.0000  90.0000 0000001   0.0000 343.5000 15.13677000    04
Starlink-525 955
1 00956U 00000ABC 00001.00000000  .00000000  00000-0  00000+0 0    03
2 00956  53.0000  90.0000 0000001   0.0000 346.5000 15.13677000    08
Starlink-525 956
1 00957U 00000ABC 00001.00000000  .00000000  00000-0  00000+0 0    04
2 00957  53.0000  90.0000 0000001   0.0000 349.5000 15.13677000    02
Starlink-525 957
1 00958U 00000ABC 00001.00000000  .00000000  00000-0  00000+0 0    05
2 00958  53.0000  90.0000 0000001   0.0000 352.5000 15.13677000    07
Starlink-525 958
1 00959U 00000ABC 00001.00000000  .00000000  00000-0  00000+0 0    06
2 00959  53.0000  90.0000 0000001   0.0000 355.5000 15.13677000    01
Starlink-525 959
1 00960U 00000ABC 00001.00000000  .00000000  00000-0  00000+0 0    08
2 00960  53.0000  90.0000 0000001   0.0000 358.5000 15.13677000    06
Starlink-525 960
1 00961U 00000ABC 00001.00000000  .00000000  00000-0  00000+0 0    09
2 00961  53.0000 102.8571 0000001   0.0000   0.0000 15.13677000    01
Starlink-525 961
1 00962U 00000ABC 00001.00000000  .00000000  00000-0  00000+0 0    00
2 00962  53.0000 102.8571 0000001   0.0000   3.0000 15.13677000    05
Starlink-525 962
1 00963U 00000ABC 00001.00000000  .00000000  00000-0  00000+0 0    01
2 00963  53.0000 102.8571 0000001   0.0000   6.0000 15.13677000    09
Starlink-525 963
1 00964U 00000ABC 00001.00000000  .00000000  00000-0  00000+0 0    02
2 00964  53.0000 102.8571 0000001   0.0000   9.0000 15.13677000    03
Starlink-525 964
1 00965U 00000ABC 00001.00000000  .00000000  00000-0  00000+0 0    03
2 00965  53.0000 102.8571 0000001   0.0000  12.0000 15.13677000    08
Starlink-525 965
1 00966U 00000ABC 00001.00000000  .00000000  00000-0  00000+0 0    04
2 00966  53.0000 102.8571 0000001   0.0000  15.0000 15.13677000    02
Starlink-525 966
1 00967U 00000ABC 00001.00000000  .00000000  00000-0  00000+0 0    05
2 00967  53.0000 102.8571 0000001   0.0000  18.0000 15.13677000    06
Starlink-525 967
1 00968U 00000ABC 00001.00000000  .00000000  00000-0  00000+0 0    06
2 00968  53.0000 102.8571 0000001   0.0000  21.0000 15.13677000    01
Starlink-525 968
1 00969U 00000ABC 00001.00000000  .00000000  00000-0  00000+0 0    07
2 00969  53.0000 102.8571 0000001   0.0000  24.0000 15.13677000    05
Starlink-525 969
1 00970U 00000ABC 00001.00000000  .00000000  00000-0  00000+0 0    09
2 00970  53.0000 102.8571 0000001   0.0000  27.0000 15.13677000    00
Starlink-525 970
1 00971U 00000ABC 00001.00000000  .00000000  00000-0  00000+0 0    00
2 00971  53.0000 102.8571 0000001   0.0000  30.0000 15.13677000    05
Starlink-525 971
1 00972U 00000ABC 00001.00000000  .00000000  00000-0  00000+0 0    01
2 00972  53.0000 102.8571 0000001   0.0000  33.0000 15.13677000    09
Starlink-525 972
1 00973U 00000ABC 00001.00000000  .00000000  00000-0  00000+0 0    02
2 00973  53.0000 102.8571 0000001   0.0000  36.0000 15.13677000    03
Starlink-525 973
1 00974U 00000ABC 00001.00000000  .00000000  00000-0  00000+0 0    03
2 00974  53.0000 102.8571 0000001   0.0000  39.0000 15.13677000    07
Starlink-525 974
1 00975U 00000ABC 00001.00000000  .00000000  00000-0  00000+0 0    04
2 00975  53.0000 102.8571 0000001   0.0000  42.0000 15.13677000    02
Starlink-525 975
1 00976U 00000ABC 00001.00000000  .00000000  00000-0  00000+0 0    05
2 00976  53.0000 102.8571 0000001   0.0000  45.0000 15.13677000    06
Starlink-525 976
1 00977U 00000ABC 00001.00000000  .00000000  00000-0  00000+0 0    06
2 00977  53.0000 102.8571 0000001   0.0000  48.0000 15.13677000    00
Starlink-525 977
1 00978U 00000ABC 00001.00000000  .00000000  00000-0  00000+0 0    07
2 00978  53.0000 102.8571 0000001   0.0000  51.0000 15.13677000    05
Starlink-525 978
1 00979U 00000ABC 00001.00000000  .00000000  00000-0  00000+0 0    08
2 00979  53.0000 102.8571 0000001   0.0000  54.0000 15.13677000    09
Starlink-525 979
1 00980U 00000ABC 00001.00000000  .00000000  00000-0  00000+0 0    00
2 00980  53.0000 102.8571 0000001   0.0000  57.0000 15.13677000    04
Starlink-525 980
1 00981U 00000ABC 00001.00000000  .00000000  00000-0  00000+0 0    01
2 00981  53.0000 102.8571 0000001   0.0000  60.0000 15.13677000    09
Starlink-525 981
1 00982U 00000ABC 00001.00000000  .00000000  00000-0  00000+0 0    02
2 00982  53.0000 102.8571 0000001   0.0000  63.0000 15.13677000    03
Starlink-525 982
1 00983U 00000ABC 00001.00000000  .00000000  00000-0  00000+0 0    03
2 00983  53.0000 102.8571 0000001   0.0000  66.0000 15.13677000    07
Starlink-525 983
1 00984U 00000ABC 00001.00000000  .00000000  00000-0  00000+0 0    04
2 00984  53.0000 102.8571 0000001   0.0000  69.0000 15.13677000    01
Starlink-525 984
1 00985U 00000ABC 00001.00000000  .00000000  00000-0  00000+0 0    05
2 00985  53.0000 102.8571 0000001   0.0000  72.0000 15.13677000    06
Starlink-525 985
1 00986U 00000ABC 00001.00000000  .00000000  00000-0  00000+0 0    06
2 00986  53.0000 102.8571 0000001   0.0000  75.0000 15.13677000    00
Starlink-525 986
1 00987U 00000ABC 00001.00000000  .00000000  00000-0  00000+0 0    07
2 00987  53.0000 102.8571 0000001   0.0000  78.0000 15.13677000    04
Starlink-525 987
1 00988U 00000ABC 00001.00000000  .00000000  00000-0  00000+0 0    08
2 00988  53.0000 102.8571 0000001   0.0000  81.0000 15.13677000    09
Starlink-525 988
1 00989U 00000ABC 00001.00000000  .00000000  00000-0  00000+0 0    09
2 00989  53.0000 102.8571 0000001   0.0000  84.0000 15.13677000    03
Starlink-525 989
1 00990U 00000ABC 00001.00000000  .00000000  00000-0  00000+0 0    01
2 00990  53.0000 102.8571 0000001   0.0000  87.0000 15.13677000    08
Starlink-525 990
1 00991U 00000ABC 00001.00000000  .00000000  00000-0  00000+0 0    02
2 00991  53.0000 102.8571 0000001   0.0000  90.0000 15.13677000    03
Starlink-525 991
1 00992U 00000ABC 00001.00000000  .00000000  00000-0  00000+0 0    03
2 00992  53.0000 102.8571 0000001   0.0000  93.0000 15.13677000    07
Starlink-525 992
1 00993U 00000ABC 00001.00000000  .00000000  00000-0  00000+0 0    04
2 00993  53.0000 102.8571 0000001   0.0000  96.0000 15.13677000    01
Starlink-525 993
1 00994U 00000ABC 00001.00000000  .00000000  00000-0  00000+0 0    05
2 00994  53.0000 102.8571 0000001   0.0000  99.0000 15.13677000    05
Starlink-525 994
1 00995U 00000ABC 00001.00000000  .00000000  00000-0  00000+0 0    06
2 00995  53.0000 102.8571 0000001   0.0000 102.0000 15.13677000    01
Starlink-525 995
1 00996U 00000ABC 00001.00000000  .00000000  00000-0  00000+0 0    07
2 00996  53.0000 102.8571 0000001   0.0000 105.0000 15.13677000    05
Starlink-525 996
1 00997U 00000ABC 00001.00000000  .00000000  00000-0  00000+0 0    08
2 00997  53.0000 102.8571 0000001   0.0000 108.0000 15.13677000    09
Starlink-525 997
1 00998U 00000ABC 00001.00000000  .00000000  00000-0  00000+0 0    09
2 00998  53.0000 102.8571 0000001   0.0000 111.0000 15.13677000    04
Starlink-525 998
1 00999U 00000ABC 00001.00000000  .00000000  00000-0  00000+0 0    00
2 00999  53.0000 102.8571 0000001   0.0000 114.0000 15.13677000    08
Starlink-525 999
1 01000U 00000ABC 00001.00000000  .00000000  00000-0  00000+0 0    04
2 01000  53.0000 102.8571 0000001   0.0000 117.0000 15.13677000    05
Starlink-525 1000
1 01001U 00000ABC 00001.00000000  .00000000  00000-0  00000+0 0    05
2 01001  53.0000 102.8571 0000001   0.0000 120.0000 15.13677000    00
Starlink-525 1001
1 01002U 00000ABC 00001.00000000  .00000000  00000-0  00000+0 0    06
2 01002  53.0000 102.8571 0000001   0.0000 123.0000 15.13677000    04
Starlink-525 1002
1 01003U 00000ABC 00001.00000000  .00000000  00000-0  00000+0 0    07
2 01003  53.0000 102.8571 0000001   0.0000 126.0000 15.13677000    08
Starlink-525 1003
1 01004U 00000ABC 00001.00000000  .00000000  00000-0  00000+0 0    08
2 01004  53.0000 102.8571 0000001   0.0000 129.0000 15.13677000    02
Starlink-525 1004
1 01005U 00000ABC 00001.00000000  .00000000  00000-0  00000+0 0    09
2 01005  53.0000 102.8571 0000001   0.0000 132.0000 15.13677000    07
Starlink-525 1005
1 01006U 00000ABC 00001.00000000  .00000000  00000-0  00000+0 0    00
2 01006  53.0000 102.8571 0000001   0.0000 135.0000 15.13677000    01
Starlink-525 1006
1 01007U 00000ABC 00001.00000000  .00000000  00000-0  00000+0 0    01
2 01007  53.0000 102.8571 0000001   0.0000 138.0000 15.13677000    05
Starlink-525 1007
1 01008U 00000ABC 00001.00000000  .00000000  00000-0  00000+0 0    02
2 01008  53.0000 102.8571 0000001   0.0000 141.0000 15.13677000    00
Starlink-525 1008
1 01009U 00000ABC 00001.00000000  .00000000  00000-0  00000+0 0    03
2 01009  53.0000 102.8571 0000001   0.0000 144.0000 15.13677000    04
Starlink-525 1009
1 01010U 00000ABC 00001.00000000  .00000000  00000-0  00000+0 0    05
2 01010  53.0000 102.8571 0000001   0.0000 147.0000 15.13677000    09
Starlink-525 1010
1 01011U 00000ABC 00001.00000000  .00000000  00000-0  00000+0 0    06
2 01011  53.0000 102.8571 0000001   0.0000 150.0000 15.13677000    04
Starlink-525 1011
1 01012U 00000ABC 00001.00000000  .00000000  00000-0  00000+0 0    07
2 01012  53.0000 102.8571 0000001   0.0000 153.0000 15.13677000    08
Starlink-525 1012
1 01013U 00000ABC 00001.00000000  .00000000  00000-0  00000+0 0    08
2 01013  53.0000 102.8571 0000001   0.0000 156.0000 15.13677000    02
Starlink-525 1013
1 01014U 00000ABC 00001.00000000  .00000000  00000-0  00000+0 0    09
2 01014  53.0000 102.8571 0000001   0.0000 159.0000 15.13677000    06
Starlink-525 1014
1 01015U 00000ABC 00001.00000000  .00000000  00000-0  00000+0 0    00
2 01015  53.0000 102.8571 0000001   0.0000 162.0000 15.13677000    01
Starlink-525 1015
1 01016U 00000ABC 00001.00000000  .00000000  00000-0  00000+0 0    01
2 01016  53.0000 102.8571 0000001   0.0000 165.0000 15.13677000    05
Starlink-525 1016
1 01017U 00000ABC 00001.00000000  .00000000  00000-0  00000+0 0    02
2 01017  53.0000 102.8571 0000001   0.0000 168.0000 15.13677000    09
Starlink-525 1017
1 01018U 00000ABC 00001.00000000  .00000000  00000-0  00000+0 0    03
2 01018  53.0000 102.8571 0000001   0.0000 171.0000 15.13677000    04
Starlink-525 1018
1 01019U 00000ABC 00001.00000000  .00000000  00000-0  00000+0 0    04
2 01019  53.0000 102.8571 0000001   0.0000 174.0000 15.13677000    08
Starlink-525 1019
1 01020U 00000ABC 00001.00000000  .00000000  00000-0  00000+0 0    06
2 01020  53.0000 102.8571 0000001   0.0000 177.0000 15.13677000    03
Starlink-525 1020
1 01021U 00000ABC 00001.00000000  .00000000  00000-0  00000+0 0    07
2 01021  53.0000 102.8571 0000001   0.0000 180.0000 15.13677000    08
Starlink-525 1021
1 01022U 00000ABC 00001.00000000  .00000000  00000-0  00000+0 0    08
2 01022  53.0000 102.8571 0000001   0.0000 183.0000 15.13677000    02
Starlink-525 1022
1 01023U 00000ABC 00001.00000000  .00000000  00000-0  00000+0 0    09
2 01023  53.0000 102.8571 0000001   0.0000 186.0000 15.13677000    06
Starlink-525 1023
1 01024U 00000ABC 00001.00000000  .00000000  00000-0  00000+0 0    00
2 01024  53.0000 102.8571 0000001   0.0000 189.0000 15.13677000    00
Starlink-525 1024
1 01025U 00000ABC 00001.00000000  .00000000  00000-0  00000+0 0    01
2 01025  53.0000 102.8571 0000001   0.0000 192.0000 15.13677000    05
Starlink-525 1025
1 01026U 00000ABC 00001.00000000  .00000000  00000-0  00000+0 0    02
2 01026  53.0000 102.8571 0000001   0.0000 195.0000 15.13677000    09
Starlink-525 1026
1 01027U 00000ABC 00001.00000000  .00000000  00000-0  00000+0 0    03
2 01027  53.0000 102.8571 0000001   0.0000 198.0000 15.13677000    03
Starlink-525 1027
1 01028U 00000ABC 00001.00000000  .00000000  00000-0  00000+0 0    04
2 01028  53.0000 102.8571 0000001   0.0000 201.0000 15.13677000    09
Starlink-525 1028
1 01029U 00000ABC 00001.00000000  .00000000  00000-0  00000+0 0    05
2 01029  53.0000 102.8571 0000001   0.0000 204.0000 15.13677000    03
Starlink-525 1029
1 01030U 00000ABC 00001.00000000  .00000000  00000-0  00000+0 0    07
2 01030  53.0000 102.8571 0000001   0.0000 207.0000 15.13677000    08
Starlink-525 1030
1 01031U 00000ABC 00001.00000000  .00000000  00000-0  00000+0 0    08
2 01031  53.0000 102.8571 0000001   0.0000 210.0000 15.13677000    03
Starlink-525 1031
1 01032U 00000ABC 00001.00000000  .00000000  00000-0  00000+0 0    09
2 01032  53.0000 102.8571 0000001   0.0000 213.0000 15.13677000    07
Starlink-525 1032
1 01033U 00000ABC 00001.00000000  .00000000  00000-0  00000+0 0    00
2 01033  53.0000 102.8571 0000001   0.0000 216.0000 15.13677000    01
Starlink-525 1033
1 01034U 00000ABC 00001.00000000  .00000000  00000-0  00000+0 0    01
2 01034  53.0000 102.8571 0000001   0.0000 219.0000 15.13677000    05
Starlink-525 1034
1 01035U 00000ABC 00001.00000000  .00000000  00000-0  00000+0 0    02
2 01035  53.0000 102.8571 0000001   0.0000 222.0000 15.13677000    00
Starlink-525 1035
1 01036U 00000ABC 00001.00000000  .00000000  00000-0  00000+0 0    03
2 01036  53.0000 102.8571 0000001   0.0000 225.0000 15.13677000    04
Starlink-525 1036
1 01037U 00000ABC 00001.00000000  .00000000  00000-0  00000+0 0    04
2 01037  53.0000 102.8571 0000001   0.0000 228.0000 15.13677000    08
Starlink-525 1037
1 01038U 00000ABC 00001.00000000  .00000000  00000-0  00000+0 0    05
2 01038  53.0000 102.8571 0000001   0.0000 231.0000 15.13677000    03
Starlink-525 1038
1 01039U 00000ABC 00001.00000000  .00000000  00000-0  00000+0 0    06
2 01039  53.0000 102.8571 0000001   0.0000 234.0000 15.13677000    07
Starlink-525 1039
1 01040U 00000ABC 00001.00000000  .00000000  00000-0  00000+0 0    08
2 01040  53.0000 102.8571 0000001   0.0000 237.0000 15.13677000    02
Starlink-525 1040
1 01041U 00000ABC 00001.00000000  .00000000  00000-0  00000+0 0    09
2 01041  53.0000 102.8571 0000001   0.0000 240.0000 15.13677000    07
Starlink-525 1041
1 01042U 00000ABC 00001.00000000  .00000000  00000-0  00000+0 0    00
2 01042  53.0000 102.8571 0000001   0.0000 243.0000 15.13677000    01
Starlink-525 1042
1 01043U 00000ABC 00001.00000000  .00000000  00000-0  00000+0 0    01
2 01043  53.0000 102.8571 0000001   0.0000 246.0000 15.13677000    05
Starlink-525 1043
1 01044U 00000ABC 00001.00000000  .00000000  00000-0  00000+0 0    02
2 01044  53.0000 102.8571 0000001   0.0000 249.0000 15.13677000    09
Starlink-525 1044
1 01045U 00000ABC 00001.00000000  .00000000  00000-0  00000+0 0    03
2 01045  53.0000 102.8571 0000001   0.0000 252.0000 15.13677000    04
Starlink-525 1045
1 01046U 00000ABC 00001.00000000  .00000000  00000-0  00000+0 0    04
2 01046  53.0000 102.8571 0000001   0.0000 255.0000 15.13677000    08
Starlink-525 1046
1 01047U 00000ABC 00001.00000000  .00000000  00000-0  00000+0 0    05
2 01047  53.0000 102.8571 0000001   0.0000 258.0000 15.13677000    02
Starlink-525 1047
1 01048U 00000ABC 00001.00000000  .00000000  00000-0  00000+0 0    06
2 01048  53.0000 102.8571 0000001   0.0000 261.0000 15.13677000    07
Starlink-525 1048
1 01049U 00000ABC 00001.00000000  .00000000  00000-0  00000+0 0    07
2 01049  53.0000 102.8571 0000001   0.0000 264.0000 15.13677000    01
Starlink-525 1049
1 01050U 00000ABC 00001.00000000  .00000000  00000-0  00000+0 0    09
2 01050  53.0000 102.8571 0000001   0.0000 267.0000 15.13677000    06
Starlink-525 1050
1 01051U 00000ABC 00001.00000000  .00000000  00000-0  00000+0 0    00
2 01051  53.0000 102.8571 0000001   0.0000 270.0000 15.13677000    01
Starlink-525 1051
1 01052U 00000ABC 00001.00000000  .00000000  00000-0  00000+0 0    01
2 01052  53.0000 102.8571 0000001   0.0000 273.0000 15.13677000    05
Starlink-525 1052
1 01053U 00000ABC 00001.00000000  .00000000  00000-0  00000+0 0    02
2 01053  53.0000 102.8571 0000001   0.0000 276.0000 15.13677000    09
Starlink-525 1053
1 01054U 00000ABC 00001.00000000  .00000000  00000-0  00000+0 0    03
2 01054  53.0000 102.8571 0000001   0.0000 279.0000 15.13677000    03
Starlink-525 1054
1 01055U 00000ABC 00001.00000000  .00000000  00000-0  00000+0 0    04
2 01055  53.0000 102.8571 0000001   0.0000 282.0000 15.13677000    08
Starlink-525 1055
1 01056U 00000ABC 00001.00000000  .00000000  00000-0  00000+0 0    05
2 01056  53.0000 102.8571 0000001   0.0000 285.0000 15.13677000    02
Starlink-525 1056
1 01057U 00000ABC 00001.00000000  .00000000  00000-0  00000+0 0    06
2 01057  53.0000 102.8571 0000001   0.0000 288.0000 15.13677000    06
Starlink-525 1057
1 01058U 00000ABC 00001.00000000  .00000000  00000-0  00000+0 0    07
2 01058  53.0000 102.8571 0000001   0.0000 291.0000 15.13677000    01
Starlink-525 1058
1 01059U 00000ABC 00001.00000000  .00000000  00000-0  00000+0 0    08
2 01059  53.0000 102.8571 0000001   0.0000 294.0000 15.13677000    05
Starlink-525 1059
1 01060U 00000ABC 00001.00000000  .00000000  00000-0  00000+0 0    00
2 01060  53.0000 102.8571 0000001   0.0000 297.0000 15.13677000    00
Starlink-525 1060
1 01061U 00000ABC 00001.00000000  .00000000  00000-0  00000+0 0    01
2 01061  53.0000 102.8571 0000001   0.0000 300.0000 15.13677000    06
Starlink-525 1061
1 01062U 00000ABC 00001.00000000  .00000000  00000-0  00000+0 0    02
2 01062  53.0000 102.8571 0000001   0.0000 303.0000 15.13677000    00
Starlink-525 1062
1 01063U 00000ABC 00001.00000000  .00000000  00000-0  00000+0 0    03
2 01063  53.0000 102.8571 0000001   0.0000 306.0000 15.13677000    04
Starlink-525 1063
1 01064U 00000ABC 00001.00000000  .00000000  00000-0  00000+0 0    04
2 01064  53.0000 102.8571 0000001   0.0000 309.0000 15.13677000    08
Starlink-525 1064
1 01065U 00000ABC 00001.00000000  .00000000  00000-0  00000+0 0    05
2 01065  53.0000 102.8571 0000001   0.0000 312.0000 15.13677000    03
Starlink-525 1065
1 01066U 00000ABC 00001.00000000  .00000000  00000-0  00000+0 0    06
2 01066  53.0000 102.8571 0000001   0.0000 315.0000 15.13677000    07
Starlink-525 1066
1 01067U 00000ABC 00001.00000000  .00000000  00000-0  00000+0 0    07
2 01067  53.0000 102.8571 0000001   0.0000 318.0000 15.13677000    01
Starlink-525 1067
1 01068U 00000ABC 00001.00000000  .00000000  00000-0  00000+0 0    08
2 01068  53.0000 102.8571 0000001   0.0000 321.0000 15.13677000    06
Starlink-525 1068
1 01069U 00000ABC 00001.00000000  .00000000  00000-0  00000+0 0    09
2 01069  53.0000 102.8571 0000001   0.0000 324.0000 15.13677000    00
Starlink-525 1069
1 01070U 00000ABC 00001.00000000  .00000000  00000-0  00000+0 0    01
2 01070  53.0000 102.8571 0000001   0.0000 327.0000 15.13677000    05
Starlink-525 1070
1 01071U 00000ABC 00001.00000000  .00000000  00000-0  00000+0 0    02
2 01071  53.0000 102.8571 0000001   0.0000 330.0000 15.13677000    00
Starlink-525 1071
1 01072U 00000ABC 00001.00000000  .00000000  00000-0  00000+0 0    03
2 01072  53.0000 102.8571 0000001   0.0000 333.0000 15.13677000    04
Starlink-525 1072
1 01073U 00000ABC 00001.00000000  .00000000  00000-0  00000+0 0    04
2 01073  53.0000 102.8571 0000001   0.0000 336.0000 15.13677000    08
Starlink-525 1073
1 01074U 00000ABC 00001.00000000  .00000000  00000-0  00000+0 0    05
2 01074  53.0000 102.8571 0000001   0.0000 339.0000 15.13677000    02
Starlink-525 1074
1 01075U 00000ABC 00001.00000000  .00000000  00000-0  00000+0 0    06
2 01075  53.0000 102.8571 0000001   0.0000 342.0000 15.13677000    07
Starlink-525 1075
1 01076U 00000ABC 00001.00000000  .00000000  00000-0  00000+0 0    07
2 01076  53.0000 102.8571 0000001   0.0000 345.0000 15.13677000    01
Starlink-525 1076
1 01077U 00000ABC 00001.00000000  .00000000  00000-0  00000+0 0    08
2 01077  53.0000 102.8571 0000001   0.0000 348.0000 15.13677000    05
Starlink-525 1077
1 01078U 00000ABC 00001.00000000  .00000000  00000-0  00000+0 0    09
2 01078  53.0000 102.8571 0000001   0.0000 351.0000 15.13677000    00
Starlink-525 1078
1 01079U 00000ABC 00001.00000000  .00000000  00000-0  00000+0 0    00
2 01079  53.0000 102.8571 0000001   0.0000 354.0000 15.13677000    04
Starlink-525 1079
1 01080U 00000ABC 00001.00000000  .00000000  00000-0  00000+0 0    02
2 01080  53.0000 102.8571 0000001   0.0000 357.0000 15.13677000    09
Starlink-525 1080
1 01081U 00000ABC 00001.00000000  .00000000  00000-0  00000+0 0    03
2 01081  53.0000 115.7143 0000001   0.0000   1.5000 15.13677000    09
Starlink-525 1081
1 01082U 00000ABC 00001.00000000  .00000000  00000-0  00000+0 0    04
2 01082  53.0000 115.7143 0000001   0.0000   4.5000 15.13677000    03
Starlink-525 1082
1 01083U 00000ABC 00001.00000000  .00000000  00000-0  00000+0 0    05
2 01083  53.0000 115.7143 0000001   0.0000   7.5000 15.13677000    07
Starlink-525 1083
1 01084U 00000ABC 00001.00000000  .00000000  00000-0  00000+0 0    06
2 01084  53.0000 115.7143 0000001   0.0000  10.5000 15.13677000    02
Starlink-525 1084
1 01085U 00000ABC 00001.00000000  .00000000  00000-0  00000+0 0    07
2 01085  53.0000 115.7143 0000001   0.0000  13.5000 15.13677000    06
Starlink-525 1085
1 01086U 00000ABC 00001.00000000  .00000000  00000-0  00000+0 0    08
2 01086  53.0000 115.7143 0000001   0.0000  16.5000 15.13677000    00
Starlink-525 1086
1 01087U 00000ABC 00001.00000000  .00000000  00000-0  00000+0 0    09
2 01087  53.0000 115.7143 0000001   0.0000  19.5000 15.13677000    04
Starlink-525 1087
1 01088U 00000ABC 00001.00000000  .00000000  00000-0  00000+0 0    00
2 01088  53.0000 115.7143 0000001   0.0000  22.5000 15.13677000    09
Starlink-525 1088
1 01089U 00000ABC 00001.00000000  .00000000  00000-0  00000+0 0    01
2 01089  53.0000 115.7143 0000001   0.0000  25.5000 15.13677000    03
Starlink-525 1089
1 01090U 00000ABC 00001.00000000  .00000000  00000-0  00000+0 0    03
2 01090  53.0000 115.7143 0000001   0.0000  28.5000 15.13677000    08
Starlink-525 1090
1 01091U 00000ABC 00001.00000000  .00000000  00000-0  00000+0 0    04
2 01091  53.0000 115.7143 0000001   0.0000  31.5000 15.13677000    03
Starlink-525 1091
1 01092U 00000ABC 00001.00000000  .00000000  00000-0  00000+0 0    05
2 01092  53.0000 115.7143 0000001   0.0000  34.5000 15.13677000    07
Starlink-525 1092
1 01093U 00000ABC 00001.00000000  .00000000  00000-0  00000+0 0    06
2 01093  53.0000 115.7143 0000001   0.0000  37.5000 15.13677000    01
Starlink-525 1093
1 01094U 00000ABC 00001.00000000  .00000000  00000-0  00000+0 0    07
2 01094  53.0000 115.7143 0000001   0.0000  40.5000 15.13677000    06
Starlink-525 1094
1 01095U 00000ABC 00001.00000000  .00000000  00000-0  00000+0 0    08
2 01095  53.0000 115.7143 0000001   0.0000  43.5000 15.13677000    00
Starlink-525 1095
1 01096U 00000ABC 00001.00000000  .00000000  00000-0  00000+0 0    09
2 01096  53.0000 115.7143 0000001   0.0000  46.5000 15.13677000    04
Starlink-525 1096
1 01097U 00000ABC 00001.00000000  .00000000  00000-0  00000+0 0    00
2 01097  53.0000 115.7143 0000001   0.0000  49.5000 15.13677000    08
Starlink-525 1097
1 01098U 00000ABC 00001.00000000  .00000000  00000-0  00000+0 0    01
2 01098  53.0000 115.7143 0000001   0.0000  52.5000 15.13677000    03
Starlink-525 1098
1 01099U 00000ABC 00001.00000000  .00000000  00000-0  00000+0 0    02
2 01099  53.0000 115.7143 0000001   0.0000  55.5000 15.13677000    07
Starlink-525 1099
1 01100U 00000ABC 00001.00000000  .00000000  00000-0  00000+0 0    05
2 01100  53.0000 115.7143 0000001   0.0000  58.5000 15.13677000    03
Starlink-525 1100
1 01101U 00000ABC 00001.00000000  .00000000  00000-0  00000+0 0    06
2 01101  53.0000 115.7143 0000001   0.0000  61.5000 15.13677000    08
Starlink-525 1101
1 01102U 00000ABC 00001.00000000  .00000000  00000-0  00000+0 0    07
2 01102  53.0000 115.7143 0000001   0.0000  64.5000 15.13677000    02
Starlink-525 1102
1 01103U 00000ABC 00001.00000000  .00000000  00000-0  00000+0 0    08
2 01103  53.0000 115.7143 0000001   0.0000  67.5000 15.13677000    06
Starlink-525 1103
1 01104U 00000ABC 00001.00000000  .00000000  00000-0  00000+0 0    09
2 01104  53.0000 115.7143 0000001   0.0000  70.5000 15.13677000    01
Starlink-525 1104
1 01105U 00000ABC 00001.00000000  .00000000  00000-0  00000+0 0    00
2 01105  53.0000 115.7143 0000001   0.0000  73.5000 15.13677000    05
Starlink-525 1105
1 01106U 00000ABC 00001.00000000  .00000000  00000-0  00000+0 0    01
2 01106  53.0000 115.7143 0000001   0.0000  76.5000 15.13677000    09
Starlink-525 1106
1 01107U 00000ABC 00001.00000000  .00000000  00000-0  00000+0 0    02
2 01107  53.0000 115.7143 0000001   0.0000  79.5000 15.13677000    03
Starlink-525 1107
1 01108U 00000ABC 00001.00000000  .00000000  00000-0  00000+0 0    03
2 01108  53.0000 115.7143 0000001   0.0000  82.5000 15.13677000    08
Starlink-525 1108
1 01109U 00000ABC 00001.00000000  .00000000  00000-0  00000+0 0    04
2 01109  53.0000 115.7143 0000001   0.0000  85.5000 15.13677000    02
Starlink-525 1109
1 01110U 00000ABC 00001.00000000  .00000000  00000-0  00000+0 0    06
2 01110  53.0000 115.7143 0000001   0.0000  88.5000 15.13677000    07
Starlink-525 1110
1 01111U 00000ABC 00001.00000000  .00000000  00000-0  00000+0 0    07
2 01111  53.0000 115.7143 0000001   0.0000  91.5000 15.13677000    02
Starlink-525 1111
1 01112U 00000ABC 00001.00000000  .00000000  00000-0  00000+0 0    08
2 01112  53.0000 115.7143 0000001   0.0000  94.5000 15.13677000    06
Starlink-525 1112
1 01113U 00000ABC 00001.00000000  .00000000  00000-0  00000+0 0    09
2 01113  53.0000 115.7143 0000001   0.0000  97.5000 15.13677000    00
Starlink-525 1113
1 01114U 00000ABC 00001.00000000  .00000000  00000-0  00000+0 0    00
2 01114  53.0000 115.7143 0000001   0.0000 100.5000 15.13677000    06
Starlink-525 1114
1 01115U 00000ABC 00001.00000000  .00000000  00000-0  00000+0 0    01
2 01115  53.0000 115.7143 0000001   0.0000 103.5000 15.13677000    00
Starlink-525 1115
1 01116U 00000ABC 00001.00000000  .00000000  00000-0  00000+0 0    02
2 01116  53.0000 115.7143 0000001   0.0000 106.5000 15.13677000    04
Starlink-525 1116
1 01117U 00000ABC 00001.00000000  .00000000  00000-0  00000+0 0    03
2 01117  53.0000 115.7143 0000001   0.0000 109.5000 15.13677000    08
Starlink-525 1117
1 01118U 00000ABC 00001.00000000  .00000000  00000-0  00000+0 0    04
2 01118  53.0000 115.7143 0000001   0.0000 112.5000 15.13677000    03
Starlink-525 1118
1 01119U 00000ABC 00001.00000000  .00000000  00000-0  00000+0 0    05
2 01119  53.0000 115.7143 0000001   0.0000 115.5000 15.13677000    07
Starlink-525 1119
1 01120U 00000ABC 00001.00000000  .00000000  00000-0  00000+0 0    07
2 01120  53.0000 115.7143 0000001   0.0000 118.5000 15.13677000    02
Starlink-525 1120
1 01121U 00000ABC 00001.00000000  .00000000  00000-0  00000+0 0    08
2 01121  53.0000 115.7143 0000001   0.0000 121.5000 15.13677000    07
Starlink-525 1121
1 01122U 00000ABC 00001.00000000  .00000000  00000-0  00000+0 0    09
2 01122  53.0000 115.7143 0000001   0.0000 124.5000 15.13677000    01
Starlink-525 1122
1 01123U 00000ABC 00001.00000000  .00000000  00000-0  00000+0 0    00
2 01123  53.0000 115.7143 0000001   0.0000 127.5000 15.13677000    05
Starlink-525 1123
1 01124U 00000ABC 00001.00000000  .00000000  00000-0  00000+0 0    01
2 01124  53.0000 115.7143 0000001   0.0000 130.5000 15.13677000    00
Starlink-525 1124
1 01125U 00000ABC 00001.00000000  .00000000  00000-0  00000+0 0    02
2 01125  53.0000 115.7143 0000001   0.0000 133.5000 15.13677000    04
Starlink-525 1125
1 01126U 00000ABC 00001.00000000  .00000000  00000-0  00000+0 0    03
2 01126  53.0000 115.7143 0000001   0.0000 136.5000 15.13677000    08
Starlink-525 1126
1 01127U 00000ABC 00001.00000000  .00000000  00000-0  00000+0 0    04
2 01127  53.0000 115.7143 0000001   0.0000 139.5000 15.13677000    02
Starlink-525 1127
1 01128U 00000ABC 00001.00000000  .00000000  00000-0  00000+0 0    05
2 01128  53.0000 115.7143 0000001   0.0000 142.5000 15.13677000    07
Starlink-525 1128
1 01129U 00000ABC 00001.00000000  .00000000  00000-0  00000+0 0    06
2 01129  53.0000 115.7143 0000001   0.0000 145.5000 15.13677000    01
Starlink-525 1129
1 01130U 00000ABC 00001.00000000  .00000000  00000-0  00000+0 0    08
2 01130  53.0000 115.7143 0000001   0.0000 148.5000 15.13677000    06
Starlink-525 1130
1 01131U 00000ABC 00001.00000000  .00000000  00000-0  00000+0 0    09
2 01131  53.0000 115.7143 0000001   0.0000 151.5000 15.13677000    01
Starlink-525 1131
1 01132U 00000ABC 00001.00000000  .00000000  00000-0  00000+0 0    00
2 01132  53.0000 115.7143 0000001   0.0000 154.5000 15.13677000    05
Starlink-525 1132
1 01133U 00000ABC 00001.00000000  .00000000  00000-0  00000+0 0    01
2 01133  53.0000 115.7143 0000001   0.0000 157.5000 15.13677000    09
Starlink-525 1133
1 01134U 00000ABC 00001.00000000  .00000000  00000-0  00000+0 0    02
2 01134  53.0000 115.7143 0000001   0.0000 160.5000 15.13677000    04
Starlink-525 1134
1 01135U 00000ABC 00001.00000000  .00000000  00000-0  00000+0 0    03
2 01135  53.0000 115.7143 0000001   0.0000 163.5000 15.13677000    08
Starlink-525 1135
1 01136U 00000ABC 00001.00000000  .00000000  00000-0  00000+0 0    04
2 01136  53.0000 115.7143 0000001   0.0000 166.5000 15.13677000    02
Starlink-525 1136
1 01137U 00000ABC 00001.00000000  .00000000  00000-0  00000+0 0    05
2 01137  53.0000 115.7143 0000001   0.0000 169.5000 15.13677000    06
Starlink-525 1137
1 01138U 00000ABC 00001.00000000  .00000000  00000-0  00000+0 0    06
2 01138  53.0000 115.7143 0000001   0.0000 172.5000 15.13677000    01
Starlink-525 1138
1 01139U 00000ABC 00001.00000000  .00000000  00000-0  00000+0 0    07
2 01139  53.0000 115.7143 0000001   0.0000 175.5000 15.13677000    05
Starlink-525 1139
1 01140U 00000ABC 00001.00000000  .00000000  00000-0  00000+0 0    09
2 01140  53.0000 115.7143 0000001   0.0000 178.5000 15.13677000    00
Starlink-525 1140
1 01141U 00000ABC 00001.00000000  .00000000  00000-0  00000+0 0    00
2 01141  53.0000 115.7143 0000001   0.0000 181.5000 15.13677000    05
Starlink-525 1141
1 01142U 00000ABC 00001.00000000  .00000000  00000-0  00000+0 0    01
2 01142  53.0000 115.7143 0000001   0.0000 184.5000 15.13677000    09
Starlink-525 1142
1 01143U 00000ABC 00001.00000000  .00000000  00000-0  00000+0 0    02
2 01143  53.0000 115.7143 0000001   0.0000 187.5000 15.13677000    03
Starlink-525 1143
1 01144U 00000ABC 00001.00000000  .00000000  00000-0  00000+0 0    03
2 01144  53.0000 115.7143 0000001   0.0000 190.5000 15.13677000    08
Starlink-525 1144
1 01145U 00000ABC 00001.00000000  .00000000  00000-0  00000+0 0    04
2 01145  53.0000 115.7143 0000001   0.0000 193.5000 15.13677000    02
Starlink-525 1145
1 01146U 00000ABC 00001.00000000  .00000000  00000-0  00000+0 0    05
2 01146  53.0000 115.7143 0000001   0.0000 196.5000 15.13677000    06
Starlink-525 1146
1 01147U 00000ABC 00001.00000000  .00000000  00000-0  00000+0 0    06
2 01147  53.0000 115.7143 0000001   0.0000 199.5000 15.13677000    00
Starlink-525 1147
1 01148U 00000ABC 00001.00000000  .00000000  00000-0  00000+0 0    07
2 01148  53.0000 115.7143 0000001   0.0000 202.5000 15.13677000    06
Starlink-525 1148
1 01149U 00000ABC 00001.00000000  .00000000  00000-0  00000+0 0    08
2 01149  53.0000 115.7143 0000001   0.0000 205.5000 15.13677000    00
Starlink-525 1149
1 01150U 00000ABC 00001.00000000  .00000000  00000-0  00000+0 0    00
2 01150  53.0000 115.7143 0000001   0.0000 208.5000 15.13677000    05
Starlink-525 1150
1 01151U 00000ABC 00001.00000000  .00000000  00000-0  00000+0 0    01
2 01151  53.0000 115.7143 0000001   0.0000 211.5000 15.13677000    00
Starlink-525 1151
1 01152U 00000ABC 00001.00000000  .00000000  00000-0  00000+0 0    02
2 01152  53.0000 115.7143 0000001   0.0000 214.5000 15.13677000    04
Starlink-525 1152
1 01153U 00000ABC 00001.00000000  .00000000  00000-0  00000+0 0    03
2 01153  53.0000 115.7143 0000001   0.0000 217.5000 15.13677000    08
Starlink-525 1153
1 01154U 00000ABC 00001.00000000  .00000000  00000-0  00000+0 0    04
2 01154  53.0000 115.7143 0000001   0.0000 220.5000 15.13677000    03
Starlink-525 1154
1 01155U 00000ABC 00001.00000000  .00000000  00000-0  00000+0 0    05
2 01155  53.0000 115.7143 0000001   0.0000 223.5000 15.13677000    07
Starlink-525 1155
1 01156U 00000ABC 00001.00000000  .00000000  00000-0  00000+0 0    06
2 01156  53.0000 115.7143 0000001   0.0000 226.5000 15.13677000    01
Starlink-525 1156
1 01157U 00000ABC 00001.00000000  .00000000  00000-0  00000+0 0    07
2 01157  53.0000 115.7143 0000001   0.0000 229.5000 15.13677000    05
Starlink-525 1157
1 01158U 00000ABC 00001.00000000  .00000000  00000-0  00000+0 0    08
2 01158  53.0000 115.7143 0000001   0.0000 232.5000 15.13677000    00
Starlink-525 1158
1 01159U 00000ABC 00001.00000000  .00000000  00000-0  00000+0 0    09
2 01159  53.0000 115.7143 0000001   0.0000 235.5000 15.13677000    04
Starlink-525 1159
1 01160U 00000ABC 00001.00000000  .00000000  00000-0  00000+0 0    01
2 01160  53.0000 115.7143 0000001   0.0000 238.5000 15.13677000    09
Starlink-525 1160
1 01161U 00000ABC 00001.00000000  .00000000  00000-0  00000+0 0    02
2 01161  53.0000 115.7143 0000001   0.0000 241.5000 15.13677000    04
Starlink-525 1161
1 01162U 00000ABC 00001.00000000  .00000000  00000-0  00000+0 0    03
2 01162  53.0000 115.7143 0000001   0.0000 244.5000 15.13677000    08
Starlink-525 1162
1 01163U 00000ABC 00001.00000000  .00000000  00000-0  00000+0 0    04
2 01163  53.0000 115.7143 0000001   0.0000 247.5000 15.13677000    02
Starlink-525 1163
1 01164U 00000ABC 00001.00000000  .00000000  00000-0  00000+0 0    05
2 01164  53.0000 115.7143 0000001   0.0000 250.5000 15.13677000    07
Starlink-525 1164
1 01165U 00000ABC 00001.00000000  .00000000  00000-0  00000+0 0    06
2 01165  53.0000 115.7143 0000001   0.0000 253.5000 15.13677000    01
Starlink-525 1165
1 01166U 00000ABC 00001.00000000  .00000000  00000-0  00000+0 0    07
2 01166  53.0000 115.7143 0000001   0.0000 256.5000 15.13677000    05
Starlink-525 1166
1 01167U 00000ABC 00001.00000000  .00000000  00000-0  00000+0 0    08
2 01167  53.0000 115.7143 0000001   0.0000 259.5000 15.13677000    09
Starlink-525 1167
1 01168U 00000ABC 00001.00000000  .00000000  00000-0  00000+0 0    09
2 01168  53.0000 115.7143 0000001   0.0000 262.5000 15.13677000    04
Starlink-525 1168
1 01169U 00000ABC 00001.00000000  .00000000  00000-0  00000+0 0    00
2 01169  53.0000 115.7143 0000001   0.0000 265.5000 15.13677000    08
Starlink-525 1169
1 01170U 00000ABC 00001.00000000  .00000000  00000-0  00000+0 0    02
2 01170  53.0000 115.7143 0000001   0.0000 268.5000 15.13677000    03
Starlink-525 1170
1 01171U 00000ABC 00001.00000000  .00000000  00000-0  00000+0 0    03
2 01171  53.0000 115.7143 0000001   0.0000 271.5000 15.13677000    08
Starlink-525 1171
1 01172U 00000ABC 00001.00000000  .00000000  00000-0  00000+0 0    04
2 01172  53.0000 115.7143 0000001   0.0000 274.5000 15.13677000    02
Starlink-525 1172
1 01173U 00000ABC 00001.00000000  .00000000  00000-0  00000+0 0    05
2 01173  53.0000 115.7143 0000001   0.0000 277.5000 15.13677000    06
Starlink-525 1173
1 01174U 00000ABC 00001.00000000  .00000000  00000-0  00000+0 0    06
2 01174  53.0000 115.7143 0000001   0.0000 280.5000 15.13677000    01
Starlink-525 1174
1 01175U 00000ABC 00001.00000000  .00000000  00000-0  00000+0 0    07
2 01175  53.0000 115.7143 0000001   0.0000 283.5000 15.13677000    05
Starlink-525 1175
1 01176U 00000ABC 00001.00000000  .00000000  00000-0  00000+0 0    08
2 01176  53.0000 115.7143 0000001   0.0000 286.5000 15.13677000    09
Starlink-525 1176
1 01177U 00000ABC 00001.00000000  .00000000  00000-0  00000+0 0    09
2 01177  53.0000 115.7143 0000001   0.0000 289.5000 15.13677000    03
Starlink-525 1177
1 01178U 00000ABC 00001.00000000  .00000000  00000-0  00000+0 0    00
2 01178  53.0000 115.7143 0000001   0.0000 292.5000 15.13677000    08
Starlink-525 1178
1 01179U 00000ABC 00001.00000000  .00000000  00000-0  00000+0 0    01
2 01179  53.0000 115.7143 0000001   0.0000 295.5000 15.13677000    02
Starlink-525 1179
1 01180U 00000ABC 00001.00000000  .00000000  00000-0  00000+0 0    03
2 01180  53.0000 115.7143 0000001   0.0000 298.5000 15.13677000    07
Starlink-525 1180
1 01181U 00000ABC 00001.00000000  .00000000  00000-0  00000+0 0    04
2 01181  53.0000 115.7143 0000001   0.0000 301.5000 15.13677000    03
Starlink-525 1181
1 01182U 00000ABC 00001.00000000  .00000000  00000-0  00000+0 0    05
2 01182  53.0000 115.7143 0000001   0.0000 304.5000 15.13677000    07
Starlink-525 1182
1 01183U 00000ABC 00001.00000000  .00000000  00000-0  00000+0 0    06
2 01183  53.0000 115.7143 0000001   0.0000 307.5000 15.13677000    01
Starlink-525 1183
1 01184U 00000ABC 00001.00000000  .00000000  00000-0  00000+0 0    07
2 01184  53.0000 115.7143 0000001   0.0000 310.5000 15.13677000    06
Starlink-525 1184
1 01185U 00000ABC 00001.00000000  .00000000  00000-0  00000+0 0    08
2 01185  53.0000 115.7143 0000001   0.0000 313.5000 15.13677000    00
Starlink-525 1185
1 01186U 00000ABC 00001.00000000  .00000000  00000-0  00000+0 0    09
2 01186  53.0000 115.7143 0000001   0.0000 316.5000 15.13677000    04
Starlink-525 1186
1 01187U 00000ABC 00001.00000000  .00000000  00000-0  00000+0 0    00
2 01187  53.0000 115.7143 0000001   0.0000 319.5000 15.13677000    08
Starlink-525 1187
1 01188U 00000ABC 00001.00000000  .00000000  00000-0  00000+0 0    01
2 01188  53.0000 115.7143 0000001   0.0000 322.5000 15.13677000    03
Starlink-525 1188
1 01189U 00000ABC 00001.00000000  .00000000  00000-0  00000+0 0    02
2 01189  53.0000 115.7143 0000001   0.0000 325.5000 15.13677000    07
Starlink-525 1189
1 01190U 00000ABC 00001.00000000  .00000000  00000-0  00000+0 0    04
2 01190  53.0000 115.7143 0000001   0.0000 328.5000 15.13677000    02
Starlink-525 1190
1 01191U 00000ABC 00001.00000000  .00000000  00000-0  00000+0 0    05
2 01191  53.0000 115.7143 0000001   0.0000 331.5000 15.13677000    07
Starlink-525 1191
1 01192U 00000ABC 00001.00000000  .00000000  00000-0  00000+0 0    06
2 01192  53.0000 115.7143 0000001   0.0000 334.5000 15.13677000    01
Starlink-525 1192
1 01193U 00000ABC 00001.00000000  .00000000  00000-0  00000+0 0    07
2 01193  53.0000 115.7143 0000001   0.0000 337.5000 15.13677000    05
Starlink-525 1193
1 01194U 00000ABC 00001.00000000  .00000000  00000-0  00000+0 0    08
2 01194  53.0000 115.7143 0000001   0.0000 340.5000 15.13677000    00
Starlink-525 1194
1 01195U 00000ABC 00001.00000000  .00000000  00000-0  00000+0 0    09
2 01195  53.0000 115.7143 0000001   0.0000 343.5000 15.13677000    04
Starlink-525 1195
1 01196U 00000ABC 00001.00000000  .00000000  00000-0  00000+0 0    00
2 01196  53.0000 115.7143 0000001   0.0000 346.5000 15.13677000    08
Starlink-525 1196
1 01197U 00000ABC 00001.00000000  .00000000  00000-0  00000+0 0    01
2 01197  53.0000 115.7143 0000001   0.0000 349.5000 15.13677000    02
Starlink-525 1197
1 01198U 00000ABC 00001.00000000  .00000000  00000-0  00000+0 0    02
2 01198  53.0000 115.7143 0000001   0.0000 352.5000 15.13677000    07
Starlink-525 1198
1 01199U 00000ABC 00001.00000000  .00000000  00000-0  00000+0 0    03
2 01199  53.0000 115.7143 0000001   0.0000 355.5000 15.13677000    01
Starlink-525 1199
1 01200U 00000ABC 00001.00000000  .00000000  00000-0  00000+0 0    06
2 01200  53.0000 115.7143 0000001   0.0000 358.5000 15.13677000    07
Starlink-525 1200
1 01201U 00000ABC 00001.00000000  .00000000  00000-0  00000+0 0    07
2 01201  53.0000 128.5714 0000001   0.0000   0.0000 15.13677000    03
Starlink-525 1201
1 01202U 00000ABC 00001.00000000  .00000000  00000-0  00000+0 0    08
2 01202  53.0000 128.5714 0000001   0.0000   3.0000 15.13677000    07
Starlink-525 1202
1 01203U 00000ABC 00001.00000000  .00000000  00000-0  00000+0 0    09
2 01203  53.0000 128.5714 0000001   0.0000   6.0000 15.13677000    01
Starlink-525 1203
1 01204U 00000ABC 00001.00000000  .00000000  00000-0  00000+0 0    00
2 01204  53.0000 128.5714 0000001   0.0000   9.0000 15.13677000    05
Starlink-525 1204
1 01205U 00000ABC 00001.00000000  .00000000  00000-0  00000+0 0    01
2 01205  53.0000 128.5714 0000001   0.0000  12.0000 15.13677000    00
Starlink-525 1205
1 01206U 00000ABC 00001.00000000  .00000000  00000-0  00000+0 0    02
2 01206  53.0000 128.5714 0000001   0.0000  15.0000 15.13677000    04
Starlink-525 1206
1 01207U 00000ABC 00001.00000000  .00000000  00000-0  00000+0 0    03
2 01207  53.0000 128.5714 0000001   0.0000  18.0000 15.13677000    08
Starlink-525 1207
1 01208U 00000ABC 00001.00000000  .00000000  00000-0  00000+0 0    04
2 01208  53.0000 128.5714 0000001   0.0000  21.0000 15.13677000    03
Starlink-525 1208
1 01209U 00000ABC 00001.00000000  .00000000  00000-0  00000+0 0    05
2 01209  53.0000 128.5714 0000001   0.0000  24.0000 15.13677000    07
Starlink-525 1209
1 01210U 00000ABC 00001.00000000  .00000000  00000-0  00000+0 0    07
2 01210  53.0000 128.5714 0000001   0.0000  27.0000 15.13677000    02
Starlink-525 1210
1 01211U 00000ABC 00001.00000000  .00000000  00000-0  00000+0 0    08
2 01211  53.0000 128.5714 0000001   0.0000  30.0000 15.13677000    07
Starlink-525 1211
1 01212U 00000ABC 00001.00000000  .00000000  00000-0  00000+0 0    09
2 01212  53.0000 128.5714 0000001   0.0000  33.0000 15.13677000    01
Starlink-525 1212
1 01213U 00000ABC 00001.00000000  .00000000  00000-0  00000+0 0    00
2 01213  53.0000 128.5714 0000001   0.0000  36.0000 15.13677000    05
Starlink-525 1213
1 01214U 00000ABC 00001.00000000  .00000000  00000-0  00000+0 0    01
2 01214  53.0000 128.5714 0000001   0.0000  39.0000 15.13677000    09
Starlink-525 1214
1 01215U 00000ABC 00001.00000000  .00000000  00000-0  00000+0 0    02
2 01215  53.0000 128.5714 0000001   0.0000  42.0000 15.13677000    04
Starlink-525 1215
1 01216U 00000ABC 00001.00000000  .00000000  00000-0  00000+0 0    03
2 01216  53.0000 128.5714 0000001   0.0000  45.0000 15.13677000    08
Starlink-525 1216
1 01217U 00000ABC 00001.00000000  .00000000  00000-0  00000+0 0    04
2 01217  53.0000 128.5714 0000001   0.0000  48.0000 15.13677000    02
Starlink-525 1217
1 01218U 00000ABC 00001.00000000  .00000000  00000-0  00000+0 0    05
2 01218  53.0000 128.5714 0000001   0.0000  51.0000 15.13677000    07
Starlink-525 1218
1 01219U 00000ABC 00001.00000000  .00000000  00000-0  00000+0 0    06
2 01219  53.0000 128.5714 0000001   0.0000  54.0000 15.13677000    01
Starlink-525 1219
1 01220U 00000ABC 00001.00000000  .00000000  00000-0  00000+0 0    08
2 01220  53.0000 128.5714 0000001   0.0000  57.0000 15.13677000    06
Starlink-525 1220
1 01221U 00000ABC 00001.00000000  .00000000  00000-0  00000+0 0    09
2 01221  53.0000 128.5714 0000001   0.0000  60.0000 15.13677000    01
Starlink-525 1221
1 01222U 00000ABC 00001.00000000  .00000000  00000-0  00000+0 0    00
2 01222  53.0000 128.5714 0000001   0.0000  63.0000 15.13677000    05
Starlink-525 1222
1 01223U 00000ABC 00001.00000000  .00000000  00000-0  00000+0 0    01
2 01223  53.0000 128.5714 0000001   0.0000  66.0000 15.13677000    09
Starlink-525 1223
1 01224U 00000ABC 00001.00000000  .00000000  00000-0  00000+0 0    02
2 01224  53.0000 128.5714 0000001   0.0000  69.0000 15.13677000    03
Starlink-525 1224
1 01225U 00000ABC 00001.00000000  .00000000  00000-0  00000+0 0    03
2 01225  53.0000 128.5714 0000001   0.0000  72.0000 15.13677000    08
Starlink-525 1225
1 01226U 00000ABC 00001.00000000  .00000000  00000-0  00000+0 0    04
2 01226  53.0000 128.5714 0000001   0.0000  75.0000 15.13677000    02
Starlink-525 1226
1 01227U 00000ABC 00001.00000000  .00000000  00000-0  00000+0 0    05
2 01227  53.0000 128.5714 0000001   0.0000  78.0000 15.13677000    06
Starlink-525 1227
1 01228U 00000ABC 00001.00000000  .00000000  00000-0  00000+0 0    06
2 01228  53.0000 128.5714 0000001   0.0000  81.0000 15.13677000    01
Starlink-525 1228
1 01229U 00000ABC 00001.00000000  .00000000  00000-0  00000+0 0    07
2 01229  53.0000 128.5714 0000001   0.0000  84.0000 15.13677000    05
Starlink-525 1229
1 01230U 00000ABC 00001.00000000  .00000000  00000-0  00000+0 0    09
2 01230  53.0000 128.5714 0000001   0.0000  87.0000 15.13677000    00
Starlink-525 1230
1 01231U 00000ABC 00001.00000000  .00000000  00000-0  00000+0 0    00
2 01231  53.0000 128.5714 0000001   0.0000  90.0000 15.13677000    05
Starlink-525 1231
1 01232U 00000ABC 00001.00000000  .00000000  00000-0  00000+0 0    01
2 01232  53.0000 128.5714 0000001   0.0000  93.0000 15.13677000    09
Starlink-525 1232
1 01233U 00000ABC 00001.00000000  .00000000  00000-0  00000+0 0    02
2 01233  53.0000 128.5714 0000001   0.0000  96.0000 15.13677000    03
Starlink-525 1233
1 01234U 00000ABC 00001.00000000  .00000000  00000-0  00000+0 0    03
2 01234  53.0000 128.5714 0000001   0.0000  99.0000 15.13677000    07
Starlink-525 1234
1 01235U 00000ABC 00001.00000000  .00000000  00000-0  00000+0 0    04
2 01235  53.0000 128.5714 0000001   0.0000 102.0000 15.13677000    03
Starlink-525 1235
1 01236U 00000ABC 00001.00000000  .00000000  00000-0  00000+0 0    05
2 01236  53.0000 128.5714 0000001   0.0000 105.0000 15.13677000    07
Starlink-525 1236
1 01237U 00000ABC 00001.00000000  .00000000  00000-0  00000+0 0    06
2 01237  53.0000 128.5714 0000001   0.0000 108.0000 15.13677000    01
Starlink-525 1237
1 01238U 00000ABC 00001.00000000  .00000000  00000-0  00000+0 0    07
2 01238  53.0000 128.5714 0000001   0.0000 111.0000 15.13677000    06
Starlink-525 1238
1 01239U 00000ABC 00001.00000000  .00000000  00000-0  00000+0 0    08
2 01239  53.0000 128.5714 0000001   0.0000 114.0000 15.13677000    00
Starlink-525 1239
1 01240U 00000ABC 00001.00000000  .00000000  00000-0  00000+0 0    00
2 01240  53.0000 128.5714 0000001   0.0000 117.0000 15.13677000    05
Starlink-525 1240
1 01241U 00000ABC 00001.00000000  .00000000  00000-0  00000+0 0    01
2 01241  53.0000 128.5714 0000001   0.0000 120.0000 15.13677000    00
Starlink-525 1241
1 01242U 00000ABC 00001.00000000  .00000000  00000-0  00000+0 0    02
2 01242  53.0000 128.5714 0000001   0.0000 123.0000 15.13677000    04
Starlink-525 1242
1 01243U 00000ABC 00001.00000000  .00000000  00000-0  00000+0 0    03
2 01243  53.0000 128.5714 0000001   0.0000 126.0000 15.13677000    08
Starlink-525 1243
1 01244U 00000ABC 00001.00000000  .00000000  00000-0  00000+0 0    04
2 01244  53.0000 128.5714 0000001   0.0000 129.0000 15.13677000    02
Starlink-525 1244
1 01245U 00000ABC 00001.00000000  .00000000  00000-0  00000+0 0    05
2 01245  53.0000 128.5714 0000001   0.0000 132.0000 15.13677000    07
Starlink-525 1245
1 01246U 00000ABC 00001.00000000  .00000000  00000-0  00000+0 0    06
2 01246  53.0000 128.5714 0000001   0.0000 135.0000 15.13677000    01
Starlink-525 1246
1 01247U 00000ABC 00001.00000000  .00000000  00000-0  00000+0 0    07
2 01247  53.0000 128.5714 0000001   0.0000 138.0000 15.13677000    05
Starlink-525 1247
1 01248U 00000ABC 00001.00000000  .00000000  00000-0  00000+0 0    08
2 01248  53.0000 128.5714 0000001   0.0000 141.0000 15.13677000    00
Starlink-525 1248
1 01249U 00000ABC 00001.00000000  .00000000  00000-0  00000+0 0    09
2 01249  53.0000 128.5714 0000001   0.0000 144.0000 15.13677000    04
Starlink-525 1249
1 01250U 00000ABC 00001.00000000  .00000000  00000-0  00000+0 0    01
2 01250  53.0000 128.5714 0000001   0.0000 147.0000 15.13677000    09
Starlink-525 1250
1 01251U 00000ABC 00001.00000000  .00000000  00000-0  00000+0 0    02
2 01251  53.0000 128.5714 0000001   0.0000 150.0000 15.13677000    04
Starlink-525 1251
1 01252U 00000ABC 00001.00000000  .00000000  00000-0  00000+0 0    03
2 01252  53.0000 128.5714 0000001   0.0000 153.0000 15.13677000    08
Starlink-525 1252
1 01253U 00000ABC 00001.00000000  .00000000  00000-0  00000+0 0    04
2 01253  53.0000 128.5714 0000001   0.0000 156.0000 15.13677000    02
Starlink-525 1253
1 01254U 00000ABC 00001.00000000  .00000000  00000-0  00000+0 0    05
2 01254  53.0000 128.5714 0000001   0.0000 159.0000 15.13677000    06
Starlink-525 1254
1 01255U 00000ABC 00001.00000000  .00000000  00000-0  00000+0 0    06
2 01255  53.0000 128.5714 0000001   0.0000 162.0000 15.13677000    01
Starlink-525 1255
1 01256U 00000ABC 00001.00000000  .00000000  00000-0  00000+0 0    07
2 01256  53.0000 128.5714 0000001   0.0000 165.0000 15.13677000    05
Starlink-525 1256
1 01257U 00000ABC 00001.00000000  .00000000  00000-0  00000+0 0    08
2 01257  53.0000 128.5714 0000001   0.0000 168.0000 15.13677000    09
Starlink-525 1257
1 01258U 00000ABC 00001.00000000  .00000000  00000-0  00000+0 0    09
2 01258  53.0000 128.5714 0000001   0.0000 171.0000 15.13677000    04
Starlink-525 1258
1 01259U 00000ABC 00001.00000000  .00000000  00000-0  00000+0 0    00
2 01259  53.0000 128.5714 0000001   0.0000 174.0000 15.13677000    08
Starlink-525 1259
1 01260U 00000ABC 00001.00000000  .00000000  00000-0  00000+0 0    02
2 01260  53.0000 128.5714 0000001   0.0000 177.0000 15.13677000    03
Starlink-525 1260
1 01261U 00000ABC 00001.00000000  .00000000  00000-0  00000+0 0    03
2 01261  53.0000 128.5714 0000001   0.0000 180.0000 15.13677000    08
Starlink-525 1261
1 01262U 00000ABC 00001.00000000  .00000000  00000-0  00000+0 0    04
2 01262  53.0000 128.5714 0000001   0.0000 183.0000 15.13677000    02
Starlink-525 1262
1 01263U 00000ABC 00001.00000000  .00000000  00000-0  00000+0 0    05
2 01263  53.0000 128.5714 0000001   0.0000 186.0000 15.13677000    06
Starlink-525 1263
1 01264U 00000ABC 00001.00000000  .00000000  00000-0  00000+0 0    06
2 01264  53.0000 128.5714 0000001   0.0000 189.0000 15.13677000    00
Starlink-525 1264
1 01265U 00000ABC 00001.00000000  .00000000  00000-0  00000+0 0    07
2 01265  53.0000 128.5714 0000001   0.0000 192.0000 15.13677000    05
Starlink-525 1265
1 01266U 00000ABC 00001.00000000  .00000000  00000-0  00000+0 0    08
2 01266  53.0000 128.5714 0000001   0.0000 195.0000 15.13677000    09
Starlink-525 1266
1 01267U 00000ABC 00001.00000000  .00000000  00000-0  00000+0 0    09
2 01267  53.0000 128.5714 0000001   0.0000 198.0000 15.13677000    03
Starlink-525 1267
1 01268U 00000ABC 00001.00000000  .00000000  00000-0  00000+0 0    00
2 01268  53.0000 128.5714 0000001   0.0000 201.0000 15.13677000    09
Starlink-525 1268
1 01269U 00000ABC 00001.00000000  .00000000  00000-0  00000+0 0    01
2 01269  53.0000 128.5714 0000001   0.0000 204.0000 15.13677000    03
Starlink-525 1269
1 01270U 00000ABC 00001.00000000  .00000000  00000-0  00000+0 0    03
2 01270  53.0000 128.5714 0000001   0.0000 207.0000 15.13677000    08
Starlink-525 1270
1 01271U 00000ABC 00001.00000000  .00000000  00000-0  00000+0 0    04
2 01271  53.0000 128.5714 0000001   0.0000 210.0000 15.13677000    03
Starlink-525 1271
1 01272U 00000ABC 00001.00000000  .00000000  00000-0  00000+0 0    05
2 01272  53.0000 128.5714 0000001   0.0000 213.0000 15.13677000    07
Starlink-525 1272
1 01273U 00000ABC 00001.00000000  .00000000  00000-0  00000+0 0    06
2 01273  53.0000 128.5714 0000001   0.0000 216.0000 15.13677000    01
Starlink-525 1273
1 01274U 00000ABC 00001.00000000  .00000000  00000-0  00000+0 0    07
2 01274  53.0000 128.5714 0000001   0.0000 219.0000 15.13677000    05
Starlink-525 1274
1 01275U 00000ABC 00001.00000000  .00000000  00000-0  00000+0 0    08
2 01275  53.0000 128.5714 0000001   0.0000 222.0000 15.13677000    00
Starlink-525 1275
1 01276U 00000ABC 00001.00000000  .00000000  00000-0  00000+0 0    09
2 01276  53.0000 128.5714 0000001   0.0000 225.0000 15.13677000    04
Starlink-525 1276
1 01277U 00000ABC 00001.00000000  .00000000  00000-0  00000+0 0    00
2 01277  53.0000 128.5714 0000001   0.0000 228.0000 15.13677000    08
Starlink-525 1277
1 01278U 00000ABC 00001.00000000  .00000000  00000-0  00000+0 0    01
2 01278  53.0000 128.5714 0000001   0.0000 231.0000 15.13677000    03
Starlink-525 1278
1 01279U 00000ABC 00001.00000000  .00000000  00000-0  00000+0 0    02
2 01279  53.0000 128.5714 0000001   0.0000 234.0000 15.13677000    07
Starlink-525 1279
1 01280U 00000ABC 00001.00000000  .00000000  00000-0  00000+0 0    04
2 01280  53.0000 128.5714 0000001   0.0000 237.0000 15.13677000    02
Starlink-525 1280
1 01281U 00000ABC 00001.00000000  .00000000  00000-0  00000+0 0    05
2 01281  53.0000 128.5714 0000001   0.0000 240.0000 15.13677000    07
Starlink-525 1281
1 01282U 00000ABC 00001.00000000  .00000000  00000-0  00000+0 0    06
2 01282  53.0000 128.5714 0000001   0.0000 243.0000 15.13677000    01
Starlink-525 1282
1 01283U 00000ABC 00001.00000000  .00000000  00000-0  00000+0 0    07
2 01283  53.0000 128.5714 0000001   0.0000 246.0000 15.13677000    05
Starlink-525 1283
1 01284U 00000ABC 00001.00000000  .00000000  00000-0  00000+0 0    08
2 01284  53.0000 128.5714 0000001   0.0000 249.0000 15.13677000    09
Starlink-525 1284
1 01285U 00000ABC 00001.00000000  .00000000  00000-0  00000+0 0    09
2 01285  53.0000 128.5714 0000001   0.0000 252.0000 15.13677000    04
Starlink-525 1285
1 01286U 00000ABC 00001.00000000  .00000000  00000-0  00000+0 0    00
2 01286  53.0000 128.5714 0000001   0.0000 255.0000 15.13677000    08
Starlink-525 1286
1 01287U 00000ABC 00001.00000000  .00000000  00000-0  00000+0 0    01
2 01287  53.0000 128.5714 0000001   0.0000 258.0000 15.13677000    02
Starlink-525 1287
1 01288U 00000ABC 00001.00000000  .00000000  00000-0  00000+0 0    02
2 01288  53.0000 128.5714 0000001   0.0000 261.0000 15.13677000    07
Starlink-525 1288
1 01289U 00000ABC 00001.00000000  .00000000  00000-0  00000+0 0    03
2 01289  53.0000 128.5714 0000001   0.0000 264.0000 15.13677000    01
Starlink-525 1289
1 01290U 00000ABC 00001.00000000  .00000000  00000-0  00000+0 0    05
2 01290  53.0000 128.5714 0000001   0.0000 267.0000 15.13677000    06
Starlink-525 1290
1 01291U 00000ABC 00001.00000000  .00000000  00000-0  00000+0 0    06
2 01291  53.0000 128.5714 0000001   0.0000 270.0000 15.13677000    01
Starlink-525 1291
1 01292U 00000ABC 00001.00000000  .00000000  00000-0  00000+0 0    07
2 01292  53.0000 128.5714 0000001   0.0000 273.0000 15.13677000    05
Starlink-525 1292
1 01293U 00000ABC 00001.00000000  .00000000  00000-0  00000+0 0    08
2 01293  53.0000 128.5714 0000001   0.0000 276.0000 15.13677000    09
Starlink-525 1293
1 01294U 00000ABC 00001.00000000  .00000000  00000-0  00000+0 0    09
2 01294  53.0000 128.5714 0000001   0.0000 279.0000 15.13677000    03
Starlink-525 1294
1 01295U 00000ABC 00001.00000000  .00000000  00000-0  00000+0 0    00
2 01295  53.0000 128.5714 0000001   0.0000 282.0000 15.13677000    08
Starlink-525 1295
1 01296U 00000ABC 00001.00000000  .00000000  00000-0  00000+0 0    01
2 01296  53.0000 128.5714 0000001   0.0000 285.0000 15.13677000    02
Starlink-525 1296
1 01297U 00000ABC 00001.00000000  .00000000  00000-0  00000+0 0    02
2 01297  53.0000 128.5714 0000001   0.0000 288.0000 15.13677000    06
Starlink-525 1297
1 01298U 00000ABC 00001.00000000  .00000000  00000-0  00000+0 0    03
2 01298  53.0000 128.5714 0000001   0.0000 291.0000 15.13677000    01
Starlink-525 1298
1 01299U 00000ABC 00001.00000000  .00000000  00000-0  00000+0 0    04
2 01299  53.0000 128.5714 0000001   0.0000 294.0000 15.13677000    05
Starlink-525 1299
1 01300U 00000ABC 00001.00000000  .00000000  00000-0  00000+0 0    07
2 01300  53.0000 128.5714 0000001   0.0000 297.0000 15.13677000    01
Starlink-525 1300
1 01301U 00000ABC 00001.00000000  .00000000  00000-0  00000+0 0    08
2 01301  53.0000 128.5714 0000001   0.0000 300.0000 15.13677000    07
Starlink-525 1301
1 01302U 00000ABC 00001.00000000  .00000000  00000-0  00000+0 0    09
2 01302  53.0000 128.5714 0000001   0.0000 303.0000 15.13677000    01
Starlink-525 1302
1 01303U 00000ABC 00001.00000000  .00000000  00000-0  00000+0 0    00
2 01303  53.0000 128.5714 0000001   0.0000 306.0000 15.13677000    05
Starlink-525 1303
1 01304U 00000ABC 00001.00000000  .00000000  00000-0  00000+0 0    01
2 01304  53.0000 128.5714 0000001   0.0000 309.0000 15.13677000    09
Starlink-525 1304
1 01305U 00000ABC 00001.00000000  .00000000  00000-0  00000+0 0    02
2 01305  53.0000 128.5714 0000001   0.0000 312.0000 15.13677000    04
Starlink-525 1305
1 01306U 00000ABC 00001.00000000  .00000000  00000-0  00000+0 0    03
2 01306  53.0000 128.5714 0000001   0.0000 315.0000 15.13677000    08
Starlink-525 1306
1 01307U 00000ABC 00001.00000000  .00000000  00000-0  00000+0 0    04
2 01307  53.0000 128.5714 0000001   0.0000 318.0000 15.13677000    02
Starlink-525 1307
1 01308U 00000ABC 00001.00000000  .00000000  00000-0  00000+0 0    05
2 01308  53.0000 128.5714 0000001   0.0000 321.0000 15.13677000    07
Starlink-525 1308
1 01309U 00000ABC 00001.00000000  .00000000  00000-0  00000+0 0    06
2 01309  53.0000 128.5714 0000001   0.0000 324.0000 15.13677000    01
Starlink-525 1309
1 01310U 00000ABC 00001.00000000  .00000000  00000-0  00000+0 0    08
2 01310  53.0000 128.5714 0000001   0.0000 327.0000 15.13677000    06
Starlink-525 1310
1 01311U 00000ABC 00001.00000000  .00000000  00000-0  00000+0 0    09
2 01311  53.0000 128.5714 0000001   0.0000 330.0000 15.13677000    01
Starlink-525 1311
1 01312U 00000ABC 00001.00000000  .00000000  00000-0  00000+0 0    00
2 01312  53.0000 128.5714 0000001   0.0000 333.0000 15.13677000    05
Starlink-525 1312
1 01313U 00000ABC 00001.00000000  .00000000  00000-0  00000+0 0    01
2 01313  53.0000 128.5714 0000001   0.0000 336.0000 15.13677000    09
Starlink-525 1313
1 01314U 00000ABC 00001.00000000  .00000000  00000-0  00000+0 0    02
2 01314  53.0000 128.5714 0000001   0.0000 339.0000 15.13677000    03
Starlink-525 1314
1 01315U 00000ABC 00001.00000000  .00000000  00000-0  00000+0 0    03
2 01315  53.0000 128.5714 0000001   0.0000 342.0000 15.13677000    08
Starlink-525 1315
1 01316U 00000ABC 00001.00000000  .00000000  00000-0  00000+0 0    04
2 01316  53.0000 128.5714 0000001   0.0000 345.0000 15.13677000    02
Starlink-525 1316
1 01317U 00000ABC 00001.00000000  .00000000  00000-0  00000+0 0    05
2 01317  53.0000 128.5714 0000001   0.0000 348.0000 15.13677000    06
Starlink-525 1317
1 01318U 00000ABC 00001.00000000  .00000000  00000-0  00000+0 0    06
2 01318  53.0000 128.5714 0000001   0.0000 351.0000 15.13677000    01
Starlink-525 1318
1 01319U 00000ABC 00001.00000000  .00000000  00000-0  00000+0 0    07
2 01319  53.0000 128.5714 0000001   0.0000 354.0000 15.13677000    05
Starlink-525 1319
1 01320U 00000ABC 00001.00000000  .00000000  00000-0  00000+0 0    09
2 01320  53.0000 128.5714 0000001   0.0000 357.0000 15.13677000    00
Starlink-525 1320
1 01321U 00000ABC 00001.00000000  .00000000  00000-0  00000+0 0    00
2 01321  53.0000 141.4286 0000001   0.0000   1.5000 15.13677000    00
Starlink-525 1321
1 01322U 00000ABC 00001.00000000  .00000000  00000-0  00000+0 0    01
2 01322  53.0000 141.4286 0000001   0.0000   4.5000 15.13677000    04
Starlink-525 1322
1 01323U 00000ABC 00001.00000000  .00000000  00000-0  00000+0 0    02
2 01323  53.0000 141.4286 0000001   0.0000   7.5000 15.13677000    08
Starlink-525 1323
1 01324U 00000ABC 00001.00000000  .00000000  00000-0  00000+0 0    03
2 01324  53.0000 141.4286 0000001   0.0000  10.5000 15.13677000    03
Starlink-525 1324
1 01325U 00000ABC 00001.00000000  .00000000  00000-0  00000+0 0    04
2 01325  53.0000 141.4286 0000001   0.0000  13.5000 15.13677000    07
Starlink-525 1325
1 01326U 00000ABC 00001.00000000  .00000000  00000-0  00000+0 0    05
2 01326  53.0000 141.4286 0000001   0.0000  16.5000 15.13677000    01
Starlink-525 1326
1 01327U 00000ABC 00001.00000000  .00000000  00000-0  00000+0 0    06
2 01327  53.0000 141.4286 0000001   0.0000  19.5000 15.13677000    05
Starlink-525 1327
1 01328U 00000ABC 00001.00000000  .00000000  00000-0  00000+0 0    07
2 01328  53.0000 141.4286 0000001   0.0000  22.5000 15.13677000    00
Starlink-525 1328
1 01329U 00000ABC 00001.00000000  .00000000  00000-0  00000+0 0    08
2 01329  53.0000 141.4286 0000001   0.0000  25.5000 15.13677000    04
Starlink-525 1329
1 01330U 00000ABC 00001.00000000  .00000000  00000-0  00000+0 0    00
2 01330  53.0000 141.4286 0000001   0.0000  28.5000 15.13677000    09
Starlink-525 1330
1 01331U 00000ABC 00001.00000000  .00000000  00000-0  00000+0 0    01
2 01331  53.0000 141.4286 0000001   0.0000  31.5000 15.13677000    04
Starlink-525 1331
1 01332U 00000ABC 00001.00000000  .00000000  00000-0  00000+0 0    02
2 01332  53.0000 141.4286 0000001   0.0000  34.5000 15.13677000    08
Starlink-525 1332
1 01333U 00000ABC 00001.00000000  .00000000  00000-0  00000+0 0    03
2 01333  53.0000 141.4286 0000001   0.0000  37.5000 15.13677000    02
Starlink-525 1333
1 01334U 00000ABC 00001.00000000  .00000000  00000-0  00000+0 0    04
2 01334  53.0000 141.4286 0000001   0.0000  40.5000 15.13677000    07
Starlink-525 1334
1 01335U 00000ABC 00001.00000000  .00000000  00000-0  00000+0 0    05
2 01335  53.0000 141.4286 0000001   0.0000  43.5000 15.13677000    01
Starlink-525 1335
1 01336U 00000ABC 00001.00000000  .00000000  00000-0  00000+0 0    06
2 01336  53.0000 141.4286 0000001   0.0000  46.5000 15.13677000    05
Starlink-525 1336
1 01337U 00000ABC 00001.00000000  .00000000  00000-0  00000+0 0    07
2 01337  53.0000 141.4286 0000001   0.0000  49.5000 15.13677000    09
Starlink-525 1337
1 01338U 00000ABC 00001.00000000  .00000000  00000-0  00000+0 0    08
2 01338  53.0000 141.4286 0000001   0.0000  52.5000 15.13677000    04
Starlink-525 1338
1 01339U 00000ABC 00001.00000000  .00000000  00000-0  00000+0 0    09
2 01339  53.0000 141.4286 0000001   0.0000  55.5000 15.13677000    08
Starlink-525 1339
1 01340U 00000ABC 00001.00000000  .00000000  00000-0  00000+0 0    01
2 01340  53.0000 141.4286 0000001   0.0000  58.5000 15.13677000    03
Starlink-525 1340
1 01341U 00000ABC 00001.00000000  .00000000  00000-0  00000+0 0    02
2 01341  53.0000 141.4286 0000001   0.0000  61.5000 15.13677000    08
Starlink-525 1341
1 01342U 00000ABC 00001.00000000  .00000000  00000-0  00000+0 0    03
2 01342  53.0000 141.4286 0000001   0.0000  64.5000 15.13677000    02
Starlink-525 1342
1 01343U 00000ABC 00001.00000000  .00000000  00000-0  00000+0 0    04
2 01343  53.0000 141.4286 0000001   0.0000  67.5000 15.13677000    06
Starlink-525 1343
1 01344U 00000ABC 00001.00000000  .00000000  00000-0  00000+0 0    05
2 01344  53.0000 141.4286 0000001   0.0000  70.5000 15.13677000    01
Starlink-525 1344
1 01345U 00000ABC 00001.00000000  .00000000  00000-0  00000+0 0    06
2 01345  53.0000 141.4286 0000001   0.0000  73.5000 15.13677000    05
Starlink-525 1345
1 01346U 00000ABC 00001.00000000  .00000000  00000-0  00000+0 0    07
2 01346  53.0000 141.4286 0000001   0.0000  76.5000 15.13677000    09
Starlink-525 1346
1 01347U 00000ABC 00001.00000000  .00000000  00000-0  00000+0 0    08
2 01347  53.0000 141.4286 0000001   0.0000  79.5000 15.13677000    03
Starlink-525 1347
1 01348U 00000ABC 00001.00000000  .00000000  00000-0  00000+0 0    09
2 01348  53.0000 141.4286 0000001   0.0000  82.5000 15.13677000    08
Starlink-525 1348
1 01349U 00000ABC 00001.00000000  .00000000  00000-0  00000+0 0    00
2 01349  53.0000 141.4286 0000001   0.0000  85.5000 15.13677000    02
Starlink-525 1349
1 01350U 00000ABC 00001.00000000  .00000000  00000-0  00000+0 0    02
2 01350  53.0000 141.4286 0000001   0.0000  88.5000 15.13677000    07
Starlink-525 1350
1 01351U 00000ABC 00001.00000000  .00000000  00000-0  00000+0 0    03
2 01351  53.0000 141.4286 0000001   0.0000  91.5000 15.13677000    02
Starlink-525 1351
1 01352U 00000ABC 00001.00000000  .00000000  00000-0  00000+0 0    04
2 01352  53.0000 141.4286 0000001   0.0000  94.5000 15.13677000    06
Starlink-525 1352
1 01353U 00000ABC 00001.00000000  .00000000  00000-0  00000+0 0    05
2 01353  53.0000 141.4286 0000001   0.0000  97.5000 15.13677000    00
Starlink-525 1353
1 01354U 00000ABC 00001.00000000  .00000000  00000-0  00000+0 0    06
2 01354  53.0000 141.4286 0000001   0.0000 100.5000 15.13677000    06
Starlink-525 1354
1 01355U 00000ABC 00001.00000000  .00000000  00000-0  00000+0 0    07
2 01355  53.0000 141.4286 0000001   0.0000 103.5000 15.13677000    00
Starlink-525 1355
1 01356U 00000ABC 00001.00000000  .00000000  00000-0  00000+0 0    08
2 01356  53.0000 141.4286 0000001   0.0000 106.5000 15.13677000    04
Starlink-525 1356
1 01357U 00000ABC 00001.00000000  .00000000  00000-0  00000+0 0    09
2 01357  53.0000 141.4286 0000001   0.0000 109.5000 15.13677000    08
Starlink-525 1357
1 01358U 00000ABC 00001.00000000  .00000000  00000-0  00000+0 0    00
2 01358  53.0000 141.4286 0000001   0.0000 112.5000 15.13677000    03
Starlink-525 1358
1 01359U 00000ABC 00001.00000000  .00000000  00000-0  00000+0 0    01
2 01359  53.0000 141.4286 0000001   0.0000 115.5000 15.13677000    07
Starlink-525 1359
1 01360U 00000ABC 00001.00000000  .00000000  00000-0  00000+0 0    03
2 01360  53.0000 141.4286 0000001   0.0000 118.5000 15.13677000    02
Starlink-525 1360
1 01361U 00000ABC 00001.00000000  .00000000  00000-0  00000+0 0    04
2 01361  53.0000 141.4286 0000001   0.0000 121.5000 15.13677000    07
Starlink-525 1361
1 01362U 00000ABC 00001.00000000  .00000000  00000-0  00000+0 0    05
2 01362  53.0000 141.4286 0000001   0.0000 124.5000 15.13677000    01
Starlink-525 1362
1 01363U 00000ABC 00001.00000000  .00000000  00000-0  00000+0 0    06
2 01363  53.0000 141.4286 0000001   0.0000 127.5000 15.13677000    05
Starlink-525 1363
1 01364U 00000ABC 00001.00000000  .00000000  00000-0  00000+0 0    07
2 01364  53.0000 141.4286 0000001   0.0000 130.5000 15.13677000    00
Starlink-525 1364
1 01365U 00000ABC 00001.00000000  .00000000  00000-0  00000+0 0    08
2 01365  53.0000 141.4286 0000001   0.0000 133.5000 15.13677000    04
Starlink-525 1365
1 01366U 00000ABC 00001.00000000  .00000000  00000-0  00000+0 0    09
2 01366  53.0000 141.4286 0000001   0.0000 136.5000 15.13677000    08
Starlink-525 1366
1 01367U 00000ABC 00001.00000000  .00000000  00000-0  00000+0 0    00
2 01367  53.0000 141.4286 0000001   0.0000 139.5000 15.13677000    02
Starlink-525 1367
1 01368U 00000ABC 00001.00000000  .00000000  00000-0  00000+0 0    01
2 01368  53.0000 141.4286 0000001   0.0000 142.5000 15.13677000    07
Starlink-525 1368
1 01369U 00000ABC 00001.00000000  .00000000  00000-0  00000+0 0    02
2 01369  53.0000 141.4286 0000001   0.0000 145.5000 15.13677000    01
Starlink-525 1369
1 01370U 00000ABC 00001.00000000  .00000000  00000-0  00000+0 0    04
2 01370  53.0000 141.4286 0000001   0.0000 148.5000 15.13677000    06
Starlink-525 1370
1 01371U 00000ABC 00001.00000000  .00000000  00000-0  00000+0 0    05
2 01371  53.0000 141.4286 0000001   0.0000 151.5000 15.13677000    01
Starlink-525 1371
1 01372U 00000ABC 00001.00000000  .00000000  00000-0  00000+0 0    06
2 01372  53.0000 141.4286 0000001   0.0000 154.5000 15.13677000    05
Starlink-525 1372
1 01373U 00000ABC 00001.00000000  .00000000  00000-0  00000+0 0    07
2 01373  53.0000 141.4286 0000001   0.0000 157.5000 15.13677000    09
Starlink-525 1373
1 01374U 00000ABC 00001.00000000  .00000000  00000-0  00000+0 0    08
2 01374  53.0000 141.4286 0000001   0.0000 160.5000 15.13677000    04
Starlink-525 1374
1 01375U 00000ABC 00001.00000000  .00000000  00000-0  00000+0 0    09
2 01375  53.0000 141.4286 0000001   0.0000 163.5000 15.13677000    08
Starlink-525 1375
1 01376U 00000ABC 00001.00000000  .00000000  00000-0  00000+0 0    00
2 01376  53.0000 141.4286 0000001   0.0000 166.5000 15.13677000    02
Starlink-525 1376
1 01377U 00000ABC 00001.00000000  .00000000  00000-0  00000+0 0    01
2 01377  53.0000 141.4286 0000001   0.0000 169.5000 15.13677000    06
Starlink-525 1377
1 01378U 00000ABC 00001.00000000  .00000000  00000-0  00000+0 0    02
2 01378  53.0000 141.4286 0000001   0.0000 172.5000 15.13677000    01
Starlink-525 1378
1 01379U 00000ABC 00001.00000000  .00000000  00000-0  00000+0 0    03
2 01379  53.0000 141.4286 0000001   0.0000 175.5000 15.13677000    05
Starlink-525 1379
1 01380U 00000ABC 00001.00000000  .00000000  00000-0  00000+0 0    05
2 01380  53.0000 141.4286 0000001   0.0000 178.5000 15.13677000    00
Starlink-525 1380
1 01381U 00000ABC 00001.00000000  .00000000  00000-0  00000+0 0    06
2 01381  53.0000 141.4286 0000001   0.0000 181.5000 15.13677000    05
Starlink-525 1381
1 01382U 00000ABC 00001.00000000  .00000000  00000-0  00000+0 0    07
2 01382  53.0000 141.4286 0000001   0.0000 184.5000 15.13677000    09
Starlink-525 1382
1 01383U 00000ABC 00001.00000000  .00000000  00000-0  00000+0 0    08
2 01383  53.0000 141.4286 0000001   0.0000 187.5000 15.13677000    03
Starlink-525 1383
1 01384U 00000ABC 00001.00000000  .00000000  00000-0  00000+0 0    09
2 01384  53.0000 141.4286 0000001   0.0000 190.5000 15.13677000    08
Starlink-525 1384
1 01385U 00000ABC 00001.00000000  .00000000  00000-0  00000+0 0    00
2 01385  53.0000 141.4286 0000001   0.0000 193.5000 15.13677000    02
Starlink-525 1385
1 01386U 00000ABC 00001.00000000  .00000000  00000-0  00000+0 0    01
2 01386  53.0000 141.4286 0000001   0.0000 196.5000 15.13677000    06
Starlink-525 1386
1 01387U 00000ABC 00001.00000000  .00000000  00000-0  00000+0 0    02
2 01387  53.0000 141.4286 0000001   0.0000 199.5000 15.13677000    00
Starlink-525 1387
1 01388U 00000ABC 00001.00000000  .00000000  00000-0  00000+0 0    03
2 01388  53.0000 141.4286 0000001   0.0000 202.5000 15.13677000    06
Starlink-525 1388
1 01389U 00000ABC 00001.00000000  .00000000  00000-0  00000+0 0    04
2 01389  53.0000 141.4286 0000001   0.0000 205.5000 15.13677000    00
Starlink-525 1389
1 01390U 00000ABC 00001.00000000  .00000000  00000-0  00000+0 0    06
2 01390  53.0000 141.4286 0000001   0.0000 208.5000 15.13677000    05
Starlink-525 1390
1 01391U 00000ABC 00001.00000000  .00000000  00000-0  00000+0 0    07
2 01391  53.0000 141.4286 0000001   0.0000 211.5000 15.13677000    00
Starlink-525 1391
1 01392U 00000ABC 00001.00000000  .00000000  00000-0  00000+0 0    08
2 01392  53.0000 141.4286 0000001   0.0000 214.5000 15.13677000    04
Starlink-525 1392
1 01393U 00000ABC 00001.00000000  .00000000  00000-0  00000+0 0    09
2 01393  53.0000 141.4286 0000001   0.0000 217.5000 15.13677000    08
Starlink-525 1393
1 01394U 00000ABC 00001.00000000  .00000000  00000-0  00000+0 0    00
2 01394  53.0000 141.4286 0000001   0.0000 220.5000 15.13677000    03
Starlink-525 1394
1 01395U 00000ABC 00001.00000000  .00000000  00000-0  00000+0 0    01
2 01395  53.0000 141.4286 0000001   0.0000 223.5000 15.13677000    07
Starlink-525 1395
1 01396U 00000ABC 00001.00000000  .00000000  00000-0  00000+0 0    02
2 01396  53.0000 141.4286 0000001   0.0000 226.5000 15.13677000    01
Starlink-525 1396
1 01397U 00000ABC 00001.00000000  .00000000  00000-0  00000+0 0    03
2 01397  53.0000 141.4286 0000001   0.0000 229.5000 15.13677000    05
Starlink-525 1397
1 01398U 00000ABC 00001.00000000  .00000000  00000-0  00000+0 0    04
2 01398  53.0000 141.4286 0000001   0.0000 232.5000 15.13677000    00
Starlink-525 1398
1 01399U 00000ABC 00001.00000000  .00000000  00000-0  00000+0 0    05
2 01399  53.0000 141.4286 0000001   0.0000 235.5000 15.13677000    04
Starlink-525 1399
1 01400U 00000ABC 00001.00000000  .00000000  00000-0  00000+0 0    08
2 01400  53.0000 141.4286 0000001   0.0000 238.5000 15.13677000    00
Starlink-525 1400
1 01401U 00000ABC 00001.00000000  .00000000  00000-0  00000+0 0    09
2 01401  53.0000 141.4286 0000001   0.0000 241.5000 15.13677000    05
Starlink-525 1401
1 01402U 00000ABC 00001.00000000  .00000000  00000-0  00000+0 0    00
2 01402  53.0000 141.4286 0000001   0.0000 244.5000 15.13677000    09
Starlink-525 1402
1 01403U 00000ABC 00001.00000000  .00000000  00000-0  00000+0 0    01
2 01403  53.0000 141.4286 0000001   0.0000 247.5000 15.13677000    03
Starlink-525 1403
1 01404U 00000ABC 00001.00000000  .00000000  00000-0  00000+0 0    02
2 01404  53.0000 141.4286 0000001   0.0000 250.5000 15.13677000    08
Starlink-525 1404
1 01405U 00000ABC 00001.00000000  .00000000  00000-0  00000+0 0    03
2 01405  53.0000 141.4286 0000001   0.0000 253.5000 15.13677000    02
Starlink-525 1405
1 01406U 00000ABC 00001.00000000  .00000000  00000-0  00000+0 0    04
2 01406  53.0000 141.4286 0000001   0.0000 256.5000 15.13677000    06
Starlink-525 1406
1 01407U 00000ABC 00001.00000000  .00000000  00000-0  00000+0 0    05
2 01407  53.0000 141.4286 0000001   0.0000 259.5000 15.13677000    00
Starlink-525 1407
1 01408U 00000ABC 00001.00000000  .00000000  00000-0  00000+0 0    06
2 01408  53.0000 141.4286 0000001   0.0000 262.5000 15.13677000    05
Starlink-525 1408
1 01409U 00000ABC 00001.00000000  .00000000  00000-0  00000+0 0    07
2 01409  53.0000 141.4286 0000001   0.0000 265.5000 15.13677000    09
Starlink-525 1409
1 01410U 00000ABC 00001.00000000  .00000000  00000-0  00000+0 0    09
2 01410  53.0000 141.4286 0000001   0.0000 268.5000 15.13677000    04
Starlink-525 1410
1 01411U 00000ABC 00001.00000000  .00000000  00000-0  00000+0 0    00
2 01411  53.0000 141.4286 0000001   0.0000 271.5000 15.13677000    09
Starlink-525 1411
1 01412U 00000ABC 00001.00000000  .00000000  00000-0  00000+0 0    01
2 01412  53.0000 141.4286 0000001   0.0000 274.5000 15.13677000    03
Starlink-525 1412
1 01413U 00000ABC 00001.00000000  .00000000  00000-0  00000+0 0    02
2 01413  53.0000 141.4286 0000001   0.0000 277.5000 15.13677000    07
Starlink-525 1413
1 01414U 00000ABC 00001.00000000  .00000000  00000-0  00000+0 0    03
2 01414  53.0000 141.4286 0000001   0.0000 280.5000 15.13677000    02
Starlink-525 1414
1 01415U 00000ABC 00001.00000000  .00000000  00000-0  00000+0 0    04
2 01415  53.0000 141.4286 0000001   0.0000 283.5000 15.13677000    06
Starlink-525 1415
1 01416U 00000ABC 00001.00000000  .00000000  00000-0  00000+0 0    05
2 01416  53.0000 141.4286 0000001   0.0000 286.5000 15.13677000    00
Starlink-525 1416
1 01417U 00000ABC 00001.00000000  .00000000  00000-0  00000+0 0    06
2 01417  53.0000 141.4286 0000001   0.0000 289.5000 15.13677000    04
Starlink-525 1417
1 01418U 00000ABC 00001.00000000  .00000000  00000-0  00000+0 0    07
2 01418  53.0000 141.4286 0000001   0.0000 292.5000 15.13677000    09
Starlink-525 1418
1 01419U 00000ABC 00001.00000000  .00000000  00000-0  00000+0 0    08
2 01419  53.0000 141.4286 0000001   0.0000 295.5000 15.13677000    03
Starlink-525 1419
1 01420U 00000ABC 00001.00000000  .00000000  00000-0  00000+0 0    00
2 01420  53.0000 141.4286 0000001   0.0000 298.5000 15.13677000    08
Starlink-525 1420
1 01421U 00000ABC 00001.00000000  .00000000  00000-0  00000+0 0    01
2 01421  53.0000 141.4286 0000001   0.0000 301.5000 15.13677000    04
Starlink-525 1421
1 01422U 00000ABC 00001.00000000  .00000000  00000-0  00000+0 0    02
2 01422  53.0000 141.4286 0000001   0.0000 304.5000 15.13677000    08
Starlink-525 1422
1 01423U 00000ABC 00001.00000000  .00000000  00000-0  00000+0 0    03
2 01423  53.0000 141.4286 0000001   0.0000 307.5000 15.13677000    02
Starlink-525 1423
1 01424U 00000ABC 00001.00000000  .00000000  00000-0  00000+0 0    04
2 01424  53.0000 141.4286 0000001   0.0000 310.5000 15.13677000    07
Starlink-525 1424
1 01425U 00000ABC 00001.00000000  .00000000  00000-0  00000+0 0    05
2 01425  53.0000 141.4286 0000001   0.0000 313.5000 15.13677000    01
Starlink-525 1425
1 01426U 00000ABC 00001.00000000  .00000000  00000-0  00000+0 0    06
2 01426  53.0000 141.4286 0000001   0.0000 316.5000 15.13677000    05
Starlink-525 1426
1 01427U 00000ABC 00001.00000000  .00000000  00000-0  00000+0 0    07
2 01427  53.0000 141.4286 0000001   0.0000 319.5000 15.13677000    09
Starlink-525 1427
1 01428U 00000ABC 00001.00000000  .00000000  00000-0  00000+0 0    08
2 01428  53.0000 141.4286 0000001   0.0000 322.5000 15.13677000    04
Starlink-525 1428
1 01429U 00000ABC 00001.00000000  .00000000  00000-0  00000+0 0    09
2 01429  53.0000 141.4286 0000001   0.0000 325.5000 15.13677000    08
Starlink-525 1429
1 01430U 00000ABC 00001.00000000  .00000000  00000-0  00000+0 0    01
2 01430  53.0000 141.4286 0000001   0.0000 328.5000 15.13677000    03
Starlink-525 1430
1 01431U 00000ABC 00001.00000000  .00000000  00000-0  00000+0 0    02
2 01431  53.0000 141.4286 0000001   0.0000 331.5000 15.13677000    08
Starlink-525 1431
1 01432U 00000ABC 00001.00000000  .00000000  00000-0  00000+0 0    03
2 01432  53.0000 141.4286 0000001   0.0000 334.5000 15.13677000    02
Starlink-525 1432
1 01433U 00000ABC 00001.00000000  .00000000  00000-0  00000+0 0    04
2 01433  53.0000 141.4286 0000001   0.0000 337.5000 15.13677000    06
Starlink-525 1433
1 01434U 00000ABC 00001.00000000  .00000000  00000-0  00000+0 0    05
2 01434  53.0000 141.4286 0000001   0.0000 340.5000 15.13677000    01
Starlink-525 1434
1 01435U 00000ABC 00001.00000000  .00000000  00000-0  00000+0 0    06
2 01435  53.0000 141.4286 0000001   0.0000 343.5000 15.13677000    05
Starlink-525 1435
1 01436U 00000ABC 00001.00000000  .00000000  00000-0  00000+0 0    07
2 01436  53.0000 141.4286 0000001   0.0000 346.5000 15.13677000    09
Starlink-525 1436
1 01437U 00000ABC 00001.00000000  .00000000  00000-0  00000+0 0    08
2 01437  53.0000 141.4286 0000001   0.0000 349.5000 15.13677000    03
Starlink-525 1437
1 01438U 00000ABC 00001.00000000  .00000000  00000-0  00000+0 0    09
2 01438  53.0000 141.4286 0000001   0.0000 352.5000 15.13677000    08
Starlink-525 1438
1 01439U 00000ABC 00001.00000000  .00000000  00000-0  00000+0 0    00
2 01439  53.0000 141.4286 0000001   0.0000 355.5000 15.13677000    02
Starlink-525 1439
1 01440U 00000ABC 00001.00000000  .00000000  00000-0  00000+0 0    02
2 01440  53.0000 141.4286 0000001   0.0000 358.5000 15.13677000    07
Starlink-525 1440
1 01441U 00000ABC 00001.00000000  .00000000  00000-0  00000+0 0    03
2 01441  53.0000 154.2857 0000001   0.0000   0.0000 15.13677000    03
Starlink-525 1441
1 01442U 00000ABC 00001.00000000  .00000000  00000-0  00000+0 0    04
2 01442  53.0000 154.2857 0000001   0.0000   3.0000 15.13677000    07
Starlink-525 1442
1 01443U 00000ABC 00001.00000000  .00000000  00000-0  00000+0 0    05
2 01443  53.0000 154.2857 0000001   0.0000   6.0000 15.13677000    01
Starlink-525 1443
1 01444U 00000ABC 00001.00000000  .00000000  00000-0  00000+0 0    06
2 01444  53.0000 154.2857 0000001   0.0000   9.0000 15.13677000    05
Starlink-525 1444
1 01445U 00000ABC 00001.00000000  .00000000  00000-0  00000+0 0    07
2 01445  53.0000 154.2857 0000001   0.0000  12.0000 15.13677000    00
Starlink-525 1445
1 01446U 00000ABC 00001.00000000  .00000000  00000-0  00000+0 0    08
2 01446  53.0000 154.2857 0000001   0.0000  15.0000 15.13677000    04
Starlink-525 1446
1 01447U 00000ABC 00001.00000000  .00000000  00000-0  00000+0 0    09
2 01447  53.0000 154.2857 0000001   0.0000  18.0000 15.13677000    08
Starlink-525 1447
1 01448U 00000ABC 00001.00000000  .00000000  00000-0  00000+0 0    00
2 01448  53.0000 154.2857 0000001   0.0000  21.0000 15.13677000    03
Starlink-525 1448
1 01449U 00000ABC 00001.00000000  .00000000  00000-0  00000+0 0    01
2 01449  53.0000 154.2857 0000001   0.0000  24.0000 15.13677000    07
Starlink-525 1449
1 01450U 00000ABC 00001.00000000  .00000000  00000-0  00000+0 0    03
2 01450  53.0000 154.2857 0000001   0.0000  27.0000 15.13677000    02
Starlink-525 1450
1 01451U 00000ABC 00001.00000000  .00000000  00000-0  00000+0 0    04
2 01451  53.0000 154.2857 0000001   0.0000  30.0000 15.13677000    07
Starlink-525 1451
1 01452U 00000ABC 00001.00000000  .00000000  00000-0  00000+0 0    05
2 01452  53.0000 154.2857 0000001   0.0000  33.0000 15.13677000    01
Starlink-525 1452
1 01453U 00000ABC 00001.00000000  .00000000  00000-0  00000+0 0    06
2 01453  53.0000 154.2857 0000001   0.0000  36.0000 15.13677000    05
Starlink-525 1453
1 01454U 00000ABC 00001.00000000  .00000000  00000-0  00000+0 0    07
2 01454  53.0000 154.2857 0000001   0.0000  39.0000 15.13677000    09
Starlink-525 1454
1 01455U 00000ABC 00001.00000000  .00000000  00000-0  00000+0 0    08
2 01455  53.0000 154.2857 0000001   0.0000  42.0000 15.13677000    04
Starlink-525 1455
1 01456U 00000ABC 00001.00000000  .00000000  00000-0  00000+0 0    09
2 01456  53.0000 154.2857 0000001   0.0000  45.0000 15.13677000    08
Starlink-525 1456
1 01457U 00000ABC 00001.00000000  .00000000  00000-0  00000+0 0    00
2 01457  53.0000 154.2857 0000001   0.0000  48.0000 15.13677000    02
Starlink-525 1457
1 01458U 00000ABC 00001.00000000  .00000000  00000-0  00000+0 0    01
2 01458  53.0000 154.2857 0000001   0.0000  51.0000 15.13677000    07
Starlink-525 1458
1 01459U 00000ABC 00001.00000000  .00000000  00000-0  00000+0 0    02
2 01459  53.0000 154.2857 0000001   0.0000  54.0000 15.13677000    01
Starlink-525 1459
1 01460U 00000ABC 00001.00000000  .00000000  00000-0  00000+0 0    04
2 01460  53.0000 154.2857 0000001   0.0000  57.0000 15.13677000    06
Starlink-525 1460
1 01461U 00000ABC 00001.00000000  .00000000  00000-0  00000+0 0    05
2 01461  53.0000 154.2857 0000001   0.0000  60.0000 15.13677000    01
Starlink-525 1461
1 01462U 00000ABC 00001.00000000  .00000000  00000-0  00000+0 0    06
2 01462  53.0000 154.2857 0000001   0.0000  63.0000 15.13677000    05
Starlink-525 1462
1 01463U 00000ABC 00001.00000000  .00000000  00000-0  00000+0 0    07
2 01463  53.0000 154.2857 0000001   0.0000  66.0000 15.13677000    09
Starlink-525 1463
1 01464U 00000ABC 00001.00000000  .00000000  00000-0  00000+0 0    08
2 01464  53.0000 154.2857 0000001   0.0000  69.0000 15.13677000    03
Starlink-525 1464
1 01465U 00000ABC 00001.00000000  .00000000  00000-0  00000+0 0    09
2 01465  53.0000 154.2857 0000001   0.0000  72.0000 15.13677000    08
Starlink-525 1465
1 01466U 00000ABC 00001.00000000  .00000000  00000-0  00000+0 0    00
2 01466  53.0000 154.2857 0000001   0.0000  75.0000 15.13677000    02
Starlink-525 1466
1 01467U 00000ABC 00001.00000000  .00000000  00000-0  00000+0 0    01
2 01467  53.0000 154.2857 0000001   0.0000  78.0000 15.13677000    06
Starlink-525 1467
1 01468U 00000ABC 00001.00000000  .00000000  00000-0  00000+0 0    02
2 01468  53.0000 154.2857 0000001   0.0000  81.0000 15.13677000    01
Starlink-525 1468
1 01469U 00000ABC 00001.00000000  .00000000  00000-0  00000+0 0    03
2 01469  53.0000 154.2857 0000001   0.0000  84.0000 15.13677000    05
Starlink-525 1469
1 01470U 00000ABC 00001.00000000  .00000000  00000-0  00000+0 0    05
2 01470  53.0000 154.2857 0000001   0.0000  87.0000 15.13677000    00
Starlink-525 1470
1 01471U 00000ABC 00001.00000000  .00000000  00000-0  00000+0 0    06
2 01471  53.0000 154.2857 0000001   0.0000  90.0000 15.13677000    05
Starlink-525 1471
1 01472U 00000ABC 00001.00000000  .00000000  00000-0  00000+0 0    07
2 01472  53.0000 154.2857 0000001   0.0000  93.0000 15.13677000    09
Starlink-525 1472
1 01473U 00000ABC 00001.00000000  .00000000  00000-0  00000+0 0    08
2 01473  53.0000 154.2857 0000001   0.0000  96.0000 15.13677000    03
Starlink-525 1473
1 01474U 00000ABC 00001.00000000  .00000000  00000-0  00000+0 0    09
2 01474  53.0000 154.2857 0000001   0.0000  99.0000 15.13677000    07
Starlink-525 1474
1 01475U 00000ABC 00001.00000000  .00000000  00000-0  00000+0 0    00
2 01475  53.0000 154.2857 0000001   0.0000 102.0000 15.13677000    03
Starlink-525 1475
1 01476U 00000ABC 00001.00000000  .00000000  00000-0  00000+0 0    01
2 01476  53.0000 154.2857 0000001   0.0000 105.0000 15.13677000    07
Starlink-525 1476
1 01477U 00000ABC 00001.00000000  .00000000  00000-0  00000+0 0    02
2 01477  53.0000 154.2857 0000001   0.0000 108.0000 15.13677000    01
Starlink-525 1477
1 01478U 00000ABC 00001.00000000  .00000000  00000-0  00000+0 0    03
2 01478  53.0000 154.2857 0000001   0.0000 111.0000 15.13677000    06
Starlink-525 1478
1 01479U 00000ABC 00001.00000000  .00000000  00000-0  00000+0 0    04
2 01479  53.0000 154.2857 0000001   0.0000 114.0000 15.13677000    00
Starlink-525 1479
1 01480U 00000ABC 00001.00000000  .00000000  00000-0  00000+0 0    06
2 01480  53.0000 154.2857 0000001   0.0000 117.0000 15.13677000    05
Starlink-525 1480
1 01481U 00000ABC 00001.00000000  .00000000  00000-0  00000+0 0    07
2 01481  53.0000 154.2857 0000001   0.0000 120.0000 15.13677000    00
Starlink-525 1481
1 01482U 00000ABC 00001.00000000  .00000000  00000-0  00000+0 0    08
2 01482  53.0000 154.2857 0000001   0.0000 123.0000 15.13677000    04
Starlink-525 1482
1 01483U 00000ABC 00001.00000000  .00000000  00000-0  00000+0 0    09
2 01483  53.0000 154.2857 0000001   0.0000 126.0000 15.13677000    08
Starlink-525 1483
1 01484U 00000ABC 00001.00000000  .00000000  00000-0  00000+0 0    00
2 01484  53.0000 154.2857 0000001   0.0000 129.0000 15.13677000    02
Starlink-525 1484
1 01485U 00000ABC 00001.00000000  .00000000  00000-0  00000+0 0    01
2 01485  53.0000 154.2857 0000001   0.0000 132.0000 15.13677000    07
Starlink-525 1485
1 01486U 00000ABC 00001.00000000  .00000000  00000-0  00000+0 0    02
2 01486  53.0000 154.2857 0000001   0.0000 135.0000 15.13677000    01
Starlink-525 1486
1 01487U 00000ABC 00001.00000000  .00000000  00000-0  00000+0 0    03
2 01487  53.0000 154.2857 0000001   0.0000 138.0000 15.13677000    05
Starlink-525 1487
1 01488U 00000ABC 00001.00000000  .00000000  00000-0  00000+0 0    04
2 01488  53.0000 154.2857 0000001   0.0000 141.0000 15.13677000    00
Starlink-525 1488
1 01489U 00000ABC 00001.00000000  .00000000  00000-0  00000+0 0    05
2 01489  53.0000 154.2857 0000001   0.0000 144.0000 15.13677000    04
Starlink-525 1489
1 01490U 00000ABC 00001.00000000  .00000000  00000-0  00000+0 0    07
2 01490  53.0000 154.2857 0000001   0.0000 147.0000 15.13677000    09
Starlink-525 1490
1 01491U 00000ABC 00001.00000000  .00000000  00000-0  00000+0 0    08
2 01491  53.0000 154.2857 0000001   0.0000 150.0000 15.13677000    04
Starlink-525 1491
1 01492U 00000ABC 00001.00000000  .00000000  00000-0  00000+0 0    09
2 01492  53.0000 154.2857 0000001   0.0000 153.0000 15.13677000    08
Starlink-525 1492
1 01493U 00000ABC 00001.00000000  .00000000  00000-0  00000+0 0    00
2 01493  53.0000 154.2857 0000001   0.0000 156.0000 15.13677000    02
Starlink-525 1493
1 01494U 00000ABC 00001.00000000  .00000000  00000-0  00000+0 0    01
2 01494  53.0000 154.2857 0000001   0.0000 159.0000 15.13677000    06
Starlink-525 1494
1 01495U 00000ABC 00001.00000000  .00000000  00000-0  00000+0 0    02
2 01495  53.0000 154.2857 0000001   0.0000 162.0000 15.13677000    01
Starlink-525 1495
1 01496U 00000ABC 00001.00000000  .00000000  00000-0  00000+0 0    03
2 01496  53.0000 154.2857 0000001   0.0000 165.0000 15.13677000    05
Starlink-525 1496
1 01497U 00000ABC 00001.00000000  .00000000  00000-0  00000+0 0    04
2 01497  53.0000 154.2857 0000001   0.0000 168.0000 15.13677000    09
Starlink-525 1497
1 01498U 00000ABC 00001.00000000  .00000000  00000-0  00000+0 0    05
2 01498  53.0000 154.2857 0000001   0.0000 171.0000 15.13677000    04
Starlink-525 1498
1 01499U 00000ABC 00001.00000000  .00000000  00000-0  00000+0 0    06
2 01499  53.0000 154.2857 0000001   0.0000 174.0000 15.13677000    08
Starlink-525 1499
1 01500U 00000ABC 00001.00000000  .00000000  00000-0  00000+0 0    09
2 01500  53.0000 154.2857 0000001   0.0000 177.0000 15.13677000    04
Starlink-525 1500
1 01501U 00000ABC 00001.00000000  .00000000  00000-0  00000+0 0    00
2 01501  53.0000 154.2857 0000001   0.0000 180.0000 15.13677000    09
Starlink-525 1501
1 01502U 00000ABC 00001.00000000  .00000000  00000-0  00000+0 0    01
2 01502  53.0000 154.2857 0000001   0.0000 183.0000 15.13677000    03
Starlink-525 1502
1 01503U 00000ABC 00001.00000000  .00000000  00000-0  00000+0 0    02
2 01503  53.0000 154.2857 0000001   0.0000 186.0000 15.13677000    07
Starlink-525 1503
1 01504U 00000ABC 00001.00000000  .00000000  00000-0  00000+0 0    03
2 01504  53.0000 154.2857 0000001   0.0000 189.0000 15.13677000    01
Starlink-525 1504
1 01505U 00000ABC 00001.00000000  .00000000  00000-0  00000+0 0    04
2 01505  53.0000 154.2857 0000001   0.0000 192.0000 15.13677000    06
Starlink-525 1505
1 01506U 00000ABC 00001.00000000  .00000000  00000-0  00000+0 0    05
2 01506  53.0000 154.2857 0000001   0.0000 195.0000 15.13677000    00
Starlink-525 1506
1 01507U 00000ABC 00001.00000000  .00000000  00000-0  00000+0 0    06
2 01507  53.0000 154.2857 0000001   0.0000 198.0000 15.13677000    04
Starlink-525 1507
1 01508U 00000ABC 00001.00000000  .00000000  00000-0  00000+0 0    07
2 01508  53.0000 154.2857 0000001   0.0000 201.0000 15.13677000    00
Starlink-525 1508
1 01509U 00000ABC 00001.00000000  .00000000  00000-0  00000+0 0    08
2 01509  53.0000 154.2857 0000001   0.0000 204.0000 15.13677000    04
Starlink-525 1509
1 01510U 00000ABC 00001.00000000  .00000000  00000-0  00000+0 0    00
2 01510  53.0000 154.2857 0000001   0.0000 207.0000 15.13677000    09
Starlink-525 1510
1 01511U 00000ABC 00001.00000000  .00000000  00000-0  00000+0 0    01
2 01511  53.0000 154.2857 0000001   0.0000 210.0000 15.13677000    04
Starlink-525 1511
1 01512U 00000ABC 00001.00000000  .00000000  00000-0  00000+0 0    02
2 01512  53.0000 154.2857 0000001   0.0000 213.0000 15.13677000    08
Starlink-525 1512
1 01513U 00000ABC 00001.00000000  .00000000  00000-0  00000+0 0    03
2 01513  53.0000 154.2857 0000001   0.0000 216.0000 15.13677000    02
Starlink-525 1513
1 01514U 00000ABC 00001.00000000  .00000000  00000-0  00000+0 0    04
2 01514  53.0000 154.2857 0000001   0.0000 219.0000 15.13677000    06
Starlink-525 1514
1 01515U 00000ABC 00001.00000000  .00000000  00000-0  00000+0 0    05
2 01515  53.0000 154.2857 0000001   0.0000 222.0000 15.13677000    01
Starlink-525 1515
1 01516U 00000ABC 00001.00000000  .00000000  00000-0  00000+0 0    06
2 01516  53.0000 154.2857 0000001   0.0000 225.0000 15.13677000    05
Starlink-525 1516
1 01517U 00000ABC 00001.00000000  .00000000  00000-0  00000+0 0    07
2 01517  53.0000 154.2857 0000001   0.0000 228.0000 15.13677000    09
Starlink-525 1517
1 01518U 00000ABC 00001.00000000  .00000000  00000-0  00000+0 0    08
2 01518  53.0000 154.2857 0000001   0.0000 231.0000 15.13677000    04
Starlink-525 1518
1 01519U 00000ABC 00001.00000000  .00000000  00000-0  00000+0 0    09
2 01519  53.0000 154.2857 0000001   0.0000 234.0000 15.13677000    08
Starlink-525 1519
1 01520U 00000ABC 00001.00000000  .00000000  00000-0  00000+0 0    01
2 01520  53.0000 154.2857 0000001   0.0000 237.0000 15.13677000    03
Starlink-525 1520
1 01521U 00000ABC 00001.00000000  .00000000  00000-0  00000+0 0    02
2 01521  53.0000 154.2857 0000001   0.0000 240.0000 15.13677000    08
Starlink-525 1521
1 01522U 00000ABC 00001.00000000  .00000000  00000-0  00000+0 0    03
2 01522  53.0000 154.2857 0000001   0.0000 243.0000 15.13677000    02
Starlink-525 1522
1 01523U 00000ABC 00001.00000000  .00000000  00000-0  00000+0 0    04
2 01523  53.0000 154.2857 0000001   0.0000 246.0000 15.13677000    06
Starlink-525 1523
1 01524U 00000ABC 00001.00000000  .00000000  00000-0  00000+0 0    05
2 01524  53.0000 154.2857 0000001   0.0000 249.0000 15.13677000    00
Starlink-525 1524
1 01525U 00000ABC 00001.00000000  .00000000  00000-0  00000+0 0    06
2 01525  53.0000 154.2857 0000001   0.0000 252.0000 15.13677000    05
Starlink-525 1525
1 01526U 00000ABC 00001.00000000  .00000000  00000-0  00000+0 0    07
2 01526  53.0000 154.2857 0000001   0.0000 255.0000 15.13677000    09
Starlink-525 1526
1 01527U 00000ABC 00001.00000000  .00000000  00000-0  00000+0 0    08
2 01527  53.0000 154.2857 0000001   0.0000 258.0000 15.13677000    03
Starlink-525 1527
1 01528U 00000ABC 00001.00000000  .00000000  00000-0  00000+0 0    09
2 01528  53.0000 154.2857 0000001   0.0000 261.0000 15.13677000    08
Starlink-525 1528
1 01529U 00000ABC 00001.00000000  .00000000  00000-0  00000+0 0    00
2 01529  53.0000 154.2857 0000001   0.0000 264.0000 15.13677000    02
Starlink-525 1529
1 01530U 00000ABC 00001.00000000  .00000000  00000-0  00000+0 0    02
2 01530  53.0000 154.2857 0000001   0.0000 267.0000 15.13677000    07
Starlink-525 1530
1 01531U 00000ABC 00001.00000000  .00000000  00000-0  00000+0 0    03
2 01531  53.0000 154.2857 0000001   0.0000 270.0000 15.13677000    02
Starlink-525 1531
1 01532U 00000ABC 00001.00000000  .00000000  00000-0  00000+0 0    04
2 01532  53.0000 154.2857 0000001   0.0000 273.0000 15.13677000    06
Starlink-525 1532
1 01533U 00000ABC 00001.00000000  .00000000  00000-0  00000+0 0    05
2 01533  53.0000 154.2857 0000001   0.0000 276.0000 15.13677000    00
Starlink-525 1533
1 01534U 00000ABC 00001.00000000  .00000000  00000-0  00000+0 0    06
2 01534  53.0000 154.2857 0000001   0.0000 279.0000 15.13677000    04
Starlink-525 1534
1 01535U 00000ABC 00001.00000000  .00000000  00000-0  00000+0 0    07
2 01535  53.0000 154.2857 0000001   0.0000 282.0000 15.13677000    09
Starlink-525 1535
1 01536U 00000ABC 00001.00000000  .00000000  00000-0  00000+0 0    08
2 01536  53.0000 154.2857 0000001   0.0000 285.0000 15.13677000    03
Starlink-525 1536
1 01537U 00000ABC 00001.00000000  .00000000  00000-0  00000+0 0    09
2 01537  53.0000 154.2857 0000001   0.0000 288.0000 15.13677000    07
Starlink-525 1537
1 01538U 00000ABC 00001.00000000  .00000000  00000-0  00000+0 0    00
2 01538  53.0000 154.2857 0000001   0.0000 291.0000 15.13677000    02
Starlink-525 1538
1 01539U 00000ABC 00001.00000000  .00000000  00000-0  00000+0 0    01
2 01539  53.0000 154.2857 0000001   0.0000 294.0000 15.13677000    06
Starlink-525 1539
1 01540U 00000ABC 00001.00000000  .00000000  00000-0  00000+0 0    03
2 01540  53.0000 154.2857 0000001   0.0000 297.0000 15.13677000    01
Starlink-525 1540
1 01541U 00000ABC 00001.00000000  .00000000  00000-0  00000+0 0    04
2 01541  53.0000 154.2857 0000001   0.0000 300.0000 15.13677000    07
Starlink-525 1541
1 01542U 00000ABC 00001.00000000  .00000000  00000-0  00000+0 0    05
2 01542  53.0000 154.2857 0000001   0.0000 303.0000 15.13677000    01
Starlink-525 1542
1 01543U 00000ABC 00001.00000000  .00000000  00000-0  00000+0 0    06
2 01543  53.0000 154.2857 0000001   0.0000 306.0000 15.13677000    05
Starlink-525 1543
1 01544U 00000ABC 00001.00000000  .00000000  00000-0  00000+0 0    07
2 01544  53.0000 154.2857 0000001   0.0000 309.0000 15.13677000    09
Starlink-525 1544
1 01545U 00000ABC 00001.00000000  .00000000  00000-0  00000+0 0    08
2 01545  53.0000 154.2857 0000001   0.0000 312.0000 15.13677000    04
Starlink-525 1545
1 01546U 00000ABC 00001.00000000  .00000000  00000-0  00000+0 0    09
2 01546  53.0000 154.2857 0000001   0.0000 315.0000 15.13677000    08
Starlink-525 1546
1 01547U 00000ABC 00001.00000000  .00000000  00000-0  00000+0 0    00
2 01547  53.0000 154.2857 0000001   0.0000 318.0000 15.13677000    02
Starlink-525 1547
1 01548U 00000ABC 00001.00000000  .00000000  00000-0  00000+0 0    01
2 01548  53.0000 154.2857 0000001   0.0000 321.0000 15.13677000    07
Starlink-525 1548
1 01549U 00000ABC 00001.00000000  .00000000  00000-0  00000+0 0    02
2 01549  53.0000 154.2857 0000001   0.0000 324.0000 15.13677000    01
Starlink-525 1549
1 01550U 00000ABC 00001.00000000  .00000000  00000-0  00000+0 0    04
2 01550  53.0000 154.2857 0000001   0.0000 327.0000 15.13677000    06
Starlink-525 1550
1 01551U 00000ABC 00001.00000000  .00000000  00000-0  00000+0 0    05
2 01551  53.0000 154.2857 0000001   0.0000 330.0000 15.13677000    01
Starlink-525 1551
1 01552U 00000ABC 00001.00000000  .00000000  00000-0  00000+0 0    06
2 01552  53.0000 154.2857 0000001   0.0000 333.0000 15.13677000    05
Starlink-525 1552
1 01553U 00000ABC 00001.00000000  .00000000  00000-0  00000+0 0    07
2 01553  53.0000 154.2857 0000001   0.0000 336.0000 15.13677000    09
Starlink-525 1553
1 01554U 00000ABC 00001.00000000  .00000000  00000-0  00000+0 0    08
2 01554  53.0000 154.2857 0000001   0.0000 339.0000 15.13677000    03
Starlink-525 1554
1 01555U 00000ABC 00001.00000000  .00000000  00000-0  00000+0 0    09
2 01555  53.0000 154.2857 0000001   0.0000 342.0000 15.13677000    08
Starlink-525 1555
1 01556U 00000ABC 00001.00000000  .00000000  00000-0  00000+0 0    00
2 01556  53.0000 154.2857 0000001   0.0000 345.0000 15.13677000    02
Starlink-525 1556
1 01557U 00000ABC 00001.00000000  .00000000  00000-0  00000+0 0    01
2 01557  53.0000 154.2857 0000001   0.0000 348.0000 15.13677000    06
Starlink-525 1557
1 01558U 00000ABC 00001.00000000  .00000000  00000-0  00000+0 0    02
2 01558  53.0000 154.2857 0000001   0.0000 351.0000 15.13677000    01
Starlink-525 1558
1 01559U 00000ABC 00001.00000000  .00000000  00000-0  00000+0 0    03
2 01559  53.0000 154.2857 0000001   0.0000 354.0000 15.13677000    05
Starlink-525 1559
1 01560U 00000ABC 00001.00000000  .00000000  00000-0  00000+0 0    05
2 01560  53.0000 154.2857 0000001   0.0000 357.0000 15.13677000    00
Starlink-525 1560
1 01561U 00000ABC 00001.00000000  .00000000  00000-0  00000+0 0    06
2 01561  53.0000 167.1429 0000001   0.0000   1.5000 15.13677000    00
Starlink-525 1561
1 01562U 00000ABC 00001.00000000  .00000000  00000-0  00000+0 0    07
2 01562  53.0000 167.1429 0000001   0.0000   4.5000 15.13677000    04
Starlink-525 1562
1 01563U 00000ABC 00001.00000000  .00000000  00000-0  00000+0 0    08
2 01563  53.0000 167.1429 0000001   0.0000   7.5000 15.13677000    08
Starlink-525 1563
1 01564U 00000ABC 00001.00000000  .00000000  00000-0  00000+0 0    09
2 01564  53.0000 167.1429 0000001   0.0000  10.5000 15.13677000    03
Starlink-525 1564
1 01565U 00000ABC 00001.00000000  .00000000  00000-0  00000+0 0    00
2 01565  53.0000 167.1429 0000001   0.0000  13.5000 15.13677000    07
Starlink-525 1565
1 01566U 00000ABC 00001.00000000  .00000000  00000-0  00000+0 0    01
2 01566  53.0000 167.1429 0000001   0.0000  16.5000 15.13677000    01
Starlink-525 1566
1 01567U 00000ABC 00001.00000000  .00000000  00000-0  00000+0 0    02
2 01567  53.0000 167.1429 0000001   0.0000  19.5000 15.13677000    05
Starlink-525 1567
1 01568U 00000ABC 00001.00000000  .00000000  00000-0  00000+0 0    03
2 01568  53.0000 167.1429 0000001   0.0000  22.5000 15.13677000    00
Starlink-525 1568
1 01569U 00000ABC 00001.00000000  .00000000  00000-0  00000+0 0    04
2 01569  53.0000 167.1429 0000001   0.0000  25.5000 15.13677000    04
Starlink-525 1569
1 01570U 00000ABC 00001.00000000  .00000000  00000-0  00000+0 0    06
2 01570  53.0000 167.1429 0000001   0.0000  28.5000 15.13677000    09
Starlink-525 1570
1 01571U 00000ABC 00001.00000000  .00000000  00000-0  00000+0 0    07
2 01571  53.0000 167.1429 0000001   0.0000  31.5000 15.13677000    04
Starlink-525 1571
1 01572U 00000ABC 00001.00000000  .00000000  00000-0  00000+0 0    08
2 01572  53.0000 167.1429 0000001   0.0000  34.5000 15.13677000    08
Starlink-525 1572
1 01573U 00000ABC 00001.00000000  .00000000  00000-0  00000+0 0    09
2 01573  53.0000 167.1429 0000001   0.0000  37.5000 15.13677000    02
Starlink-525 1573
1 01574U 00000ABC 00001.00000000  .00000000  00000-0  00000+0 0    00
2 01574  53.0000 167.1429 0000001   0.0000  40.5000 15.13677000    07
Starlink-525 1574
1 01575U 00000ABC 00001.00000000  .00000000  00000-0  00000+0 0    01
2 01575  53.0000 167.1429 0000001   0.0000  43.5000 15.13677000    01
Starlink-525 1575
1 01576U 00000ABC 00001.00000000  .00000000  00000-0  00000+0 0    02
2 01576  53.0000 167.1429 0000001   0.0000  46.5000 15.13677000    05
Starlink-525 1576
1 01577U 00000ABC 00001.00000000  .00000000  00000-0  00000+0 0    03
2 01577  53.0000 167.1429 0000001   0.0000  49.5000 15.13677000    09
Starlink-525 1577
1 01578U 00000ABC 00001.00000000  .00000000  00000-0  00000+0 0    04
2 01578  53.0000 167.1429 0000001   0.0000  52.5000 15.13677000    04
Starlink-525 1578
1 01579U 00000ABC 00001.00000000  .00000000  00000-0  00000+0 0    05
2 01579  53.0000 167.1429 0000001   0.0000  55.5000 15.13677000    08
Starlink-525 1579
1 01580U 00000ABC 00001.00000000  .00000000  00000-0  00000+0 0    07
2 01580  53.0000 167.1429 0000001   0.0000  58.5000 15.13677000    03
Starlink-525 1580
1 01581U 00000ABC 00001.00000000  .00000000  00000-0  00000+0 0    08
2 01581  53.0000 167.1429 0000001   0.0000  61.5000 15.13677000    08
Starlink-525 1581
1 01582U 00000ABC 00001.00000000  .00000000  00000-0  00000+0 0    09
2 01582  53.0000 167.1429 0000001   0.0000  64.5000 15.13677000    02
Starlink-525 1582
1 01583U 00000ABC 00001.00000000  .00000000  00000-0  00000+0 0    00
2 01583  53.0000 167.1429 0000001   0.0000  67.5000 15.13677000    06
Starlink-525 1583
1 01584U 00000ABC 00001.00000000  .00000000  00000-0  00000+0 0    01
2 01584  53.0000 167.1429 0000001   0.0000  70.5000 15.13677000    01
Starlink-525 1584
1 01585U 00000ABC 00001.00000000  .00000000  00000-0  00000+0 0    02
2 01585  53.0000 167.1429 0000001   0.0000  73.5000 15.13677000    05
Starlink-525 1585
1 01586U 00000ABC 00001.00000000  .00000000  00000-0  00000+0 0    03
2 01586  53.0000 167.1429 0000001   0.0000  76.5000 15.13677000    09
Starlink-525 1586
1 01587U 00000ABC 00001.00000000  .00000000  00000-0  00000+0 0    04
2 01587  53.0000 167.1429 0000001   0.0000  79.5000 15.13677000    03
Starlink-525 1587
1 01588U 00000ABC 00001.00000000  .00000000  00000-0  00000+0 0    05
2 01588  53.0000 167.1429 0000001   0.0000  82.5000 15.13677000    08
Starlink-525 1588
1 01589U 00000ABC 00001.00000000  .00000000  00000-0  00000+0 0    06
2 01589  53.0000 167.1429 0000001   0.0000  85.5000 15.13677000    02
Starlink-525 1589
1 01590U 00000ABC 00001.00000000  .00000000  00000-0  00000+0 0    08
2 01590  53.0000 167.1429 0000001   0.0000  88.5000 15.13677000    07
Starlink-525 1590
1 01591U 00000ABC 00001.00000000  .00000000  00000-0  00000+0 0    09
2 01591  53.0000 167.1429 0000001   0.0000  91.5000 15.13677000    02
Starlink-525 1591
1 01592U 00000ABC 00001.00000000  .00000000  00000-0  00000+0 0    00
2 01592  53.0000 167.1429 0000001   0.0000  94.5000 15.13677000    06
Starlink-525 1592
1 01593U 00000ABC 00001.00000000  .00000000  00000-0  00000+0 0    01
2 01593  53.0000 167.1429 0000001   0.0000  97.5000 15.13677000    00
Starlink-525 1593
1 01594U 00000ABC 00001.00000000  .00000000  00000-0  00000+0 0    02
2 01594  53.0000 167.1429 0000001   0.0000 100.5000 15.13677000    06
Starlink-525 1594
1 01595U 00000ABC 00001.00000000  .00000000  00000-0  00000+0 0    03
2 01595  53.0000 167.1429 0000001   0.0000 103.5000 15.13677000    00
Starlink-525 1595
1 01596U 00000ABC 00001.00000000  .00000000  00000-0  00000+0 0    04
2 01596  53.0000 167.1429 0000001   0.0000 106.5000 15.13677000    04
Starlink-525 1596
1 01597U 00000ABC 00001.00000000  .00000000  00000-0  00000+0 0    05
2 01597  53.0000 167.1429 0000001   0.0000 109.5000 15.13677000    08
Starlink-525 1597
1 01598U 00000ABC 00001.00000000  .00000000  00000-0  00000+0 0    06
2 01598  53.0000 167.1429 0000001   0.0000 112.5000 15.13677000    03
Starlink-525 1598
1 01599U 00000ABC 00001.00000000  .00000000  00000-0  00000+0 0    07
2 01599  53.0000 167.1429 0000001   0.0000 115.5000 15.13677000    07
Starlink-525 1599
1 01600U 00000ABC 00001.00000000  .00000000  00000-0  00000+0 0    00
2 01600  53.0000 167.1429 0000001   0.0000 118.5000 15.13677000    03
Starlink-525 1600
1 01601U 00000ABC 00001.00000000  .00000000  00000-0  00000+0 0    01
2 01601  53.0000 167.1429 0000001   0.0000 121.5000 15.13677000    08
Starlink-525 1601
1 01602U 00000ABC 00001.00000000  .00000000  00000-0  00000+0 0    02
2 01602  53.0000 167.1429 0000001   0.0000 124.5000 15.13677000    02
Starlink-525 1602
1 01603U 00000ABC 00001.00000000  .00000000  00000-0  00000+0 0    03
2 01603  53.0000 167.1429 0000001   0.0000 127.5000 15.13677000    06
Starlink-525 1603
1 01604U 00000ABC 00001.00000000  .00000000  00000-0  00000+0 0    04
2 01604  53.0000 167.1429 0000001   0.0000 130.5000 15.13677000    01
Starlink-525 1604
1 01605U 00000ABC 00001.00000000  .00000000  00000-0  00000+0 0    05
2 01605  53.0000 167.1429 0000001   0.0000 133.5000 15.13677000    05
Starlink-525 1605
1 01606U 00000ABC 00001.00000000  .00000000  00000-0  00000+0 0    06
2 01606  53.0000 167.1429 0000001   0.0000 136.5000 15.13677000    09
Starlink-525 1606
1 01607U 00000ABC 00001.00000000  .00000000  00000-0  00000+0 0    07
2 01607  53.0000 167.1429 0000001   0.0000 139.5000 15.13677000    03
Starlink-525 1607
1 01608U 00000ABC 00001.00000000  .00000000  00000-0  00000+0 0    08
2 01608  53.0000 167.1429 0000001   0.0000 142.5000 15.13677000    08
Starlink-525 1608
1 01609U 00000ABC 00001.00000000  .00000000  00000-0  00000+0 0    09
2 01609  53.0000 167.1429 0000001   0.0000 145.5000 15.13677000    02
Starlink-525 1609
1 01610U 00000ABC 00001.00000000  .00000000  00000-0  00000+0 0    01
2 01610  53.0000 167.1429 0000001   0.0000 148.5000 15.13677000    07
Starlink-525 1610
1 01611U 00000ABC 00001.00000000  .00000000  00000-0  00000+0 0    02
2 01611  53.0000 167.1429 0000001   0.0000 151.5000 15.13677000    02
Starlink-525 1611
1 01612U 00000ABC 00001.00000000  .00000000  00000-0  00000+0 0    03
2 01612  53.0000 167.1429 0000001   0.0000 154.5000 15.13677000    06
Starlink-525 1612
1 01613U 00000ABC 00001.00000000  .00000000  00000-0  00000+0 0    04
2 01613  53.0000 167.1429 0000001   0.0000 157.5000 15.13677000    00
Starlink-525 1613
1 01614U 00000ABC 00001.00000000  .00000000  00000-0  00000+0 0    05
2 01614  53.0000 167.1429 0000001   0.0000 160.5000 15.13677000    05
Starlink-525 1614
1 01615U 00000ABC 00001.00000000  .00000000  00000-0  00000+0 0    06
2 01615  53.0000 167.1429 0000001   0.0000 163.5000 15.13677000    09
Starlink-525 1615
1 01616U 00000ABC 00001.00000000  .00000000  00000-0  00000+0 0    07
2 01616  53.0000 167.1429 0000001   0.0000 166.5000 15.13677000    03
Starlink-525 1616
1 01617U 00000ABC 00001.00000000  .00000000  00000-0  00000+0 0    08
2 01617  53.0000 167.1429 0000001   0.0000 169.5000 15.13677000    07
Starlink-525 1617
1 01618U 00000ABC 00001.00000000  .00000000  00000-0  00000+0 0    09
2 01618  53.0000 167.1429 0000001   0.0000 172.5000 15.13677000    02
Starlink-525 1618
1 01619U 00000ABC 00001.00000000  .00000000  00000-0  00000+0 0    00
2 01619  53.0000 167.1429 0000001   0.0000 175.5000 15.13677000    06
Starlink-525 1619
1 01620U 00000ABC 00001.00000000  .00000000  00000-0  00000+0 0    02
2 01620  53.0000 167.1429 0000001   0.0000 178.5000 15.13677000    01
Starlink-525 1620
1 01621U 00000ABC 00001.00000000  .00000000  00000-0  00000+0 0    03
2 01621  53.0000 167.1429 0000001   0.0000 181.5000 15.13677000    06
Starlink-525 1621
1 01622U 00000ABC 00001.00000000  .00000000  00000-0  00000+0 0    04
2 01622  53.0000 167.1429 0000001   0.0000 184.5000 15.13677000    00
Starlink-525 1622
1 01623U 00000ABC 00001.00000000  .00000000  00000-0  00000+0 0    05
2 01623  53.0000 167.1429 0000001   0.0000 187.5000 15.13677000    04
Starlink-525 1623
1 01624U 00000ABC 00001.00000000  .00000000  00000-0  00000+0 0    06
2 01624  53.0000 167.1429 0000001   0.0000 190.5000 15.13677000    09
Starlink-525 1624
1 01625U 00000ABC 00001.00000000  .00000000  00000-0  00000+0 0    07
2 01625  53.0000 167.1429 0000001   0.0000 193.5000 15.13677000    03
Starlink-525 1625
1 01626U 00000ABC 00001.00000000  .00000000  00000-0  00000+0 0    08
2 01626  53.0000 167.1429 0000001   0.0000 196.5000 15.13677000    07
Starlink-525 1626
1 01627U 00000ABC 00001.00000000  .00000000  00000-0  00000+0 0    09
2 01627  53.0000 167.1429 0000001   0.0000 199.5000 15.13677000    01
Starlink-525 1627
1 01628U 00000ABC 00001.00000000  .00000000  00000-0  00000+0 0    00
2 01628  53.0000 167.1429 0000001   0.0000 202.5000 15.13677000    07
Starlink-525 1628
1 01629U 00000ABC 00001.00000000  .00000000  00000-0  00000+0 0    01
2 01629  53.0000 167.1429 0000001   0.0000 205.5000 15.13677000    01
Starlink-525 1629
1 01630U 00000ABC 00001.00000000  .00000000  00000-0  00000+0 0    03
2 01630  53.0000 167.1429 0000001   0.0000 208.5000 15.13677000    06
Starlink-525 1630
1 01631U 00000ABC 00001.00000000  .00000000  00000-0  00000+0 0    04
2 01631  53.0000 167.1429 0000001   0.0000 211.5000 15.13677000    01
Starlink-525 1631
1 01632U 00000ABC 00001.00000000  .00000000  00000-0  00000+0 0    05
2 01632  53.0000 167.1429 0000001   0.0000 214.5000 15.13677000    05
Starlink-525 1632
1 01633U 00000ABC 00001.00000000  .00000000  00000-0  00000+0 0    06
2 01633  53.0000 167.1429 0000001   0.0000 217.5000 15.13677000    09
Starlink-525 1633
1 01634U 00000ABC 00001.00000000  .00000000  00000-0  00000+0 0    07
2 01634  53.0000 167.1429 0000001   0.0000 220.5000 15.13677000    04
Starlink-525 1634
1 01635U 00000ABC 00001.00000000  .00000000  00000-0  00000+0 0    08
2 01635  53.0000 167.1429 0000001   0.0000 223.5000 15.13677000    08
Starlink-525 1635
1 01636U 00000ABC 00001.00000000  .00000000  00000-0  00000+0 0    09
2 01636  53.0000 167.1429 0000001   0.0000 226.5000 15.13677000    02
Starlink-525 1636
1 01637U 00000ABC 00001.00000000  .00000000  00000-0  00000+0 0    00
2 01637  53.0000 167.1429 0000001   0.0000 229.5000 15.13677000    06
Starlink-525 1637
1 01638U 00000ABC 00001.00000000  .00000000  00000-0  00000+0 0    01
2 01638  53.0000 167.1429 0000001   0.0000 232.5000 15.13677000    01
Starlink-525 1638
1 01639U 00000ABC 00001.00000000  .00000000  00000-0  00000+0 0    02
2 01639  53.0000 167.1429 0000001   0.0000 235.5000 15.13677000    05
Starlink-525 1639
1 01640U 00000ABC 00001.00000000  .00000000  00000-0  00000+0 0    04
2 01640  53.0000 167.1429 0000001   0.0000 238.5000 15.13677000    00
Starlink-525 1640
1 01641U 00000ABC 00001.00000000  .00000000  00000-0  00000+0 0    05
2 01641  53.0000 167.1429 0000001   0.0000 241.5000 15.13677000    05
Starlink-525 1641
1 01642U 00000ABC 00001.00000000  .00000000  00000-0  00000+0 0    06
2 01642  53.0000 167.1429 0000001   0.0000 244.5000 15.13677000    09
Starlink-525 1642
1 01643U 00000ABC 00001.00000000  .00000000  00000-0  00000+0 0    07
2 01643  53.0000 167.1429 0000001   0.0000 247.5000 15.13677000    03
Starlink-525 1643
1 01644U 00000ABC 00001.00000000  .00000000  00000-0  00000+0 0    08
2 01644  53.0000 167.1429 0000001   0.0000 250.5000 15.13677000    08
Starlink-525 1644
1 01645U 00000ABC 00001.00000000  .00000000  00000-0  00000+0 0    09
2 01645  53.0000 167.1429 0000001   0.0000 253.5000 15.13677000    02
Starlink-525 1645
1 01646U 00000ABC 00001.00000000  .00000000  00000-0  00000+0 0    00
2 01646  53.0000 167.1429 0000001   0.0000 256.5000 15.13677000    06
Starlink-525 1646
1 01647U 00000ABC 00001.00000000  .00000000  00000-0  00000+0 0    01
2 01647  53.0000 167.1429 0000001   0.0000 259.5000 15.13677000    00
Starlink-525 1647
1 01648U 00000ABC 00001.00000000  .00000000  00000-0  00000+0 0    02
2 01648  53.0000 167.1429 0000001   0.0000 262.5000 15.13677000    05
Starlink-525 1648
1 01649U 00000ABC 00001.00000000  .00000000  00000-0  00000+0 0    03
2 01649  53.0000 167.1429 0000001   0.0000 265.5000 15.13677000    09
Starlink-525 1649
1 01650U 00000ABC 00001.00000000  .00000000  00000-0  00000+0 0    05
2 01650  53.0000 167.1429 0000001   0.0000 268.5000 15.13677000    04
Starlink-525 1650
1 01651U 00000ABC 00001.00000000  .00000000  00000-0  00000+0 0    06
2 01651  53.0000 167.1429 0000001   0.0000 271.5000 15.13677000    09
Starlink-525 1651
1 01652U 00000ABC 00001.00000000  .00000000  00000-0  00000+0 0    07
2 01652  53.0000 167.1429 0000001   0.0000 274.5000 15.13677000    03
Starlink-525 1652
1 01653U 00000ABC 00001.00000000  .00000000  00000-0  00000+0 0    08
2 01653  53.0000 167.1429 0000001   0.0000 277.5000 15.13677000    07
Starlink-525 1653
1 01654U 00000ABC 00001.00000000  .00000000  00000-0  00000+0 0    09
2 01654  53.0000 167.1429 0000001   0.0000 280.5000 15.13677000    02
Starlink-525 1654
1 01655U 00000ABC 00001.00000000  .00000000  00000-0  00000+0 0    00
2 01655  53.0000 167.1429 0000001   0.0000 283.5000 15.13677000    06
Starlink-525 1655
1 01656U 00000ABC 00001.00000000  .00000000  00000-0  00000+0 0    01
2 01656  53.0000 167.1429 0000001   0.0000 286.5000 15.13677000    00
Starlink-525 1656
1 01657U 00000ABC 00001.00000000  .00000000  00000-0  00000+0 0    02
2 01657  53.0000 167.1429 0000001   0.0000 289.5000 15.13677000    04
Starlink-525 1657
1 01658U 00000ABC 00001.00000000  .00000000  00000-0  00000+0 0    03
2 01658  53.0000 167.1429 0000001   0.0000 292.5000 15.13677000    09
Starlink-525 1658
1 01659U 00000ABC 00001.00000000  .00000000  00000-0  00000+0 0    04
2 01659  53.0000 167.1429 0000001   0.0000 295.5000 15.13677000    03
Starlink-525 1659
1 01660U 00000ABC 00001.00000000  .00000000  00000-0  00000+0 0    06
2 01660  53.0000 167.1429 0000001   0.0000 298.5000 15.13677000    08
Starlink-525 1660
1 01661U 00000ABC 00001.00000000  .00000000  00000-0  00000+0 0    07
2 01661  53.0000 167.1429 0000001   0.0000 301.5000 15.13677000    04
Starlink-525 1661
1 01662U 00000ABC 00001.00000000  .00000000  00000-0  00000+0 0    08
2 01662  53.0000 167.1429 0000001   0.0000 304.5000 15.13677000    08
Starlink-525 1662
1 01663U 00000ABC 00001.00000000  .00000000  00000-0  00000+0 0    09
2 01663  53.0000 167.1429 0000001   0.0000 307.5000 15.13677000    02
Starlink-525 1663
1 01664U 00000ABC 00001.00000000  .00000000  00000-0  00000+0 0    00
2 01664  53.0000 167.1429 0000001   0.0000 310.5000 15.13677000    07
Starlink-525 1664
1 01665U 00000ABC 00001.00000000  .00000000  00000-0  00000+0 0    01
2 01665  53.0000 167.1429 0000001   0.0000 313.5000 15.13677000    01
Starlink-525 1665
1 01666U 00000ABC 00001.00000000  .00000000  00000-0  00000+0 0    02
2 01666  53.0000 167.1429 0000001   0.0000 316.5000 15.13677000    05
Starlink-525 1666
1 01667U 00000ABC 00001.00000000  .00000000  00000-0  00000+0 0    03
2 01667  53.0000 167.1429 0000001   0.0000 319.5000 15.13677000    09
Starlink-525 1667
1 01668U 00000ABC 00001.00000000  .00000000  00000-0  00000+0 0    04
2 01668  53.0000 167.1429 0000001   0.0000 322.5000 15.13677000    04
Starlink-525 1668
1 01669U 00000ABC 00001.00000000  .00000000  00000-0  00000+0 0    05
2 01669  53.0000 167.1429 0000001   0.0000 325.5000 15.13677000    08
Starlink-525 1669
1 01670U 00000ABC 00001.00000000  .00000000  00000-0  00000+0 0    07
2 01670  53.0000 167.1429 0000001   0.0000 328.5000 15.13677000    03
Starlink-525 1670
1 01671U 00000ABC 00001.00000000  .00000000  00000-0  00000+0 0    08
2 01671  53.0000 167.1429 0000001   0.0000 331.5000 15.13677000    08
Starlink-525 1671
1 01672U 00000ABC 00001.00000000  .00000000  00000-0  00000+0 0    09
2 01672  53.0000 167.1429 0000001   0.0000 334.5000 15.13677000    02
Starlink-525 1672
1 01673U 00000ABC 00001.00000000  .00000000  00000-0  00000+0 0    00
2 01673  53.0000 167.1429 0000001   0.0000 337.5000 15.13677000    06
Starlink-525 1673
1 01674U 00000ABC 00001.00000000  .00000000  00000-0  00000+0 0    01
2 01674  53.0000 167.1429 0000001   0.0000 340.5000 15.13677000    01
Starlink-525 1674
1 01675U 00000ABC 00001.00000000  .00000000  00000-0  00000+0 0    02
2 01675  53.0000 167.1429 0000001   0.0000 343.5000 15.13677000    05
Starlink-525 1675
1 01676U 00000ABC 00001.00000000  .00000000  00000-0  00000+0 0    03
2 01676  53.0000 167.1429 0000001   0.0000 346.5000 15.13677000    09
Starlink-525 1676
1 01677U 00000ABC 00001.00000000  .00000000  00000-0  00000+0 0    04
2 01677  53.0000 167.1429 0000001   0.0000 349.5000 15.13677000    03
Starlink-525 1677
1 01678U 00000ABC 00001.00000000  .00000000  00000-0  00000+0 0    05
2 01678  53.0000 167.1429 0000001   0.0000 352.5000 15.13677000    08
Starlink-525 1678
1 01679U 00000ABC 00001.00000000  .00000000  00000-0  00000+0 0    06
2 01679  53.0000 167.1429 0000001   0.0000 355.5000 15.13677000    02
Starlink-525 1679
1 01680U 00000ABC 00001.00000000  .00000000  00000-0  00000+0 0    08
2 01680  53.0000 167.1429 0000001   0.0000 358.5000 15.13677000    07
Starlink-525 1680
1 01681U 00000ABC 00001.00000000  .00000000  00000-0  00000+0 0    09
2 01681  53.0000 180.0000 0000001   0.0000   0.0000 15.13677000    06
Starlink-525 1681
1 01682U 00000ABC 00001.00000000  .00000000  00000-0  00000+0 0    00
2 01682  53.0000 180.0000 0000001   0.0000   3.0000 15.13677000    00
Starlink-525 1682
1 01683U 00000ABC 00001.00000000  .00000000  00000-0  00000+0 0    01
2 01683  53.0000 180.0000 0000001   0.0000   6.0000 15.13677000    04
Starlink-525 1683
1 01684U 00000ABC 00001.00000000  .00000000  00000-0  00000+0 0    02
2 01684  53.0000 180.0000 0000001   0.0000   9.0000 15.13677000    08
Starlink-525 1684
1 01685U 00000ABC 00001.00000000  .00000000  00000-0  00000+0 0    03
2 01685  53.0000 180.0000 0000001   0.0000  12.0000 15.13677000    03
Starlink-525 1685
1 01686U 00000ABC 00001.00000000  .00000000  00000-0  00000+0 0    04
2 01686  53.0000 180.0000 0000001   0.0000  15.0000 15.13677000    07
Starlink-525 1686
1 01687U 00000ABC 00001.00000000  .00000000  00000-0  00000+0 0    05
2 01687  53.0000 180.0000 0000001   0.0000  18.0000 15.13677000    01
Starlink-525 1687
1 01688U 00000ABC 00001.00000000  .00000000  00000-0  00000+0 0    06
2 01688  53.0000 180.0000 0000001   0.0000  21.0000 15.13677000    06
Starlink-525 1688
1 01689U 00000ABC 00001.00000000  .00000000  00000-0  00000+0 0    07
2 01689  53.0000 180.0000 0000001   0.0000  24.0000 15.13677000    00
Starlink-525 1689
1 01690U 00000ABC 00001.00000000  .00000000  00000-0  00000+0 0    09
2 01690  53.0000 180.0000 0000001   0.0000  27.0000 15.13677000    05
Starlink-525 1690
1 01691U 00000ABC 00001.00000000  .00000000  00000-0  00000+0 0    00
2 01691  53.0000 180.0000 0000001   0.0000  30.0000 15.13677000    00
Starlink-525 1691
1 01692U 00000ABC 00001.00000000  .00000000  00000-0  00000+0 0    01
2 01692  53.0000 180.0000 0000001   0.0000  33.0000 15.13677000    04
Starlink-525 1692
1 01693U 00000ABC 00001.00000000  .00000000  00000-0  00000+0 0    02
2 01693  53.0000 180.0000 0000001   0.0000  36.0000 15.13677000    08
Starlink-525 1693
1 01694U 00000ABC 00001.00000000  .00000000  00000-0  00000+0 0    03
2 01694  53.0000 180.0000 0000001   0.0000  39.0000 15.13677000    02
Starlink-525 1694
1 01695U 00000ABC 00001.00000000  .00000000  00000-0  00000+0 0    04
2 01695  53.0000 180.0000 0000001   0.0000  42.0000 15.13677000    07
Starlink-525 1695
1 01696U 00000ABC 00001.00000000  .00000000  00000-0  00000+0 0    05
2 01696  53.0000 180.0000 0000001   0.0000  45.0000 15.13677000    01
Starlink-525 1696
1 01697U 00000ABC 00001.00000000  .00000000  00000-0  00000+0 0    06
2 01697  53.0000 180.0000 0000001   0.0000  48.0000 15.13677000    05
Starlink-525 1697
1 01698U 00000ABC 00001.00000000  .00000000  00000-0  00000+0 0    07
2 01698  53.0000 180.0000 0000001   0.0000  51.0000 15.13677000    00
Starlink-525 1698
1 01699U 00000ABC 00001.00000000  .00000000  00000-0  00000+0 0    08
2 01699  53.0000 180.0000 0000001   0.0000  54.0000 15.13677000    04
Starlink-525 1699
1 01700U 00000ABC 00001.00000000  .00000000  00000-0  00000+0 0    01
2 01700  53.0000 180.0000 0000001   0.0000  57.0000 15.13677000    00
Starlink-525 1700
1 01701U 00000ABC 00001.00000000  .00000000  00000-0  00000+0 0    02
2 01701  53.0000 180.0000 0000001   0.0000  60.0000 15.13677000    05
Starlink-525 1701
1 01702U 00000ABC 00001.00000000  .00000000  00000-0  00000+0 0    03
2 01702  53.0000 180.0000 0000001   0.0000  63.0000 15.13677000    09
Starlink-525 1702
1 01703U 00000ABC 00001.00000000  .00000000  00000-0  00000+0 0    04
2 01703  53.0000 180.0000 0000001   0.0000  66.0000 15.13677000    03
Starlink-525 1703
1 01704U 00000ABC 00001.00000000  .00000000  00000-0  00000+0 0    05
2 01704  53.0000 180.0000 0000001   0.0000  69.0000 15.13677000    07
Starlink-525 1704
1 01705U 00000ABC 00001.00000000  .00000000  00000-0  00000+0 0    06
2 01705  53.0000 180.0000 0000001   0.0000  72.0000 15.13677000    02
Starlink-525 1705
1 01706U 00000ABC 00001.00000000  .00000000  00000-0  00000+0 0    07
2 01706  53.0000 180.0000 0000001   0.0000  75.0000 15.13677000    06
Starlink-525 1706
1 01707U 00000ABC 00001.00000000  .00000000  00000-0  00000+0 0    08
2 01707  53.0000 180.0000 0000001   0.0000  78.0000 15.13677000    00
Starlink-525 1707
1 01708U 00000ABC 00001.00000000  .00000000  00000-0  00000+0 0    09
2 01708  53.0000 180.0000 0000001   0.0000  81.0000 15.13677000    05
Starlink-525 1708
1 01709U 00000ABC 00001.00000000  .00000000  00000-0  00000+0 0    00
2 01709  53.0000 180.0000 0000001   0.0000  84.0000 15.13677000    09
Starlink-525 1709
1 01710U 00000ABC 00001.00000000  .00000000  00000-0  00000+0 0    02
2 01710  53.0000 180.0000 0000001   0.0000  87.0000 15.13677000    04
Starlink-525 1710
1 01711U 00000ABC 00001.00000000  .00000000  00000-0  00000+0 0    03
2 01711  53.0000 180.0000 0000001   0.0000  90.0000 15.13677000    09
Starlink-525 1711
1 01712U 00000ABC 00001.00000000  .00000000  00000-0  00000+0 0    04
2 01712  53.0000 180.0000 0000001   0.0000  93.0000 15.13677000    03
Starlink-525 1712
1 01713U 00000ABC 00001.00000000  .00000000  00000-0  00000+0 0    05
2 01713  53.0000 180.0000 0000001   0.0000  96.0000 15.13677000    07
Starlink-525 1713
1 01714U 00000ABC 00001.00000000  .00000000  00000-0  00000+0 0    06
2 01714  53.0000 180.0000 0000001   0.0000  99.0000 15.13677000    01
Starlink-525 1714
1 01715U 00000ABC 00001.00000000  .00000000  00000-0  00000+0 0    07
2 01715  53.0000 180.0000 0000001   0.0000 102.0000 15.13677000    07
Starlink-525 1715
1 01716U 00000ABC 00001.00000000  .00000000  00000-0  00000+0 0    08
2 01716  53.0000 180.0000 0000001   0.0000 105.0000 15.13677000    01
Starlink-525 1716
1 01717U 00000ABC 00001.00000000  .00000000  00000-0  00000+0 0    09
2 01717  53.0000 180.0000 0000001   0.0000 108.0000 15.13677000    05
Starlink-525 1717
1 01718U 00000ABC 00001.00000000  .00000000  00000-0  00000+0 0    00
2 01718  53.0000 180.0000 0000001   0.0000 111.0000 15.13677000    00
Starlink-525 1718
1 01719U 00000ABC 00001.00000000  .00000000  00000-0  00000+0 0    01
2 01719  53.0000 180.0000 0000001   0.0000 114.0000 15.13677000    04
Starlink-525 1719
1 01720U 00000ABC 00001.00000000  .00000000  00000-0  00000+0 0    03
2 01720  53.0000 180.0000 0000001   0.0000 117.0000 15.13677000    09
Starlink-525 1720
1 01721U 00000ABC 00001.00000000  .00000000  00000-0  00000+0 0    04
2 01721  53.0000 180.0000 0000001   0.0000 120.0000 15.13677000    04
Starlink-525 1721
1 01722U 00000ABC 00001.00000000  .00000000  00000-0  00000+0 0    05
2 01722  53.0000 180.0000 0000001   0.0000 123.0000 15.13677000    08
Starlink-525 1722
1 01723U 00000ABC 00001.00000000  .00000000  00000-0  00000+0 0    06
2 01723  53.0000 180.0000 0000001   0.0000 126.0000 15.13677000    02
Starlink-525 1723
1 01724U 00000ABC 00001.00000000  .00000000  00000-0  00000+0 0    07
2 01724  53.0000 180.0000 0000001   0.0000 129.0000 15.13677000    06
Starlink-525 1724
1 01725U 00000ABC 00001.00000000  .00000000  00000-0  00000+0 0    08
2 01725  53.0000 180.0000 0000001   0.0000 132.0000 15.13677000    01
Starlink-525 1725
1 01726U 00000ABC 00001.00000000  .00000000  00000-0  00000+0 0    09
2 01726  53.0000 180.0000 0000001   0.0000 135.0000 15.13677000    05
Starlink-525 1726
1 01727U 00000ABC 00001.00000000  .00000000  00000-0  00000+0 0    00
2 01727  53.0000 180.0000 0000001   0.0000 138.0000 15.13677000    09
Starlink-525 1727
1 01728U 00000ABC 00001.00000000  .00000000  00000-0  00000+0 0    01
2 01728  53.0000 180.0000 0000001   0.0000 141.0000 15.13677000    04
Starlink-525 1728
1 01729U 00000ABC 00001.00000000  .00000000  00000-0  00000+0 0    02
2 01729  53.0000 180.0000 0000001   0.0000 144.0000 15.13677000    08
Starlink-525 1729
1 01730U 00000ABC 00001.00000000  .00000000  00000-0  00000+0 0    04
2 01730  53.0000 180.0000 0000001   0.0000 147.0000 15.13677000    03
Starlink-525 1730
1 01731U 00000ABC 00001.00000000  .00000000  00000-0  00000+0 0    05
2 01731  53.0000 180.0000 0000001   0.0000 150.0000 15.13677000    08
Starlink-525 1731
1 01732U 00000ABC 00001.00000000  .00000000  00000-0  00000+0 0    06
2 01732  53.0000 180.0000 0000001   0.0000 153.0000 15.13677000    02
Starlink-525 1732
1 01733U 00000ABC 00001.00000000  .00000000  00000-0  00000+0 0    07
2 01733  53.0000 180.0000 0000001   0.0000 156.0000 15.13677000    06
Starlink-525 1733
1 01734U 00000ABC 00001.00000000  .00000000  00000-0  00000+0 0    08
2 01734  53.0000 180.0000 0000001   0.0000 159.0000 15.13677000    00
Starlink-525 1734
1 01735U 00000ABC 00001.00000000  .00000000  00000-0  00000+0 0    09
2 01735  53.0000 180.0000 0000001   0.0000 162.0000 15.13677000    05
Starlink-525 1735
1 01736U 00000ABC 00001.00000000  .00000000  00000-0  00000+0 0    00
2 01736  53.0000 180.0000 0000001   0.0000 165.0000 15.13677000    09
Starlink-525 1736
1 01737U 00000ABC 00001.00000000  .00000000  00000-0  00000+0 0    01
2 01737  53.0000 180.0000 0000001   0.0000 168.0000 15.13677000    03
Starlink-525 1737
1 01738U 00000ABC 00001.00000000  .00000000  00000-0  00000+0 0    02
2 01738  53.0000 180.0000 0000001   0.0000 171.0000 15.13677000    08
Starlink-525 1738
1 01739U 00000ABC 00001.00000000  .00000000  00000-0  00000+0 0    03
2 01739  53.0000 180.0000 0000001   0.0000 174.0000 15.13677000    02
Starlink-525 1739
1 01740U 00000ABC 00001.00000000  .00000000  00000-0  00000+0 0    05
2 01740  53.0000 180.0000 0000001   0.0000 177.0000 15.13677000    07
Starlink-525 1740
1 01741U 00000ABC 00001.00000000  .00000000  00000-0  00000+0 0    06
2 01741  53.0000 180.0000 0000001   0.0000 180.0000 15.13677000    02
Starlink-525 1741
1 01742U 00000ABC 00001.00000000  .00000000  00000-0  00000+0 0    07
2 01742  53.0000 180.0000 0000001   0.0000 183.0000 15.13677000    06
Starlink-525 1742
1 01743U 00000ABC 00001.00000000  .00000000  00000-0  00000+0 0    08
2 01743  53.0000 180.0000 0000001   0.0000 186.0000 15.13677000    00
Starlink-525 1743
1 01744U 00000ABC 00001.00000000  .00000000  00000-0  00000+0 0    09
2 01744  53.0000 180.0000 0000001   0.0000 189.0000 15.13677000    04
Starlink-525 1744
1 01745U 00000ABC 00001.00000000  .00000000  00000-0  00000+0 0    00
2 01745  53.0000 180.0000 0000001   0.0000 192.0000 15.13677000    09
Starlink-525 1745
1 01746U 00000ABC 00001.00000000  .00000000  00000-0  00000+0 0    01
2 01746  53.0000 180.0000 0000001   0.0000 195.0000 15.13677000    03
Starlink-525 1746
1 01747U 00000ABC 00001.00000000  .00000000  00000-0  00000+0 0    02
2 01747  53.0000 180.0000 0000001   0.0000 198.0000 15.13677000    07
Starlink-525 1747
1 01748U 00000ABC 00001.00000000  .00000000  00000-0  00000+0 0    03
2 01748  53.0000 180.0000 0000001   0.0000 201.0000 15.13677000    03
Starlink-525 1748
1 01749U 00000ABC 00001.00000000  .00000000  00000-0  00000+0 0    04
2 01749  53.0000 180.0000 0000001   0.0000 204.0000 15.13677000    07
Starlink-525 1749
1 01750U 00000ABC 00001.00000000  .00000000  00000-0  00000+0 0    06
2 01750  53.0000 180.0000 0000001   0.0000 207.0000 15.13677000    02
Starlink-525 1750
1 01751U 00000ABC 00001.00000000  .00000000  00000-0  00000+0 0    07
2 01751  53.0000 180.0000 0000001   0.0000 210.0000 15.13677000    07
Starlink-525 1751
1 01752U 00000ABC 00001.00000000  .00000000  00000-0  00000+0 0    08
2 01752  53.0000 180.0000 0000001   0.0000 213.0000 15.13677000    01
Starlink-525 1752
1 01753U 00000ABC 00001.00000000  .00000000  00000-0  00000+0 0    09
2 01753  53.0000 180.0000 0000001   0.0000 216.0000 15.13677000    05
Starlink-525 1753
1 01754U 00000ABC 00001.00000000  .00000000  00000-0  00000+0 0    00
2 01754  53.0000 180.0000 0000001   0.0000 219.0000 15.13677000    09
Starlink-525 1754
1 01755U 00000ABC 00001.00000000  .00000000  00000-0  00000+0 0    01
2 01755  53.0000 180.0000 0000001   0.0000 222.0000 15.13677000    04
Starlink-525 1755
1 01756U 00000ABC 00001.00000000  .00000000  00000-0  00000+0 0    02
2 01756  53.0000 180.0000 0000001   0.0000 225.0000 15.13677000    08
Starlink-525 1756
1 01757U 00000ABC 00001.00000000  .00000000  00000-0  00000+0 0    03
2 01757  53.0000 180.0000 0000001   0.0000 228.0000 15.13677000    02
Starlink-525 1757
1 01758U 00000ABC 00001.00000000  .00000000  00000-0  00000+0 0    04
2 01758  53.0000 180.0000 0000001   0.0000 231.0000 15.13677000    07
Starlink-525 1758
1 01759U 00000ABC 00001.00000000  .00000000  00000-0  00000+0 0    05
2 01759  53.0000 180.0000 0000001   0.0000 234.0000 15.13677000    01
Starlink-525 1759
1 01760U 00000ABC 00001.00000000  .00000000  00000-0  00000+0 0    07
2 01760  53.0000 180.0000 0000001   0.0000 237.0000 15.13677000    06
Starlink-525 1760
1 01761U 00000ABC 00001.00000000  .00000000  00000-0  00000+0 0    08
2 01761  53.0000 180.0000 0000001   0.0000 240.0000 15.13677000    01
Starlink-525 1761
1 01762U 00000ABC 00001.00000000  .00000000  00000-0  00000+0 0    09
2 01762  53.0000 180.0000 0000001   0.0000 243.0000 15.13677000    05
Starlink-525 1762
1 01763U 00000ABC 00001.00000000  .00000000  00000-0  00000+0 0    00
2 01763  53.0000 180.0000 0000001   0.0000 246.0000 15.13677000    09
Starlink-525 1763
1 01764U 00000ABC 00001.00000000  .00000000  00000-0  00000+0 0    01
2 01764  53.0000 180.0000 0000001   0.0000 249.0000 15.13677000    03
Starlink-525 1764
1 01765U 00000ABC 00001.00000000  .00000000  00000-0  00000+0 0    02
2 01765  53.0000 180.0000 0000001   0.0000 252.0000 15.13677000    08
Starlink-525 1765
1 01766U 00000ABC 00001.00000000  .00000000  00000-0  00000+0 0    03
2 01766  53.0000 180.0000 0000001   0.0000 255.0000 15.13677000    02
Starlink-525 1766
1 01767U 00000ABC 00001.00000000  .00000000  00000-0  00000+0 0    04
2 01767  53.0000 180.0000 0000001   0.0000 258.0000 15.13677000    06
Starlink-525 1767
1 01768U 00000ABC 00001.00000000  .00000000  00000-0  00000+0 0    05
2 01768  53.0000 180.0000 0000001   0.0000 261.0000 15.13677000    01
Starlink-525 1768
1 01769U 00000ABC 00001.00000000  .00000000  00000-0  00000+0 0    06
2 01769  53.0000 180.0000 0000001   0.0000 264.0000 15.13677000    05
Starlink-525 1769
1 01770U 00000ABC 00001.00000000  .00000000  00000-0  00000+0 0    08
2 01770  53.0000 180.0000 0000001   0.0000 267.0000 15.13677000    00
Starlink-525 1770
1 01771U 00000ABC 00001.00000000  .00000000  00000-0  00000+0 0    09
2 01771  53.0000 180.0000 0000001   0.0000 270.0000 15.13677000    05
Starlink-525 1771
1 01772U 00000ABC 00001.00000000  .00000000  00000-0  00000+0 0    00
2 01772  53.0000 180.0000 0000001   0.0000 273.0000 15.13677000    09
Starlink-525 1772
1 01773U 00000ABC 00001.00000000  .00000000  00000-0  00000+0 0    01
2 01773  53.0000 180.0000 0000001   0.0000 276.0000 15.13677000    03
Starlink-525 1773
1 01774U 00000ABC 00001.00000000  .00000000  00000-0  00000+0 0    02
2 01774  53.0000 180.0000 0000001   0.0000 279.0000 15.13677000    07
Starlink-525 1774
1 01775U 00000ABC 00001.00000000  .00000000  00000-0  00000+0 0    03
2 01775  53.0000 180.0000 0000001   0.0000 282.0000 15.13677000    02
Starlink-525 1775
1 01776U 00000ABC 00001.00000000  .00000000  00000-0  00000+0 0    04
2 01776  53.0000 180.0000 0000001   0.0000 285.0000 15.13677000    06
Starlink-525 1776
1 01777U 00000ABC 00001.00000000  .00000000  00000-0  00000+0 0    05
2 01777  53.0000 180.0000 0000001   0.0000 288.0000 15.13677000    00
Starlink-525 1777
1 01778U 00000ABC 00001.00000000  .00000000  00000-0  00000+0 0    06
2 01778  53.0000 180.0000 0000001   0.0000 291.0000 15.13677000    05
Starlink-525 1778
1 01779U 00000ABC 00001.00000000  .00000000  00000-0  00000+0 0    07
2 01779  53.0000 180.0000 0000001   0.0000 294.0000 15.13677000    09
Starlink-525 1779
1 01780U 00000ABC 00001.00000000  .00000000  00000-0  00000+0 0    09
2 01780  53.0000 180.0000 0000001   0.0000 297.0000 15.13677000    04
Starlink-525 1780
1 01781U 00000ABC 00001.00000000  .00000000  00000-0  00000+0 0    00
2 01781  53.0000 180.0000 0000001   0.0000 300.0000 15.13677000    00
Starlink-525 1781
1 01782U 00000ABC 00001.00000000  .00000000  00000-0  00000+0 0    01
2 01782  53.0000 180.0000 0000001   0.0000 303.0000 15.13677000    04
Starlink-525 1782
1 01783U 00000ABC 00001.00000000  .00000000  00000-0  00000+0 0    02
2 01783  53.0000 180.0000 0000001   0.0000 306.0000 15.13677000    08
Starlink-525 1783
1 01784U 00000ABC 00001.00000000  .00000000  00000-0  00000+0 0    03
2 01784  53.0000 180.0000 0000001   0.0000 309.0000 15.13677000    02
Starlink-525 1784
1 01785U 00000ABC 00001.00000000  .00000000  00000-0  00000+0 0    04
2 01785  53.0000 180.0000 0000001   0.0000 312.0000 15.13677000    07
Starlink-525 1785
1 01786U 00000ABC 00001.00000000  .00000000  00000-0  00000+0 0    05
2 01786  53.0000 180.0000 0000001   0.0000 315.0000 15.13677000    01
Starlink-525 1786
1 01787U 00000ABC 00001.00000000  .00000000  00000-0  00000+0 0    06
2 01787  53.0000 180.0000 0000001   0.0000 318.0000 15.13677000    05
Starlink-525 1787
1 01788U 00000ABC 00001.00000000  .00000000  00000-0  00000+0 0    07
2 01788  53.0000 180.0000 0000001   0.0000 321.0000 15.13677000    00
Starlink-525 1788
1 01789U 00000ABC 00001.00000000  .00000000  00000-0  00000+0 0    08
2 01789  53.0000 180.0000 0000001   0.0000 324.0000 15.13677000    04
Starlink-525 1789
1 01790U 00000ABC 00001.00000000  .00000000  00000-0  00000+0 0    00
2 01790  53.0000 180.0000 0000001   0.0000 327.0000 15.13677000    09
Starlink-525 1790
1 01791U 00000ABC 00001.00000000  .00000000  00000-0  00000+0 0    01
2 01791  53.0000 180.0000 0000001   0.0000 330.0000 15.13677000    04
Starlink-525 1791
1 01792U 00000ABC 00001.00000000  .00000000  00000-0  00000+0 0    02
2 01792  53.0000 180.0000 0000001   0.0000 333.0000 15.13677000    08
Starlink-525 1792
1 01793U 00000ABC 00001.00000000  .00000000  00000-0  00000+0 0    03
2 01793  53.0000 180.0000 0000001   0.0000 336.0000 15.13677000    02
Starlink-525 1793
1 01794U 00000ABC 00001.00000000  .00000000  00000-0  00000+0 0    04
2 01794  53.0000 180.0000 0000001   0.0000 339.0000 15.13677000    06
Starlink-525 1794
1 01795U 00000ABC 00001.00000000  .00000000  00000-0  00000+0 0    05
2 01795  53.0000 180.0000 0000001   0.0000 342.0000 15.13677000    01
Starlink-525 1795
1 01796U 00000ABC 00001.00000000  .00000000  00000-0  00000+0 0    06
2 01796  53.0000 180.0000 0000001   0.0000 345.0000 15.13677000    05
Starlink-525 1796
1 01797U 00000ABC 00001.00000000  .00000000  00000-0  00000+0 0    07
2 01797  53.0000 180.0000 0000001   0.0000 348.0000 15.13677000    09
Starlink-525 1797
1 01798U 00000ABC 00001.00000000  .00000000  00000-0  00000+0 0    08
2 01798  53.0000 180.0000 0000001   0.0000 351.0000 15.13677000    04
Starlink-525 1798
1 01799U 00000ABC 00001.00000000  .00000000  00000-0  00000+0 0    09
2 01799  53.0000 180.0000 0000001   0.0000 354.0000 15.13677000    08
Starlink-525 1799
1 01800U 00000ABC 00001.00000000  .00000000  00000-0  00000+0 0    02
2 01800  53.0000 180.0000 0000001   0.0000 357.0000 15.13677000    04
Starlink-525 1800
1 01801U 00000ABC 00001.00000000  .00000000  00000-0  00000+0 0    03
2 01801  53.0000 192.8571 0000001   0.0000   1.5000 15.13677000    00
Starlink-525 1801
1 01802U 00000ABC 00001.00000000  .00000000  00000-0  00000+0 0    04
2 01802  53.0000 192.8571 0000001   0.0000   4.5000 15.13677000    04
Starlink-525 1802
1 01803U 00000ABC 00001.00000000  .00000000  00000-0  00000+0 0    05
2 01803  53.0000 192.8571 0000001   0.0000   7.5000 15.13677000    08
Starlink-525 1803
1 01804U 00000ABC 00001.00000000  .00000000  00000-0  00000+0 0    06
2 01804  53.0000 192.8571 0000001   0.0000  10.5000 15.13677000    03
Starlink-525 1804
1 01805U 00000ABC 00001.00000000  .00000000  00000-0  00000+0 0    07
2 01805  53.0000 192.8571 0000001   0.0000  13.5000 15.13677000    07
Starlink-525 1805
1 01806U 00000ABC 00001.00000000  .00000000  00000-0  00000+0 0    08
2 01806  53.0000 192.8571 0000001   0.0000  16.5000 15.13677000    01
Starlink-525 1806
1 01807U 00000ABC 00001.00000000  .00000000  00000-0  00000+0 0    09
2 01807  53.0000 192.8571 0000001   0.0000  19.5000 15.13677000    05
Starlink-525 1807
1 01808U 00000ABC 00001.00000000  .00000000  00000-0  00000+0 0    00
2 01808  53.0000 192.8571 0000001   0.0000  22.5000 15.13677000    00
Starlink-525 1808
1 01809U 00000ABC 00001.00000000  .00000000  00000-0  00000+0 0    01
2 01809  53.0000 192.8571 0000001   0.0000  25.5000 15.13677000    04
Starlink-525 1809
1 01810U 00000ABC 00001.00000000  .00000000  00000-0  00000+0 0    03
2 01810  53.0000 192.8571 0000001   0.0000  28.5000 15.13677000    09
Starlink-525 1810
1 01811U 00000ABC 00001.00000000  .00000000  00000-0  00000+0 0    04
2 01811  53.0000 192.8571 0000001   0.0000  31.5000 15.13677000    04
Starlink-525 1811
1 01812U 00000ABC 00001.00000000  .00000000  00000-0  00000+0 0    05
2 01812  53.0000 192.8571 0000001   0.0000  34.5000 15.13677000    08
Starlink-525 1812
1 01813U 00000ABC 00001.00000000  .00000000  00000-0  00000+0 0    06
2 01813  53.0000 192.8571 0000001   0.0000  37.5000 15.13677000    02
Starlink-525 1813
1 01814U 00000ABC 00001.00000000  .00000000  00000-0  00000+0 0    07
2 01814  53.0000 192.8571 0000001   0.0000  40.5000 15.13677000    07
Starlink-525 1814
1 01815U 00000ABC 00001.00000000  .00000000  00000-0  00000+0 0    08
2 01815  53.0000 192.8571 0000001   0.0000  43.5000 15.13677000    01
Starlink-525 1815
1 01816U 00000ABC 00001.00000000  .00000000  00000-0  00000+0 0    09
2 01816  53.0000 192.8571 0000001   0.0000  46.5000 15.13677000    05
Starlink-525 1816
1 01817U 00000ABC 00001.00000000  .00000000  00000-0  00000+0 0    00
2 01817  53.0000 192.8571 0000001   0.0000  49.5000 15.13677000    09
Starlink-525 1817
1 01818U 00000ABC 00001.00000000  .00000000  00000-0  00000+0 0    01
2 01818  53.0000 192.8571 0000001   0.0000  52.5000 15.13677000    04
Starlink-525 1818
1 01819U 00000ABC 00001.00000000  .00000000  00000-0  00000+0 0    02
2 01819  53.0000 192.8571 0000001   0.0000  55.5000 15.13677000    08
Starlink-525 1819
1 01820U 00000ABC 00001.00000000  .00000000  00000-0  00000+0 0    04
2 01820  53.0000 192.8571 0000001   0.0000  58.5000 15.13677000    03
Starlink-525 1820
1 01821U 00000ABC 00001.00000000  .00000000  00000-0  00000+0 0    05
2 01821  53.0000 192.8571 0000001   0.0000  61.5000 15.13677000    08
Starlink-525 1821
1 01822U 00000ABC 00001.00000000  .00000000  00000-0  00000+0 0    06
2 01822  53.0000 192.8571 0000001   0.0000  64.5000 15.13677000    02
Starlink-525 1822
1 01823U 00000ABC 00001.00000000  .00000000  00000-0  00000+0 0    07
2 01823  53.0000 192.8571 0000001   0.0000  67.5000 15.13677000    06
Starlink-525 1823
1 01824U 00000ABC 00001.00000000  .00000000  00000-0  00000+0 0    08
2 01824  53.0000 192.8571 0000001   0.0000  70.5000 15.13677000    01
Starlink-525 1824
1 01825U 00000ABC 00001.00000000  .00000000  00000-0  00000+0 0    09
2 01825  53.0000 192.8571 0000001   0.0000  73.5000 15.13677000    05
Starlink-525 1825
1 01826U 00000ABC 00001.00000000  .00000000  00000-0  00000+0 0    00
2 01826  53.0000 192.8571 0000001   0.0000  76.5000 15.13677000    09
Starlink-525 1826
1 01827U 00000ABC 00001.00000000  .00000000  00000-0  00000+0 0    01
2 01827  53.0000 192.8571 0000001   0.0000  79.5000 15.13677000    03
Starlink-525 1827
1 01828U 00000ABC 00001.00000000  .00000000  00000-0  00000+0 0    02
2 01828  53.0000 192.8571 0000001   0.0000  82.5000 15.13677000    08
Starlink-525 1828
1 01829U 00000ABC 00001.00000000  .00000000  00000-0  00000+0 0    03
2 01829  53.0000 192.8571 0000001   0.0000  85.5000 15.13677000    02
Starlink-525 1829
1 01830U 00000ABC 00001.00000000  .00000000  00000-0  00000+0 0    05
2 01830  53.0000 192.8571 0000001   0.0000  88.5000 15.13677000    07
Starlink-525 1830
1 01831U 00000ABC 00001.00000000  .00000000  00000-0  00000+0 0    06
2 01831  53.0000 192.8571 0000001   0.0000  91.5000 15.13677000    02
Starlink-525 1831
1 01832U 00000ABC 00001.00000000  .00000000  00000-0  00000+0 0    07
2 01832  53.0000 192.8571 0000001   0.0000  94.5000 15.13677000    06
Starlink-525 1832
1 01833U 00000ABC 00001.00000000  .00000000  00000-0  00000+0 0    08
2 01833  53.0000 192.8571 0000001   0.0000  97.5000 15.13677000    00
Starlink-525 1833
1 01834U 00000ABC 00001.00000000  .00000000  00000-0  00000+0 0    09
2 01834  53.0000 192.8571 0000001   0.0000 100.5000 15.13677000    06
Starlink-525 1834
1 01835U 00000ABC 00001.00000000  .00000000  00000-0  00000+0 0    00
2 01835  53.0000 192.8571 0000001   0.0000 103.5000 15.13677000    00
Starlink-525 1835
1 01836U 00000ABC 00001.00000000  .00000000  00000-0  00000+0 0    01
2 01836  53.0000 192.8571 0000001   0.0000 106.5000 15.13677000    04
Starlink-525 1836
1 01837U 00000ABC 00001.00000000  .00000000  00000-0  00000+0 0    02
2 01837  53.0000 192.8571 0000001   0.0000 109.5000 15.13677000    08
Starlink-525 1837
1 01838U 00000ABC 00001.00000000  .00000000  00000-0  00000+0 0    03
2 01838  53.0000 192.8571 0000001   0.0000 112.5000 15.13677000    03
Starlink-525 1838
1 01839U 00000ABC 00001.00000000  .00000000  00000-0  00000+0 0    04
2 01839  53.0000 192.8571 0000001   0.0000 115.5000 15.13677000    07
Starlink-525 1839
1 01840U 00000ABC 00001.00000000  .00000000  00000-0  00000+0 0    06
2 01840  53.0000 192.8571 0000001   0.0000 118.5000 15.13677000    02
Starlink-525 1840
1 01841U 00000ABC 00001.00000000  .00000000  00000-0  00000+0 0    07
2 01841  53.0000 192.8571 0000001   0.0000 121.5000 15.13677000    07
Starlink-525 1841
1 01842U 00000ABC 00001.00000000  .00000000  00000-0  00000+0 0    08
2 01842  53.0000 192.8571 0000001   0.0000 124.5000 15.13677000    01
Starlink-525 1842
1 01843U 00000ABC 00001.00000000  .00000000  00000-0  00000+0 0    09
2 01843  53.0000 192.8571 0000001   0.0000 127.5000 15.13677000    05
Starlink-525 1843
1 01844U 00000ABC 00001.00000000  .00000000  00000-0  00000+0 0    00
2 01844  53.0000 192.8571 0000001   0.0000 130.5000 15.13677000    00
Starlink-525 1844
1 01845U 00000ABC 00001.00000000  .00000000  00000-0  00000+0 0    01
2 01845  53.0000 192.8571 0000001   0.0000 133.5000 15.13677000    04
Starlink-525 1845
1 01846U 00000ABC 00001.00000000  .00000000  00000-0  00000+0 0    02
2 01846  53.0000 192.8571 0000001   0.0000 136.5000 15.13677000    08
Starlink-525 1846
1 01847U 00000ABC 00001.00000000  .00000000  00000-0  00000+0 0    03
2 01847  53.0000 192.8571 0000001   0.0000 139.5000 15.13677000    02
Starlink-525 1847
1 01848U 00000ABC 00001.00000000  .00000000  00000-0  00000+0 0    04
2 01848  53.0000 192.8571 0000001   0.0000 142.5000 15.13677000    07
Starlink-525 1848
1 01849U 00000ABC 00001.00000000  .00000000  00000-0  00000+0 0    05
2 01849  53.0000 192.8571 0000001   0.0000 145.5000 15.13677000    01
Starlink-525 1849
1 01850U 00000ABC 00001.00000000  .00000000  00000-0  00000+0 0    07
2 01850  53.0000 192.8571 0000001   0.0000 148.5000 15.13677000    06
Starlink-525 1850
1 01851U 00000ABC 00001.00000000  .00000000  00000-0  00000+0 0    08
2 01851  53.0000 192.8571 0000001   0.0000 151.5000 15.13677000    01
Starlink-525 1851
1 01852U 00000ABC 00001.00000000  .00000000  00000-0  00000+0 0    09
2 01852  53.0000 192.8571 0000001   0.0000 154.5000 15.13677000    05
Starlink-525 1852
1 01853U 00000ABC 00001.00000000  .00000000  00000-0  00000+0 0    00
2 01853  53.0000 192.8571 0000001   0.0000 157.5000 15.13677000    09
Starlink-525 1853
1 01854U 00000ABC 00001.00000000  .00000000  00000-0  00000+0 0    01
2 01854  53.0000 192.8571 0000001   0.0000 160.5000 15.13677000    04
Starlink-525 1854
1 01855U 00000ABC 00001.00000000  .00000000  00000-0  00000+0 0    02
2 01855  53.0000 192.8571 0000001   0.0000 163.5000 15.13677000    08
Starlink-525 1855
1 01856U 00000ABC 00001.00000000  .00000000  00000-0  00000+0 0    03
2 01856  53.0000 192.8571 0000001   0.0000 166.5000 15.13677000    02
Starlink-525 1856
1 01857U 00000ABC 00001.00000000  .00000000  00000-0  00000+0 0    04
2 01857  53.0000 192.8571 0000001   0.0000 169.5000 15.13677000    06
Starlink-525 1857
1 01858U 00000ABC 00001.00000000  .00000000  00000-0  00000+0 0    05
2 01858  53.0000 192.8571 0000001   0.0000 172.5000 15.13677000    01
Starlink-525 1858
1 01859U 00000ABC 00001.00000000  .00000000  00000-0  00000+0 0    06
2 01859  53.0000 192.8571 0000001   0.0000 175.5000 15.13677000    05
Starlink-525 1859
1 01860U 00000ABC 00001.00000000  .00000000  00000-0  00000+0 0    08
2 01860  53.0000 192.8571 0000001   0.0000 178.5000 15.13677000    00
Starlink-525 1860
1 01861U 00000ABC 00001.00000000  .00000000  00000-0  00000+0 0    09
2 01861  53.0000 192.8571 0000001   0.0000 181.5000 15.13677000    05
Starlink-525 1861
1 01862U 00000ABC 00001.00000000  .00000000  00000-0  00000+0 0    00
2 01862  53.0000 192.8571 0000001   0.0000 184.5000 15.13677000    09
Starlink-525 1862
1 01863U 00000ABC 00001.00000000  .00000000  00000-0  00000+0 0    01
2 01863  53.0000 192.8571 0000001   0.0000 187.5000 15.13677000    03
Starlink-525 1863
1 01864U 00000ABC 00001.00000000  .00000000  00000-0  00000+0 0    02
2 01864  53.0000 192.8571 0000001   0.0000 190.5000 15.13677000    08
Starlink-525 1864
1 01865U 00000ABC 00001.00000000  .00000000  00000-0  00000+0 0    03
2 01865  53.0000 192.8571 0000001   0.0000 193.5000 15.13677000    02
Starlink-525 1865
1 01866U 00000ABC 00001.00000000  .00000000  00000-0  00000+0 0    04
2 01866  53.0000 192.8571 0000001   0.0000 196.5000 15.13677000    06
Starlink-525 1866
1 01867U 00000ABC 00001.00000000  .00000000  00000-0  00000+0 0    05
2 01867  53.0000 192.8571 0000001   0.0000 199.5000 15.13677000    00
Starlink-525 1867
1 01868U 00000ABC 00001.00000000  .00000000  00000-0  00000+0 0    06
2 01868  53.0000 192.8571 0000001   0.0000 202.5000 15.13677000    06
Starlink-525 1868
1 01869U 00000ABC 00001.00000000  .00000000  00000-0  00000+0 0    07
2 01869  53.0000 192.8571 0000001   0.0000 205.5000 15.13677000    00
Starlink-525 1869
1 01870U 00000ABC 00001.00000000  .00000000  00000-0  00000+0 0    09
2 01870  53.0000 192.8571 0000001   0.0000 208.5000 15.13677000    05
Starlink-525 1870
1 01871U 00000ABC 00001.00000000  .00000000  00000-0  00000+0 0    00
2 01871  53.0000 192.8571 0000001   0.0000 211.5000 15.13677000    00
Starlink-525 1871
1 01872U 00000ABC 00001.00000000  .00000000  00000-0  00000+0 0    01
2 01872  53.0000 192.8571 0000001   0.0000 214.5000 15.13677000    04
Starlink-525 1872
1 01873U 00000ABC 00001.00000000  .00000000  00000-0  00000+0 0    02
2 01873  53.0000 192.8571 0000001   0.0000 217.5000 15.13677000    08
Starlink-525 1873
1 01874U 00000ABC 00001.00000000  .00000000  00000-0  00000+0 0    03
2 01874  53.0000 192.8571 0000001   0.0000 220.5000 15.13677000    03
Starlink-525 1874
1 01875U 00000ABC 00001.00000000  .00000000  00000-0  00000+0 0    04
2 01875  53.0000 192.8571 0000001   0.0000 223.5000 15.13677000    07
Starlink-525 1875
1 01876U 00000ABC 00001.00000000  .00000000  00000-0  00000+0 0    05
2 01876  53.0000 192.8571 0000001   0.0000 226.5000 15.13677000    01
Starlink-525 1876
1 01877U 00000ABC 00001.00000000  .00000000  00000-0  00000+0 0    06
2 01877  53.0000 192.8571 0000001   0.0000 229.5000 15.13677000    05
Starlink-525 1877
1 01878U 00000ABC 00001.00000000  .00000000  00000-0  00000+0 0    07
2 01878  53.0000 192.8571 0000001   0.0000 232.5000 15.13677000    00
Starlink-525 1878
1 01879U 00000ABC 00001.00000000  .00000000  00000-0  00000+0 0    08
2 01879  53.0000 192.8571 0000001   0.0000 235.5000 15.13677000    04
Starlink-525 1879
1 01880U 00000ABC 00001.00000000  .00000000  00000-0  00000+0 0    00
2 01880  53.0000 192.8571 0000001   0.0000 238.5000 15.13677000    09
Starlink-525 1880
1 01881U 00000ABC 00001.00000000  .00000000  00000-0  00000+0 0    01
2 01881  53.0000 192.8571 0000001   0.0000 241.5000 15.13677000    04
Starlink-525 1881
1 01882U 00000ABC 00001.00000000  .00000000  00000-0  00000+0 0    02
2 01882  53.0000 192.8571 0000001   0.0000 244.5000 15.13677000    08
Starlink-525 1882
1 01883U 00000ABC 00001.00000000  .00000000  00000-0  00000+0 0    03
2 01883  53.0000 192.8571 0000001   0.0000 247.5000 15.13677000    02
Starlink-525 1883
1 01884U 00000ABC 00001.00000000  .00000000  00000-0  00000+0 0    04
2 01884  53.0000 192.8571 0000001   0.0000 250.5000 15.13677000    07
Starlink-525 1884
1 01885U 00000ABC 00001.00000000  .00000000  00000-0  00000+0 0    05
2 01885  53.0000 192.8571 0000001   0.0000 253.5000 15.13677000    01
Starlink-525 1885
1 01886U 00000ABC 00001.00000000  .00000000  00000-0  00000+0 0    06
2 01886  53.0000 192.8571 0000001   0.0000 256.5000 15.13677000    05
Starlink-525 1886
1 01887U 00000ABC 00001.00000000  .00000000  00000-0  00000+0 0    07
2 01887  53.0000 192.8571 0000001   0.0000 259.5000 15.13677000    09
Starlink-525 1887
1 01888U 00000ABC 00001.00000000  .00000000  00000-0  00000+0 0    08
2 01888  53.0000 192.8571 0000001   0.0000 262.5000 15.13677000    04
Starlink-525 1888
1 01889U 00000ABC 00001.00000000  .00000000  00000-0  00000+0 0    09
2 01889  53.0000 192.8571 0000001   0.0000 265.5000 15.13677000    08
Starlink-525 1889
1 01890U 00000ABC 00001.00000000  .00000000  00000-0  00000+0 0    01
2 01890  53.0000 192.8571 0000001   0.0000 268.5000 15.13677000    03
Starlink-525 1890
1 01891U 00000ABC 00001.00000000  .00000000  00000-0  00000+0 0    02
2 01891  53.0000 192.8571 0000001   0.0000 271.5000 15.13677000    08
Starlink-525 1891
1 01892U 00000ABC 00001.00000000  .00000000  00000-0  00000+0 0    03
2 01892  53.0000 192.8571 0000001   0.0000 274.5000 15.13677000    02
Starlink-525 1892
1 01893U 00000ABC 00001.00000000  .00000000  00000-0  00000+0 0    04
2 01893  53.0000 192.8571 0000001   0.0000 277.5000 15.13677000    06
Starlink-525 1893
1 01894U 00000ABC 00001.00000000  .00000000  00000-0  00000+0 0    05
2 01894  53.0000 192.8571 0000001   0.0000 280.5000 15.13677000    01
Starlink-525 1894
1 01895U 00000ABC 00001.00000000  .00000000  00000-0  00000+0 0    06
2 01895  53.0000 192.8571 0000001   0.0000 283.5000 15.13677000    05
Starlink-525 1895
1 01896U 00000ABC 00001.00000000  .00000000  00000-0  00000+0 0    07
2 01896  53.0000 192.8571 0000001   0.0000 286.5000 15.13677000    09
Starlink-525 1896
1 01897U 00000ABC 00001.00000000  .00000000  00000-0  00000+0 0    08
2 01897  53.0000 192.8571 0000001   0.0000 289.5000 15.13677000    03
Starlink-525 1897
1 01898U 00000ABC 00001.00000000  .00000000  00000-0  00000+0 0    09
2 01898  53.0000 192.8571 0000001   0.0000 292.5000 15.13677000    08
Starlink-525 1898
1 01899U 00000ABC 00001.00000000  .00000000  00000-0  00000+0 0    00
2 01899  53.0000 192.8571 0000001   0.0000 295.5000 15.13677000    02
Starlink-525 1899
1 01900U 00000ABC 00001.00000000  .00000000  00000-0  00000+0 0    03
2 01900  53.0000 192.8571 0000001   0.0000 298.5000 15.13677000    08
Starlink-525 1900
1 01901U 00000ABC 00001.00000000  .00000000  00000-0  00000+0 0    04
2 01901  53.0000 192.8571 0000001   0.0000 301.5000 15.13677000    04
Starlink-525 1901
1 01902U 00000ABC 00001.00000000  .00000000  00000-0  00000+0 0    05
2 01902  53.0000 192.8571 0000001   0.0000 304.5000 15.13677000    08
Starlink-525 1902
1 01903U 00000ABC 00001.00000000  .00000000  00000-0  00000+0 0    06
2 01903  53.0000 192.8571 0000001   0.0000 307.5000 15.13677000    02
Starlink-525 1903
1 01904U 00000ABC 00001.00000000  .00000000  00000-0  00000+0 0    07
2 01904  53.0000 192.8571 0000001   0.0000 310.5000 15.13677000    07
Starlink-525 1904
1 01905U 00000ABC 00001.00000000  .00000000  00000-0  00000+0 0    08
2 01905  53.0000 192.8571 0000001   0.0000 313.5000 15.13677000    01
Starlink-525 1905
1 01906U 00000ABC 00001.00000000  .00000000  00000-0  00000+0 0    09
2 01906  53.0000 192.8571 0000001   0.0000 316.5000 15.13677000    05
Starlink-525 1906
1 01907U 00000ABC 00001.00000000  .00000000  00000-0  00000+0 0    00
2 01907  53.0000 192.8571 0000001   0.0000 319.5000 15.13677000    09
Starlink-525 1907
1 01908U 00000ABC 00001.00000000  .00000000  00000-0  00000+0 0    01
2 01908  53.0000 192.8571 0000001   0.0000 322.5000 15.13677000    04
Starlink-525 1908
1 01909U 00000ABC 00001.00000000  .00000000  00000-0  00000+0 0    02
2 01909  53.0000 192.8571 0000001   0.0000 325.5000 15.13677000    08
Starlink-525 1909
1 01910U 00000ABC 00001.00000000  .00000000  00000-0  00000+0 0    04
2 01910  53.0000 192.8571 0000001   0.0000 328.5000 15.13677000    03
Starlink-525 1910
1 01911U 00000ABC 00001.00000000  .00000000  00000-0  00000+0 0    05
2 01911  53.0000 192.8571 0000001   0.0000 331.5000 15.13677000    08
Starlink-525 1911
1 01912U 00000ABC 00001.00000000  .00000000  00000-0  00000+0 0    06
2 01912  53.0000 192.8571 0000001   0.0000 334.5000 15.13677000    02
Starlink-525 1912
1 01913U 00000ABC 00001.00000000  .00000000  00000-0  00000+0 0    07
2 01913  53.0000 192.8571 0000001   0.0000 337.5000 15.13677000    06
Starlink-525 1913
1 01914U 00000ABC 00001.00000000  .00000000  00000-0  00000+0 0    08
2 01914  53.0000 192.8571 0000001   0.0000 340.5000 15.13677000    01
Starlink-525 1914
1 01915U 00000ABC 00001.00000000  .00000000  00000-0  00000+0 0    09
2 01915  53.0000 192.8571 0000001   0.0000 343.5000 15.13677000    05
Starlink-525 1915
1 01916U 00000ABC 00001.00000000  .00000000  00000-0  00000+0 0    00
2 01916  53.0000 192.8571 0000001   0.0000 346.5000 15.13677000    09
Starlink-525 1916
1 01917U 00000ABC 00001.00000000  .00000000  00000-0  00000+0 0    01
2 01917  53.0000 192.8571 0000001   0.0000 349.5000 15.13677000    03
Starlink-525 1917
1 01918U 00000ABC 00001.00000000  .00000000  00000-0  00000+0 0    02
2 01918  53.0000 192.8571 0000001   0.0000 352.5000 15.13677000    08
Starlink-525 1918
1 01919U 00000ABC 00001.00000000  .00000000  00000-0  00000+0 0    03
2 01919  53.0000 192.8571 0000001   0.0000 355.5000 15.13677000    02
Starlink-525 1919
1 01920U 00000ABC 00001.00000000  .00000000  00000-0  00000+0 0    05
2 01920  53.0000 192.8571 0000001   0.0000 358.5000 15.13677000    07
Starlink-525 1920
1 01921U 00000ABC 00001.00000000  .00000000  00000-0  00000+0 0    06
2 01921  53.0000 205.7143 0000001   0.0000   0.0000 15.13677000    06
Starlink-525 1921
1 01922U 00000ABC 00001.00000000  .00000000  00000-0  00000+0 0    07
2 01922  53.0000 205.7143 0000001   0.0000   3.0000 15.13677000    00
Starlink-525 1922
1 01923U 00000ABC 00001.00000000  .00000000  00000-0  00000+0 0    08
2 01923  53.0000 205.7143 0000001   0.0000   6.0000 15.13677000    04
Starlink-525 1923
1 01924U 00000ABC 00001.00000000  .00000000  00000-0  00000+0 0    09
2 01924  53.0000 205.7143 0000001   0.0000   9.0000 15.13677000    08
Starlink-525 1924
1 01925U 00000ABC 00001.00000000  .00000000  00000-0  00000+0 0    00
2 01925  53.0000 205.7143 0000001   0.0000  12.0000 15.13677000    03
Starlink-525 1925
1 01926U 00000ABC 00001.00000000  .00000000  00000-0  00000+0 0    01
2 01926  53.0000 205.7143 0000001   0.0000  15.0000 15.13677000    07
Starlink-525 1926
1 01927U 00000ABC 00001.00000000  .00000000  00000-0  00000+0 0    02
2 01927  53.0000 205.7143 0000001   0.0000  18.0000 15.13677000    01
Starlink-525 1927
1 01928U 00000ABC 00001.00000000  .00000000  00000-0  00000+0 0    03
2 01928  53.0000 205.7143 0000001   0.0000  21.0000 15.13677000    06
Starlink-525 1928
1 01929U 00000ABC 00001.00000000  .00000000  00000-0  00000+0 0    04
2 01929  53.0000 205.7143 0000001   0.0000  24.0000 15.13677000    00
Starlink-525 1929
1 01930U 00000ABC 00001.00000000  .00000000  00000-0  00000+0 0    06
2 01930  53.0000 205.7143 0000001   0.0000  27.0000 15.13677000    05
Starlink-525 1930
1 01931U 00000ABC 00001.00000000  .00000000  00000-0  00000+0 0    07
2 01931  53.0000 205.7143 0000001   0.0000  30.0000 15.13677000    00
Starlink-525 1931
1 01932U 00000ABC 00001.00000000  .00000000  00000-0  00000+0 0    08
2 01932  53.0000 205.7143 0000001   0.0000  33.0000 15.13677000    04
Starlink-525 1932
1 01933U 00000ABC 00001.00000000  .00000000  00000-0  00000+0 0    09
2 01933  53.0000 205.7143 0000001   0.0000  36.0000 15.13677000    08
Starlink-525 1933
1 01934U 00000ABC 00001.00000000  .00000000  00000-0  00000+0 0    00
2 01934  53.0000 205.7143 0000001   0.0000  39.0000 15.13677000    02
Starlink-525 1934
1 01935U 00000ABC 00001.00000000  .00000000  00000-0  00000+0 0    01
2 01935  53.0000 205.7143 0000001   0.0000  42.0000 15.13677000    07
Starlink-525 1935
1 01936U 00000ABC 00001.00000000  .00000000  00000-0  00000+0 0    02
2 01936  53.0000 205.7143 0000001   0.0000  45.0000 15.13677000    01
Starlink-525 1936
1 01937U 00000ABC 00001.00000000  .00000000  00000-0  00000+0 0    03
2 01937  53.0000 205.7143 0000001   0.0000  48.0000 15.13677000    05
Starlink-525 1937
1 01938U 00000ABC 00001.00000000  .00000000  00000-0  00000+0 0    04
2 01938  53.0000 205.7143 0000001   0.0000  51.0000 15.13677000    00
Starlink-525 1938
1 01939U 00000ABC 00001.00000000  .00000000  00000-0  00000+0 0    05
2 01939  53.0000 205.7143 0000001   0.0000  54.0000 15.13677000    04
Starlink-525 1939
1 01940U 00000ABC 00001.00000000  .00000000  00000-0  00000+0 0    07
2 01940  53.0000 205.7143 0000001   0.0000  57.0000 15.13677000    09
Starlink-525 1940
1 01941U 00000ABC 00001.00000000  .00000000  00000-0  00000+0 0    08
2 01941  53.0000 205.7143 0000001   0.0000  60.0000 15.13677000    04
Starlink-525 1941
1 01942U 00000ABC 00001.00000000  .00000000  00000-0  00000+0 0    09
2 01942  53.0000 205.7143 0000001   0.0000  63.0000 15.13677000    08
Starlink-525 1942
1 01943U 00000ABC 00001.00000000  .00000000  00000-0  00000+0 0    00
2 01943  53.0000 205.7143 0000001   0.0000  66.0000 15.13677000    02
Starlink-525 1943
1 01944U 00000ABC 00001.00000000  .00000000  00000-0  00000+0 0    01
2 01944  53.0000 205.7143 0000001   0.0000  69.0000 15.13677000    06
Starlink-525 1944
1 01945U 00000ABC 00001.00000000  .00000000  00000-0  00000+0 0    02
2 01945  53.0000 205.7143 0000001   0.0000  72.0000 15.13677000    01
Starlink-525 1945
1 01946U 00000ABC 00001.00000000  .00000000  00000-0  00000+0 0    03
2 01946  53.0000 205.7143 0000001   0.0000  75.0000 15.13677000    05
Starlink-525 1946
1 01947U 00000ABC 00001.00000000  .00000000  00000-0  00000+0 0    04
2 01947  53.0000 205.7143 0000001   0.0000  78.0000 15.13677000    09
Starlink-525 1947
1 01948U 00000ABC 00001.00000000  .00000000  00000-0  00000+0 0    05
2 01948  53.0000 205.7143 0000001   0.0000  81.0000 15.13677000    04
Starlink-525 1948
1 01949U 00000ABC 00001.00000000  .00000000  00000-0  00000+0 0    06
2 01949  53.0000 205.7143 0000001   0.0000  84.0000 15.13677000    08
Starlink-525 1949
1 01950U 00000ABC 00001.00000000  .00000000  00000-0  00000+0 0    08
2 01950  53.0000 205.7143 0000001   0.0000  87.0000 15.13677000    03
Starlink-525 1950
1 01951U 00000ABC 00001.00000000  .00000000  00000-0  00000+0 0    09
2 01951  53.0000 205.7143 0000001   0.0000  90.0000 15.13677000    08
Starlink-525 1951
1 01952U 00000ABC 00001.00000000  .00000000  00000-0  00000+0 0    00
2 01952  53.0000 205.7143 0000001   0.0000  93.0000 15.13677000    02
Starlink-525 1952
1 01953U 00000ABC 00001.00000000  .00000000  00000-0  00000+0 0    01
2 01953  53.0000 205.7143 0000001   0.0000  96.0000 15.13677000    06
Starlink-525 1953
1 01954U 00000ABC 00001.00000000  .00000000  00000-0  00000+0 0    02
2 01954  53.0000 205.7143 0000001   0.0000  99.0000 15.13677000    00
Starlink-525 1954
1 01955U 00000ABC 00001.00000000  .00000000  00000-0  00000+0 0    03
2 01955  53.0000 205.7143 0000001   0.0000 102.0000 15.13677000    06
Starlink-525 1955
1 01956U 00000ABC 00001.00000000  .00000000  00000-0  00000+0 0    04
2 01956  53.0000 205.7143 0000001   0.0000 105.0000 15.13677000    00
Starlink-525 1956
1 01957U 00000ABC 00001.00000000  .00000000  00000-0  00000+0 0    05
2 01957  53.0000 205.7143 0000001   0.0000 108.0000 15.13677000    04
Starlink-525 1957
1 01958U 00000ABC 00001.00000000  .00000000  00000-0  00000+0 0    06
2 01958  53.0000 205.7143 0000001   0.0000 111.0000 15.13677000    09
Starlink-525 1958
1 01959U 00000ABC 00001.00000000  .00000000  00000-0  00000+0 0    07
2 01959  53.0000 205.7143 0000001   0.0000 114.0000 15.13677000    03
Starlink-525 1959
1 01960U 00000ABC 00001.00000000  .00000000  00000-0  00000+0 0    09
2 01960  53.0000 205.7143 0000001   0.0000 117.0000 15.13677000    08
Starlink-525 1960
1 01961U 00000ABC 00001.00000000  .00000000  00000-0  00000+0 0    00
2 01961  53.0000 205.7143 0000001   0.0000 120.0000 15.13677000    03
Starlink-525 1961
1 01962U 00000ABC 00001.00000000  .00000000  00000-0  00000+0 0    01
2 01962  53.0000 205.7143 0000001   0.0000 123.0000 15.13677000    07
Starlink-525 1962
1 01963U 00000ABC 00001.00000000  .00000000  00000-0  00000+0 0    02
2 01963  53.0000 205.7143 0000001   0.0000 126.0000 15.13677000    01
Starlink-525 1963
1 01964U 00000ABC 00001.00000000  .00000000  00000-0  00000+0 0    03
2 01964  53.0000 205.7143 0000001   0.0000 129.0000 15.13677000    05
Starlink-525 1964
1 01965U 00000ABC 00001.00000000  .00000000  00000-0  00000+0 0    04
2 01965  53.0000 205.7143 0000001   0.0000 132.0000 15.13677000    00
Starlink-525 1965
1 01966U 00000ABC 00001.00000000  .00000000  00000-0  00000+0 0    05
2 01966  53.0000 205.7143 0000001   0.0000 135.0000 15.13677000    04
Starlink-525 1966
1 01967U 00000ABC 00001.00000000  .00000000  00000-0  00000+0 0    06
2 01967  53.0000 205.7143 0000001   0.0000 138.0000 15.13677000    08
Starlink-525 1967
1 01968U 00000ABC 00001.00000000  .00000000  00000-0  00000+0 0    07
2 01968  53.0000 205.7143 0000001   0.0000 141.0000 15.13677000    03
Starlink-525 1968
1 01969U 00000ABC 00001.00000000  .00000000  00000-0  00000+0 0    08
2 01969  53.0000 205.7143 0000001   0.0000 144.0000 15.13677000    07
Starlink-525 1969
1 01970U 00000ABC 00001.00000000  .00000000  00000-0  00000+0 0    00
2 01970  53.0000 205.7143 0000001   0.0000 147.0000 15.13677000    02
Starlink-525 1970
1 01971U 00000ABC 00001.00000000  .00000000  00000-0  00000+0 0    01
2 01971  53.0000 205.7143 0000001   0.0000 150.0000 15.13677000    07
Starlink-525 1971
1 01972U 00000ABC 00001.00000000  .00000000  00000-0  00000+0 0    02
2 01972  53.0000 205.7143 0000001   0.0000 153.0000 15.13677000    01
Starlink-525 1972
1 01973U 00000ABC 00001.00000000  .00000000  00000-0  00000+0 0    03
2 01973  53.0000 205.7143 0000001   0.0000 156.0000 15.13677000    05
Starlink-525 1973
1 01974U 00000ABC 00001.00000000  .00000000  00000-0  00000+0 0    04
2 01974  53.0000 205.7143 0000001   0.0000 159.0000 15.13677000    09
Starlink-525 1974
1 01975U 00000ABC 00001.00000000  .00000000  00000-0  00000+0 0    05
2 01975  53.0000 205.7143 0000001   0.0000 162.0000 15.13677000    04
Starlink-525 1975
1 01976U 00000ABC 00001.00000000  .00000000  00000-0  00000+0 0    06
2 01976  53.0000 205.7143 0000001   0.0000 165.0000 15.13677000    08
Starlink-525 1976
1 01977U 00000ABC 00001.00000000  .00000000  00000-0  00000+0 0    07
2 01977  53.0000 205.7143 0000001   0.0000 168.0000 15.13677000    02
Starlink-525 1977
1 01978U 00000ABC 00001.00000000  .00000000  00000-0  00000+0 0    08
2 01978  53.0000 205.7143 0000001   0.0000 171.0000 15.13677000    07
Starlink-525 1978
1 01979U 00000ABC 00001.00000000  .00000000  00000-0  00000+0 0    09
2 01979  53.0000 205.7143 0000001   0.0000 174.0000 15.13677000    01
Starlink-525 1979
1 01980U 00000ABC 00001.00000000  .00000000  00000-0  00000+0 0    01
2 01980  53.0000 205.7143 0000001   0.0000 177.0000 15.13677000    06
Starlink-525 1980
1 01981U 00000ABC 00001.00000000  .00000000  00000-0  00000+0 0    02
2 01981  53.0000 205.7143 0000001   0.0000 180.0000 15.13677000    01
Starlink-525 1981
1 01982U 00000ABC 00001.00000000  .00000000  00000-0  00000+0 0    03
2 01982  53.0000 205.7143 0000001   0.0000 183.0000 15.13677000    05
Starlink-525 1982
1 01983U 00000ABC 00001.00000000  .00000000  00000-0  00000+0 0    04
2 01983  53.0000 205.7143 0000001   0.0000 186.0000 15.13677000    09
Starlink-525 1983
1 01984U 00000ABC 00001.00000000  .00000000  00000-0  00000+0 0    05
2 01984  53.0000 205.7143 0000001   0.0000 189.0000 15.13677000    03
Starlink-525 1984
1 01985U 00000ABC 00001.00000000  .00000000  00000-0  00000+0 0    06
2 01985  53.0000 205.7143 0000001   0.0000 192.0000 15.13677000    08
Starlink-525 1985
1 01986U 00000ABC 00001.00000000  .00000000  00000-0  00000+0 0    07
2 01986  53.0000 205.7143 0000001   0.0000 195.0000 15.13677000    02
Starlink-525 1986
1 01987U 00000ABC 00001.00000000  .00000000  00000-0  00000+0 0    08
2 01987  53.0000 205.7143 0000001   0.0000 198.0000 15.13677000    06
Starlink-525 1987
1 01988U 00000ABC 00001.00000000  .00000000  00000-0  00000+0 0    09
2 01988  53.0000 205.7143 0000001   0.0000 201.0000 15.13677000    02
Starlink-525 1988
1 01989U 00000ABC 00001.00000000  .00000000  00000-0  00000+0 0    00
2 01989  53.0000 205.7143 0000001   0.0000 204.0000 15.13677000    06
Starlink-525 1989
1 01990U 00000ABC 00001.00000000  .00000000  00000-0  00000+0 0    02
2 01990  53.0000 205.7143 0000001   0.0000 207.0000 15.13677000    01
Starlink-525 1990
1 01991U 00000ABC 00001.00000000  .00000000  00000-0  00000+0 0    03
2 01991  53.0000 205.7143 0000001   0.0000 210.0000 15.13677000    06
Starlink-525 1991
1 01992U 00000ABC 00001.00000000  .00000000  00000-0  00000+0 0    04
2 01992  53.0000 205.7143 0000001   0.0000 213.0000 15.13677000    00
Starlink-525 1992
1 01993U 00000ABC 00001.00000000  .00000000  00000-0  00000+0 0    05
2 01993  53.0000 205.7143 0000001   0.0000 216.0000 15.13677000    04
Starlink-525 1993
1 01994U 00000ABC 00001.00000000  .00000000  00000-0  00000+0 0    06
2 01994  53.0000 205.7143 0000001   0.0000 219.0000 15.13677000    08
Starlink-525 1994
1 01995U 00000ABC 00001.00000000  .00000000  00000-0  00000+0 0    07
2 01995  53.0000 205.7143 0000001   0.0000 222.0000 15.13677000    03
Starlink-525 1995
1 01996U 00000ABC 00001.00000000  .00000000  00000-0  00000+0 0    08
2 01996  53.0000 205.7143 0000001   0.0000 225.0000 15.13677000    07
Starlink-525 1996
1 01997U 00000ABC 00001.00000000  .00000000  00000-0  00000+0 0    09
2 01997  53.0000 205.7143 0000001   0.0000 228.0000 15.13677000    01
Starlink-525 1997
1 01998U 00000ABC 00001.00000000  .00000000  00000-0  00000+0 0    00
2 01998  53.0000 205.7143 0000001   0.0000 231.0000 15.13677000    06
Starlink-525 1998
1 01999U 00000ABC 00001.00000000  .00000000  00000-0  00000+0 0    01
2 01999  53.0000 205.7143 0000001   0.0000 234.0000 15.13677000    00
Starlink-525 1999
1 02000U 00000ABC 00001.00000000  .00000000  00000-0  00000+0 0    05
2 02000  53.0000 205.7143 0000001   0.0000 237.0000 15.13677000    07
Starlink-525 2000
1 02001U 00000ABC 00001.00000000  .00000000  00000-0  00000+0 0    06
2 02001  53.0000 205.7143 0000001   0.0000 240.0000 15.13677000    02
Starlink-525 2001
1 02002U 00000ABC 00001.00000000  .00000000  00000-0  00000+0 0    07
2 02002  53.0000 205.7143 0000001   0.0000 243.0000 15.13677000    06
Starlink-525 2002
1 02003U 00000ABC 00001.00000000  .00000000  00000-0  00000+0 0    08
2 02003  53.0000 205.7143 0000001   0.0000 246.0000 15.13677000    00
Starlink-525 2003
1 02004U 00000ABC 00001.00000000  .00000000  00000-0  00000+0 0    09
2 02004  53.0000 205.7143 0000001   0.0000 249.0000 15.13677000    04
Starlink-525 2004
1 02005U 00000ABC 00001.00000000  .00000000  00000-0  00000+0 0    00
2 02005  53.0000 205.7143 0000001   0.0000 252.0000 15.13677000    09
Starlink-525 2005
1 02006U 00000ABC 00001.00000000  .00000000  00000-0  00000+0 0    01
2 02006  53.0000 205.7143 0000001   0.0000 255.0000 15.13677000    03
Starlink-525 2006
1 02007U 00000ABC 00001.00000000  .00000000  00000-0  00000+0 0    02
2 02007  53.0000 205.7143 0000001   0.0000 258.0000 15.13677000    07
Starlink-525 2007
1 02008U 00000ABC 00001.00000000  .00000000  00000-0  00000+0 0    03
2 02008  53.0000 205.7143 0000001   0.0000 261.0000 15.13677000    02
Starlink-525 2008
1 02009U 00000ABC 00001.00000000  .00000000  00000-0  00000+0 0    04
2 02009  53.0000 205.7143 0000001   0.0000 264.0000 15.13677000    06
Starlink-525 2009
1 02010U 00000ABC 00001.00000000  .00000000  00000-0  00000+0 0    06
2 02010  53.0000 205.7143 0000001   0.0000 267.0000 15.13677000    01
Starlink-525 2010
1 02011U 00000ABC 00001.00000000  .00000000  00000-0  00000+0 0    07
2 02011  53.0000 205.7143 0000001   0.0000 270.0000 15.13677000    06
Starlink-525 2011
1 02012U 00000ABC 00001.00000000  .00000000  00000-0  00000+0 0    08
2 02012  53.0000 205.7143 0000001   0.0000 273.0000 15.13677000    00
Starlink-525 2012
1 02013U 00000ABC 00001.00000000  .00000000  00000-0  00000+0 0    09
2 02013  53.0000 205.7143 0000001   0.0000 276.0000 15.13677000    04
Starlink-525 2013
1 02014U 00000ABC 00001.00000000  .00000000  00000-0  00000+0 0    00
2 02014  53.0000 205.7143 0000001   0.0000 279.0000 15.13677000    08
Starlink-525 2014
1 02015U 00000ABC 00001.00000000  .00000000  00000-0  00000+0 0    01
2 02015  53.0000 205.7143 0000001   0.0000 282.0000 15.13677000    03
Starlink-525 2015
1 02016U 00000ABC 00001.00000000  .00000000  00000-0  00000+0 0    02
2 02016  53.0000 205.7143 0000001   0.0000 285.0000 15.13677000    07
Starlink-525 2016
1 02017U 00000ABC 00001.00000000  .00000000  00000-0  00000+0 0    03
2 02017  53.0000 205.7143 0000001   0.0000 288.0000 15.13677000    01
Starlink-525 2017
1 02018U 00000ABC 00001.00000000  .00000000  00000-0  00000+0 0    04
2 02018  53.0000 205.7143 0000001   0.0000 291.0000 15.13677000    06
Starlink-525 2018
1 02019U 00000ABC 00001.00000000  .00000000  00000-0  00000+0 0    05
2 02019  53.0000 205.7143 0000001   0.0000 294.0000 15.13677000    00
Starlink-525 2019
1 02020U 00000ABC 00001.00000000  .00000000  00000-0  00000+0 0    07
2 02020  53.0000 205.7143 0000001   0.0000 297.0000 15.13677000    05
Starlink-525 2020
1 02021U 00000ABC 00001.00000000  .00000000  00000-0  00000+0 0    08
2 02021  53.0000 205.7143 0000001   0.0000 300.0000 15.13677000    01
Starlink-525 2021
1 02022U 00000ABC 00001.00000000  .00000000  00000-0  00000+0 0    09
2 02022  53.0000 205.7143 0000001   0.0000 303.0000 15.13677000    05
Starlink-525 2022
1 02023U 00000ABC 00001.00000000  .00000000  00000-0  00000+0 0    00
2 02023  53.0000 205.7143 0000001   0.0000 306.0000 15.13677000    09
Starlink-525 2023
1 02024U 00000ABC 00001.00000000  .00000000  00000-0  00000+0 0    01
2 02024  53.0000 205.7143 0000001   0.0000 309.0000 15.13677000    03
Starlink-525 2024
1 02025U 00000ABC 00001.00000000  .00000000  00000-0  00000+0 0    02
2 02025  53.0000 205.7143 0000001   0.0000 312.0000 15.13677000    08
Starlink-525 2025
1 02026U 00000ABC 00001.00000000  .00000000  00000-0  00000+0 0    03
2 02026  53.0000 205.7143 0000001   0.0000 315.0000 15.13677000    02
Starlink-525 2026
1 02027U 00000ABC 00001.00000000  .00000000  00000-0  00000+0 0    04
2 02027  53.0000 205.7143 0000001   0.0000 318.0000 15.13677000    06
Starlink-525 2027
1 02028U 00000ABC 00001.00000000  .00000000  00000-0  00000+0 0    05
2 02028  53.0000 205.7143 0000001   0.0000 321.0000 15.13677000    01
Starlink-525 2028
1 02029U 00000ABC 00001.00000000  .00000000  00000-0  00000+0 0    06
2 02029  53.0000 205.7143 0000001   0.0000 324.0000 15.13677000    05
Starlink-525 2029
1 02030U 00000ABC 00001.00000000  .00000000  00000-0  00000+0 0    08
2 02030  53.0000 205.7143 0000001   0.0000 327.0000 15.13677000    00
Starlink-525 2030
1 02031U 00000ABC 00001.00000000  .00000000  00000-0  00000+0 0    09
2 02031  53.0000 205.7143 0000001   0.0000 330.0000 15.13677000    05
Starlink-525 2031
1 02032U 00000ABC 00001.00000000  .00000000  00000-0  00000+0 0    00
2 02032  53.0000 205.7143 0000001   0.0000 333.0000 15.13677000    09
Starlink-525 2032
1 02033U 00000ABC 00001.00000000  .00000000  00000-0  00000+0 0    01
2 02033  53.0000 205.7143 0000001   0.0000 336.0000 15.13677000    03
Starlink-525 2033
1 02034U 00000ABC 00001.00000000  .00000000  00000-0  00000+0 0    02
2 02034  53.0000 205.7143 0000001   0.0000 339.0000 15.13677000    07
Starlink-525 2034
1 02035U 00000ABC 00001.00000000  .00000000  00000-0  00000+0 0    03
2 02035  53.0000 205.7143 0000001   0.0000 342.0000 15.13677000    02
Starlink-525 2035
1 02036U 00000ABC 00001.00000000  .00000000  00000-0  00000+0 0    04
2 02036  53.0000 205.7143 0000001   0.0000 345.0000 15.13677000    06
Starlink-525 2036
1 02037U 00000ABC 00001.00000000  .00000000  00000-0  00000+0 0    05
2 02037  53.0000 205.7143 0000001   0.0000 348.0000 15.13677000    00
Starlink-525 2037
1 02038U 00000ABC 00001.00000000  .00000000  00000-0  00000+0 0    06
2 02038  53.0000 205.7143 0000001   0.0000 351.0000 15.13677000    05
Starlink-525 2038
1 02039U 00000ABC 00001.00000000  .00000000  00000-0  00000+0 0    07
2 02039  53.0000 205.7143 0000001   0.0000 354.0000 15.13677000    09
Starlink-525 2039
1 02040U 00000ABC 00001.00000000  .00000000  00000-0  00000+0 0    09
2 02040  53.0000 205.7143 0000001   0.0000 357.0000 15.13677000    04
Starlink-525 2040
1 02041U 00000ABC 00001.00000000  .00000000  00000-0  00000+0 0    00
2 02041  53.0000 218.5714 0000001   0.0000   1.5000 15.13677000    02
Starlink-525 2041
1 02042U 00000ABC 00001.00000000  .00000000  00000-0  00000+0 0    01
2 02042  53.0000 218.5714 0000001   0.0000   4.5000 15.13677000    06
Starlink-525 2042
1 02043U 00000ABC 00001.00000000  .00000000  00000-0  00000+0 0    02
2 02043  53.0000 218.5714 0000001   0.0000   7.5000 15.13677000    00
Starlink-525 2043
1 02044U 00000ABC 00001.00000000  .00000000  00000-0  00000+0 0    03
2 02044  53.0000 218.5714 0000001   0.0000  10.5000 15.13677000    05
Starlink-525 2044
1 02045U 00000ABC 00001.00000000  .00000000  00000-0  00000+0 0    04
2 02045  53.0000 218.5714 0000001   0.0000  13.5000 15.13677000    09
Starlink-525 2045
1 02046U 00000ABC 00001.00000000  .00000000  00000-0  00000+0 0    05
2 02046  53.0000 218.5714 0000001   0.0000  16.5000 15.13677000    03
Starlink-525 2046
1 02047U 00000ABC 00001.00000000  .00000000  00000-0  00000+0 0    06
2 02047  53.0000 218.5714 0000001   0.0000  19.5000 15.13677000    07
Starlink-525 2047
1 02048U 00000ABC 00001.00000000  .00000000  00000-0  00000+0 0    07
2 02048  53.0000 218.5714 0000001   0.0000  22.5000 15.13677000    02
Starlink-525 2048
1 02049U 00000ABC 00001.00000000  .00000000  00000-0  00000+0 0    08
2 02049  53.0000 218.5714 0000001   0.0000  25.5000 15.13677000    06
Starlink-525 2049
1 02050U 00000ABC 00001.00000000  .00000000  00000-0  00000+0 0    00
2 02050  53.0000 218.5714 0000001   0.0000  28.5000 15.13677000    01
Starlink-525 2050
1 02051U 00000ABC 00001.00000000  .00000000  00000-0  00000+0 0    01
2 02051  53.0000 218.5714 0000001   0.0000  31.5000 15.13677000    06
Starlink-525 2051
1 02052U 00000ABC 00001.00000000  .00000000  00000-0  00000+0 0    02
2 02052  53.0000 218.5714 0000001   0.0000  34.5000 15.13677000    00
Starlink-525 2052
1 02053U 00000ABC 00001.00000000  .00000000  00000-0  00000+0 0    03
2 02053  53.0000 218.5714 0000001   0.0000  37.5000 15.13677000    04
Starlink-525 2053
1 02054U 00000ABC 00001.00000000  .00000000  00000-0  00000+0 0    04
2 02054  53.0000 218.5714 0000001   0.0000  40.5000 15.13677000    09
Starlink-525 2054
1 02055U 00000ABC 00001.00000000  .00000000  00000-0  00000+0 0    05
2 02055  53.0000 218.5714 0000001   0.0000  43.5000 15.13677000    03
Starlink-525 2055
1 02056U 00000ABC 00001.00000000  .00000000  00000-0  00000+0 0    06
2 02056  53.0000 218.5714 0000001   0.0000  46.5000 15.13677000    07
Starlink-525 2056
1 02057U 00000ABC 00001.00000000  .00000000  00000-0  00000+0 0    07
2 02057  53.0000 218.5714 0000001   0.0000  49.5000 15.13677000    01
Starlink-525 2057
1 02058U 00000ABC 00001.00000000  .00000000  00000-0  00000+0 0    08
2 02058  53.0000 218.5714 0000001   0.0000  52.5000 15.13677000    06
Starlink-525 2058
1 02059U 00000ABC 00001.00000000  .00000000  00000-0  00000+0 0    09
2 02059  53.0000 218.5714 0000001   0.0000  55.5000 15.13677000    00
Starlink-525 2059
1 02060U 00000ABC 00001.00000000  .00000000  00000-0  00000+0 0    01
2 02060  53.0000 218.5714 0000001   0.0000  58.5000 15.13677000    05
Starlink-525 2060
1 02061U 00000ABC 00001.00000000  .00000000  00000-0  00000+0 0    02
2 02061  53.0000 218.5714 0000001   0.0000  61.5000 15.13677000    00
Starlink-525 2061
1 02062U 00000ABC 00001.00000000  .00000000  00000-0  00000+0 0    03
2 02062  53.0000 218.5714 0000001   0.0000  64.5000 15.13677000    04
Starlink-525 2062
1 02063U 00000ABC 00001.00000000  .00000000  00000-0  00000+0 0    04
2 02063  53.0000 218.5714 0000001   0.0000  67.5000 15.13677000    08
Starlink-525 2063
1 02064U 00000ABC 00001.00000000  .00000000  00000-0  00000+0 0    05
2 02064  53.0000 218.5714 0000001   0.0000  70.5000 15.13677000    03
Starlink-525 2064
1 02065U 00000ABC 00001.00000000  .00000000  00000-0  00000+0 0    06
2 02065  53.0000 218.5714 0000001   0.0000  73.5000 15.13677000    07
Starlink-525 2065
1 02066U 00000ABC 00001.00000000  .00000000  00000-0  00000+0 0    07
2 02066  53.0000 218.5714 0000001   0.0000  76.5000 15.13677000    01
Starlink-525 2066
1 02067U 00000ABC 00001.00000000  .00000000  00000-0  00000+0 0    08
2 02067  53.0000 218.5714 0000001   0.0000  79.5000 15.13677000    05
Starlink-525 2067
1 02068U 00000ABC 00001.00000000  .00000000  00000-0  00000+0 0    09
2 02068  53.0000 218.5714 0000001   0.0000  82.5000 15.13677000    00
Starlink-525 2068
1 02069U 00000ABC 00001.00000000  .00000000  00000-0  00000+0 0    00
2 02069  53.0000 218.5714 0000001   0.0000  85.5000 15.13677000    04
Starlink-525 2069
1 02070U 00000ABC 00001.00000000  .00000000  00000-0  00000+0 0    02
2 02070  53.0000 218.5714 0000001   0.0000  88.5000 15.13677000    09
Starlink-525 2070
1 02071U 00000ABC 00001.00000000  .00000000  00000-0  00000+0 0    03
2 02071  53.0000 218.5714 0000001   0.0000  91.5000 15.13677000    04
Starlink-525 2071
1 02072U 00000ABC 00001.00000000  .00000000  00000-0  00000+0 0    04
2 02072  53.0000 218.5714 0000001   0.0000  94.5000 15.13677000    08
Starlink-525 2072
1 02073U 00000ABC 00001.00000000  .00000000  00000-0  00000+0 0    05
2 02073  53.0000 218.5714 0000001   0.0000  97.5000 15.13677000    02
Starlink-525 2073
1 02074U 00000ABC 00001.00000000  .00000000  00000-0  00000+0 0    06
2 02074  53.0000 218.5714 0000001   0.0000 100.5000 15.13677000    08
Starlink-525 2074
1 02075U 00000ABC 00001.00000000  .00000000  00000-0  00000+0 0    07
2 02075  53.0000 218.5714 0000001   0.0000 103.5000 15.13677000    02
Starlink-525 2075
1 02076U 00000ABC 00001.00000000  .00000000  00000-0  00000+0 0    08
2 02076  53.0000 218.5714 0000001   0.0000 106.5000 15.13677000    06
Starlink-525 2076
1 02077U 00000ABC 00001.00000000  .00000000  00000-0  00000+0 0    09
2 02077  53.0000 218.5714 0000001   0.0000 109.5000 15.13677000    00
Starlink-525 2077
1 02078U 00000ABC 00001.00000000  .00000000  00000-0  00000+0 0    00
2 02078  53.0000 218.5714 0000001   0.0000 112.5000 15.13677000    05
Starlink-525 2078
1 02079U 00000ABC 00001.00000000  .00000000  00000-0  00000+0 0    01
2 02079  53.0000 218.5714 0000001   0.0000 115.5000 15.13677000    09
Starlink-525 2079
1 02080U 00000ABC 00001.00000000  .00000000  00000-0  00000+0 0    03
2 02080  53.0000 218.5714 0000001   0.0000 118.5000 15.13677000    04
Starlink-525 2080
1 02081U 00000ABC 00001.00000000  .00000000  00000-0  00000+0 0    04
2 02081  53.0000 218.5714 0000001   0.0000 121.5000 15.13677000    09
Starlink-525 2081
1 02082U 00000ABC 00001.00000000  .00000000  00000-0  00000+0 0    05
2 02082  53.0000 218.5714 0000001   0.0000 124.5000 15.13677000    03
Starlink-525 2082
1 02083U 00000ABC 00001.00000000  .00000000  00000-0  00000+0 0    06
2 02083  53.0000 218.5714 0000001   0.0000 127.5000 15.13677000    07
Starlink-525 2083
1 02084U 00000ABC 00001.00000000  .00000000  00000-0  00000+0 0    07
2 02084  53.0000 218.5714 0000001   0.0000 130.5000 15.13677000    02
Starlink-525 2084
1 02085U 00000ABC 00001.00000000  .00000000  00000-0  00000+0 0    08
2 02085  53.0000 218.5714 0000001   0.0000 133.5000 15.13677000    06
Starlink-525 2085
1 02086U 00000ABC 00001.00000000  .00000000  00000-0  00000+0 0    09
2 02086  53.0000 218.5714 0000001   0.0000 136.5000 15.13677000    00
Starlink-525 2086
1 02087U 00000ABC 00001.00000000  .00000000  00000-0  00000+0 0    00
2 02087  53.0000 218.5714 0000001   0.0000 139.5000 15.13677000    04
Starlink-525 2087
1 02088U 00000ABC 00001.00000000  .00000000  00000-0  00000+0 0    01
2 02088  53.0000 218.5714 0000001   0.0000 142.5000 15.13677000    09
Starlink-525 2088
1 02089U 00000ABC 00001.00000000  .00000000  00000-0  00000+0 0    02
2 02089  53.0000 218.5714 0000001   0.0000 145.5000 15.13677000    03
Starlink-525 2089
1 02090U 00000ABC 00001.00000000  .00000000  00000-0  00000+0 0    04
2 02090  53.0000 218.5714 0000001   0.0000 148.5000 15.13677000    08
Starlink-525 2090
1 02091U 00000ABC 00001.00000000  .00000000  00000-0  00000+0 0    05
2 02091  53.0000 218.5714 0000001   0.0000 151.5000 15.13677000    03
Starlink-525 2091
1 02092U 00000ABC 00001.00000000  .00000000  00000-0  00000+0 0    06
2 02092  53.0000 218.5714 0000001   0.0000 154.5000 15.13677000    07
Starlink-525 2092
1 02093U 00000ABC 00001.00000000  .00000000  00000-0  00000+0 0    07
2 02093  53.0000 218.5714 0000001   0.0000 157.5000 15.13677000    01
Starlink-525 2093
1 02094U 00000ABC 00001.00000000  .00000000  00000-0  00000+0 0    08
2 02094  53.0000 218.5714 0000001   0.0000 160.5000 15.13677000    06
Starlink-525 2094
1 02095U 00000ABC 00001.00000000  .00000000  00000-0  00000+0 0    09
2 02095  53.0000 218.5714 0000001   0.0000 163.5000 15.13677000    00
Starlink-525 2095
1 02096U 00000ABC 00001.00000000  .00000000  00000-0  00000+0 0    00
2 02096  53.0000 218.5714 0000001   0.0000 166.5000 15.13677000    04
Starlink-525 2096
1 02097U 00000ABC 00001.00000000  .00000000  00000-0  00000+0 0    01
2 02097  53.0000 218.5714 0000001   0.0000 169.5000 15.13677000    08
Starlink-525 2097
1 02098U 00000ABC 00001.00000000  .00000000  00000-0  00000+0 0    02
2 02098  53.0000 218.5714 0000001   0.0000 172.5000 15.13677000    03
Starlink-525 2098
1 02099U 00000ABC 00001.00000000  .00000000  00000-0  00000+0 0    03
2 02099  53.0000 218.5714 0000001   0.0000 175.5000 15.13677000    07
Starlink-525 2099
1 02100U 00000ABC 00001.00000000  .00000000  00000-0  00000+0 0    06
2 02100  53.0000 218.5714 0000001   0.0000 178.5000 15.13677000    03
Starlink-525 2100
1 02101U 00000ABC 00001.00000000  .00000000  00000-0  00000+0 0    07
2 02101  53.0000 218.5714 0000001   0.0000 181.5000 15.13677000    08
Starlink-525 2101
1 02102U 00000ABC 00001.00000000  .00000000  00000-0  00000+0 0    08
2 02102  53.0000 218.5714 0000001   0.0000 184.5000 15.13677000    02
Starlink-525 2102
1 02103U 00000ABC 00001.00000000  .00000000  00000-0  00000+0 0    09
2 02103  53.0000 218.5714 0000001   0.0000 187.5000 15.13677000    06
Starlink-525 2103
1 02104U 00000ABC 00001.00000000  .00000000  00000-0  00000+0 0    00
2 02104  53.0000 218.5714 0000001   0.0000 190.5000 15.13677000    01
Starlink-525 2104
1 02105U 00000ABC 00001.00000000  .00000000  00000-0  00000+0 0    01
2 02105  53.0000 218.5714 0000001   0.0000 193.5000 15.13677000    05
Starlink-525 2105
1 02106U 00000ABC 00001.00000000  .00000000  00000-0  00000+0 0    02
2 02106  53.0000 218.5714 0000001   0.0000 196.5000 15.13677000    09
Starlink-525 2106
1 02107U 00000ABC 00001.00000000  .00000000  00000-0  00000+0 0    03
2 02107  53.0000 218.5714 0000001   0.0000 199.5000 15.13677000    03
Starlink-525 2107
1 02108U 00000ABC 00001.00000000  .00000000  00000-0  00000+0 0    04
2 02108  53.0000 218.5714 0000001   0.0000 202.5000 15.13677000    09
Starlink-525 2108
1 02109U 00000ABC 00001.00000000  .00000000  00000-0  00000+0 0    05
2 02109  53.0000 218.5714 0000001   0.0000 205.5000 15.13677000    03
Starlink-525 2109
1 02110U 00000ABC 00001.00000000  .00000000  00000-0  00000+0 0    07
2 02110  53.0000 218.5714 0000001   0.0000 208.5000 15.13677000    08
Starlink-525 2110
1 02111U 00000ABC 00001.00000000  .00000000  00000-0  00000+0 0    08
2 02111  53.0000 218.5714 0000001   0.0000 211.5000 15.13677000    03
Starlink-525 2111
1 02112U 00000ABC 00001.00000000  .00000000  00000-0  00000+0 0    09
2 02112  53.0000 218.5714 0000001   0.0000 214.5000 15.13677000    07
Starlink-525 2112
1 02113U 00000ABC 00001.00000000  .00000000  00000-0  00000+0 0    00
2 02113  53.0000 218.5714 0000001   0.0000 217.5000 15.13677000    01
Starlink-525 2113
1 02114U 00000ABC 00001.00000000  .00000000  00000-0  00000+0 0    01
2 02114  53.0000 218.5714 0000001   0.0000 220.5000 15.13677000    06
Starlink-525 2114
1 02115U 00000ABC 00001.00000000  .00000000  00000-0  00000+0 0    02
2 02115  53.0000 218.5714 0000001   0.0000 223.5000 15.13677000    00
Starlink-525 2115
1 02116U 00000ABC 00001.00000000  .00000000  00000-0  00000+0 0    03
2 02116  53.0000 218.5714 0000001   0.0000 226.5000 15.13677000    04
Starlink-525 2116
1 02117U 00000ABC 00001.00000000  .00000000  00000-0  00000+0 0    04
2 02117  53.0000 218.5714 0000001   0.0000 229.5000 15.13677000    08
Starlink-525 2117
1 02118U 00000ABC 00001.00000000  .00000000  00000-0  00000+0 0    05
2 02118  53.0000 218.5714 0000001   0.0000 232.5000 15.13677000    03
Starlink-525 2118
1 02119U 00000ABC 00001.00000000  .00000000  00000-0  00000+0 0    06
2 02119  53.0000 218.5714 0000001   0.0000 235.5000 15.13677000    07
Starlink-525 2119
1 02120U 00000ABC 00001.00000000  .00000000  00000-0  00000+0 0    08
2 02120  53.0000 218.5714 0000001   0.0000 238.5000 15.13677000    02
Starlink-525 2120
1 02121U 00000ABC 00001.00000000  .00000000  00000-0  00000+0 0    09
2 02121  53.0000 218.5714 0000001   0.0000 241.5000 15.13677000    07
Starlink-525 2121
1 02122U 00000ABC 00001.00000000  .00000000  00000-0  00000+0 0    00
2 02122  53.0000 218.5714 0000001   0.0000 244.5000 15.13677000    01
Starlink-525 2122
1 02123U 00000ABC 00001.00000000  .00000000  00000-0  00000+0 0    01
2 02123  53.0000 218.5714 0000001   0.0000 247.5000 15.13677000    05
Starlink-525 2123
1 02124U 00000ABC 00001.00000000  .00000000  00000-0  00000+0 0    02
2 02124  53.0000 218.5714 0000001   0.0000 250.5000 15.13677000    00
Starlink-525 2124
1 02125U 00000ABC 00001.00000000  .00000000  00000-0  00000+0 0    03
2 02125  53.0000 218.5714 0000001   0.0000 253.5000 15.13677000    04
Starlink-525 2125
1 02126U 00000ABC 00001.00000000  .00000000  00000-0  00000+0 0    04
2 02126  53.0000 218.5714 0000001   0.0000 256.5000 15.13677000    08
Starlink-525 2126
1 02127U 00000ABC 00001.00000000  .00000000  00000-0  00000+0 0    05
2 02127  53.0000 218.5714 0000001   0.0000 259.5000 15.13677000    02
Starlink-525 2127
1 02128U 00000ABC 00001.00000000  .00000000  00000-0  00000+0 0    06
2 02128  53.0000 218.5714 0000001   0.0000 262.5000 15.13677000    07
Starlink-525 2128
1 02129U 00000ABC 00001.00000000  .00000000  00000-0  00000+0 0    07
2 02129  53.0000 218.5714 0000001   0.0000 265.5000 15.13677000    01
Starlink-525 2129
1 02130U 00000ABC 00001.00000000  .00000000  00000-0  00000+0 0    09
2 02130  53.0000 218.5714 0000001   0.0000 268.5000 15.13677000    06
Starlink-525 2130
1 02131U 00000ABC 00001.00000000  .00000000  00000-0  00000+0 0    00
2 02131  53.0000 218.5714 0000001   0.0000 271.5000 15.13677000    01
Starlink-525 2131
1 02132U 00000ABC 00001.00000000  .00000000  00000-0  00000+0 0    01
2 02132  53.0000 218.5714 0000001   0.0000 274.5000 15.13677000    05
Starlink-525 2132
1 02133U 00000ABC 00001.00000000  .00000000  00000-0  00000+0 0    02
2 02133  53.0000 218.5714 0000001   0.0000 277.5000 15.13677000    09
Starlink-525 2133
1 02134U 00000ABC 00001.00000000  .00000000  00000-0  00000+0 0    03
2 02134  53.0000 218.5714 0000001   0.0000 280.5000 15.13677000    04
Starlink-525 2134
1 02135U 00000ABC 00001.00000000  .00000000  00000-0  00000+0 0    04
2 02135  53.0000 218.5714 0000001   0.0000 283.5000 15.13677000    08
Starlink-525 2135
1 02136U 00000ABC 00001.00000000  .00000000  00000-0  00000+0 0    05
2 02136  53.0000 218.5714 0000001   0.0000 286.5000 15.13677000    02
Starlink-525 2136
1 02137U 00000ABC 00001.00000000  .00000000  00000-0  00000+0 0    06
2 02137  53.0000 218.5714 0000001   0.0000 289.5000 15.13677000    06
Starlink-525 2137
1 02138U 00000ABC 00001.00000000  .00000000  00000-0  00000+0 0    07
2 02138  53.0000 218.5714 0000001   0.0000 292.5000 15.13677000    01
Starlink-525 2138
1 02139U 00000ABC 00001.00000000  .00000000  00000-0  00000+0 0    08
2 02139  53.0000 218.5714 0000001   0.0000 295.5000 15.13677000    05
Starlink-525 2139
1 02140U 00000ABC 00001.00000000  .00000000  00000-0  00000+0 0    00
2 02140  53.0000 218.5714 0000001   0.0000 298.5000 15.13677000    00
Starlink-525 2140
1 02141U 00000ABC 00001.00000000  .00000000  00000-0  00000+0 0    01
2 02141  53.0000 218.5714 0000001   0.0000 301.5000 15.13677000    06
Starlink-525 2141
1 02142U 00000ABC 00001.00000000  .00000000  00000-0  00000+0 0    02
2 02142  53.0000 218.5714 0000001   0.0000 304.5000 15.13677000    00
Starlink-525 2142
1 02143U 00000ABC 00001.00000000  .00000000  00000-0  00000+0 0    03
2 02143  53.0000 218.5714 0000001   0.0000 307.5000 15.13677000    04
Starlink-525 2143
1 02144U 00000ABC 00001.00000000  .00000000  00000-0  00000+0 0    04
2 02144  53.0000 218.5714 0000001   0.0000 310.5000 15.13677000    09
Starlink-525 2144
1 02145U 00000ABC 00001.00000000  .00000000  00000-0  00000+0 0    05
2 02145  53.0000 218.5714 0000001   0.0000 313.5000 15.13677000    03
Starlink-525 2145
1 02146U 00000ABC 00001.00000000  .00000000  00000-0  00000+0 0    06
2 02146  53.0000 218.5714 0000001   0.0000 316.5000 15.13677000    07
Starlink-525 2146
1 02147U 00000ABC 00001.00000000  .00000000  00000-0  00000+0 0    07
2 02147  53.0000 218.5714 0000001   0.0000 319.5000 15.13677000    01
Starlink-525 2147
1 02148U 00000ABC 00001.00000000  .00000000  00000-0  00000+0 0    08
2 02148  53.0000 218.5714 0000001   0.0000 322.5000 15.13677000    06
Starlink-525 2148
1 02149U 00000ABC 00001.00000000  .00000000  00000-0  00000+0 0    09
2 02149  53.0000 218.5714 0000001   0.0000 325.5000 15.13677000    00
Starlink-525 2149
1 02150U 00000ABC 00001.00000000  .00000000  00000-0  00000+0 0    01
2 02150  53.0000 218.5714 0000001   0.0000 328.5000 15.13677000    05
Starlink-525 2150
1 02151U 00000ABC 00001.00000000  .00000000  00000-0  00000+0 0    02
2 02151  53.0000 218.5714 0000001   0.0000 331.5000 15.13677000    00
Starlink-525 2151
1 02152U 00000ABC 00001.00000000  .00000000  00000-0  00000+0 0    03
2 02152  53.0000 218.5714 0000001   0.0000 334.5000 15.13677000    04
Starlink-525 2152
1 02153U 00000ABC 00001.00000000  .00000000  00000-0  00000+0 0    04
2 02153  53.0000 218.5714 0000001   0.0000 337.5000 15.13677000    08
Starlink-525 2153
1 02154U 00000ABC 00001.00000000  .00000000  00000-0  00000+0 0    05
2 02154  53.0000 218.5714 0000001   0.0000 340.5000 15.13677000    03
Starlink-525 2154
1 02155U 00000ABC 00001.00000000  .00000000  00000-0  00000+0 0    06
2 02155  53.0000 218.5714 0000001   0.0000 343.5000 15.13677000    07
Starlink-525 2155
1 02156U 00000ABC 00001.00000000  .00000000  00000-0  00000+0 0    07
2 02156  53.0000 218.5714 0000001   0.0000 346.5000 15.13677000    01
Starlink-525 2156
1 02157U 00000ABC 00001.00000000  .00000000  00000-0  00000+0 0    08
2 02157  53.0000 218.5714 0000001   0.0000 349.5000 15.13677000    05
Starlink-525 2157
1 02158U 00000ABC 00001.00000000  .00000000  00000-0  00000+0 0    09
2 02158  53.0000 218.5714 0000001   0.0000 352.5000 15.13677000    00
Starlink-525 2158
1 02159U 00000ABC 00001.00000000  .00000000  00000-0  00000+0 0    00
2 02159  53.0000 218.5714 0000001   0.0000 355.5000 15.13677000    04
Starlink-525 2159
1 02160U 00000ABC 00001.00000000  .00000000  00000-0  00000+0 0    02
2 02160  53.0000 218.5714 0000001   0.0000 358.5000 15.13677000    09
Starlink-525 2160
1 02161U 00000ABC 00001.00000000  .00000000  00000-0  00000+0 0    03
2 02161  53.0000 231.4286 0000001   0.0000   0.0000 15.13677000    07
Starlink-525 2161
1 02162U 00000ABC 00001.00000000  .00000000  00000-0  00000+0 0    04
2 02162  53.0000 231.4286 0000001   0.0000   3.0000 15.13677000    01
Starlink-525 2162
1 02163U 00000ABC 00001.00000000  .00000000  00000-0  00000+0 0    05
2 02163  53.0000 231.4286 0000001   0.0000   6.0000 15.13677000    05
Starlink-525 2163
1 02164U 00000ABC 00001.00000000  .00000000  00000-0  00000+0 0    06
2 02164  53.0000 231.4286 0000001   0.0000   9.0000 15.13677000    09
Starlink-525 2164
1 02165U 00000ABC 00001.00000000  .00000000  00000-0  00000+0 0    07
2 02165  53.0000 231.4286 0000001   0.0000  12.0000 15.13677000    04
Starlink-525 2165
1 02166U 00000ABC 00001.00000000  .00000000  00000-0  00000+0 0    08
2 02166  53.0000 231.4286 0000001   0.0000  15.0000 15.13677000    08
Starlink-525 2166
1 02167U 00000ABC 00001.00000000  .00000000  00000-0  00000+0 0    09
2 02167  53.0000 231.4286 0000001   0.0000  18.0000 15.13677000    02
Starlink-525 2167
1 02168U 00000ABC 00001.00000000  .00000000  00000-0  00000+0 0    00
2 02168  53.0000 231.4286 0000001   0.0000  21.0000 15.13677000    07
Starlink-525 2168
1 02169U 00000ABC 00001.00000000  .00000000  00000-0  00000+0 0    01
2 02169  53.0000 231.4286 0000001   0.0000  24.0000 15.13677000    01
Starlink-525 2169
1 02170U 00000ABC 00001.00000000  .00000000  00000-0  00000+0 0    03
2 02170  53.0000 231.4286 0000001   0.0000  27.0000 15.13677000    06
Starlink-525 2170
1 02171U 00000ABC 00001.00000000  .00000000  00000-0  00000+0 0    04
2 02171  53.0000 231.4286 0000001   0.0000  30.0000 15.13677000    01
Starlink-525 2171
1 02172U 00000ABC 00001.00000000  .00000000  00000-0  00000+0 0    05
2 02172  53.0000 231.4286 0000001   0.0000  33.0000 15.13677000    05
Starlink-525 2172
1 02173U 00000ABC 00001.00000000  .00000000  00000-0  00000+0 0    06
2 02173  53.0000 231.4286 0000001   0.0000  36.0000 15.13677000    09
Starlink-525 2173
1 02174U 00000ABC 00001.00000000  .00000000  00000-0  00000+0 0    07
2 02174  53.0000 231.4286 0000001   0.0000  39.0000 15.13677000    03
Starlink-525 2174
1 02175U 00000ABC 00001.00000000  .00000000  00000-0  00000+0 0    08
2 02175  53.0000 231.4286 0000001   0.0000  42.0000 15.13677000    08
Starlink-525 2175
1 02176U 00000ABC 00001.00000000  .00000000  00000-0  00000+0 0    09
2 02176  53.0000 231.4286 0000001   0.0000  45.0000 15.13677000    02
Starlink-525 2176
1 02177U 00000ABC 00001.00000000  .00000000  00000-0  00000+0 0    00
2 02177  53.0000 231.4286 0000001   0.0000  48.0000 15.13677000    06
Starlink-525 2177
1 02178U 00000ABC 00001.00000000  .00000000  00000-0  00000+0 0    01
2 02178  53.0000 231.4286 0000001   0.0000  51.0000 15.13677000    01
Starlink-525 2178
1 02179U 00000ABC 00001.00000000  .00000000  00000-0  00000+0 0    02
2 02179  53.0000 231.4286 0000001   0.0000  54.0000 15.13677000    05
Starlink-525 2179
1 02180U 00000ABC 00001.00000000  .00000000  00000-0  00000+0 0    04
2 02180  53.0000 231.4286 0000001   0.0000  57.0000 15.13677000    00
Starlink-525 2180
1 02181U 00000ABC 00001.00000000  .00000000  00000-0  00000+0 0    05
2 02181  53.0000 231.4286 0000001   0.0000  60.0000 15.13677000    05
Starlink-525 2181
1 02182U 00000ABC 00001.00000000  .00000000  00000-0  00000+0 0    06
2 02182  53.0000 231.4286 0000001   0.0000  63.0000 15.13677000    09
Starlink-525 2182
1 02183U 00000ABC 00001.00000000  .00000000  00000-0  00000+0 0    07
2 02183  53.0000 231.4286 0000001   0.0000  66.0000 15.13677000    03
Starlink-525 2183
1 02184U 00000ABC 00001.00000000  .00000000  00000-0  00000+0 0    08
2 02184  53.0000 231.4286 0000001   0.0000  69.0000 15.13677000    07
Starlink-525 2184
1 02185U 00000ABC 00001.00000000  .00000000  00000-0  00000+0 0    09
2 02185  53.0000 231.4286 0000001   0.0000  72.0000 15.13677000    02
Starlink-525 2185
1 02186U 00000ABC 00001.00000000  .00000000  00000-0  00000+0 0    00
2 02186  53.0000 231.4286 0000001   0.0000  75.0000 15.13677000    06
Starlink-525 2186
1 02187U 00000ABC 00001.00000000  .00000000  00000-0  00000+0 0    01
2 02187  53.0000 231.4286 0000001   0.0000  78.0000 15.13677000    00
Starlink-525 2187
1 02188U 00000ABC 00001.00000000  .00000000  00000-0  00000+0 0    02
2 02188  53.0000 231.4286 0000001   0.0000  81.0000 15.13677000    05
Starlink-525 2188
1 02189U 00000ABC 00001.00000000  .00000000  00000-0  00000+0 0    03
2 02189  53.0000 231.4286 0000001   0.0000  84.0000 15.13677000    09
Starlink-525 2189
1 02190U 00000ABC 00001.00000000  .00000000  00000-0  00000+0 0    05
2 02190  53.0000 231.4286 0000001   0.0000  87.0000 15.13677000    04
Starlink-525 2190
1 02191U 00000ABC 00001.00000000  .00000000  00000-0  00000+0 0    06
2 02191  53.0000 231.4286 0000001   0.0000  90.0000 15.13677000    09
Starlink-525 2191
1 02192U 00000ABC 00001.00000000  .00000000  00000-0  00000+0 0    07
2 02192  53.0000 231.4286 0000001   0.0000  93.0000 15.13677000    03
Starlink-525 2192
1 02193U 00000ABC 00001.00000000  .00000000  00000-0  00000+0 0    08
2 02193  53.0000 231.4286 0000001   0.0000  96.0000 15.13677000    07
Starlink-525 2193
1 02194U 00000ABC 00001.00000000  .00000000  00000-0  00000+0 0    09
2 02194  53.0000 231.4286 0000001   0.0000  99.0000 15.13677000    01
Starlink-525 2194
1 02195U 00000ABC 00001.00000000  .00000000  00000-0  00000+0 0    00
2 02195  53.0000 231.4286 0000001   0.0000 102.0000 15.13677000    07
Starlink-525 2195
1 02196U 00000ABC 00001.00000000  .00000000  00000-0  00000+0 0    01
2 02196  53.0000 231.4286 0000001   0.0000 105.0000 15.13677000    01
Starlink-525 2196
1 02197U 00000ABC 00001.00000000  .00000000  00000-0  00000+0 0    02
2 02197  53.0000 231.4286 0000001   0.0000 108.0000 15.13677000    05
Starlink-525 2197
1 02198U 00000ABC 00001.00000000  .00000000  00000-0  00000+0 0    03
2 02198  53.0000 231.4286 0000001   0.0000 111.0000 15.13677000    00
Starlink-525 2198
1 02199U 00000ABC 00001.00000000  .00000000  00000-0  00000+0 0    04
2 02199  53.0000 231.4286 0000001   0.0000 114.0000 15.13677000    04
Starlink-525 2199
1 02200U 00000ABC 00001.00000000  .00000000  00000-0  00000+0 0    07
2 02200  53.0000 231.4286 0000001   0.0000 117.0000 15.13677000    00
Starlink-525 2200
1 02201U 00000ABC 00001.00000000  .00000000  00000-0  00000+0 0    08
2 02201  53.0000 231.4286 0000001   0.0000 120.0000 15.13677000    05
Starlink-525 2201
1 02202U 00000ABC 00001.00000000  .00000000  00000-0  00000+0 0    09
2 02202  53.0000 231.4286 0000001   0.0000 123.0000 15.13677000    09
Starlink-525 2202
1 02203U 00000ABC 00001.00000000  .00000000  00000-0  00000+0 0    00
2 02203  53.0000 231.4286 0000001   0.0000 126.0000 15.13677000    03
Starlink-525 2203
1 02204U 00000ABC 00001.00000000  .00000000  00000-0  00000+0 0    01
2 02204  53.0000 231.4286 0000001   0.0000 129.0000 15.13677000    07
Starlink-525 2204
1 02205U 00000ABC 00001.00000000  .00000000  00000-0  00000+0 0    02
2 02205  53.0000 231.4286 0000001   0.0000 132.0000 15.13677000    02
Starlink-525 2205
1 02206U 00000ABC 00001.00000000  .00000000  00000-0  00000+0 0    03
2 02206  53.0000 231.4286 0000001   0.0000 135.0000 15.13677000    06
Starlink-525 2206
1 02207U 00000ABC 00001.00000000  .00000000  00000-0  00000+0 0    04
2 02207  53.0000 231.4286 0000001   0.0000 138.0000 15.13677000    00
Starlink-525 2207
1 02208U 00000ABC 00001.00000000  .00000000  00000-0  00000+0 0    05
2 02208  53.0000 231.4286 0000001   0.0000 141.0000 15.13677000    05
Starlink-525 2208
1 02209U 00000ABC 00001.00000000  .00000000  00000-0  00000+0 0    06
2 02209  53.0000 231.4286 0000001   0.0000 144.0000 15.13677000    09
Starlink-525 2209
1 02210U 00000ABC 00001.00000000  .00000000  00000-0  00000+0 0    08
2 02210  53.0000 231.4286 0000001   0.0000 147.0000 15.13677000    04
Starlink-525 2210
1 02211U 00000ABC 00001.00000000  .00000000  00000-0  00000+0 0    09
2 02211  53.0000 231.4286 0000001   0.0000 150.0000 15.13677000    09
Starlink-525 2211
1 02212U 00000ABC 00001.00000000  .00000000  00000-0  00000+0 0    00
2 02212  53.0000 231.4286 0000001   0.0000 153.0000 15.13677000    03
Starlink-525 2212
1 02213U 00000ABC 00001.00000000  .00000000  00000-0  00000+0 0    01
2 02213  53.0000 231.4286 0000001   0.0000 156.0000 15.13677000    07
Starlink-525 2213
1 02214U 00000ABC 00001.00000000  .00000000  00000-0  00000+0 0    02
2 02214  53.0000 231.4286 0000001   0.0000 159.0000 15.13677000    01
Starlink-525 2214
1 02215U 00000ABC 00001.00000000  .00000000  00000-0  00000+0 0    03
2 02215  53.0000 231.4286 0000001   0.0000 162.0000 15.13677000    06
Starlink-525 2215
1 02216U 00000ABC 00001.00000000  .00000000  00000-0  00000+0 0    04
2 02216  53.0000 231.4286 0000001   0.0000 165.0000 15.13677000    00
Starlink-525 2216
1 02217U 00000ABC 00001.00000000  .00000000  00000-0  00000+0 0    05
2 02217  53.0000 231.4286 0000001   0.0000 168.0000 15.13677000    04
Starlink-525 2217
1 02218U 00000ABC 00001.00000000  .00000000  00000-0  00000+0 0    06
2 02218  53.0000 231.4286 0000001   0.0000 171.0000 15.13677000    09
Starlink-525 2218
1 02219U 00000ABC 00001.00000000  .00000000  00000-0  00000+0 0    07
2 02219  53.0000 231.4286 0000001   0.0000 174.0000 15.13677000    03
Starlink-525 2219
1 02220U 00000ABC 00001.00000000  .00000000  00000-0  00000+0 0    09
2 02220  53.0000 231.4286 0000001   0.0000 177.0000 15.13677000    08
Starlink-525 2220
1 02221U 00000ABC 00001.00000000  .00000000  00000-0  00000+0 0    00
2 02221  53.0000 231.4286 0000001   0.0000 180.0000 15.13677000    03
Starlink-525 2221
1 02222U 00000ABC 00001.00000000  .00000000  00000-0  00000+0 0    01
2 02222  53.0000 231.4286 0000001   0.0000 183.0000 15.13677000    07
Starlink-525 2222
1 02223U 00000ABC 00001.00000000  .00000000  00000-0  00000+0 0    02
2 02223  53.0000 231.4286 0000001   0.0000 186.0000 15.13677000    01
Starlink-525 2223
1 02224U 00000ABC 00001.00000000  .00000000  00000-0  00000+0 0    03
2 02224  53.0000 231.4286 0000001   0.0000 189.0000 15.13677000    05
Starlink-525 2224
1 02225U 00000ABC 00001.00000000  .00000000  00000-0  00000+0 0    04
2 02225  53.0000 231.4286 0000001   0.0000 192.0000 15.13677000    00
Starlink-525 2225
1 02226U 00000ABC 00001.00000000  .00000000  00000-0  00000+0 0    05
2 02226  53.0000 231.4286 0000001   0.0000 195.0000 15.13677000    04
Starlink-525 2226
1 02227U 00000ABC 00001.00000000  .00000000  00000-0  00000+0 0    06
2 02227  53.0000 231.4286 0000001   0.0000 198.0000 15.13677000    08
Starlink-525 2227
1 02228U 00000ABC 00001.00000000  .00000000  00000-0  00000+0 0    07
2 02228  53.0000 231.4286 0000001   0.0000 201.0000 15.13677000    04
Starlink-525 2228
1 02229U 00000ABC 00001.00000000  .00000000  00000-0  00000+0 0    08
2 02229  53.0000 231.4286 0000001   0.0000 204.0000 15.13677000    08
Starlink-525 2229
1 02230U 00000ABC 00001.00000000  .00000000  00000-0  00000+0 0    00
2 02230  53.0000 231.4286 0000001   0.0000 207.0000 15.13677000    03
Starlink-525 2230
1 02231U 00000ABC 00001.00000000  .00000000  00000-0  00000+0 0    01
2 02231  53.0000 231.4286 0000001   0.0000 210.0000 15.13677000    08
Starlink-525 2231
1 02232U 00000ABC 00001.00000000  .00000000  00000-0  00000+0 0    02
2 02232  53.0000 231.4286 0000001   0.0000 213.0000 15.13677000    02
Starlink-525 2232
1 02233U 00000ABC 00001.00000000  .00000000  00000-0  00000+0 0    03
2 02233  53.0000 231.4286 0000001   0.0000 216.0000 15.13677000    06
Starlink-525 2233
1 02234U 00000ABC 00001.00000000  .00000000  00000-0  00000+0 0    04
2 02234  53.0000 231.4286 0000001   0.0000 219.0000 15.13677000    00
Starlink-525 2234
1 02235U 00000ABC 00001.00000000  .00000000  00000-0  00000+0 0    05
2 02235  53.0000 231.4286 0000001   0.0000 222.0000 15.13677000    05
Starlink-525 2235
1 02236U 00000ABC 00001.00000000  .00000000  00000-0  00000+0 0    06
2 02236  53.0000 231.4286 0000001   0.0000 225.0000 15.13677000    09
Starlink-525 2236
1 02237U 00000ABC 00001.00000000  .00000000  00000-0  00000+0 0    07
2 02237  53.0000 231.4286 0000001   0.0000 228.0000 15.13677000    03
Starlink-525 2237
1 02238U 00000ABC 00001.00000000  .00000000  00000-0  00000+0 0    08
2 02238  53.0000 231.4286 0000001   0.0000 231.0000 15.13677000    08
Starlink-525 2238
1 02239U 00000ABC 00001.00000000  .00000000  00000-0  00000+0 0    09
2 02239  53.0000 231.4286 0000001   0.0000 234.0000 15.13677000    02
Starlink-525 2239
1 02240U 00000ABC 00001.00000000  .00000000  00000-0  00000+0 0    01
2 02240  53.0000 231.4286 0000001   0.0000 237.0000 15.13677000    07
Starlink-525 2240
1 02241U 00000ABC 00001.00000000  .00000000  00000-0  00000+0 0    02
2 02241  53.0000 231.4286 0000001   0.0000 240.0000 15.13677000    02
Starlink-525 2241
1 02242U 00000ABC 00001.00000000  .00000000  00000-0  00000+0 0    03
2 02242  53.0000 231.4286 0000001   0.0000 243.0000 15.13677000    06
Starlink-525 2242
1 02243U 00000ABC 00001.00000000  .00000000  00000-0  00000+0 0    04
2 02243  53.0000 231.4286 0000001   0.0000 246.0000 15.13677000    00
Starlink-525 2243
1 02244U 00000ABC 00001.00000000  .00000000  00000-0  00000+0 0    05
2 02244  53.0000 231.4286 0000001   0.0000 249.0000 15.13677000    04
Starlink-525 2244
1 02245U 00000ABC 00001.00000000  .00000000  00000-0  00000+0 0    06
2 02245  53.0000 231.4286 0000001   0.0000 252.0000 15.13677000    09
Starlink-525 2245
1 02246U 00000ABC 00001.00000000  .00000000  00000-0  00000+0 0    07
2 02246  53.0000 231.4286 0000001   0.0000 255.0000 15.13677000    03
Starlink-525 2246
1 02247U 00000ABC 00001.00000000  .00000000  00000-0  00000+0 0    08
2 02247  53.0000 231.4286 0000001   0.0000 258.0000 15.13677000    07
Starlink-525 2247
1 02248U 00000ABC 00001.00000000  .00000000  00000-0  00000+0 0    09
2 02248  53.0000 231.4286 0000001   0.0000 261.0000 15.13677000    02
Starlink-525 2248
1 02249U 00000ABC 00001.00000000  .00000000  00000-0  00000+0 0    00
2 02249  53.0000 231.4286 0000001   0.0000 264.0000 15.13677000    06
Starlink-525 2249
1 02250U 00000ABC 00001.00000000  .00000000  00000-0  00000+0 0    02
2 02250  53.0000 231.4286 0000001   0.0000 267.0000 15.13677000    01
Starlink-525 2250
1 02251U 00000ABC 00001.00000000  .00000000  00000-0  00000+0 0    03
2 02251  53.0000 231.4286 0000001   0.0000 270.0000 15.13677000    06
Starlink-525 2251
1 02252U 00000ABC 00001.00000000  .00000000  00000-0  00000+0 0    04
2 02252  53.0000 231.4286 0000001   0.0000 273.0000 15.13677000    00
Starlink-525 2252
1 02253U 00000ABC 00001.00000000  .00000000  00000-0  00000+0 0    05
2 02253  53.0000 231.4286 0000001   0.0000 276.0000 15.13677000    04
Starlink-525 2253
1 02254U 00000ABC 00001.00000000  .00000000  00000-0  00000+0 0    06
2 02254  53.0000 231.4286 0000001   0.0000 279.0000 15.13677000    08
Starlink-525 2254
1 02255U 00000ABC 00001.00000000  .00000000  00000-0  00000+0 0    07
2 02255  53.0000 231.4286 0000001   0.0000 282.0000 15.13677000    03
Starlink-525 2255
1 02256U 00000ABC 00001.00000000  .00000000  00000-0  00000+0 0    08
2 02256  53.0000 231.4286 0000001   0.0000 285.0000 15.13677000    07
Starlink-525 2256
1 02257U 00000ABC 00001.00000000  .00000000  00000-0  00000+0 0    09
2 02257  53.0000 231.4286 0000001   0.0000 288.0000 15.13677000    01
Starlink-525 2257
1 02258U 00000ABC 00001.00000000  .00000000  00000-0  00000+0 0    00
2 02258  53.0000 231.4286 0000001   0.0000 291.0000 15.13677000    06
Starlink-525 2258
1 02259U 00000ABC 00001.00000000  .00000000  00000-0  00000+0 0    01
2 02259  53.0000 231.4286 0000001   0.0000 294.0000 15.13677000    00
Starlink-525 2259
1 02260U 00000ABC 00001.00000000  .00000000  00000-0  00000+0 0    03
2 02260  53.0000 231.4286 0000001   0.0000 297.0000 15.13677000    05
Starlink-525 2260
1 02261U 00000ABC 00001.00000000  .00000000  00000-0  00000+0 0    04
2 02261  53.0000 231.4286 0000001   0.0000 300.0000 15.13677000    01
Starlink-525 2261
1 02262U 00000ABC 00001.00000000  .00000000  00000-0  00000+0 0    05
2 02262  53.0000 231.4286 0000001   0.0000 303.0000 15.13677000    05
Starlink-525 2262
1 02263U 00000ABC 00001.00000000  .00000000  00000-0  00000+0 0    06
2 02263  53.0000 231.4286 0000001   0.0000 306.0000 15.13677000    09
Starlink-525 2263
1 02264U 00000ABC 00001.00000000  .00000000  00000-0  00000+0 0    07
2 02264  53.0000 231.4286 0000001   0.0000 309.0000 15.13677000    03
Starlink-525 2264
1 02265U 00000ABC 00001.00000000  .00000000  00000-0  00000+0 0    08
2 02265  53.0000 231.4286 0000001   0.0000 312.0000 15.13677000    08
Starlink-525 2265
1 02266U 00000ABC 00001.00000000  .00000000  00000-0  00000+0 0    09
2 02266  53.0000 231.4286 0000001   0.0000 315.0000 15.13677000    02
Starlink-525 2266
1 02267U 00000ABC 00001.00000000  .00000000  00000-0  00000+0 0    00
2 02267  53.0000 231.4286 0000001   0.0000 318.0000 15.13677000    06
Starlink-525 2267
1 02268U 00000ABC 00001.00000000  .00000000  00000-0  00000+0 0    01
2 02268  53.0000 231.4286 0000001   0.0000 321.0000 15.13677000    01
Starlink-525 2268
1 02269U 00000ABC 00001.00000000  .00000000  00000-0  00000+0 0    02
2 02269  53.0000 231.4286 0000001   0.0000 324.0000 15.13677000    05
Starlink-525 2269
1 02270U 00000ABC 00001.00000000  .00000000  00000-0  00000+0 0    04
2 02270  53.0000 231.4286 0000001   0.0000 327.0000 15.13677000    00
Starlink-525 2270
1 02271U 00000ABC 00001.00000000  .00000000  00000-0  00000+0 0    05
2 02271  53.0000 231.4286 0000001   0.0000 330.0000 15.13677000    05
Starlink-525 2271
1 02272U 00000ABC 00001.00000000  .00000000  00000-0  00000+0 0    06
2 02272  53.0000 231.4286 0000001   0.0000 333.0000 15.13677000    09
Starlink-525 2272
1 02273U 00000ABC 00001.00000000  .00000000  00000-0  00000+0 0    07
2 02273  53.0000 231.4286 0000001   0.0000 336.0000 15.13677000    03
Starlink-525 2273
1 02274U 00000ABC 00001.00000000  .00000000  00000-0  00000+0 0    08
2 02274  53.0000 231.4286 0000001   0.0000 339.0000 15.13677000    07
Starlink-525 2274
1 02275U 00000ABC 00001.00000000  .00000000  00000-0  00000+0 0    09
2 02275  53.0000 231.4286 0000001   0.0000 342.0000 15.13677000    02
Starlink-525 2275
1 02276U 00000ABC 00001.00000000  .00000000  00000-0  00000+0 0    00
2 02276  53.0000 231.4286 0000001   0.0000 345.0000 15.13677000    06
Starlink-525 2276
1 02277U 00000ABC 00001.00000000  .00000000  00000-0  00000+0 0    01
2 02277  53.0000 231.4286 0000001   0.0000 348.0000 15.13677000    00
Starlink-525 2277
1 02278U 00000ABC 00001.00000000  .00000000  00000-0  00000+0 0    02
2 02278  53.0000 231.4286 0000001   0.0000 351.0000 15.13677000    05
Starlink-525 2278
1 02279U 00000ABC 00001.00000000  .00000000  00000-0  00000+0 0    03
2 02279  53.0000 231.4286 0000001   0.0000 354.0000 15.13677000    09
Starlink-525 2279
1 02280U 00000ABC 00001.00000000  .00000000  00000-0  00000+0 0    05
2 02280  53.0000 231.4286 0000001   0.0000 357.0000 15.13677000    04
Starlink-525 2280
1 02281U 00000ABC 00001.00000000  .00000000  00000-0  00000+0 0    06
2 02281  53.0000 244.2857 0000001   0.0000   1.5000 15.13677000    02
Starlink-525 2281
1 02282U 00000ABC 00001.00000000  .00000000  00000-0  00000+0 0    07
2 02282  53.0000 244.2857 0000001   0.0000   4.5000 15.13677000    06
Starlink-525 2282
1 02283U 00000ABC 00001.00000000  .00000000  00000-0  00000+0 0    08
2 02283  53.0000 244.2857 0000001   0.0000   7.5000 15.13677000    00
Starlink-525 2283
1 02284U 00000ABC 00001.00000000  .00000000  00000-0  00000+0 0    09
2 02284  53.0000 244.2857 0000001   0.0000  10.5000 15.13677000    05
Starlink-525 2284
1 02285U 00000ABC 00001.00000000  .00000000  00000-0  00000+0 0    00
2 02285  53.0000 244.2857 0000001   0.0000  13.5000 15.13677000    09
Starlink-525 2285
1 02286U 00000ABC 00001.00000000  .00000000  00000-0  00000+0 0    01
2 02286  53.0000 244.2857 0000001   0.0000  16.5000 15.13677000    03
Starlink-525 2286
1 02287U 00000ABC 00001.00000000  .00000000  00000-0  00000+0 0    02
2 02287  53.0000 244.2857 0000001   0.0000  19.5000 15.13677000    07
Starlink-525 2287
1 02288U 00000ABC 00001.00000000  .00000000  00000-0  00000+0 0    03
2 02288  53.0000 244.2857 0000001   0.0000  22.5000 15.13677000    02
Starlink-525 2288
1 02289U 00000ABC 00001.00000000  .00000000  00000-0  00000+0 0    04
2 02289  53.0000 244.2857 0000001   0.0000  25.5000 15.13677000    06
Starlink-525 2289
1 02290U 00000ABC 00001.00000000  .00000000  00000-0  00000+0 0    06
2 02290  53.0000 244.2857 0000001   0.0000  28.5000 15.13677000    01
Starlink-525 2290
1 02291U 00000ABC 00001.00000000  .00000000  00000-0  00000+0 0    07
2 02291  53.0000 244.2857 0000001   0.0000  31.5000 15.13677000    06
Starlink-525 2291
1 02292U 00000ABC 00001.00000000  .00000000  00000-0  00000+0 0    08
2 02292  53.0000 244.2857 0000001   0.0000  34.5000 15.13677000    00
Starlink-525 2292
1 02293U 00000ABC 00001.00000000  .00000000  00000-0  00000+0 0    09
2 02293  53.0000 244.2857 0000001   0.0000  37.5000 15.13677000    04
Starlink-525 2293
1 02294U 00000ABC 00001.00000000  .00000000  00000-0  00000+0 0    00
2 02294  53.0000 244.2857 0000001   0.0000  40.5000 15.13677000    09
Starlink-525 2294
1 02295U 00000ABC 00001.00000000  .00000000  00000-0  00000+0 0    01
2 02295  53.0000 244.2857 0000001   0.0000  43.5000 15.13677000    03
Starlink-525 2295
1 02296U 00000ABC 00001.00000000  .00000000  00000-0  00000+0 0    02
2 02296  53.0000 244.2857 0000001   0.0000  46.5000 15.13677000    07
Starlink-525 2296
1 02297U 00000ABC 00001.00000000  .00000000  00000-0  00000+0 0    03
2 02297  53.0000 244.2857 0000001   0.0000  49.5000 15.13677000    01
Starlink-525 2297
1 02298U 00000ABC 00001.00000000  .00000000  00000-0  00000+0 0    04
2 02298  53.0000 244.2857 0000001   0.0000  52.5000 15.13677000    06
Starlink-525 2298
1 02299U 00000ABC 00001.00000000  .00000000  00000-0  00000+0 0    05
2 02299  53.0000 244.2857 0000001   0.0000  55.5000 15.13677000    00
Starlink-525 2299
1 02300U 00000ABC 00001.00000000  .00000000  00000-0  00000+0 0    08
2 02300  53.0000 244.2857 0000001   0.0000  58.5000 15.13677000    06
Starlink-525 2300
1 02301U 00000ABC 00001.00000000  .00000000  00000-0  00000+0 0    09
2 02301  53.0000 244.2857 0000001   0.0000  61.5000 15.13677000    01
Starlink-525 2301
1 02302U 00000ABC 00001.00000000  .00000000  00000-0  00000+0 0    00
2 02302  53.0000 244.2857 0000001   0.0000  64.5000 15.13677000    05
Starlink-525 2302
1 02303U 00000ABC 00001.00000000  .00000000  00000-0  00000+0 0    01
2 02303  53.0000 244.2857 0000001   0.0000  67.5000 15.13677000    09
Starlink-525 2303
1 02304U 00000ABC 00001.00000000  .00000000  00000-0  00000+0 0    02
2 02304  53.0000 244.2857 0000001   0.0000  70.5000 15.13677000    04
Starlink-525 2304
1 02305U 00000ABC 00001.00000000  .00000000  00000-0  00000+0 0    03
2 02305  53.0000 244.2857 0000001   0.0000  73.5000 15.13677000    08
Starlink-525 2305
1 02306U 00000ABC 00001.00000000  .00000000  00000-0  00000+0 0    04
2 02306  53.0000 244.2857 0000001   0.0000  76.5000 15.13677000    02
Starlink-525 2306
1 02307U 00000ABC 00001.00000000  .00000000  00000-0  00000+0 0    05
2 02307  53.0000 244.2857 0000001   0.0000  79.5000 15.13677000    06
Starlink-525 2307
1 02308U 00000ABC 00001.00000000  .00000000  00000-0  00000+0 0    06
2 02308  53.0000 244.2857 0000001   0.0000  82.5000 15.13677000    01
Starlink-525 2308
1 02309U 00000ABC 00001.00000000  .00000000  00000-0  00000+0 0    07
2 02309  53.0000 244.2857 0000001   0.0000  85.5000 15.13677000    05
Starlink-525 2309
1 02310U 00000ABC 00001.00000000  .00000000  00000-0  00000+0 0    09
2 02310  53.0000 244.2857 0000001   0.0000  88.5000 15.13677000    00
Starlink-525 2310
1 02311U 00000ABC 00001.00000000  .00000000  00000-0  00000+0 0    00
2 02311  53.0000 244.2857 0000001   0.0000  91.5000 15.13677000    05
Starlink-525 2311
1 02312U 00000ABC 00001.00000000  .00000000  00000-0  00000+0 0    01
2 02312  53.0000 244.2857 0000001   0.0000  94.5000 15.13677000    09
Starlink-525 2312
1 02313U 00000ABC 00001.00000000  .00000000  00000-0  00000+0 0    02
2 02313  53.0000 244.2857 0000001   0.0000  97.5000 15.13677000    03
Starlink-525 2313
1 02314U 00000ABC 00001.00000000  .00000000  00000-0  00000+0 0    03
2 02314  53.0000 244.2857 0000001   0.0000 100.5000 15.13677000    09
Starlink-525 2314
1 02315U 00000ABC 00001.00000000  .00000000  00000-0  00000+0 0    04
2 02315  53.0000 244.2857 0000001   0.0000 103.5000 15.13677000    03
Starlink-525 2315
1 02316U 00000ABC 00001.00000000  .00000000  00000-0  00000+0 0    05
2 02316  53.0000 244.2857 0000001   0.0000 106.5000 15.13677000    07
Starlink-525 2316
1 02317U 00000ABC 00001.00000000  .00000000  00000-0  00000+0 0    06
2 02317  53.0000 244.2857 0000001   0.0000 109.5000 15.13677000    01
Starlink-525 2317
1 02318U 00000ABC 00001.00000000  .00000000  00000-0  00000+0 0    07
2 02318  53.0000 244.2857 0000001   0.0000 112.5000 15.13677000    06
Starlink-525 2318
1 02319U 00000ABC 00001.00000000  .00000000  00000-0  00000+0 0    08
2 02319  53.0000 244.2857 0000001   0.0000 115.5000 15.13677000    00
Starlink-525 2319
1 02320U 00000ABC 00001.00000000  .00000000  00000-0  00000+0 0    00
2 02320  53.0000 244.2857 0000001   0.0000 118.5000 15.13677000    05
Starlink-525 2320
1 02321U 00000ABC 00001.00000000  .00000000  00000-0  00000+0 0    01
2 02321  53.0000 244.2857 0000001   0.0000 121.5000 15.13677000    00
Starlink-525 2321
1 02322U 00000ABC 00001.00000000  .00000000  00000-0  00000+0 0    02
2 02322  53.0000 244.2857 0000001   0.0000 124.5000 15.13677000    04
Starlink-525 2322
1 02323U 00000ABC 00001.00000000  .00000000  00000-0  00000+0 0    03
2 02323  53.0000 244.2857 0000001   0.0000 127.5000 15.13677000    08
Starlink-525 2323
1 02324U 00000ABC 00001.00000000  .00000000  00000-0  00000+0 0    04
2 02324  53.0000 244.2857 0000001   0.0000 130.5000 15.13677000    03
Starlink-525 2324
1 02325U 00000ABC 00001.00000000  .00000000  00000-0  00000+0 0    05
2 02325  53.0000 244.2857 0000001   0.0000 133.5000 15.13677000    07
Starlink-525 2325
1 02326U 00000ABC 00001.00000000  .00000000  00000-0  00000+0 0    06
2 02326  53.0000 244.2857 0000001   0.0000 136.5000 15.13677000    01
Starlink-525 2326
1 02327U 00000ABC 00001.00000000  .00000000  00000-0  00000+0 0    07
2 02327  53.0000 244.2857 0000001   0.0000 139.5000 15.13677000    05
Starlink-525 2327
1 02328U 00000ABC 00001.00000000  .00000000  00000-0  00000+0 0    08
2 02328  53.0000 244.2857 0000001   0.0000 142.5000 15.13677000    00
Starlink-525 2328
1 02329U 00000ABC 00001.00000000  .00000000  00000-0  00000+0 0    09
2 02329  53.0000 244.2857 0000001   0.0000 145.5000 15.13677000    04
Starlink-525 2329
1 02330U 00000ABC 00001.00000000  .00000000  00000-0  00000+0 0    01
2 02330  53.0000 244.2857 0000001   0.0000 148.5000 15.13677000    09
Starlink-525 2330
1 02331U 00000ABC 00001.00000000  .00000000  00000-0  00000+0 0    02
2 02331  53.0000 244.2857 0000001   0.0000 151.5000 15.13677000    04
Starlink-525 2331
1 02332U 00000ABC 00001.00000000  .00000000  00000-0  00000+0 0    03
2 02332  53.0000 244.2857 0000001   0.0000 154.5000 15.13677000    08
Starlink-525 2332
1 02333U 00000ABC 00001.00000000  .00000000  00000-0  00000+0 0    04
2 02333  53.0000 244.2857 0000001   0.0000 157.5000 15.13677000    02
Starlink-525 2333
1 02334U 00000ABC 00001.00000000  .00000000  00000-0  00000+0 0    05
2 02334  53.0000 244.2857 0000001   0.0000 160.5000 15.13677000    07
Starlink-525 2334
1 02335U 00000ABC 00001.00000000  .00000000  00000-0  00000+0 0    06
2 02335  53.0000 244.2857 0000001   0.0000 163.5000 15.13677000    01
Starlink-525 2335
1 02336U 00000ABC 00001.00000000  .00000000  00000-0  00000+0 0    07
2 02336  53.0000 244.2857 0000001   0.0000 166.5000 15.13677000    05
Starlink-525 2336
1 02337U 00000ABC 00001.00000000  .00000000  00000-0  00000+0 0    08
2 02337  53.0000 244.2857 0000001   0.0000 169.5000 15.13677000    09
Starlink-525 2337
1 02338U 00000ABC 00001.00000000  .00000000  00000-0  00000+0 0    09
2 02338  53.0000 244.2857 0000001   0.0000 172.5000 15.13677000    04
Starlink-525 2338
1 02339U 00000ABC 00001.00000000  .00000000  00000-0  00000+0 0    00
2 02339  53.0000 244.2857 0000001   0.0000 175.5000 15.13677000    08
Starlink-525 2339
1 02340U 00000ABC 00001.00000000  .00000000  00000-0  00000+0 0    02
2 02340  53.0000 244.2857 0000001   0.0000 178.5000 15.13677000    03
Starlink-525 2340
1 02341U 00000ABC 00001.00000000  .00000000  00000-0  00000+0 0    03
2 02341  53.0000 244.2857 0000001   0.0000 181.5000 15.13677000    08
Starlink-525 2341
1 02342U 00000ABC 00001.00000000  .00000000  00000-0  00000+0 0    04
2 02342  53.0000 244.2857 0000001   0.0000 184.5000 15.13677000    02
Starlink-525 2342
1 02343U 00000ABC 00001.00000000  .00000000  00000-0  00000+0 0    05
2 02343  53.0000 244.2857 0000001   0.0000 187.5000 15.13677000    06
Starlink-525 2343
1 02344U 00000ABC 00001.00000000  .00000000  00000-0  00000+0 0    06
2 02344  53.0000 244.2857 0000001   0.0000 190.5000 15.13677000    01
Starlink-525 2344
1 02345U 00000ABC 00001.00000000  .00000000  00000-0  00000+0 0    07
2 02345  53.0000 244.2857 0000001   0.0000 193.5000 15.13677000    05
Starlink-525 2345
1 02346U 00000ABC 00001.00000000  .00000000  00000-0  00000+0 0    08
2 02346  53.0000 244.2857 0000001   0.0000 196.5000 15.13677000    09
Starlink-525 2346
1 02347U 00000ABC 00001.00000000  .00000000  00000-0  00000+0 0    09
2 02347  53.0000 244.2857 0000001   0.0000 199.5000 15.13677000    03
Starlink-525 2347
1 02348U 00000ABC 00001.00000000  .00000000  00000-0  00000+0 0    00
2 02348  53.0000 244.2857 0000001   0.0000 202.5000 15.13677000    09
Starlink-525 2348
1 02349U 00000ABC 00001.00000000  .00000000  00000-0  00000+0 0    01
2 02349  53.0000 244.2857 0000001   0.0000 205.5000 15.13677000    03
Starlink-525 2349
1 02350U 00000ABC 00001.00000000  .00000000  00000-0  00000+0 0    03
2 02350  53.0000 244.2857 0000001   0.0000 208.5000 15.13677000    08
Starlink-525 2350
1 02351U 00000ABC 00001.00000000  .00000000  00000-0  00000+0 0    04
2 02351  53.0000 244.2857 0000001   0.0000 211.5000 15.13677000    03
Starlink-525 2351
1 02352U 00000ABC 00001.00000000  .00000000  00000-0  00000+0 0    05
2 02352  53.0000 244.2857 0000001   0.0000 214.5000 15.13677000    07
Starlink-525 2352
1 02353U 00000ABC 00001.00000000  .00000000  00000-0  00000+0 0    06
2 02353  53.0000 244.2857 0000001   0.0000 217.5000 15.13677000    01
Starlink-525 2353
1 02354U 00000ABC 00001.00000000  .00000000  00000-0  00000+0 0    07
2 02354  53.0000 244.2857 0000001   0.0000 220.5000 15.13677000    06
Starlink-525 2354
1 02355U 00000ABC 00001.00000000  .00000000  00000-0  00000+0 0    08
2 02355  53.0000 244.2857 0000001   0.0000 223.5000 15.13677000    00
Starlink-525 2355
1 02356U 00000ABC 00001.00000000  .00000000  00000-0  00000+0 0    09
2 02356  53.0000 244.2857 0000001   0.0000 226.5000 15.13677000    04
Starlink-525 2356
1 02357U 00000ABC 00001.00000000  .00000000  00000-0  00000+0 0    00
2 02357  53.0000 244.2857 0000001   0.0000 229.5000 15.13677000    08
Starlink-525 2357
1 02358U 00000ABC 00001.00000000  .00000000  00000-0  00000+0 0    01
2 02358  53.0000 244.2857 0000001   0.0000 232.5000 15.13677000    03
Starlink-525 2358
1 02359U 00000ABC 00001.00000000  .00000000  00000-0  00000+0 0    02
2 02359  53.0000 244.2857 0000001   0.0000 235.5000 15.13677000    07
Starlink-525 2359
1 02360U 00000ABC 00001.00000000  .00000000  00000-0  00000+0 0    04
2 02360  53.0000 244.2857 0000001   0.0000 238.5000 15.13677000    02
Starlink-525 2360
1 02361U 00000ABC 00001.00000000  .00000000  00000-0  00000+0 0    05
2 02361  53.0000 244.2857 0000001   0.0000 241.5000 15.13677000    07
Starlink-525 2361
1 02362U 00000ABC 00001.00000000  .00000000  00000-0  00000+0 0    06
2 02362  53.0000 244.2857 0000001   0.0000 244.5000 15.13677000    01
Starlink-525 2362
1 02363U 00000ABC 00001.00000000  .00000000  00000-0  00000+0 0    07
2 02363  53.0000 244.2857 0000001   0.0000 247.5000 15.13677000    05
Starlink-525 2363
1 02364U 00000ABC 00001.00000000  .00000000  00000-0  00000+0 0    08
2 02364  53.0000 244.2857 0000001   0.0000 250.5000 15.13677000    00
Starlink-525 2364
1 02365U 00000ABC 00001.00000000  .00000000  00000-0  00000+0 0    09
2 02365  53.0000 244.2857 0000001   0.0000 253.5000 15.13677000    04
Starlink-525 2365
1 02366U 00000ABC 00001.00000000  .00000000  00000-0  00000+0 0    00
2 02366  53.0000 244.2857 0000001   0.0000 256.5000 15.13677000    08
Starlink-525 2366
1 02367U 00000ABC 00001.00000000  .00000000  00000-0  00000+0 0    01
2 02367  53.0000 244.2857 0000001   0.0000 259.5000 15.13677000    02
Starlink-525 2367
1 02368U 00000ABC 00001.00000000  .00000000  00000-0  00000+0 0    02
2 02368  53.0000 244.2857 0000001   0.0000 262.5000 15.13677000    07
Starlink-525 2368
1 02369U 00000ABC 00001.00000000  .00000000  00000-0  00000+0 0    03
2 02369  53.0000 244.2857 0000001   0.0000 265.5000 15.13677000    01
Starlink-525 2369
1 02370U 00000ABC 00001.00000000  .00000000  00000-0  00000+0 0    05
2 02370  53.0000 244.2857 0000001   0.0000 268.5000 15.13677000    06
Starlink-525 2370
1 02371U 00000ABC 00001.00000000  .00000000  00000-0  00000+0 0    06
2 02371  53.0000 244.2857 0000001   0.0000 271.5000 15.13677000    01
Starlink-525 2371
1 02372U 00000ABC 00001.00000000  .00000000  00000-0  00000+0 0    07
2 02372  53.0000 244.2857 0000001   0.0000 274.5000 15.13677000    05
Starlink-525 2372
1 02373U 00000ABC 00001.00000000  .00000000  00000-0  00000+0 0    08
2 02373  53.0000 244.2857 0000001   0.0000 277.5000 15.13677000    09
Starlink-525 2373
1 02374U 00000ABC 00001.00000000  .00000000  00000-0  00000+0 0    09
2 02374  53.0000 244.2857 0000001   0.0000 280.5000 15.13677000    04
Starlink-525 2374
1 02375U 00000ABC 00001.00000000  .00000000  00000-0  00000+0 0    00
2 02375  53.0000 244.2857 0000001   0.0000 283.5000 15.13677000    08
Starlink-525 2375
1 02376U 00000ABC 00001.00000000  .00000000  00000-0  00000+0 0    01
2 02376  53.0000 244.2857 0000001   0.0000 286.5000 15.13677000    02
Starlink-525 2376
1 02377U 00000ABC 00001.00000000  .00000000  00000-0  00000+0 0    02
2 02377  53.0000 244.2857 0000001   0.0000 289.5000 15.13677000    06
Starlink-525 2377
1 02378U 00000ABC 00001.00000000  .00000000  00000-0  00000+0 0    03
2 02378  53.0000 244.2857 0000001   0.0000 292.5000 15.13677000    01
Starlink-525 2378
1 02379U 00000ABC 00001.00000000  .00000000  00000-0  00000+0 0    04
2 02379  53.0000 244.2857 0000001   0.0000 295.5000 15.13677000    05
Starlink-525 2379
1 02380U 00000ABC 00001.00000000  .00000000  00000-0  00000+0 0    06
2 02380  53.0000 244.2857 0000001   0.0000 298.5000 15.13677000    00
Starlink-525 2380
1 02381U 00000ABC 00001.00000000  .00000000  00000-0  00000+0 0    07
2 02381  53.0000 244.2857 0000001   0.0000 301.5000 15.13677000    06
Starlink-525 2381
1 02382U 00000ABC 00001.00000000  .00000000  00000-0  00000+0 0    08
2 02382  53.0000 244.2857 0000001   0.0000 304.5000 15.13677000    00
Starlink-525 2382
1 02383U 00000ABC 00001.00000000  .00000000  00000-0  00000+0 0    09
2 02383  53.0000 244.2857 0000001   0.0000 307.5000 15.13677000    04
Starlink-525 2383
1 02384U 00000ABC 00001.00000000  .00000000  00000-0  00000+0 0    00
2 02384  53.0000 244.2857 0000001   0.0000 310.5000 15.13677000    09
Starlink-525 2384
1 02385U 00000ABC 00001.00000000  .00000000  00000-0  00000+0 0    01
2 02385  53.0000 244.2857 0000001   0.0000 313.5000 15.13677000    03
Starlink-525 2385
1 02386U 00000ABC 00001.00000000  .00000000  00000-0  00000+0 0    02
2 02386  53.0000 244.2857 0000001   0.0000 316.5000 15.13677000    07
Starlink-525 2386
1 02387U 00000ABC 00001.00000000  .00000000  00000-0  00000+0 0    03
2 02387  53.0000 244.2857 0000001   0.0000 319.5000 15.13677000    01
Starlink-525 2387
1 02388U 00000ABC 00001.00000000  .00000000  00000-0  00000+0 0    04
2 02388  53.0000 244.2857 0000001   0.0000 322.5000 15.13677000    06
Starlink-525 2388
1 02389U 00000ABC 00001.00000000  .00000000  00000-0  00000+0 0    05
2 02389  53.0000 244.2857 0000001   0.0000 325.5000 15.13677000    00
Starlink-525 2389
1 02390U 00000ABC 00001.00000000  .00000000  00000-0  00000+0 0    07
2 02390  53.0000 244.2857 0000001   0.0000 328.5000 15.13677000    05
Starlink-525 2390
1 02391U 00000ABC 00001.00000000  .00000000  00000-0  00000+0 0    08
2 02391  53.0000 244.2857 0000001   0.0000 331.5000 15.13677000    00
Starlink-525 2391
1 02392U 00000ABC 00001.00000000  .00000000  00000-0  00000+0 0    09
2 02392  53.0000 244.2857 0000001   0.0000 334.5000 15.13677000    04
Starlink-525 2392
1 02393U 00000ABC 00001.00000000  .00000000  00000-0  00000+0 0    00
2 02393  53.0000 244.2857 0000001   0.0000 337.5000 15.13677000    08
Starlink-525 2393
1 02394U 00000ABC 00001.00000000  .00000000  00000-0  00000+0 0    01
2 02394  53.0000 244.2857 0000001   0.0000 340.5000 15.13677000    03
Starlink-525 2394
1 02395U 00000ABC 00001.00000000  .00000000  00000-0  00000+0 0    02
2 02395  53.0000 244.2857 0000001   0.0000 343.5000 15.13677000    07
Starlink-525 2395
1 02396U 00000ABC 00001.00000000  .00000000  00000-0  00000+0 0    03
2 02396  53.0000 244.2857 0000001   0.0000 346.5000 15.13677000    01
Starlink-525 2396
1 02397U 00000ABC 00001.00000000  .00000000  00000-0  00000+0 0    04
2 02397  53.0000 244.2857 0000001   0.0000 349.5000 15.13677000    05
Starlink-525 2397
1 02398U 00000ABC 00001.00000000  .00000000  00000-0  00000+0 0    05
2 02398  53.0000 244.2857 0000001   0.0000 352.5000 15.13677000    00
Starlink-525 2398
1 02399U 00000ABC 00001.00000000  .00000000  00000-0  00000+0 0    06
2 02399  53.0000 244.2857 0000001   0.0000 355.5000 15.13677000    04
Starlink-525 2399
1 02400U 00000ABC 00001.00000000  .00000000  00000-0  00000+0 0    09
2 02400  53.0000 244.2857 0000001   0.0000 358.5000 15.13677000    00
Starlink-525 2400
1 02401U 00000ABC 00001.00000000  .00000000  00000-0  00000+0 0    00
2 02401  53.0000 257.1429 0000001   0.0000   0.0000 15.13677000    08
Starlink-525 2401
1 02402U 00000ABC 00001.00000000  .00000000  00000-0  00000+0 0    01
2 02402  53.0000 257.1429 0000001   0.0000   3.0000 15.13677000    02
Starlink-525 2402
1 02403U 00000ABC 00001.00000000  .00000000  00000-0  00000+0 0    02
2 02403  53.0000 257.1429 0000001   0.0000   6.0000 15.13677000    06
Starlink-525 2403
1 02404U 00000ABC 00001.00000000  .00000000  00000-0  00000+0 0    03
2 02404  53.0000 257.1429 0000001   0.0000   9.0000 15.13677000    00
Starlink-525 2404
1 02405U 00000ABC 00001.00000000  .00000000  00000-0  00000+0 0    04
2 02405  53.0000 257.1429 0000001   0.0000  12.0000 15.13677000    05
Starlink-525 2405
1 02406U 00000ABC 00001.00000000  .00000000  00000-0  00000+0 0    05
2 02406  53.0000 257.1429 0000001   0.0000  15.0000 15.13677000    09
Starlink-525 2406
1 02407U 00000ABC 00001.00000000  .00000000  00000-0  00000+0 0    06
2 02407  53.0000 257.1429 0000001   0.0000  18.0000 15.13677000    03
Starlink-525 2407
1 02408U 00000ABC 00001.00000000  .00000000  00000-0  00000+0 0    07
2 02408  53.0000 257.1429 0000001   0.0000  21.0000 15.13677000    08
Starlink-525 2408
1 02409U 00000ABC 00001.00000000  .00000000  00000-0  00000+0 0    08
2 02409  53.0000 257.1429 0000001   0.0000  24.0000 15.13677000    02
Starlink-525 2409
1 02410U 00000ABC 00001.00000000  .00000000  00000-0  00000+0 0    00
2 02410  53.0000 257.1429 0000001   0.0000  27.0000 15.13677000    07
Starlink-525 2410
1 02411U 00000ABC 00001.00000000  .00000000  00000-0  00000+0 0    01
2 02411  53.0000 257.1429 0000001   0.0000  30.0000 15.13677000    02
Starlink-525 2411
1 02412U 00000ABC 00001.00000000  .00000000  00000-0  00000+0 0    02
2 02412  53.0000 257.1429 0000001   0.0000  33.0000 15.13677000    06
Starlink-525 2412
1 02413U 00000ABC 00001.00000000  .00000000  00000-0  00000+0 0    03
2 02413  53.0000 257.1429 0000001   0.0000  36.0000 15.13677000    00
Starlink-525 2413
1 02414U 00000ABC 00001.00000000  .00000000  00000-0  00000+0 0    04
2 02414  53.0000 257.1429 0000001   0.0000  39.0000 15.13677000    04
Starlink-525 2414
1 02415U 00000ABC 00001.00000000  .00000000  00000-0  00000+0 0    05
2 02415  53.0000 257.1429 0000001   0.0000  42.0000 15.13677000    09
Starlink-525 2415
1 02416U 00000ABC 00001.00000000  .00000000  00000-0  00000+0 0    06
2 02416  53.0000 257.1429 0000001   0.0000  45.0000 15.13677000    03
Starlink-525 2416
1 02417U 00000ABC 00001.00000000  .00000000  00000-0  00000+0 0    07
2 02417  53.0000 257.1429 0000001   0.0000  48.0000 15.13677000    07
Starlink-525 2417
1 02418U 00000ABC 00001.00000000  .00000000  00000-0  00000+0 0    08
2 02418  53.0000 257.1429 0000001   0.0000  51.0000 15.13677000    02
Starlink-525 2418
1 02419U 00000ABC 00001.00000000  .00000000  00000-0  00000+0 0    09
2 02419  53.0000 257.1429 0000001   0.0000  54.0000 15.13677000    06
Starlink-525 2419
1 02420U 00000ABC 00001.00000000  .00000000  00000-0  00000+0 0    01
2 02420  53.0000 257.1429 0000001   0.0000  57.0000 15.13677000    01
Starlink-525 2420
1 02421U 00000ABC 00001.00000000  .00000000  00000-0  00000+0 0    02
2 02421  53.0000 257.1429 0000001   0.0000  60.0000 15.13677000    06
Starlink-525 2421
1 02422U 00000ABC 00001.00000000  .00000000  00000-0  00000+0 0    03
2 02422  53.0000 257.1429 0000001   0.0000  63.0000 15.13677000    00
Starlink-525 2422
1 02423U 00000ABC 00001.00000000  .00000000  00000-0  00000+0 0    04
2 02423  53.0000 257.1429 0000001   0.0000  66.0000 15.13677000    04
Starlink-525 2423
1 02424U 00000ABC 00001.00000000  .00000000  00000-0  00000+0 0    05
2 02424  53.0000 257.1429 0000001   0.0000  69.0000 15.13677000    08
Starlink-525 2424
1 02425U 00000ABC 00001.00000000  .00000000  00000-0  00000+0 0    06
2 02425  53.0000 257.1429 0000001   0.0000  72.0000 15.13677000    03
Starlink-525 2425
1 02426U 00000ABC 00001.00000000  .00000000  00000-0  00000+0 0    07
2 02426  53.0000 257.1429 0000001   0.0000  75.0000 15.13677000    07
Starlink-525 2426
1 02427U 00000ABC 00001.00000000  .00000000  00000-0  00000+0 0    08
2 02427  53.0000 257.1429 0000001   0.0000  78.0000 15.13677000    01
Starlink-525 2427
1 02428U 00000ABC 00001.00000000  .00000000  00000-0  00000+0 0    09
2 02428  53.0000 257.1429 0000001   0.0000  81.0000 15.13677000    06
Starlink-525 2428
1 02429U 00000ABC 00001.00000000  .00000000  00000-0  00000+0 0    00
2 02429  53.0000 257.1429 0000001   0.0000  84.0000 15.13677000    00
Starlink-525 2429
1 02430U 00000ABC 00001.00000000  .00000000  00000-0  00000+0 0    02
2 02430  53.0000 257.1429 0000001   0.0000  87.0000 15.13677000    05
Starlink-525 2430
1 02431U 00000ABC 00001.00000000  .00000000  00000-0  00000+0 0    03
2 02431  53.0000 257.1429 0000001   0.0000  90.0000 15.13677000    00
Starlink-525 2431
1 02432U 00000ABC 00001.00000000  .00000000  00000-0  00000+0 0    04
2 02432  53.0000 257.1429 0000001   0.0000  93.0000 15.13677000    04
Starlink-525 2432
1 02433U 00000ABC 00001.00000000  .00000000  00000-0  00000+0 0    05
2 02433  53.0000 257.1429 0000001   0.0000  96.0000 15.13677000    08
Starlink-525 2433
1 02434U 00000ABC 00001.00000000  .00000000  00000-0  00000+0 0    06
2 02434  53.0000 257.1429 0000001   0.0000  99.0000 15.13677000    02
Starlink-525 2434
1 02435U 00000ABC 00001.00000000  .00000000  00000-0  00000+0 0    07
2 02435  53.0000 257.1429 0000001   0.0000 102.0000 15.13677000    08
Starlink-525 2435
1 02436U 00000ABC 00001.00000000  .00000000  00000-0  00000+0 0    08
2 02436  53.0000 257.1429 0000001   0.0000 105.0000 15.13677000    02
Starlink-525 2436
1 02437U 00000ABC 00001.00000000  .00000000  00000-0  00000+0 0    09
2 02437  53.0000 257.1429 0000001   0.0000 108.0000 15.13677000    06
Starlink-525 2437
1 02438U 00000ABC 00001.00000000  .00000000  00000-0  00000+0 0    00
2 02438  53.0000 257.1429 0000001   0.0000 111.0000 15.13677000    01
Starlink-525 2438
1 02439U 00000ABC 00001.00000000  .00000000  00000-0  00000+0 0    01
2 02439  53.0000 257.1429 0000001   0.0000 114.0000 15.13677000    05
Starlink-525 2439
1 02440U 00000ABC 00001.00000000  .00000000  00000-0  00000+0 0    03
2 02440  53.0000 257.1429 0000001   0.0000 117.0000 15.13677000    00
Starlink-525 2440
1 02441U 00000ABC 00001.00000000  .00000000  00000-0  00000+0 0    04
2 02441  53.0000 257.1429 0000001   0.0000 120.0000 15.13677000    05
Starlink-525 2441
1 02442U 00000ABC 00001.00000000  .00000000  00000-0  00000+0 0    05
2 02442  53.0000 257.1429 0000001   0.0000 123.0000 15.13677000    09
Starlink-525 2442
1 02443U 00000ABC 00001.00000000  .00000000  00000-0  00000+0 0    06
2 02443  53.0000 257.1429 0000001   0.0000 126.0000 15.13677000    03
Starlink-525 2443
1 02444U 00000ABC 00001.00000000  .00000000  00000-0  00000+0 0    07
2 02444  53.0000 257.1429 0000001   0.0000 129.0000 15.13677000    07
Starlink-525 2444
1 02445U 00000ABC 00001.00000000  .00000000  00000-0  00000+0 0    08
2 02445  53.0000 257.1429 0000001   0.0000 132.0000 15.13677000    02
Starlink-525 2445
1 02446U 00000ABC 00001.00000000  .00000000  00000-0  00000+0 0    09
2 02446  53.0000 257.1429 0000001   0.0000 135.0000 15.13677000    06
Starlink-525 2446
1 02447U 00000ABC 00001.00000000  .00000000  00000-0  00000+0 0    00
2 02447  53.0000 257.1429 0000001   0.0000 138.0000 15.13677000    00
Starlink-525 2447
1 02448U 00000ABC 00001.00000000  .00000000  00000-0  00000+0 0    01
2 02448  53.0000 257.1429 0000001   0.0000 141.0000 15.13677000    05
Starlink-525 2448
1 02449U 00000ABC 00001.00000000  .00000000  00000-0  00000+0 0    02
2 02449  53.0000 257.1429 0000001   0.0000 144.0000 15.13677000    09
Starlink-525 2449
1 02450U 00000ABC 00001.00000000  .00000000  00000-0  00000+0 0    04
2 02450  53.0000 257.1429 0000001   0.0000 147.0000 15.13677000    04
Starlink-525 2450
1 02451U 00000ABC 00001.00000000  .00000000  00000-0  00000+0 0    05
2 02451  53.0000 257.1429 0000001   0.0000 150.0000 15.13677000    09
Starlink-525 2451
1 02452U 00000ABC 00001.00000000  .00000000  00000-0  00000+0 0    06
2 02452  53.0000 257.1429 0000001   0.0000 153.0000 15.13677000    03
Starlink-525 2452
1 02453U 00000ABC 00001.00000000  .00000000  00000-0  00000+0 0    07
2 02453  53.0000 257.1429 0000001   0.0000 156.0000 15.13677000    07
Starlink-525 2453
1 02454U 00000ABC 00001.00000000  .00000000  00000-0  00000+0 0    08
2 02454  53.0000 257.1429 0000001   0.0000 159.0000 15.13677000    01
Starlink-525 2454
1 02455U 00000ABC 00001.00000000  .00000000  00000-0  00000+0 0    09
2 02455  53.0000 257.1429 0000001   0.0000 162.0000 15.13677000    06
Starlink-525 2455
1 02456U 00000ABC 00001.00000000  .00000000  00000-0  00000+0 0    00
2 02456  53.0000 257.1429 0000001   0.0000 165.0000 15.13677000    00
Starlink-525 2456
1 02457U 00000ABC 00001.00000000  .00000000  00000-0  00000+0 0    01
2 02457  53.0000 257.1429 0000001   0.0000 168.0000 15.13677000    04
Starlink-525 2457
1 02458U 00000ABC 00001.00000000  .00000000  00000-0  00000+0 0    02
2 02458  53.0000 257.1429 0000001   0.0000 171.0000 15.13677000    09
Starlink-525 2458
1 02459U 00000ABC 00001.00000000  .00000000  00000-0  00000+0 0    03
2 02459  53.0000 257.1429 0000001   0.0000 174.0000 15.13677000    03
Starlink-525 2459
1 02460U 00000ABC 00001.00000000  .00000000  00000-0  00000+0 0    05
2 02460  53.0000 257.1429 0000001   0.0000 177.0000 15.13677000    08
Starlink-525 2460
1 02461U 00000ABC 00001.00000000  .00000000  00000-0  00000+0 0    06
2 02461  53.0000 257.1429 0000001   0.0000 180.0000 15.13677000    03
Starlink-525 2461
1 02462U 00000ABC 00001.00000000  .00000000  00000-0  00000+0 0    07
2 02462  53.0000 257.1429 0000001   0.0000 183.0000 15.13677000    07
Starlink-525 2462
1 02463U 00000ABC 00001.00000000  .00000000  00000-0  00000+0 0    08
2 02463  53.0000 257.1429 0000001   0.0000 186.0000 15.13677000    01
Starlink-525 2463
1 02464U 00000ABC 00001.00000000  .00000000  00000-0  00000+0 0    09
2 02464  53.0000 257.1429 0000001   0.0000 189.0000 15.13677000    05
Starlink-525 2464
1 02465U 00000ABC 00001.00000000  .00000000  00000-0  00000+0 0    00
2 02465  53.0000 257.1429 0000001   0.0000 192.0000 15.13677000    00
Starlink-525 2465
1 02466U 00000ABC 00001.00000000  .00000000  00000-0  00000+0 0    01
2 02466  53.0000 257.1429 0000001   0.0000 195.0000 15.13677000    04
Starlink-525 2466
1 02467U 00000ABC 00001.00000000  .00000000  00000-0  00000+0 0    02
2 02467  53.0000 257.1429 0000001   0.0000 198.0000 15.13677000    08
Starlink-525 2467
1 02468U 00000ABC 00001.00000000  .00000000  00000-0  00000+0 0    03
2 02468  53.0000 257.1429 0000001   0.0000 201.0000 15.13677000    04
Starlink-525 2468
1 02469U 00000ABC 00001.00000000  .00000000  00000-0  00000+0 0    04
2 02469  53.0000 257.1429 0000001   0.0000 204.0000 15.13677000    08
Starlink-525 2469
1 02470U 00000ABC 00001.00000000  .00000000  00000-0  00000+0 0    06
2 02470  53.0000 257.1429 0000001   0.0000 207.0000 15.13677000    03
Starlink-525 2470
1 02471U 00000ABC 00001.00000000  .00000000  00000-0  00000+0 0    07
2 02471  53.0000 257.1429 0000001   0.0000 210.0000 15.13677000    08
Starlink-525 2471
1 02472U 00000ABC 00001.00000000  .00000000  00000-0  00000+0 0    08
2 02472  53.0000 257.1429 0000001   0.0000 213.0000 15.13677000    02
Starlink-525 2472
1 02473U 00000ABC 00001.00000000  .00000000  00000-0  00000+0 0    09
2 02473  53.0000 257.1429 0000001   0.0000 216.0000 15.13677000    06
Starlink-525 2473
1 02474U 00000ABC 00001.00000000  .00000000  00000-0  00000+0 0    00
2 02474  53.0000 257.1429 0000001   0.0000 219.0000 15.13677000    00
Starlink-525 2474
1 02475U 00000ABC 00001.00000000  .00000000  00000-0  00000+0 0    01
2 02475  53.0000 257.1429 0000001   0.0000 222.0000 15.13677000    05
Starlink-525 2475
1 02476U 00000ABC 00001.00000000  .00000000  00000-0  00000+0 0    02
2 02476  53.0000 257.1429 0000001   0.0000 225.0000 15.13677000    09
Starlink-525 2476
1 02477U 00000ABC 00001.00000000  .00000000  00000-0  00000+0 0    03
2 02477  53.0000 257.1429 0000001   0.0000 228.0000 15.13677000    03
Starlink-525 2477
1 02478U 00000ABC 00001.00000000  .00000000  00000-0  00000+0 0    04
2 02478  53.0000 257.1429 0000001   0.0000 231.0000 15.13677000    08
Starlink-525 2478
1 02479U 00000ABC 00001.00000000  .00000000  00000-0  00000+0 0    05
2 02479  53.0000 257.1429 0000001   0.0000 234.0000 15.13677000    02
Starlink-525 2479
1 02480U 00000ABC 00001.00000000  .00000000  00000-0  00000+0 0    07
2 02480  53.0000 257.1429 0000001   0.0000 237.0000 15.13677000    07
Starlink-525 2480
1 02481U 00000ABC 00001.00000000  .00000000  00000-0  00000+0 0    08
2 02481  53.0000 257.1429 0000001   0.0000 240.0000 15.13677000    02
Starlink-525 2481
1 02482U 00000ABC 00001.00000000  .00000000  00000-0  00000+0 0    09
2 02482  53.0000 257.1429 0000001   0.0000 243.0000 15.13677000    06
Starlink-525 2482
1 02483U 00000ABC 00001.00000000  .00000000  00000-0  00000+0 0    00
2 02483  53.0000 257.1429 0000001   0.0000 246.0000 15.13677000    00
Starlink-525 2483
1 02484U 00000ABC 00001.00000000  .00000000  00000-0  00000+0 0    01
2 02484  53.0000 257.1429 0000001   0.0000 249.0000 15.13677000    04
Starlink-525 2484
1 02485U 00000ABC 00001.00000000  .00000000  00000-0  00000+0 0    02
2 02485  53.0000 257.1429 0000001   0.0000 252.0000 15.13677000    09
Starlink-525 2485
1 02486U 00000ABC 00001.00000000  .00000000  00000-0  00000+0 0    03
2 02486  53.0000 257.1429 0000001   0.0000 255.0000 15.13677000    03
Starlink-525 2486
1 02487U 00000ABC 00001.00000000  .00000000  00000-0  00000+0 0    04
2 02487  53.0000 257.1429 0000001   0.0000 258.0000 15.13677000    07
Starlink-525 2487
1 02488U 00000ABC 00001.00000000  .00000000  00000-0  00000+0 0    05
2 02488  53.0000 257.1429 0000001   0.0000 261.0000 15.13677000    02
Starlink-525 2488
1 02489U 00000ABC 00001.00000000  .00000000  00000-0  00000+0 0    06
2 02489  53.0000 257.1429 0000001   0.0000 264.0000 15.13677000    06
Starlink-525 2489
1 02490U 00000ABC 00001.00000000  .00000000  00000-0  00000+0 0    08
2 02490  53.0000 257.1429 0000001   0.0000 267.0000 15.13677000    01
Starlink-525 2490
1 02491U 00000ABC 00001.00000000  .00000000  00000-0  00000+0 0    09
2 02491  53.0000 257.1429 0000001   0.0000 270.0000 15.13677000    06
Starlink-525 2491
1 02492U 00000ABC 00001.00000000  .00000000  00000-0  00000+0 0    00
2 02492  53.0000 257.1429 0000001   0.0000 273.0000 15.13677000    00
Starlink-525 2492
1 02493U 00000ABC 00001.00000000  .00000000  00000-0  00000+0 0    01
2 02493  53.0000 257.1429 0000001   0.0000 276.0000 15.13677000    04
Starlink-525 2493
1 02494U 00000ABC 00001.00000000  .00000000  00000-0  00000+0 0    02
2 02494  53.0000 257.1429 0000001   0.0000 279.0000 15.13677000    08
Starlink-525 2494
1 02495U 00000ABC 00001.00000000  .00000000  00000-0  00000+0 0    03
2 02495  53.0000 257.1429 0000001   0.0000 282.0000 15.13677000    03
Starlink-525 2495
1 02496U 00000ABC 00001.00000000  .00000000  00000-0  00000+0 0    04
2 02496  53.0000 257.1429 0000001   0.0000 285.0000 15.13677000    07
Starlink-525 2496
1 02497U 00000ABC 00001.00000000  .00000000  00000-0  00000+0 0    05
2 02497  53.0000 257.1429 0000001   0.0000 288.0000 15.13677000    01
Starlink-525 2497
1 02498U 00000ABC 00001.00000000  .00000000  00000-0  00000+0 0    06
2 02498  53.0000 257.1429 0000001   0.0000 291.0000 15.13677000    06
Starlink-525 2498
1 02499U 00000ABC 00001.00000000  .00000000  00000-0  00000+0 0    07
2 02499  53.0000 257.1429 0000001   0.0000 294.0000 15.13677000    00
Starlink-525 2499
1 02500U 00000ABC 00001.00000000  .00000000  00000-0  00000+0 0    00
2 02500  53.0000 257.1429 0000001   0.0000 297.0000 15.13677000    06
Starlink-525 2500
1 02501U 00000ABC 00001.00000000  .00000000  00000-0  00000+0 0    01
2 02501  53.0000 257.1429 0000001   0.0000 300.0000 15.13677000    02
Starlink-525 2501
1 02502U 00000ABC 00001.00000000  .00000000  00000-0  00000+0 0    02
2 02502  53.0000 257.1429 0000001   0.0000 303.0000 15.13677000    06
Starlink-525 2502
1 02503U 00000ABC 00001.00000000  .00000000  00000-0  00000+0 0    03
2 02503  53.0000 257.1429 0000001   0.0000 306.0000 15.13677000    00
Starlink-525 2503
1 02504U 00000ABC 00001.00000000  .00000000  00000-0  00000+0 0    04
2 02504  53.0000 257.1429 0000001   0.0000 309.0000 15.13677000    04
Starlink-525 2504
1 02505U 00000ABC 00001.00000000  .00000000  00000-0  00000+0 0    05
2 02505  53.0000 257.1429 0000001   0.0000 312.0000 15.13677000    09
Starlink-525 2505
1 02506U 00000ABC 00001.00000000  .00000000  00000-0  00000+0 0    06
2 02506  53.0000 257.1429 0000001   0.0000 315.0000 15.13677000    03
Starlink-525 2506
1 02507U 00000ABC 00001.00000000  .00000000  00000-0  00000+0 0    07
2 02507  53.0000 257.1429 0000001   0.0000 318.0000 15.13677000    07
Starlink-525 2507
1 02508U 00000ABC 00001.00000000  .00000000  00000-0  00000+0 0    08
2 02508  53.0000 257.1429 0000001   0.0000 321.0000 15.13677000    02
Starlink-525 2508
1 02509U 00000ABC 00001.00000000  .00000000  00000-0  00000+0 0    09
2 02509  53.0000 257.1429 0000001   0.0000 324.0000 15.13677000    06
Starlink-525 2509
1 02510U 00000ABC 00001.00000000  .00000000  00000-0  00000+0 0    01
2 02510  53.0000 257.1429 0000001   0.0000 327.0000 15.13677000    01
Starlink-525 2510
1 02511U 00000ABC 00001.00000000  .00000000  00000-0  00000+0 0    02
2 02511  53.0000 257.1429 0000001   0.0000 330.0000 15.13677000    06
Starlink-525 2511
1 02512U 00000ABC 00001.00000000  .00000000  00000-0  00000+0 0    03
2 02512  53.0000 257.1429 0000001   0.0000 333.0000 15.13677000    00
Starlink-525 2512
1 02513U 00000ABC 00001.00000000  .00000000  00000-0  00000+0 0    04
2 02513  53.0000 257.1429 0000001   0.0000 336.0000 15.13677000    04
Starlink-525 2513
1 02514U 00000ABC 00001.00000000  .00000000  00000-0  00000+0 0    05
2 02514  53.0000 257.1429 0000001   0.0000 339.0000 15.13677000    08
Starlink-525 2514
1 02515U 00000ABC 00001.00000000  .00000000  00000-0  00000+0 0    06
2 02515  53.0000 257.1429 0000001   0.0000 342.0000 15.13677000    03
Starlink-525 2515
1 02516U 00000ABC 00001.00000000  .00000000  00000-0  00000+0 0    07
2 02516  53.0000 257.1429 0000001   0.0000 345.0000 15.13677000    07
Starlink-525 2516
1 02517U 00000ABC 00001.00000000  .00000000  00000-0  00000+0 0    08
2 02517  53.0000 257.1429 0000001   0.0000 348.0000 15.13677000    01
Starlink-525 2517
1 02518U 00000ABC 00001.00000000  .00000000  00000-0  00000+0 0    09
2 02518  53.0000 257.1429 0000001   0.0000 351.0000 15.13677000    06
Starlink-525 2518
1 02519U 00000ABC 00001.00000000  .00000000  00000-0  00000+0 0    00
2 02519  53.0000 257.1429 0000001   0.0000 354.0000 15.13677000    00
Starlink-525 2519
1 02520U 00000ABC 00001.00000000  .00000000  00000-0  00000+0 0    02
2 02520  53.0000 257.1429 0000001   0.0000 357.0000 15.13677000    05
Starlink-525 2520
1 02521U 00000ABC 00001.00000000  .00000000  00000-0  00000+0 0    03
2 02521  53.0000 270.0000 0000001   0.0000   1.5000 15.13677000    06
Starlink-525 2521
1 02522U 00000ABC 00001.00000000  .00000000  00000-0  00000+0 0    04
2 02522  53.0000 270.0000 0000001   0.0000   4.5000 15.13677000    00
Starlink-525 2522
1 02523U 00000ABC 00001.00000000  .00000000  00000-0  00000+0 0    05
2 02523  53.0000 270.0000 0000001   0.0000   7.5000 15.13677000    04
Starlink-525 2523
1 02524U 00000ABC 00001.00000000  .00000000  00000-0  00000+0 0    06
2 02524  53.0000 270.0000 0000001   0.0000  10.5000 15.13677000    09
Starlink-525 2524
1 02525U 00000ABC 00001.00000000  .00000000  00000-0  00000+0 0    07
2 02525  53.0000 270.0000 0000001   0.0000  13.5000 15.13677000    03
Starlink-525 2525
1 02526U 00000ABC 00001.00000000  .00000000  00000-0  00000+0 0    08
2 02526  53.0000 270.0000 0000001   0.0000  16.5000 15.13677000    07
Starlink-525 2526
1 02527U 00000ABC 00001.00000000  .00000000  00000-0  00000+0 0    09
2 02527  53.0000 270.0000 0000001   0.0000  19.5000 15.13677000    01
Starlink-525 2527
1 02528U 00000ABC 00001.00000000  .00000000  00000-0  00000+0 0    00
2 02528  53.0000 270.0000 0000001   0.0000  22.5000 15.13677000    06
Starlink-525 2528
1 02529U 00000ABC 00001.00000000  .00000000  00000-0  00000+0 0    01
2 02529  53.0000 270.0000 0000001   0.0000  25.5000 15.13677000    00
Starlink-525 2529
1 02530U 00000ABC 00001.00000000  .00000000  00000-0  00000+0 0    03
2 02530  53.0000 270.0000 0000001   0.0000  28.5000 15.13677000    05
Starlink-525 2530
1 02531U 00000ABC 00001.00000000  .00000000  00000-0  00000+0 0    04
2 02531  53.0000 270.0000 0000001   0.0000  31.5000 15.13677000    00
Starlink-525 2531
1 02532U 00000ABC 00001.00000000  .00000000  00000-0  00000+0 0    05
2 02532  53.0000 270.0000 0000001   0.0000  34.5000 15.13677000    04
Starlink-525 2532
1 02533U 00000ABC 00001.00000000  .00000000  00000-0  00000+0 0    06
2 02533  53.0000 270.0000 0000001   0.0000  37.5000 15.13677000    08
Starlink-525 2533
1 02534U 00000ABC 00001.00000000  .00000000  00000-0  00000+0 0    07
2 02534  53.0000 270.0000 0000001   0.0000  40.5000 15.13677000    03
Starlink-525 2534
1 02535U 00000ABC 00001.00000000  .00000000  00000-0  00000+0 0    08
2 02535  53.0000 270.0000 0000001   0.0000  43.5000 15.13677000    07
Starlink-525 2535
1 02536U 00000ABC 00001.00000000  .00000000  00000-0  00000+0 0    09
2 02536  53.0000 270.0000 0000001   0.0000  46.5000 15.13677000    01
Starlink-525 2536
1 02537U 00000ABC 00001.00000000  .00000000  00000-0  00000+0 0    00
2 02537  53.0000 270.0000 0000001   0.0000  49.5000 15.13677000    05
Starlink-525 2537
1 02538U 00000ABC 00001.00000000  .00000000  00000-0  00000+0 0    01
2 02538  53.0000 270.0000 0000001   0.0000  52.5000 15.13677000    00
Starlink-525 2538
1 02539U 00000ABC 00001.00000000  .00000000  00000-0  00000+0 0    02
2 02539  53.0000 270.0000 0000001   0.0000  55.5000 15.13677000    04
Starlink-525 2539
1 02540U 00000ABC 00001.00000000  .00000000  00000-0  00000+0 0    04
2 02540  53.0000 270.0000 0000001   0.0000  58.5000 15.13677000    09
Starlink-525 2540
1 02541U 00000ABC 00001.00000000  .00000000  00000-0  00000+0 0    05
2 02541  53.0000 270.0000 0000001   0.0000  61.5000 15.13677000    04
Starlink-525 2541
1 02542U 00000ABC 00001.00000000  .00000000  00000-0  00000+0 0    06
2 02542  53.0000 270.0000 0000001   0.0000  64.5000 15.13677000    08
Starlink-525 2542
1 02543U 00000ABC 00001.00000000  .00000000  00000-0  00000+0 0    07
2 02543  53.0000 270.0000 0000001   0.0000  67.5000 15.13677000    02
Starlink-525 2543
1 02544U 00000ABC 00001.00000000  .00000000  00000-0  00000+0 0    08
2 02544  53.0000 270.0000 0000001   0.0000  70.5000 15.13677000    07
Starlink-525 2544
1 02545U 00000ABC 00001.00000000  .00000000  00000-0  00000+0 0    09
2 02545  53.0000 270.0000 0000001   0.0000  73.5000 15.13677000    01
Starlink-525 2545
1 02546U 00000ABC 00001.00000000  .00000000  00000-0  00000+0 0    00
2 02546  53.0000 270.0000 0000001   0.0000  76.5000 15.13677000    05
Starlink-525 2546
1 02547U 00000ABC 00001.00000000  .00000000  00000-0  00000+0 0    01
2 02547  53.0000 270.0000 0000001   0.0000  79.5000 15.13677000    09
Starlink-525 2547
1 02548U 00000ABC 00001.00000000  .00000000  00000-0  00000+0 0    02
2 02548  53.0000 270.0000 0000001   0.0000  82.5000 15.13677000    04
Starlink-525 2548
1 02549U 00000ABC 00001.00000000  .00000000  00000-0  00000+0 0    03
2 02549  53.0000 270.0000 0000001   0.0000  85.5000 15.13677000    08
Starlink-525 2549
1 02550U 00000ABC 00001.00000000  .00000000  00000-0  00000+0 0    05
2 02550  53.0000 270.0000 0000001   0.0000  88.5000 15.13677000    03
Starlink-525 2550
1 02551U 00000ABC 00001.00000000  .00000000  00000-0  00000+0 0    06
2 02551  53.0000 270.0000 0000001   0.0000  91.5000 15.13677000    08
Starlink-525 2551
1 02552U 00000ABC 00001.00000000  .00000000  00000-0  00000+0 0    07
2 02552  53.0000 270.0000 0000001   0.0000  94.5000 15.13677000    02
Starlink-525 2552
1 02553U 00000ABC 00001.00000000  .00000000  00000-0  00000+0 0    08
2 02553  53.0000 270.0000 0000001   0.0000  97.5000 15.13677000    06
Starlink-525 2553
1 02554U 00000ABC 00001.00000000  .00000000  00000-0  00000+0 0    09
2 02554  53.0000 270.0000 0000001   0.0000 100.5000 15.13677000    02
Starlink-525 2554
1 02555U 00000ABC 00001.00000000  .00000000  00000-0  00000+0 0    00
2 02555  53.0000 270.0000 0000001   0.0000 103.5000 15.13677000    06
Starlink-525 2555
1 02556U 00000ABC 00001.00000000  .00000000  00000-0  00000+0 0    01
2 02556  53.0000 270.0000 0000001   0.0000 106.5000 15.13677000    00
Starlink-525 2556
1 02557U 00000ABC 00001.00000000  .00000000  00000-0  00000+0 0    02
2 02557  53.0000 270.0000 0000001   0.0000 109.5000 15.13677000    04
Starlink-525 2557
1 02558U 00000ABC 00001.00000000  .00000000  00000-0  00000+0 0    03
2 02558  53.0000 270.0000 0000001   0.0000 112.5000 15.13677000    09
Starlink-525 2558
1 02559U 00000ABC 00001.00000000  .00000000  00000-0  00000+0 0    04
2 02559  53.0000 270.0000 0000001   0.0000 115.5000 15.13677000    03
Starlink-525 2559
1 02560U 00000ABC 00001.00000000  .00000000  00000-0  00000+0 0    06
2 02560  53.0000 270.0000 0000001   0.0000 118.5000 15.13677000    08
Starlink-525 2560
1 02561U 00000ABC 00001.00000000  .00000000  00000-0  00000+0 0    07
2 02561  53.0000 270.0000 0000001   0.0000 121.5000 15.13677000    03
Starlink-525 2561
1 02562U 00000ABC 00001.00000000  .00000000  00000-0  00000+0 0    08
2 02562  53.0000 270.0000 0000001   0.0000 124.5000 15.13677000    07
Starlink-525 2562
1 02563U 00000ABC 00001.00000000  .00000000  00000-0  00000+0 0    09
2 02563  53.0000 270.0000 0000001   0.0000 127.5000 15.13677000    01
Starlink-525 2563
1 02564U 00000ABC 00001.00000000  .00000000  00000-0  00000+0 0    00
2 02564  53.0000 270.0000 0000001   0.0000 130.5000 15.13677000    06
Starlink-525 2564
1 02565U 00000ABC 00001.00000000  .00000000  00000-0  00000+0 0    01
2 02565  53.0000 270.0000 0000001   0.0000 133.5000 15.13677000    00
Starlink-525 2565
1 02566U 00000ABC 00001.00000000  .00000000  00000-0  00000+0 0    02
2 02566  53.0000 270.0000 0000001   0.0000 136.5000 15.13677000    04
Starlink-525 2566
1 02567U 00000ABC 00001.00000000  .00000000  00000-0  00000+0 0    03
2 02567  53.0000 270.0000 0000001   0.0000 139.5000 15.13677000    08
Starlink-525 2567
1 02568U 00000ABC 00001.00000000  .00000000  00000-0  00000+0 0    04
2 02568  53.0000 270.0000 0000001   0.0000 142.5000 15.13677000    03
Starlink-525 2568
1 02569U 00000ABC 00001.00000000  .00000000  00000-0  00000+0 0    05
2 02569  53.0000 270.0000 0000001   0.0000 145.5000 15.13677000    07
Starlink-525 2569
1 02570U 00000ABC 00001.00000000  .00000000  00000-0  00000+0 0    07
2 02570  53.0000 270.0000 0000001   0.0000 148.5000 15.13677000    02
Starlink-525 2570
1 02571U 00000ABC 00001.00000000  .00000000  00000-0  00000+0 0    08
2 02571  53.0000 270.0000 0000001   0.0000 151.5000 15.13677000    07
Starlink-525 2571
1 02572U 00000ABC 00001.00000000  .00000000  00000-0  00000+0 0    09
2 02572  53.0000 270.0000 0000001   0.0000 154.5000 15.13677000    01
Starlink-525 2572
1 02573U 00000ABC 00001.00000000  .00000000  00000-0  00000+0 0    00
2 02573  53.0000 270.0000 0000001   0.0000 157.5000 15.13677000    05
Starlink-525 2573
1 02574U 00000ABC 00001.00000000  .00000000  00000-0  00000+0 0    01
2 02574  53.0000 270.0000 0000001   0.0000 160.5000 15.13677000    00
Starlink-525 2574
1 02575U 00000ABC 00001.00000000  .00000000  00000-0  00000+0 0    02
2 02575  53.0000 270.0000 0000001   0.0000 163.5000 15.13677000    04
Starlink-525 2575
1 02576U 00000ABC 00001.00000000  .00000000  00000-0  00000+0 0    03
2 02576  53.0000 270.0000 0000001   0.0000 166.5000 15.13677000    08
Starlink-525 2576
1 02577U 00000ABC 00001.00000000  .00000000  00000-0  00000+0 0    04
2 02577  53.0000 270.0000 0000001   0.0000 169.5000 15.13677000    02
Starlink-525 2577
1 02578U 00000ABC 00001.00000000  .00000000  00000-0  00000+0 0    05
2 02578  53.0000 270.0000 0000001   0.0000 172.5000 15.13677000    07
Starlink-525 2578
1 02579U 00000ABC 00001.00000000  .00000000  00000-0  00000+0 0    06
2 02579  53.0000 270.0000 0000001   0.0000 175.5000 15.13677000    01
Starlink-525 2579
1 02580U 00000ABC 00001.00000000  .00000000  00000-0  00000+0 0    08
2 02580  53.0000 270.0000 0000001   0.0000 178.5000 15.13677000    06
Starlink-525 2580
1 02581U 00000ABC 00001.00000000  .00000000  00000-0  00000+0 0    09
2 02581  53.0000 270.0000 0000001   0.0000 181.5000 15.13677000    01
Starlink-525 2581
1 02582U 00000ABC 00001.00000000  .00000000  00000-0  00000+0 0    00
2 02582  53.0000 270.0000 0000001   0.0000 184.5000 15.13677000    05
Starlink-525 2582
1 02583U 00000ABC 00001.00000000  .00000000  00000-0  00000+0 0    01
2 02583  53.0000 270.0000 0000001   0.0000 187.5000 15.13677000    09
Starlink-525 2583
1 02584U 00000ABC 00001.00000000  .00000000  00000-0  00000+0 0    02
2 02584  53.0000 270.0000 0000001   0.0000 190.5000 15.13677000    04
Starlink-525 2584
1 02585U 00000ABC 00001.00000000  .00000000  00000-0  00000+0 0    03
2 02585  53.0000 270.0000 0000001   0.0000 193.5000 15.13677000    08
Starlink-525 2585
1 02586U 00000ABC 00001.00000000  .00000000  00000-0  00000+0 0    04
2 02586  53.0000 270.0000 0000001   0.0000 196.5000 15.13677000    02
Starlink-525 2586
1 02587U 00000ABC 00001.00000000  .00000000  00000-0  00000+0 0    05
2 02587  53.0000 270.0000 0000001   0.0000 199.5000 15.13677000    06
Starlink-525 2587
1 02588U 00000ABC 00001.00000000  .00000000  00000-0  00000+0 0    06
2 02588  53.0000 270.0000 0000001   0.0000 202.5000 15.13677000    02
Starlink-525 2588
1 02589U 00000ABC 00001.00000000  .00000000  00000-0  00000+0 0    07
2 02589  53.0000 270.0000 0000001   0.0000 205.5000 15.13677000    06
Starlink-525 2589
1 02590U 00000ABC 00001.00000000  .00000000  00000-0  00000+0 0    09
2 02590  53.0000 270.0000 0000001   0.0000 208.5000 15.13677000    01
Starlink-525 2590
1 02591U 00000ABC 00001.00000000  .00000000  00000-0  00000+0 0    00
2 02591  53.0000 270.0000 0000001   0.0000 211.5000 15.13677000    06
Starlink-525 2591
1 02592U 00000ABC 00001.00000000  .00000000  00000-0  00000+0 0    01
2 02592  53.0000 270.0000 0000001   0.0000 214.5000 15.13677000    00
Starlink-525 2592
1 02593U 00000ABC 00001.00000000  .00000000  00000-0  00000+0 0    02
2 02593  53.0000 270.0000 0000001   0.0000 217.5000 15.13677000    04
Starlink-525 2593
1 02594U 00000ABC 00001.00000000  .00000000  00000-0  00000+0 0    03
2 02594  53.0000 270.0000 0000001   0.0000 220.5000 15.13677000    09
Starlink-525 2594
1 02595U 00000ABC 00001.00000000  .00000000  00000-0  00000+0 0    04
2 02595  53.0000 270.0000 0000001   0.0000 223.5000 15.13677000    03
Starlink-525 2595
1 02596U 00000ABC 00001.00000000  .00000000  00000-0  00000+0 0    05
2 02596  53.0000 270.0000 0000001   0.0000 226.5000 15.13677000    07
Starlink-525 2596
1 02597U 00000ABC 00001.00000000  .00000000  00000-0  00000+0 0    06
2 02597  53.0000 270.0000 0000001   0.0000 229.5000 15.13677000    01
Starlink-525 2597
1 02598U 00000ABC 00001.00000000  .00000000  00000-0  00000+0 0    07
2 02598  53.0000 270.0000 0000001   0.0000 232.5000 15.13677000    06
Starlink-525 2598
1 02599U 00000ABC 00001.00000000  .00000000  00000-0  00000+0 0    08
2 02599  53.0000 270.0000 0000001   0.0000 235.5000 15.13677000    00
Starlink-525 2599
1 02600U 00000ABC 00001.00000000  .00000000  00000-0  00000+0 0    01
2 02600  53.0000 270.0000 0000001   0.0000 238.5000 15.13677000    06
Starlink-525 2600
1 02601U 00000ABC 00001.00000000  .00000000  00000-0  00000+0 0    02
2 02601  53.0000 270.0000 0000001   0.0000 241.5000 15.13677000    01
Starlink-525 2601
1 02602U 00000ABC 00001.00000000  .00000000  00000-0  00000+0 0    03
2 02602  53.0000 270.0000 0000001   0.0000 244.5000 15.13677000    05
Starlink-525 2602
1 02603U 00000ABC 00001.00000000  .00000000  00000-0  00000+0 0    04
2 02603  53.0000 270.0000 0000001   0.0000 247.5000 15.13677000    09
Starlink-525 2603
1 02604U 00000ABC 00001.00000000  .00000000  00000-0  00000+0 0    05
2 02604  53.0000 270.0000 0000001   0.0000 250.5000 15.13677000    04
Starlink-525 2604
1 02605U 00000ABC 00001.00000000  .00000000  00000-0  00000+0 0    06
2 02605  53.0000 270.0000 0000001   0.0000 253.5000 15.13677000    08
Starlink-525 2605
1 02606U 00000ABC 00001.00000000  .00000000  00000-0  00000+0 0    07
2 02606  53.0000 270.0000 0000001   0.0000 256.5000 15.13677000    02
Starlink-525 2606
1 02607U 00000ABC 00001.00000000  .00000000  00000-0  00000+0 0    08
2 02607  53.0000 270.0000 0000001   0.0000 259.5000 15.13677000    06
Starlink-525 2607
1 02608U 00000ABC 00001.00000000  .00000000  00000-0  00000+0 0    09
2 02608  53.0000 270.0000 0000001   0.0000 262.5000 15.13677000    01
Starlink-525 2608
1 02609U 00000ABC 00001.00000000  .00000000  00000-0  00000+0 0    00
2 02609  53.0000 270.0000 0000001   0.0000 265.5000 15.13677000    05
Starlink-525 2609
1 02610U 00000ABC 00001.00000000  .00000000  00000-0  00000+0 0    02
2 02610  53.0000 270.0000 0000001   0.0000 268.5000 15.13677000    00
Starlink-525 2610
1 02611U 00000ABC 00001.00000000  .00000000  00000-0  00000+0 0    03
2 02611  53.0000 270.0000 0000001   0.0000 271.5000 15.13677000    05
Starlink-525 2611
1 02612U 00000ABC 00001.00000000  .00000000  00000-0  00000+0 0    04
2 02612  53.0000 270.0000 0000001   0.0000 274.5000 15.13677000    09
Starlink-525 2612
1 02613U 00000ABC 00001.00000000  .00000000  00000-0  00000+0 0    05
2 02613  53.0000 270.0000 0000001   0.0000 277.5000 15.13677000    03
Starlink-525 2613
1 02614U 00000ABC 00001.00000000  .00000000  00000-0  00000+0 0    06
2 02614  53.0000 270.0000 0000001   0.0000 280.5000 15.13677000    08
Starlink-525 2614
1 02615U 00000ABC 00001.00000000  .00000000  00000-0  00000+0 0    07
2 02615  53.0000 270.0000 0000001   0.0000 283.5000 15.13677000    02
Starlink-525 2615
1 02616U 00000ABC 00001.00000000  .00000000  00000-0  00000+0 0    08
2 02616  53.0000 270.0000 0000001   0.0000 286.5000 15.13677000    06
Starlink-525 2616
1 02617U 00000ABC 00001.00000000  .00000000  00000-0  00000+0 0    09
2 02617  53.0000 270.0000 0000001   0.0000 289.5000 15.13677000    00
Starlink-525 2617
1 02618U 00000ABC 00001.00000000  .00000000  00000-0  00000+0 0    00
2 02618  53.0000 270.0000 0000001   0.0000 292.5000 15.13677000    05
Starlink-525 2618
1 02619U 00000ABC 00001.00000000  .00000000  00000-0  00000+0 0    01
2 02619  53.0000 270.0000 0000001   0.0000 295.5000 15.13677000    09
Starlink-525 2619
1 02620U 00000ABC 00001.00000000  .00000000  00000-0  00000+0 0    03
2 02620  53.0000 270.0000 0000001   0.0000 298.5000 15.13677000    04
Starlink-525 2620
1 02621U 00000ABC 00001.00000000  .00000000  00000-0  00000+0 0    04
2 02621  53.0000 270.0000 0000001   0.0000 301.5000 15.13677000    00
Starlink-525 2621
1 02622U 00000ABC 00001.00000000  .00000000  00000-0  00000+0 0    05
2 02622  53.0000 270.0000 0000001   0.0000 304.5000 15.13677000    04
Starlink-525 2622
1 02623U 00000ABC 00001.00000000  .00000000  00000-0  00000+0 0    06
2 02623  53.0000 270.0000 0000001   0.0000 307.5000 15.13677000    08
Starlink-525 2623
1 02624U 00000ABC 00001.00000000  .00000000  00000-0  00000+0 0    07
2 02624  53.0000 270.0000 0000001   0.0000 310.5000 15.13677000    03
Starlink-525 2624
1 02625U 00000ABC 00001.00000000  .00000000  00000-0  00000+0 0    08
2 02625  53.0000 270.0000 0000001   0.0000 313.5000 15.13677000    07
Starlink-525 2625
1 02626U 00000ABC 00001.00000000  .00000000  00000-0  00000+0 0    09
2 02626  53.0000 270.0000 0000001   0.0000 316.5000 15.13677000    01
Starlink-525 2626
1 02627U 00000ABC 00001.00000000  .00000000  00000-0  00000+0 0    00
2 02627  53.0000 270.0000 0000001   0.0000 319.5000 15.13677000    05
Starlink-525 2627
1 02628U 00000ABC 00001.00000000  .00000000  00000-0  00000+0 0    01
2 02628  53.0000 270.0000 0000001   0.0000 322.5000 15.13677000    00
Starlink-525 2628
1 02629U 00000ABC 00001.00000000  .00000000  00000-0  00000+0 0    02
2 02629  53.0000 270.0000 0000001   0.0000 325.5000 15.13677000    04
Starlink-525 2629
1 02630U 00000ABC 00001.00000000  .00000000  00000-0  00000+0 0    04
2 02630  53.0000 270.0000 0000001   0.0000 328.5000 15.13677000    09
Starlink-525 2630
1 02631U 00000ABC 00001.00000000  .00000000  00000-0  00000+0 0    05
2 02631  53.0000 270.0000 0000001   0.0000 331.5000 15.13677000    04
Starlink-525 2631
1 02632U 00000ABC 00001.00000000  .00000000  00000-0  00000+0 0    06
2 02632  53.0000 270.0000 0000001   0.0000 334.5000 15.13677000    08
Starlink-525 2632
1 02633U 00000ABC 00001.00000000  .00000000  00000-0  00000+0 0    07
2 02633  53.0000 270.0000 0000001   0.0000 337.5000 15.13677000    02
Starlink-525 2633
1 02634U 00000ABC 00001.00000000  .00000000  00000-0  00000+0 0    08
2 02634  53.0000 270.0000 0000001   0.0000 340.5000 15.13677000    07
Starlink-525 2634
1 02635U 00000ABC 00001.00000000  .00000000  00000-0  00000+0 0    09
2 02635  53.0000 270.0000 0000001   0.0000 343.5000 15.13677000    01
Starlink-525 2635
1 02636U 00000ABC 00001.00000000  .00000000  00000-0  00000+0 0    00
2 02636  53.0000 270.0000 0000001   0.0000 346.5000 15.13677000    05
Starlink-525 2636
1 02637U 00000ABC 00001.00000000  .00000000  00000-0  00000+0 0    01
2 02637  53.0000 270.0000 0000001   0.0000 349.5000 15.13677000    09
Starlink-525 2637
1 02638U 00000ABC 00001.00000000  .00000000  00000-0  00000+0 0    02
2 02638  53.0000 270.0000 0000001   0.0000 352.5000 15.13677000    04
Starlink-525 2638
1 02639U 00000ABC 00001.00000000  .00000000  00000-0  00000+0 0    03
2 02639  53.0000 270.0000 0000001   0.0000 355.5000 15.13677000    08
Starlink-525 2639
1 02640U 00000ABC 00001.00000000  .00000000  00000-0  00000+0 0    05
2 02640  53.0000 270.0000 0000001   0.0000 358.5000 15.13677000    03
Starlink-525 2640
1 02641U 00000ABC 00001.00000000  .00000000  00000-0  00000+0 0    06
2 02641  53.0000 282.8571 0000001   0.0000   0.0000 15.13677000    07
Starlink-525 2641
1 02642U 00000ABC 00001.00000000  .00000000  00000-0  00000+0 0    07
2 02642  53.0000 282.8571 0000001   0.0000   3.0000 15.13677000    01
Starlink-525 2642
1 02643U 00000ABC 00001.00000000  .00000000  00000-0  00000+0 0    08
2 02643  53.0000 282.8571 0000001   0.0000   6.0000 15.13677000    05
Starlink-525 2643
1 02644U 00000ABC 00001.00000000  .00000000  00000-0  00000+0 0    09
2 02644  53.0000 282.8571 0000001   0.0000   9.0000 15.13677000    09
Starlink-525 2644
1 02645U 00000ABC 00001.00000000  .00000000  00000-0  00000+0 0    00
2 02645  53.0000 282.8571 0000001   0.0000  12.0000 15.13677000    04
Starlink-525 2645
1 02646U 00000ABC 00001.00000000  .00000000  00000-0  00000+0 0    01
2 02646  53.0000 282.8571 0000001   0.0000  15.0000 15.13677000    08
Starlink-525 2646
1 02647U 00000ABC 00001.00000000  .00000000  00000-0  00000+0 0    02
2 02647  53.0000 282.8571 0000001   0.0000  18.0000 15.13677000    02
Starlink-525 2647
1 02648U 00000ABC 00001.00000000  .00000000  00000-0  00000+0 0    03
2 02648  53.0000 282.8571 0000001   0.0000  21.0000 15.13677000    07
Starlink-525 2648
1 02649U 00000ABC 00001.00000000  .00000000  00000-0  00000+0 0    04
2 02649  53.0000 282.8571 0000001   0.0000  24.0000 15.13677000    01
Starlink-525 2649
1 02650U 00000ABC 00001.00000000  .00000000  00000-0  00000+0 0    06
2 02650  53.0000 282.8571 0000001   0.0000  27.0000 15.13677000    06
Starlink-525 2650
1 02651U 00000ABC 00001.00000000  .00000000  00000-0  00000+0 0    07
2 02651  53.0000 282.8571 0000001   0.0000  30.0000 15.13677000    01
Starlink-525 2651
1 02652U 00000ABC 00001.00000000  .00000000  00000-0  00000+0 0    08
2 02652  53.0000 282.8571 0000001   0.0000  33.0000 15.13677000    05
Starlink-525 2652
1 02653U 00000ABC 00001.00000000  .00000000  00000-0  00000+0 0    09
2 02653  53.0000 282.8571 0000001   0.0000  36.0000 15.13677000    09
Starlink-525 2653
1 02654U 00000ABC 00001.00000000  .00000000  00000-0  00000+0 0    00
2 02654  53.0000 282.8571 0000001   0.0000  39.0000 15.13677000    03
Starlink-525 2654
1 02655U 00000ABC 00001.00000000  .00000000  00000-0  00000+0 0    01
2 02655  53.0000 282.8571 0000001   0.0000  42.0000 15.13677000    08
Starlink-525 2655
1 02656U 00000ABC 00001.00000000  .00000000  00000-0  00000+0 0    02
2 02656  53.0000 282.8571 0000001   0.0000  45.0000 15.13677000    02
Starlink-525 2656
1 02657U 00000ABC 00001.00000000  .00000000  00000-0  00000+0 0    03
2 02657  53.0000 282.8571 0000001   0.0000  48.0000 15.13677000    06
Starlink-525 2657
1 02658U 00000ABC 00001.00000000  .00000000  00000-0  00000+0 0    04
2 02658  53.0000 282.8571 0000001   0.0000  51.0000 15.13677000    01
Starlink-525 2658
1 02659U 00000ABC 00001.00000000  .00000000  00000-0  00000+0 0    05
2 02659  53.0000 282.8571 0000001   0.0000  54.0000 15.13677000    05
Starlink-525 2659
1 02660U 00000ABC 00001.00000000  .00000000  00000-0  00000+0 0    07
2 02660  53.0000 282.8571 0000001   0.0000  57.0000 15.13677000    00
Starlink-525 2660
1 02661U 00000ABC 00001.00000000  .00000000  00000-0  00000+0 0    08
2 02661  53.0000 282.8571 0000001   0.0000  60.0000 15.13677000    05
Starlink-525 2661
1 02662U 00000ABC 00001.00000000  .00000000  00000-0  00000+0 0    09
2 02662  53.0000 282.8571 0000001   0.0000  63.0000 15.13677000    09
Starlink-525 2662
1 02663U 00000ABC 00001.00000000  .00000000  00000-0  00000+0 0    00
2 02663  53.0000 282.8571 0000001   0.0000  66.0000 15.13677000    03
Starlink-525 2663
1 02664U 00000ABC 00001.00000000  .00000000  00000-0  00000+0 0    01
2 02664  53.0000 282.8571 0000001   0.0000  69.0000 15.13677000    07
Starlink-525 2664
1 02665U 00000ABC 00001.00000000  .00000000  00000-0  00000+0 0    02
2 02665  53.0000 282.8571 0000001   0.0000  72.0000 15.13677000    02
Starlink-525 2665
1 02666U 00000ABC 00001.00000000  .00000000  00000-0  00000+0 0    03
2 02666  53.0000 282.8571 0000001   0.0000  75.0000 15.13677000    06
Starlink-525 2666
1 02667U 00000ABC 00001.00000000  .00000000  00000-0  00000+0 0    04
2 02667  53.0000 282.8571 0000001   0.0000  78.0000 15.13677000    00
Starlink-525 2667
1 02668U 00000ABC 00001.00000000  .00000000  00000-0  00000+0 0    05
2 02668  53.0000 282.8571 0000001   0.0000  81.0000 15.13677000    05
Starlink-525 2668
1 02669U 00000ABC 00001.00000000  .00000000  00000-0  00000+0 0    06
2 02669  53.0000 282.8571 0000001   0.0000  84.0000 15.13677000    09
Starlink-525 2669
1 02670U 00000ABC 00001.00000000  .00000000  00000-0  00000+0 0    08
2 02670  53.0000 282.8571 0000001   0.0000  87.0000 15.13677000    04
Starlink-525 2670
1 02671U 00000ABC 00001.00000000  .00000000  00000-0  00000+0 0    09
2 02671  53.0000 282.8571 0000001   0.0000  90.0000 15.13677000    09
Starlink-525 2671
1 02672U 00000ABC 00001.00000000  .00000000  00000-0  00000+0 0    00
2 02672  53.0000 282.8571 0000001   0.0000  93.0000 15.13677000    03
Starlink-525 2672
1 02673U 00000ABC 00001.00000000  .00000000  00000-0  00000+0 0    01
2 02673  53.0000 282.8571 0000001   0.0000  96.0000 15.13677000    07
Starlink-525 2673
1 02674U 00000ABC 00001.00000000  .00000000  00000-0  00000+0 0    02
2 02674  53.0000 282.8571 0000001   0.0000  99.0000 15.13677000    01
Starlink-525 2674
1 02675U 00000ABC 00001.00000000  .00000000  00000-0  00000+0 0    03
2 02675  53.0000 282.8571 0000001   0.0000 102.0000 15.13677000    07
Starlink-525 2675
1 02676U 00000ABC 00001.00000000  .00000000  00000-0  00000+0 0    04
2 02676  53.0000 282.8571 0000001   0.0000 105.0000 15.13677000    01
Starlink-525 2676
1 02677U 00000ABC 00001.00000000  .00000000  00000-0  00000+0 0    05
2 02677  53.0000 282.8571 0000001   0.0000 108.0000 15.13677000    05
Starlink-525 2677
1 02678U 00000ABC 00001.00000000  .00000000  00000-0  00000+0 0    06
2 02678  53.0000 282.8571 0000001   0.0000 111.0000 15.13677000    00
Starlink-525 2678
1 02679U 00000ABC 00001.00000000  .00000000  00000-0  00000+0 0    07
2 02679  53.0000 282.8571 0000001   0.0000 114.0000 15.13677000    04
Starlink-525 2679
1 02680U 00000ABC 00001.00000000  .00000000  00000-0  00000+0 0    09
2 02680  53.0000 282.8571 0000001   0.0000 117.0000 15.13677000    09
Starlink-525 2680
1 02681U 00000ABC 00001.00000000  .00000000  00000-0  00000+0 0    00
2 02681  53.0000 282.8571 0000001   0.0000 120.0000 15.13677000    04
Starlink-525 2681
1 02682U 00000ABC 00001.00000000  .00000000  00000-0  00000+0 0    01
2 02682  53.0000 282.8571 0000001   0.0000 123.0000 15.13677000    08
Starlink-525 2682
1 02683U 00000ABC 00001.00000000  .00000000  00000-0  00000+0 0    02
2 02683  53.0000 282.8571 0000001   0.0000 126.0000 15.13677000    02
Starlink-525 2683
1 02684U 00000ABC 00001.00000000  .00000000  00000-0  00000+0 0    03
2 02684  53.0000 282.8571 0000001   0.0000 129.0000 15.13677000    06
Starlink-525 2684
1 02685U 00000ABC 00001.00000000  .00000000  00000-0  00000+0 0    04
2 02685  53.0000 282.8571 0000001   0.0000 132.0000 15.13677000    01
Starlink-525 2685
1 02686U 00000ABC 00001.00000000  .00000000  00000-0  00000+0 0    05
2 02686  53.0000 282.8571 0000001   0.0000 135.0000 15.13677000    05
Starlink-525 2686
1 02687U 00000ABC 00001.00000000  .00000000  00000-0  00000+0 0    06
2 02687  53.0000 282.8571 0000001   0.0000 138.0000 15.13677000    09
Starlink-525 2687
1 02688U 00000ABC 00001.00000000  .00000000  00000-0  00000+0 0    07
2 02688  53.0000 282.8571 0000001   0.0000 141.0000 15.13677000    04
Starlink-525 2688
1 02689U 00000ABC 00001.00000000  .00000000  00000-0  00000+0 0    08
2 02689  53.0000 282.8571 0000001   0.0000 144.0000 15.13677000    08
Starlink-525 2689
1 02690U 00000ABC 00001.00000000  .00000000  00000-0  00000+0 0    00
2 02690  53.0000 282.8571 0000001   0.0000 147.0000 15.13677000    03
Starlink-525 2690
1 02691U 00000ABC 00001.00000000  .00000000  00000-0  00000+0 0    01
2 02691  53.0000 282.8571 0000001   0.0000 150.0000 15.13677000    08
Starlink-525 2691
1 02692U 00000ABC 00001.00000000  .00000000  00000-0  00000+0 0    02
2 02692  53.0000 282.8571 0000001   0.0000 153.0000 15.13677000    02
Starlink-525 2692
1 02693U 00000ABC 00001.00000000  .00000000  00000-0  00000+0 0    03
2 02693  53.0000 282.8571 0000001   0.0000 156.0000 15.13677000    06
Starlink-525 2693
1 02694U 00000ABC 00001.00000000  .00000000  00000-0  00000+0 0    04
2 02694  53.0000 282.8571 0000001   0.0000 159.0000 15.13677000    00
Starlink-525 2694
1 02695U 00000ABC 00001.00000000  .00000000  00000-0  00000+0 0    05
2 02695  53.0000 282.8571 0000001   0.0000 162.0000 15.13677000    05
Starlink-525 2695
1 02696U 00000ABC 00001.00000000  .00000000  00000-0  00000+0 0    06
2 02696  53.0000 282.8571 0000001   0.0000 165.0000 15.13677000    09
Starlink-525 2696
1 02697U 00000ABC 00001.00000000  .00000000  00000-0  00000+0 0    07
2 02697  53.0000 282.8571 0000001   0.0000 168.0000 15.13677000    03
Starlink-525 2697
1 02698U 00000ABC 00001.00000000  .00000000  00000-0  00000+0 0    08
2 02698  53.0000 282.8571 0000001   0.0000 171.0000 15.13677000    08
Starlink-525 2698
1 02699U 00000ABC 00001.00000000  .00000000  00000-0  00000+0 0    09
2 02699  53.0000 282.8571 0000001   0.0000 174.0000 15.13677000    02
Starlink-525 2699
1 02700U 00000ABC 00001.00000000  .00000000  00000-0  00000+0 0    02
2 02700  53.0000 282.8571 0000001   0.0000 177.0000 15.13677000    08
Starlink-525 2700
1 02701U 00000ABC 00001.00000000  .00000000  00000-0  00000+0 0    03
2 02701  53.0000 282.8571 0000001   0.0000 180.0000 15.13677000    03
Starlink-525 2701
1 02702U 00000ABC 00001.00000000  .00000000  00000-0  00000+0 0    04
2 02702  53.0000 282.8571 0000001   0.0000 183.0000 15.13677000    07
Starlink-525 2702
1 02703U 00000ABC 00001.00000000  .00000000  00000-0  00000+0 0    05
2 02703  53.0000 282.8571 0000001   0.0000 186.0000 15.13677000    01
Starlink-525 2703
1 02704U 00000ABC 00001.00000000  .00000000  00000-0  00000+0 0    06
2 02704  53.0000 282.8571 0000001   0.0000 189.0000 15.13677000    05
Starlink-525 2704
1 02705U 00000ABC 00001.00000000  .00000000  00000-0  00000+0 0    07
2 02705  53.0000 282.8571 0000001   0.0000 192.0000 15.13677000    00
Starlink-525 2705
1 02706U 00000ABC 00001.00000000  .00000000  00000-0  00000+0 0    08
2 02706  53.0000 282.8571 0000001   0.0000 195.0000 15.13677000    04
Starlink-525 2706
1 02707U 00000ABC 00001.00000000  .00000000  00000-0  00000+0 0    09
2 02707  53.0000 282.8571 0000001   0.0000 198.0000 15.13677000    08
Starlink-525 2707
1 02708U 00000ABC 00001.00000000  .00000000  00000-0  00000+0 0    00
2 02708  53.0000 282.8571 0000001   0.0000 201.0000 15.13677000    04
Starlink-525 2708
1 02709U 00000ABC 00001.00000000  .00000000  00000-0  00000+0 0    01
2 02709  53.0000 282.8571 0000001   0.0000 204.0000 15.13677000    08
Starlink-525 2709
1 02710U 00000ABC 00001.00000000  .00000000  00000-0  00000+0 0    03
2 02710  53.0000 282.8571 0000001   0.0000 207.0000 15.13677000    03
Starlink-525 2710
1 02711U 00000ABC 00001.00000000  .00000000  00000-0  00000+0 0    04
2 02711  53.0000 282.8571 0000001   0.0000 210.0000 15.13677000    08
Starlink-525 2711
1 02712U 00000ABC 00001.00000000  .00000000  00000-0  00000+0 0    05
2 02712  53.0000 282.8571 0000001   0.0000 213.0000 15.13677000    02
Starlink-525 2712
1 02713U 00000ABC 00001.00000000  .00000000  00000-0  00000+0 0    06
2 02713  53.0000 282.8571 0000001   0.0000 216.0000 15.13677000    06
Starlink-525 2713
1 02714U 00000ABC 00001.00000000  .00000000  00000-0  00000+0 0    07
2 02714  53.0000 282.8571 0000001   0.0000 219.0000 15.13677000    00
Starlink-525 2714
1 02715U 00000ABC 00001.00000000  .00000000  00000-0  00000+0 0    08
2 02715  53.0000 282.8571 0000001   0.0000 222.0000 15.13677000    05
Starlink-525 2715
1 02716U 00000ABC 00001.00000000  .00000000  00000-0  00000+0 0    09
2 02716  53.0000 282.8571 0000001   0.0000 225.0000 15.13677000    09
Starlink-525 2716
1 02717U 00000ABC 00001.00000000  .00000000  00000-0  00000+0 0    00
2 02717  53.0000 282.8571 0000001   0.0000 228.0000 15.13677000    03
Starlink-525 2717
1 02718U 00000ABC 00001.00000000  .00000000  00000-0  00000+0 0    01
2 02718  53.0000 282.8571 0000001   0.0000 231.0000 15.13677000    08
Starlink-525 2718
1 02719U 00000ABC 00001.00000000  .00000000  00000-0  00000+0 0    02
2 02719  53.0000 282.8571 0000001   0.0000 234.0000 15.13677000    02
Starlink-525 2719
1 02720U 00000ABC 00001.00000000  .00000000  00000-0  00000+0 0    04
2 02720  53.0000 282.8571 0000001   0.0000 237.0000 15.13677000    07
Starlink-525 2720
1 02721U 00000ABC 00001.00000000  .00000000  00000-0  00000+0 0    05
2 02721  53.0000 282.8571 0000001   0.0000 240.0000 15.13677000    02
Starlink-525 2721
1 02722U 00000ABC 00001.00000000  .00000000  00000-0  00000+0 0    06
2 02722  53.0000 282.8571 0000001   0.0000 243.0000 15.13677000    06
Starlink-525 2722
1 02723U 00000ABC 00001.00000000  .00000000  00000-0  00000+0 0    07
2 02723  53.0000 282.8571 0000001   0.0000 246.0000 15.13677000    00
Starlink-525 2723
1 02724U 00000ABC 00001.00000000  .00000000  00000-0  00000+0 0    08
2 02724  53.0000 282.8571 0000001   0.0000 249.0000 15.13677000    04
Starlink-525 2724
1 02725U 00000ABC 00001.00000000  .00000000  00000-0  00000+0 0    09
2 02725  53.0000 282.8571 0000001   0.0000 252.0000 15.13677000    09
Starlink-525 2725
1 02726U 00000ABC 00001.00000000  .00000000  00000-0  00000+0 0    00
2 02726  53.0000 282.8571 0000001   0.0000 255.0000 15.13677000    03
Starlink-525 2726
1 02727U 00000ABC 00001.00000000  .00000000  00000-0  00000+0 0    01
2 02727  53.0000 282.8571 0000001   0.0000 258.0000 15.13677000    07
Starlink-525 2727
1 02728U 00000ABC 00001.00000000  .00000000  00000-0  00000+0 0    02
2 02728  53.0000 282.8571 0000001   0.0000 261.0000 15.13677000    02
Starlink-525 2728
1 02729U 00000ABC 00001.00000000  .00000000  00000-0  00000+0 0    03
2 02729  53.0000 282.8571 0000001   0.0000 264.0000 15.13677000    06
Starlink-525 2729
1 02730U 00000ABC 00001.00000000  .00000000  00000-0  00000+0 0    05
2 02730  53.0000 282.8571 0000001   0.0000 267.0000 15.13677000    01
Starlink-525 2730
1 02731U 00000ABC 00001.00000000  .00000000  00000-0  00000+0 0    06
2 02731  53.0000 282.8571 0000001   0.0000 270.0000 15.13677000    06
Starlink-525 2731
1 02732U 00000ABC 00001.00000000  .00000000  00000-0  00000+0 0    07
2 02732  53.0000 282.8571 0000001   0.0000 273.0000 15.13677000    00
Starlink-525 2732
1 02733U 00000ABC 00001.00000000  .00000000  00000-0  00000+0 0    08
2 02733  53.0000 282.8571 0000001   0.0000 276.0000 15.13677000    04
Starlink-525 2733
1 02734U 00000ABC 00001.00000000  .00000000  00000-0  00000+0 0    09
2 02734  53.0000 282.8571 0000001   0.0000 279.0000 15.13677000    08
Starlink-525 2734
1 02735U 00000ABC 00001.00000000  .00000000  00000-0  00000+0 0    00
2 02735  53.0000 282.8571 0000001   0.0000 282.0000 15.13677000    03
Starlink-525 2735
1 02736U 00000ABC 00001.00000000  .00000000  00000-0  00000+0 0    01
2 02736  53.0000 282.8571 0000001   0.0000 285.0000 15.13677000    07
Starlink-525 2736
1 02737U 00000ABC 00001.00000000  .00000000  00000-0  00000+0 0    02
2 02737  53.0000 282.8571 0000001   0.0000 288.0000 15.13677000    01
Starlink-525 2737
1 02738U 00000ABC 00001.00000000  .00000000  00000-0  00000+0 0    03
2 02738  53.0000 282.8571 0000001   0.0000 291.0000 15.13677000    06
Starlink-525 2738
1 02739U 00000ABC 00001.00000000  .00000000  00000-0  00000+0 0    04
2 02739  53.0000 282.8571 0000001   0.0000 294.0000 15.13677000    00
Starlink-525 2739
1 02740U 00000ABC 00001.00000000  .00000000  00000-0  00000+0 0    06
2 02740  53.0000 282.8571 0000001   0.0000 297.0000 15.13677000    05
Starlink-525 2740
1 02741U 00000ABC 00001.00000000  .00000000  00000-0  00000+0 0    07
2 02741  53.0000 282.8571 0000001   0.0000 300.0000 15.13677000    01
Starlink-525 2741
1 02742U 00000ABC 00001.00000000  .00000000  00000-0  00000+0 0    08
2 02742  53.0000 282.8571 0000001   0.0000 303.0000 15.13677000    05
Starlink-525 2742
1 02743U 00000ABC 00001.00000000  .00000000  00000-0  00000+0 0    09
2 02743  53.0000 282.8571 0000001   0.0000 306.0000 15.13677000    09
Starlink-525 2743
1 02744U 00000ABC 00001.00000000  .00000000  00000-0  00000+0 0    00
2 02744  53.0000 282.8571 0000001   0.0000 309.0000 15.13677000    03
Starlink-525 2744
1 02745U 00000ABC 00001.00000000  .00000000  00000-0  00000+0 0    01
2 02745  53.0000 282.8571 0000001   0.0000 312.0000 15.13677000    08
Starlink-525 2745
1 02746U 00000ABC 00001.00000000  .00000000  00000-0  00000+0 0    02
2 02746  53.0000 282.8571 0000001   0.0000 315.0000 15.13677000    02
Starlink-525 2746
1 02747U 00000ABC 00001.00000000  .00000000  00000-0  00000+0 0    03
2 02747  53.0000 282.8571 0000001   0.0000 318.0000 15.13677000    06
Starlink-525 2747
1 02748U 00000ABC 00001.00000000  .00000000  00000-0  00000+0 0    04
2 02748  53.0000 282.8571 0000001   0.0000 321.0000 15.13677000    01
Starlink-525 2748
1 02749U 00000ABC 00001.00000000  .00000000  00000-0  00000+0 0    05
2 02749  53.0000 282.8571 0000001   0.0000 324.0000 15.13677000    05
Starlink-525 2749
1 02750U 00000ABC 00001.00000000  .00000000  00000-0  00000+0 0    07
2 02750  53.0000 282.8571 0000001   0.0000 327.0000 15.13677000    00
Starlink-525 2750
1 02751U 00000ABC 00001.00000000  .00000000  00000-0  00000+0 0    08
2 02751  53.0000 282.8571 0000001   0.0000 330.0000 15.13677000    05
Starlink-525 2751
1 02752U 00000ABC 00001.00000000  .00000000  00000-0  00000+0 0    09
2 02752  53.0000 282.8571 0000001   0.0000 333.0000 15.13677000    09
Starlink-525 2752
1 02753U 00000ABC 00001.00000000  .00000000  00000-0  00000+0 0    00
2 02753  53.0000 282.8571 0000001   0.0000 336.0000 15.13677000    03
Starlink-525 2753
1 02754U 00000ABC 00001.00000000  .00000000  00000-0  00000+0 0    01
2 02754  53.0000 282.8571 0000001   0.0000 339.0000 15.13677000    07
Starlink-525 2754
1 02755U 00000ABC 00001.00000000  .00000000  00000-0  00000+0 0    02
2 02755  53.0000 282.8571 0000001   0.0000 342.0000 15.13677000    02
Starlink-525 2755
1 02756U 00000ABC 00001.00000000  .00000000  00000-0  00000+0 0    03
2 02756  53.0000 282.8571 0000001   0.0000 345.0000 15.13677000    06
Starlink-525 2756
1 02757U 00000ABC 00001.00000000  .00000000  00000-0  00000+0 0    04
2 02757  53.0000 282.8571 0000001   0.0000 348.0000 15.13677000    00
Starlink-525 2757
1 02758U 00000ABC 00001.00000000  .00000000  00000-0  00000+0 0    05
2 02758  53.0000 282.8571 0000001   0.0000 351.0000 15.13677000    05
Starlink-525 2758
1 02759U 00000ABC 00001.00000000  .00000000  00000-0  00000+0 0    06
2 02759  53.0000 282.8571 0000001   0.0000 354.0000 15.13677000    09
Starlink-525 2759
1 02760U 00000ABC 00001.00000000  .00000000  00000-0  00000+0 0    08
2 02760  53.0000 282.8571 0000001   0.0000 357.0000 15.13677000    04
Starlink-525 2760
1 02761U 00000ABC 00001.00000000  .00000000  00000-0  00000+0 0    09
2 02761  53.0000 295.7143 0000001   0.0000   1.5000 15.13677000    04
Starlink-525 2761
1 02762U 00000ABC 00001.00000000  .00000000  00000-0  00000+0 0    00
2 02762  53.0000 295.7143 0000001   0.0000   4.5000 15.13677000    08
Starlink-525 2762
1 02763U 00000ABC 00001.00000000  .00000000  00000-0  00000+0 0    01
2 02763  53.0000 295.7143 0000001   0.0000   7.5000 15.13677000    02
Starlink-525 2763
1 02764U 00000ABC 00001.00000000  .00000000  00000-0  00000+0 0    02
2 02764  53.0000 295.7143 0000001   0.0000  10.5000 15.13677000    07
Starlink-525 2764
1 02765U 00000ABC 00001.00000000  .00000000  00000-0  00000+0 0    03
2 02765  53.0000 295.7143 0000001   0.0000  13.5000 15.13677000    01
Starlink-525 2765
1 02766U 00000ABC 00001.00000000  .00000000  00000-0  00000+0 0    04
2 02766  53.0000 295.7143 0000001   0.0000  16.5000 15.13677000    05
Starlink-525 2766
1 02767U 00000ABC 00001.00000000  .00000000  00000-0  00000+0 0    05
2 02767  53.0000 295.7143 0000001   0.0000  19.5000 15.13677000    09
Starlink-525 2767
1 02768U 00000ABC 00001.00000000  .00000000  00000-0  00000+0 0    06
2 02768  53.0000 295.7143 0000001   0.0000  22.5000 15.13677000    04
Starlink-525 2768
1 02769U 00000ABC 00001.00000000  .00000000  00000-0  00000+0 0    07
2 02769  53.0000 295.7143 0000001   0.0000  25.5000 15.13677000    08
Starlink-525 2769
1 02770U 00000ABC 00001.00000000  .00000000  00000-0  00000+0 0    09
2 02770  53.0000 295.7143 0000001   0.0000  28.5000 15.13677000    03
Starlink-525 2770
1 02771U 00000ABC 00001.00000000  .00000000  00000-0  00000+0 0    00
2 02771  53.0000 295.7143 0000001   0.0000  31.5000 15.13677000    08
Starlink-525 2771
1 02772U 00000ABC 00001.00000000  .00000000  00000-0  00000+0 0    01
2 02772  53.0000 295.7143 0000001   0.0000  34.5000 15.13677000    02
Starlink-525 2772
1 02773U 00000ABC 00001.00000000  .00000000  00000-0  00000+0 0    02
2 02773  53.0000 295.7143 0000001   0.0000  37.5000 15.13677000    06
Starlink-525 2773
1 02774U 00000ABC 00001.00000000  .00000000  00000-0  00000+0 0    03
2 02774  53.0000 295.7143 0000001   0.0000  40.5000 15.13677000    01
Starlink-525 2774
1 02775U 00000ABC 00001.00000000  .00000000  00000-0  00000+0 0    04
2 02775  53.0000 295.7143 0000001   0.0000  43.5000 15.13677000    05
Starlink-525 2775
1 02776U 00000ABC 00001.00000000  .00000000  00000-0  00000+0 0    05
2 02776  53.0000 295.7143 0000001   0.0000  46.5000 15.13677000    09
Starlink-525 2776
1 02777U 00000ABC 00001.00000000  .00000000  00000-0  00000+0 0    06
2 02777  53.0000 295.7143 0000001   0.0000  49.5000 15.13677000    03
Starlink-525 2777
1 02778U 00000ABC 00001.00000000  .00000000  00000-0  00000+0 0    07
2 02778  53.0000 295.7143 0000001   0.0000  52.5000 15.13677000    08
Starlink-525 2778
1 02779U 00000ABC 00001.00000000  .00000000  00000-0  00000+0 0    08
2 02779  53.0000 295.7143 0000001   0.0000  55.5000 15.13677000    02
Starlink-525 2779
1 02780U 00000ABC 00001.00000000  .00000000  00000-0  00000+0 0    00
2 02780  53.0000 295.7143 0000001   0.0000  58.5000 15.13677000    07
Starlink-525 2780
1 02781U 00000ABC 00001.00000000  .00000000  00000-0  00000+0 0    01
2 02781  53.0000 295.7143 0000001   0.0000  61.5000 15.13677000    02
Starlink-525 2781
1 02782U 00000ABC 00001.00000000  .00000000  00000-0  00000+0 0    02
2 02782  53.0000 295.7143 0000001   0.0000  64.5000 15.13677000    06
Starlink-525 2782
1 02783U 00000ABC 00001.00000000  .00000000  00000-0  00000+0 0    03
2 02783  53.0000 295.7143 0000001   0.0000  67.5000 15.13677000    00
Starlink-525 2783
1 02784U 00000ABC 00001.00000000  .00000000  00000-0  00000+0 0    04
2 02784  53.0000 295.7143 0000001   0.0000  70.5000 15.13677000    05
Starlink-525 2784
1 02785U 00000ABC 00001.00000000  .00000000  00000-0  00000+0 0    05
2 02785  53.0000 295.7143 0000001   0.0000  73.5000 15.13677000    09
Starlink-525 2785
1 02786U 00000ABC 00001.00000000  .00000000  00000-0  00000+0 0    06
2 02786  53.0000 295.7143 0000001   0.0000  76.5000 15.13677000    03
Starlink-525 2786
1 02787U 00000ABC 00001.00000000  .00000000  00000-0  00000+0 0    07
2 02787  53.0000 295.7143 0000001   0.0000  79.5000 15.13677000    07
Starlink-525 2787
1 02788U 00000ABC 00001.00000000  .00000000  00000-0  00000+0 0    08
2 02788  53.0000 295.7143 0000001   0.0000  82.5000 15.13677000    02
Starlink-525 2788
1 02789U 00000ABC 00001.00000000  .00000000  00000-0  00000+0 0    09
2 02789  53.0000 295.7143 0000001   0.0000  85.5000 15.13677000    06
Starlink-525 2789
1 02790U 00000ABC 00001.00000000  .00000000  00000-0  00000+0 0    01
2 02790  53.0000 295.7143 0000001   0.0000  88.5000 15.13677000    01
Starlink-525 2790
1 02791U 00000ABC 00001.00000000  .00000000  00000-0  00000+0 0    02
2 02791  53.0000 295.7143 0000001   0.0000  91.5000 15.13677000    06
Starlink-525 2791
1 02792U 00000ABC 00001.00000000  .00000000  00000-0  00000+0 0    03
2 02792  53.0000 295.7143 0000001   0.0000  94.5000 15.13677000    00
Starlink-525 2792
1 02793U 00000ABC 00001.00000000  .00000000  00000-0  00000+0 0    04
2 02793  53.0000 295.7143 0000001   0.0000  97.5000 15.13677000    04
Starlink-525 2793
1 02794U 00000ABC 00001.00000000  .00000000  00000-0  00000+0 0    05
2 02794  53.0000 295.7143 0000001   0.0000 100.5000 15.13677000    00
Starlink-525 2794
1 02795U 00000ABC 00001.00000000  .00000000  00000-0  00000+0 0    06
2 02795  53.0000 295.7143 0000001   0.0000 103.5000 15.13677000    04
Starlink-525 2795
1 02796U 00000ABC 00001.00000000  .00000000  00000-0  00000+0 0    07
2 02796  53.0000 295.7143 0000001   0.0000 106.5000 15.13677000    08
Starlink-525 2796
1 02797U 00000ABC 00001.00000000  .00000000  00000-0  00000+0 0    08
2 02797  53.0000 295.7143 0000001   0.0000 109.5000 15.13677000    02
Starlink-525 2797
1 02798U 00000ABC 00001.00000000  .00000000  00000-0  00000+0 0    09
2 02798  53.0000 295.7143 0000001   0.0000 112.5000 15.13677000    07
Starlink-525 2798
1 02799U 00000ABC 00001.00000000  .00000000  00000-0  00000+0 0    00
2 02799  53.0000 295.7143 0000001   0.0000 115.5000 15.13677000    01
Starlink-525 2799
1 02800U 00000ABC 00001.00000000  .00000000  00000-0  00000+0 0    03
2 02800  53.0000 295.7143 0000001   0.0000 118.5000 15.13677000    07
Starlink-525 2800
1 02801U 00000ABC 00001.00000000  .00000000  00000-0  00000+0 0    04
2 02801  53.0000 295.7143 0000001   0.0000 121.5000 15.13677000    02
Starlink-525 2801
1 02802U 00000ABC 00001.00000000  .00000000  00000-0  00000+0 0    05
2 02802  53.0000 295.7143 0000001   0.0000 124.5000 15.13677000    06
Starlink-525 2802
1 02803U 00000ABC 00001.00000000  .00000000  00000-0  00000+0 0    06
2 02803  53.0000 295.7143 0000001   0.0000 127.5000 15.13677000    00
Starlink-525 2803
1 02804U 00000ABC 00001.00000000  .00000000  00000-0  00000+0 0    07
2 02804  53.0000 295.7143 0000001   0.0000 130.5000 15.13677000    05
Starlink-525 2804
1 02805U 00000ABC 00001.00000000  .00000000  00000-0  00000+0 0    08
2 02805  53.0000 295.7143 0000001   0.0000 133.5000 15.13677000    09
Starlink-525 2805
1 02806U 00000ABC 00001.00000000  .00000000  00000-0  00000+0 0    09
2 02806  53.0000 295.7143 0000001   0.0000 136.5000 15.13677000    03
Starlink-525 2806
1 02807U 00000ABC 00001.00000000  .00000000  00000-0  00000+0 0    00
2 02807  53.0000 295.7143 0000001   0.0000 139.5000 15.13677000    07
Starlink-525 2807
1 02808U 00000ABC 00001.00000000  .00000000  00000-0  00000+0 0    01
2 02808  53.0000 295.7143 0000001   0.0000 142.5000 15.13677000    02
Starlink-525 2808
1 02809U 00000ABC 00001.00000000  .00000000  00000-0  00000+0 0    02
2 02809  53.0000 295.7143 0000001   0.0000 145.5000 15.13677000    06
Starlink-525 2809
1 02810U 00000ABC 00001.00000000  .00000000  00000-0  00000+0 0    04
2 02810  53.0000 295.7143 0000001   0.0000 148.5000 15.13677000    01
Starlink-525 2810
1 02811U 00000ABC 00001.00000000  .00000000  00000-0  00000+0 0    05
2 02811  53.0000 295.7143 0000001   0.0000 151.5000 15.13677000    06
Starlink-525 2811
1 02812U 00000ABC 00001.00000000  .00000000  00000-0  00000+0 0    06
2 02812  53.0000 295.7143 0000001   0.0000 154.5000 15.13677000    00
Starlink-525 2812
1 02813U 00000ABC 00001.00000000  .00000000  00000-0  00000+0 0    07
2 02813  53.0000 295.7143 0000001   0.0000 157.5000 15.13677000    04
Starlink-525 2813
1 02814U 00000ABC 00001.00000000  .00000000  00000-0  00000+0 0    08
2 02814  53.0000 295.7143 0000001   0.0000 160.5000 15.13677000    09
Starlink-525 2814
1 02815U 00000ABC 00001.00000000  .00000000  00000-0  00000+0 0    09
2 02815  53.0000 295.7143 0000001   0.0000 163.5000 15.13677000    03
Starlink-525 2815
1 02816U 00000ABC 00001.00000000  .00000000  00000-0  00000+0 0    00
2 02816  53.0000 295.7143 0000001   0.0000 166.5000 15.13677000    07
Starlink-525 2816
1 02817U 00000ABC 00001.00000000  .00000000  00000-0  00000+0 0    01
2 02817  53.0000 295.7143 0000001   0.0000 169.5000 15.13677000    01
Starlink-525 2817
1 02818U 00000ABC 00001.00000000  .00000000  00000-0  00000+0 0    02
2 02818  53.0000 295.7143 0000001   0.0000 172.5000 15.13677000    06
Starlink-525 2818
1 02819U 00000ABC 00001.00000000  .00000000  00000-0  00000+0 0    03
2 02819  53.0000 295.7143 0000001   0.0000 175.5000 15.13677000    00
Starlink-525 2819
1 02820U 00000ABC 00001.00000000  .00000000  00000-0  00000+0 0    05
2 02820  53.0000 295.7143 0000001   0.0000 178.5000 15.13677000    05
Starlink-525 2820
1 02821U 00000ABC 00001.00000000  .00000000  00000-0  00000+0 0    06
2 02821  53.0000 295.7143 0000001   0.0000 181.5000 15.13677000    00
Starlink-525 2821
1 02822U 00000ABC 00001.00000000  .00000000  00000-0  00000+0 0    07
2 02822  53.0000 295.7143 0000001   0.0000 184.5000 15.13677000    04
Starlink-525 2822
1 02823U 00000ABC 00001.00000000  .00000000  00000-0  00000+0 0    08
2 02823  53.0000 295.7143 0000001   0.0000 187.5000 15.13677000    08
Starlink-525 2823
1 02824U 00000ABC 00001.00000000  .00000000  00000-0  00000+0 0    09
2 02824  53.0000 295.7143 0000001   0.0000 190.5000 15.13677000    03
Starlink-525 2824
1 02825U 00000ABC 00001.00000000  .00000000  00000-0  00000+0 0    00
2 02825  53.0000 295.7143 0000001   0.0000 193.5000 15.13677000    07
Starlink-525 2825
1 02826U 00000ABC 00001.00000000  .00000000  00000-0  00000+0 0    01
2 02826  53.0000 295.7143 0000001   0.0000 196.5000 15.13677000    01
Starlink-525 2826
1 02827U 00000ABC 00001.00000000  .00000000  00000-0  00000+0 0    02
2 02827  53.0000 295.7143 0000001   0.0000 199.5000 15.13677000    05
Starlink-525 2827
1 02828U 00000ABC 00001.00000000  .00000000  00000-0  00000+0 0    03
2 02828  53.0000 295.7143 0000001   0.0000 202.5000 15.13677000    01
Starlink-525 2828
1 02829U 00000ABC 00001.00000000  .00000000  00000-0  00000+0 0    04
2 02829  53.0000 295.7143 0000001   0.0000 205.5000 15.13677000    05
Starlink-525 2829
1 02830U 00000ABC 00001.00000000  .00000000  00000-0  00000+0 0    06
2 02830  53.0000 295.7143 0000001   0.0000 208.5000 15.13677000    00
Starlink-525 2830
1 02831U 00000ABC 00001.00000000  .00000000  00000-0  00000+0 0    07
2 02831  53.0000 295.7143 0000001   0.0000 211.5000 15.13677000    05
Starlink-525 2831
1 02832U 00000ABC 00001.00000000  .00000000  00000-0  00000+0 0    08
2 02832  53.0000 295.7143 0000001   0.0000 214.5000 15.13677000    09
Starlink-525 2832
1 02833U 00000ABC 00001.00000000  .00000000  00000-0  00000+0 0    09
2 02833  53.0000 295.7143 0000001   0.0000 217.5000 15.13677000    03
Starlink-525 2833
1 02834U 00000ABC 00001.00000000  .00000000  00000-0  00000+0 0    00
2 02834  53.0000 295.7143 0000001   0.0000 220.5000 15.13677000    08
Starlink-525 2834
1 02835U 00000ABC 00001.00000000  .00000000  00000-0  00000+0 0    01
2 02835  53.0000 295.7143 0000001   0.0000 223.5000 15.13677000    02
Starlink-525 2835
1 02836U 00000ABC 00001.00000000  .00000000  00000-0  00000+0 0    02
2 02836  53.0000 295.7143 0000001   0.0000 226.5000 15.13677000    06
Starlink-525 2836
1 02837U 00000ABC 00001.00000000  .00000000  00000-0  00000+0 0    03
2 02837  53.0000 295.7143 0000001   0.0000 229.5000 15.13677000    00
Starlink-525 2837
1 02838U 00000ABC 00001.00000000  .00000000  00000-0  00000+0 0    04
2 02838  53.0000 295.7143 0000001   0.0000 232.5000 15.13677000    05
Starlink-525 2838
1 02839U 00000ABC 00001.00000000  .00000000  00000-0  00000+0 0    05
2 02839  53.0000 295.7143 0000001   0.0000 235.5000 15.13677000    09
Starlink-525 2839
1 02840U 00000ABC 00001.00000000  .00000000  00000-0  00000+0 0    07
2 02840  53.0000 295.7143 0000001   0.0000 238.5000 15.13677000    04
Starlink-525 2840
1 02841U 00000ABC 00001.00000000  .00000000  00000-0  00000+0 0    08
2 02841  53.0000 295.7143 0000001   0.0000 241.5000 15.13677000    09
Starlink-525 2841
1 02842U 00000ABC 00001.00000000  .00000000  00000-0  00000+0 0    09
2 02842  53.0000 295.7143 0000001   0.0000 244.5000 15.13677000    03
Starlink-525 2842
1 02843U 00000ABC 00001.00000000  .00000000  00000-0  00000+0 0    00
2 02843  53.0000 295.7143 0000001   0.0000 247.5000 15.13677000    07
Starlink-525 2843
1 02844U 00000ABC 00001.00000000  .00000000  00000-0  00000+0 0    01
2 02844  53.0000 295.7143 0000001   0.0000 250.5000 15.13677000    02
Starlink-525 2844
1 02845U 00000ABC 00001.00000000  .00000000  00000-0  00000+0 0    02
2 02845  53.0000 295.7143 0000001   0.0000 253.5000 15.13677000    06
Starlink-525 2845
1 02846U 00000ABC 00001.00000000  .00000000  00000-0  00000+0 0    03
2 02846  53.0000 295.7143 0000001   0.0000 256.5000 15.13677000    00
Starlink-525 2846
1 02847U 00000ABC 00001.00000000  .00000000  00000-0  00000+0 0    04
2 02847  53.0000 295.7143 0000001   0.0000 259.5000 15.13677000    04
Starlink-525 2847
1 02848U 00000ABC 00001.00000000  .00000000  00000-0  00000+0 0    05
2 02848  53.0000 295.7143 0000001   0.0000 262.5000 15.13677000    09
Starlink-525 2848
1 02849U 00000ABC 00001.00000000  .00000000  00000-0  00000+0 0    06
2 02849  53.0000 295.7143 0000001   0.0000 265.5000 15.13677000    03
Starlink-525 2849
1 02850U 00000ABC 00001.00000000  .00000000  00000-0  00000+0 0    08
2 02850  53.0000 295.7143 0000001   0.0000 268.5000 15.13677000    08
Starlink-525 2850
1 02851U 00000ABC 00001.00000000  .00000000  00000-0  00000+0 0    09
2 02851  53.0000 295.7143 0000001   0.0000 271.5000 15.13677000    03
Starlink-525 2851
1 02852U 00000ABC 00001.00000000  .00000000  00000-0  00000+0 0    00
2 02852  53.0000 295.7143 0000001   0.0000 274.5000 15.13677000    07
Starlink-525 2852
1 02853U 00000ABC 00001.00000000  .00000000  00000-0  00000+0 0    01
2 02853  53.0000 295.7143 0000001   0.0000 277.5000 15.13677000    01
Starlink-525 2853
1 02854U 00000ABC 00001.00000000  .00000000  00000-0  00000+0 0    02
2 02854  53.0000 295.7143 0000001   0.0000 280.5000 15.13677000    06
Starlink-525 2854
1 02855U 00000ABC 00001.00000000  .00000000  00000-0  00000+0 0    03
2 02855  53.0000 295.7143 0000001   0.0000 283.5000 15.13677000    00
Starlink-525 2855
1 02856U 00000ABC 00001.00000000  .00000000  00000-0  00000+0 0    04
2 02856  53.0000 295.7143 0000001   0.0000 286.5000 15.13677000    04
Starlink-525 2856
1 02857U 00000ABC 00001.00000000  .00000000  00000-0  00000+0 0    05
2 02857  53.0000 295.7143 0000001   0.0000 289.5000 15.13677000    08
Starlink-525 2857
1 02858U 00000ABC 00001.00000000  .00000000  00000-0  00000+0 0    06
2 02858  53.0000 295.7143 0000001   0.0000 292.5000 15.13677000    03
Starlink-525 2858
1 02859U 00000ABC 00001.00000000  .00000000  00000-0  00000+0 0    07
2 02859  53.0000 295.7143 0000001   0.0000 295.5000 15.13677000    07
Starlink-525 2859
1 02860U 00000ABC 00001.00000000  .00000000  00000-0  00000+0 0    09
2 02860  53.0000 295.7143 0000001   0.0000 298.5000 15.13677000    02
Starlink-525 2860
1 02861U 00000ABC 00001.00000000  .00000000  00000-0  00000+0 0    00
2 02861  53.0000 295.7143 0000001   0.0000 301.5000 15.13677000    08
Starlink-525 2861
1 02862U 00000ABC 00001.00000000  .00000000  00000-0  00000+0 0    01
2 02862  53.0000 295.7143 0000001   0.0000 304.5000 15.13677000    02
Starlink-525 2862
1 02863U 00000ABC 00001.00000000  .00000000  00000-0  00000+0 0    02
2 02863  53.0000 295.7143 0000001   0.0000 307.5000 15.13677000    06
Starlink-525 2863
1 02864U 00000ABC 00001.00000000  .00000000  00000-0  00000+0 0    03
2 02864  53.0000 295.7143 0000001   0.0000 310.5000 15.13677000    01
Starlink-525 2864
1 02865U 00000ABC 00001.00000000  .00000000  00000-0  00000+0 0    04
2 02865  53.0000 295.7143 0000001   0.0000 313.5000 15.13677000    05
Starlink-525 2865
1 02866U 00000ABC 00001.00000000  .00000000  00000-0  00000+0 0    05
2 02866  53.0000 295.7143 0000001   0.0000 316.5000 15.13677000    09
Starlink-525 2866
1 02867U 00000ABC 00001.00000000  .00000000  00000-0  00000+0 0    06
2 02867  53.0000 295.7143 0000001   0.0000 319.5000 15.13677000    03
Starlink-525 2867
1 02868U 00000ABC 00001.00000000  .00000000  00000-0  00000+0 0    07
2 02868  53.0000 295.7143 0000001   0.0000 322.5000 15.13677000    08
Starlink-525 2868
1 02869U 00000ABC 00001.00000000  .00000000  00000-0  00000+0 0    08
2 02869  53.0000 295.7143 0000001   0.0000 325.5000 15.13677000    02
Starlink-525 2869
1 02870U 00000ABC 00001.00000000  .00000000  00000-0  00000+0 0    00
2 02870  53.0000 295.7143 0000001   0.0000 328.5000 15.13677000    07
Starlink-525 2870
1 02871U 00000ABC 00001.00000000  .00000000  00000-0  00000+0 0    01
2 02871  53.0000 295.7143 0000001   0.0000 331.5000 15.13677000    02
Starlink-525 2871
1 02872U 00000ABC 00001.00000000  .00000000  00000-0  00000+0 0    02
2 02872  53.0000 295.7143 0000001   0.0000 334.5000 15.13677000    06
Starlink-525 2872
1 02873U 00000ABC 00001.00000000  .00000000  00000-0  00000+0 0    03
2 02873  53.0000 295.7143 0000001   0.0000 337.5000 15.13677000    00
Starlink-525 2873
1 02874U 00000ABC 00001.00000000  .00000000  00000-0  00000+0 0    04
2 02874  53.0000 295.7143 0000001   0.0000 340.5000 15.13677000    05
Starlink-525 2874
1 02875U 00000ABC 00001.00000000  .00000000  00000-0  00000+0 0    05
2 02875  53.0000 295.7143 0000001   0.0000 343.5000 15.13677000    09
Starlink-525 2875
1 02876U 00000ABC 00001.00000000  .00000000  00000-0  00000+0 0    06
2 02876  53.0000 295.7143 0000001   0.0000 346.5000 15.13677000    03
Starlink-525 2876
1 02877U 00000ABC 00001.00000000  .00000000  00000-0  00000+0 0    07
2 02877  53.0000 295.7143 0000001   0.0000 349.5000 15.13677000    07
Starlink-525 2877
1 02878U 00000ABC 00001.00000000  .00000000  00000-0  00000+0 0    08
2 02878  53.0000 295.7143 0000001   0.0000 352.5000 15.13677000    02
Starlink-525 2878
1 02879U 00000ABC 00001.00000000  .00000000  00000-0  00000+0 0    09
2 02879  53.0000 295.7143 0000001   0.0000 355.5000 15.13677000    06
Starlink-525 2879
1 02880U 00000ABC 00001.00000000  .00000000  00000-0  00000+0 0    01
2 02880  53.0000 295.7143 0000001   0.0000 358.5000 15.13677000    01
Starlink-525 2880
1 02881U 00000ABC 00001.00000000  .00000000  00000-0  00000+0 0    02
2 02881  53.0000 308.5714 0000001   0.0000   0.0000 15.13677000    08
Starlink-525 2881
1 02882U 00000ABC 00001.00000000  .00000000  00000-0  00000+0 0    03
2 02882  53.0000 308.5714 0000001   0.0000   3.0000 15.13677000    02
Starlink-525 2882
1 02883U 00000ABC 00001.00000000  .00000000  00000-0  00000+0 0    04
2 02883  53.0000 308.5714 0000001   0.0000   6.0000 15.13677000    06
Starlink-525 2883
1 02884U 00000ABC 00001.00000000  .00000000  00000-0  00000+0 0    05
2 02884  53.0000 308.5714 0000001   0.0000   9.0000 15.13677000    00
Starlink-525 2884
1 02885U 00000ABC 00001.00000000  .00000000  00000-0  00000+0 0    06
2 02885  53.0000 308.5714 0000001   0.0000  12.0000 15.13677000    05
Starlink-525 2885
1 02886U 00000ABC 00001.00000000  .00000000  00000-0  00000+0 0    07
2 02886  53.0000 308.5714 0000001   0.0000  15.0000 15.13677000    09
Starlink-525 2886
1 02887U 00000ABC 00001.00000000  .00000000  00000-0  00000+0 0    08
2 02887  53.0000 308.5714 0000001   0.0000  18.0000 15.13677000    03
Starlink-525 2887
1 02888U 00000ABC 00001.00000000  .00000000  00000-0  00000+0 0    09
2 02888  53.0000 308.5714 0000001   0.0000  21.0000 15.13677000    08
Starlink-525 2888
1 02889U 00000ABC 00001.00000000  .00000000  00000-0  00000+0 0    00
2 02889  53.0000 308.5714 0000001   0.0000  24.0000 15.13677000    02
Starlink-525 2889
1 02890U 00000ABC 00001.00000000  .00000000  00000-0  00000+0 0    02
2 02890  53.0000 308.5714 0000001   0.0000  27.0000 15.13677000    07
Starlink-525 2890
1 02891U 00000ABC 00001.00000000  .00000000  00000-0  00000+0 0    03
2 02891  53.0000 308.5714 0000001   0.0000  30.0000 15.13677000    02
Starlink-525 2891
1 02892U 00000ABC 00001.00000000  .00000000  00000-0  00000+0 0    04
2 02892  53.0000 308.5714 0000001   0.0000  33.0000 15.13677000    06
Starlink-525 2892
1 02893U 00000ABC 00001.00000000  .00000000  00000-0  00000+0 0    05
2 02893  53.0000 308.5714 0000001   0.0000  36.0000 15.13677000    00
Starlink-525 2893
1 02894U 00000ABC 00001.00000000  .00000000  00000-0  00000+0 0    06
2 02894  53.0000 308.5714 0000001   0.0000  39.0000 15.13677000    04
Starlink-525 2894
1 02895U 00000ABC 00001.00000000  .00000000  00000-0  00000+0 0    07
2 02895  53.0000 308.5714 0000001   0.0000  42.0000 15.13677000    09
Starlink-525 2895
1 02896U 00000ABC 00001.00000000  .00000000  00000-0  00000+0 0    08
2 02896  53.0000 308.5714 0000001   0.0000  45.0000 15.13677000    03
Starlink-525 2896
1 02897U 00000ABC 00001.00000000  .00000000  00000-0  00000+0 0    09
2 02897  53.0000 308.5714 0000001   0.0000  48.0000 15.13677000    07
Starlink-525 2897
1 02898U 00000ABC 00001.00000000  .00000000  00000-0  00000+0 0    00
2 02898  53.0000 308.5714 0000001   0.0000  51.0000 15.13677000    02
Starlink-525 2898
1 02899U 00000ABC 00001.00000000  .00000000  00000-0  00000+0 0    01
2 02899  53.0000 308.5714 0000001   0.0000  54.0000 15.13677000    06
Starlink-525 2899
1 02900U 00000ABC 00001.00000000  .00000000  00000-0  00000+0 0    04
2 02900  53.0000 308.5714 0000001   0.0000  57.0000 15.13677000    02
Starlink-525 2900
1 02901U 00000ABC 00001.00000000  .00000000  00000-0  00000+0 0    05
2 02901  53.0000 308.5714 0000001   0.0000  60.0000 15.13677000    07
Starlink-525 2901
1 02902U 00000ABC 00001.00000000  .00000000  00000-0  00000+0 0    06
2 02902  53.0000 308.5714 0000001   0.0000  63.0000 15.13677000    01
Starlink-525 2902
1 02903U 00000ABC 00001.00000000  .00000000  00000-0  00000+0 0    07
2 02903  53.0000 308.5714 0000001   0.0000  66.0000 15.13677000    05
Starlink-525 2903
1 02904U 00000ABC 00001.00000000  .00000000  00000-0  00000+0 0    08
2 02904  53.0000 308.5714 0000001   0.0000  69.0000 15.13677000    09
Starlink-525 2904
1 02905U 00000ABC 00001.00000000  .00000000  00000-0  00000+0 0    09
2 02905  53.0000 308.5714 0000001   0.0000  72.0000 15.13677000    04
Starlink-525 2905
1 02906U 00000ABC 00001.00000000  .00000000  00000-0  00000+0 0    00
2 02906  53.0000 308.5714 0000001   0.0000  75.0000 15.13677000    08
Starlink-525 2906
1 02907U 00000ABC 00001.00000000  .00000000  00000-0  00000+0 0    01
2 02907  53.0000 308.5714 0000001   0.0000  78.0000 15.13677000    02
Starlink-525 2907
1 02908U 00000ABC 00001.00000000  .00000000  00000-0  00000+0 0    02
2 02908  53.0000 308.5714 0000001   0.0000  81.0000 15.13677000    07
Starlink-525 2908
1 02909U 00000ABC 00001.00000000  .00000000  00000-0  00000+0 0    03
2 02909  53.0000 308.5714 0000001   0.0000  84.0000 15.13677000    01
Starlink-525 2909
1 02910U 00000ABC 00001.00000000  .00000000  00000-0  00000+0 0    05
2 02910  53.0000 308.5714 0000001   0.0000  87.0000 15.13677000    06
Starlink-525 2910
1 02911U 00000ABC 00001.00000000  .00000000  00000-0  00000+0 0    06
2 02911  53.0000 308.5714 0000001   0.0000  90.0000 15.13677000    01
Starlink-525 2911
1 02912U 00000ABC 00001.00000000  .00000000  00000-0  00000+0 0    07
2 02912  53.0000 308.5714 0000001   0.0000  93.0000 15.13677000    05
Starlink-525 2912
1 02913U 00000ABC 00001.00000000  .00000000  00000-0  00000+0 0    08
2 02913  53.0000 308.5714 0000001   0.0000  96.0000 15.13677000    09
Starlink-525 2913
1 02914U 00000ABC 00001.00000000  .00000000  00000-0  00000+0 0    09
2 02914  53.0000 308.5714 0000001   0.0000  99.0000 15.13677000    03
Starlink-525 2914
1 02915U 00000ABC 00001.00000000  .00000000  00000-0  00000+0 0    00
2 02915  53.0000 308.5714 0000001   0.0000 102.0000 15.13677000    09
Starlink-525 2915
1 02916U 00000ABC 00001.00000000  .00000000  00000-0  00000+0 0    01
2 02916  53.0000 308.5714 0000001   0.0000 105.0000 15.13677000    03
Starlink-525 2916
1 02917U 00000ABC 00001.00000000  .00000000  00000-0  00000+0 0    02
2 02917  53.0000 308.5714 0000001   0.0000 108.0000 15.13677000    07
Starlink-525 2917
1 02918U 00000ABC 00001.00000000  .00000000  00000-0  00000+0 0    03
2 02918  53.0000 308.5714 0000001   0.0000 111.0000 15.13677000    02
Starlink-525 2918
1 02919U 00000ABC 00001.00000000  .00000000  00000-0  00000+0 0    04
2 02919  53.0000 308.5714 0000001   0.0000 114.0000 15.13677000    06
Starlink-525 2919
1 02920U 00000ABC 00001.00000000  .00000000  00000-0  00000+0 0    06
2 02920  53.0000 308.5714 0000001   0.0000 117.0000 15.13677000    01
Starlink-525 2920
1 02921U 00000ABC 00001.00000000  .00000000  00000-0  00000+0 0    07
2 02921  53.0000 308.5714 0000001   0.0000 120.0000 15.13677000    06
Starlink-525 2921
1 02922U 00000ABC 00001.00000000  .00000000  00000-0  00000+0 0    08
2 02922  53.0000 308.5714 0000001   0.0000 123.0000 15.13677000    00
Starlink-525 2922
1 02923U 00000ABC 00001.00000000  .00000000  00000-0  00000+0 0    09
2 02923  53.0000 308.5714 0000001   0.0000 126.0000 15.13677000    04
Starlink-525 2923
1 02924U 00000ABC 00001.00000000  .00000000  00000-0  00000+0 0    00
2 02924  53.0000 308.5714 0000001   0.0000 129.0000 15.13677000    08
Starlink-525 2924
1 02925U 00000ABC 00001.00000000  .00000000  00000-0  00000+0 0    01
2 02925  53.0000 308.5714 0000001   0.0000 132.0000 15.13677000    03
Starlink-525 2925
1 02926U 00000ABC 00001.00000000  .00000000  00000-0  00000+0 0    02
2 02926  53.0000 308.5714 0000001   0.0000 135.0000 15.13677000    07
Starlink-525 2926
1 02927U 00000ABC 00001.00000000  .00000000  00000-0  00000+0 0    03
2 02927  53.0000 308.5714 0000001   0.0000 138.0000 15.13677000    01
Starlink-525 2927
1 02928U 00000ABC 00001.00000000  .00000000  00000-0  00000+0 0    04
2 02928  53.0000 308.5714 0000001   0.0000 141.0000 15.13677000    06
Starlink-525 2928
1 02929U 00000ABC 00001.00000000  .00000000  00000-0  00000+0 0    05
2 02929  53.0000 308.5714 0000001   0.0000 144.0000 15.13677000    00
Starlink-525 2929
1 02930U 00000ABC 00001.00000000  .00000000  00000-0  00000+0 0    07
2 02930  53.0000 308.5714 0000001   0.0000 147.0000 15.13677000    05
Starlink-525 2930
1 02931U 00000ABC 00001.00000000  .00000000  00000-0  00000+0 0    08
2 02931  53.0000 308.5714 0000001   0.0000 150.0000 15.13677000    00
Starlink-525 2931
1 02932U 00000ABC 00001.00000000  .00000000  00000-0  00000+0 0    09
2 02932  53.0000 308.5714 0000001   0.0000 153.0000 15.13677000    04
Starlink-525 2932
1 02933U 00000ABC 00001.00000000  .00000000  00000-0  00000+0 0    00
2 02933  53.0000 308.5714 0000001   0.0000 156.0000 15.13677000    08
Starlink-525 2933
1 02934U 00000ABC 00001.00000000  .00000000  00000-0  00000+0 0    01
2 02934  53.0000 308.5714 0000001   0.0000 159.0000 15.13677000    02
Starlink-525 2934
1 02935U 00000ABC 00001.00000000  .00000000  00000-0  00000+0 0    02
2 02935  53.0000 308.5714 0000001   0.0000 162.0000 15.13677000    07
Starlink-525 2935
1 02936U 00000ABC 00001.00000000  .00000000  00000-0  00000+0 0    03
2 02936  53.0000 308.5714 0000001   0.0000 165.0000 15.13677000    01
Starlink-525 2936
1 02937U 00000ABC 00001.00000000  .00000000  00000-0  00000+0 0    04
2 02937  53.0000 308.5714 0000001   0.0000 168.0000 15.13677000    05
Starlink-525 2937
1 02938U 00000ABC 00001.00000000  .00000000  00000-0  00000+0 0    05
2 02938  53.0000 308.5714 0000001   0.0000 171.0000 15.13677000    00
Starlink-525 2938
1 02939U 00000ABC 00001.00000000  .00000000  00000-0  00000+0 0    06
2 02939  53.0000 308.5714 0000001   0.0000 174.0000 15.13677000    04
Starlink-525 2939
1 02940U 00000ABC 00001.00000000  .00000000  00000-0  00000+0 0    08
2 02940  53.0000 308.5714 0000001   0.0000 177.0000 15.13677000    09
Starlink-525 2940
1 02941U 00000ABC 00001.00000000  .00000000  00000-0  00000+0 0    09
2 02941  53.0000 308.5714 0000001   0.0000 180.0000 15.13677000    04
Starlink-525 2941
1 02942U 00000ABC 00001.00000000  .00000000  00000-0  00000+0 0    00
2 02942  53.0000 308.5714 0000001   0.0000 183.0000 15.13677000    08
Starlink-525 2942
1 02943U 00000ABC 00001.00000000  .00000000  00000-0  00000+0 0    01
2 02943  53.0000 308.5714 0000001   0.0000 186.0000 15.13677000    02
Starlink-525 2943
1 02944U 00000ABC 00001.00000000  .00000000  00000-0  00000+0 0    02
2 02944  53.0000 308.5714 0000001   0.0000 189.0000 15.13677000    06
Starlink-525 2944
1 02945U 00000ABC 00001.00000000  .00000000  00000-0  00000+0 0    03
2 02945  53.0000 308.5714 0000001   0.0000 192.0000 15.13677000    01
Starlink-525 2945
1 02946U 00000ABC 00001.00000000  .00000000  00000-0  00000+0 0    04
2 02946  53.0000 308.5714 0000001   0.0000 195.0000 15.13677000    05
Starlink-525 2946
1 02947U 00000ABC 00001.00000000  .00000000  00000-0  00000+0 0    05
2 02947  53.0000 308.5714 0000001   0.0000 198.0000 15.13677000    09
Starlink-525 2947
1 02948U 00000ABC 00001.00000000  .00000000  00000-0  00000+0 0    06
2 02948  53.0000 308.5714 0000001   0.0000 201.0000 15.13677000    05
Starlink-525 2948
1 02949U 00000ABC 00001.00000000  .00000000  00000-0  00000+0 0    07
2 02949  53.0000 308.5714 0000001   0.0000 204.0000 15.13677000    09
Starlink-525 2949
1 02950U 00000ABC 00001.00000000  .00000000  00000-0  00000+0 0    09
2 02950  53.0000 308.5714 0000001   0.0000 207.0000 15.13677000    04
Starlink-525 2950
1 02951U 00000ABC 00001.00000000  .00000000  00000-0  00000+0 0    00
2 02951  53.0000 308.5714 0000001   0.0000 210.0000 15.13677000    09
Starlink-525 2951
1 02952U 00000ABC 00001.00000000  .00000000  00000-0  00000+0 0    01
2 02952  53.0000 308.5714 0000001   0.0000 213.0000 15.13677000    03
Starlink-525 2952
1 02953U 00000ABC 00001.00000000  .00000000  00000-0  00000+0 0    02
2 02953  53.0000 308.5714 0000001   0.0000 216.0000 15.13677000    07
Starlink-525 2953
1 02954U 00000ABC 00001.00000000  .00000000  00000-0  00000+0 0    03
2 02954  53.0000 308.5714 0000001   0.0000 219.0000 15.13677000    01
Starlink-525 2954
1 02955U 00000ABC 00001.00000000  .00000000  00000-0  00000+0 0    04
2 02955  53.0000 308.5714 0000001   0.0000 222.0000 15.13677000    06
Starlink-525 2955
1 02956U 00000ABC 00001.00000000  .00000000  00000-0  00000+0 0    05
2 02956  53.0000 308.5714 0000001   0.0000 225.0000 15.13677000    00
Starlink-525 2956
1 02957U 00000ABC 00001.00000000  .00000000  00000-0  00000+0 0    06
2 02957  53.0000 308.5714 0000001   0.0000 228.0000 15.13677000    04
Starlink-525 2957
1 02958U 00000ABC 00001.00000000  .00000000  00000-0  00000+0 0    07
2 02958  53.0000 308.5714 0000001   0.0000 231.0000 15.13677000    09
Starlink-525 2958
1 02959U 00000ABC 00001.00000000  .00000000  00000-0  00000+0 0    08
2 02959  53.0000 308.5714 0000001   0.0000 234.0000 15.13677000    03
Starlink-525 2959
1 02960U 00000ABC 00001.00000000  .00000000  00000-0  00000+0 0    00
2 02960  53.0000 308.5714 0000001   0.0000 237.0000 15.13677000    08
Starlink-525 2960
1 02961U 00000ABC 00001.00000000  .00000000  00000-0  00000+0 0    01
2 02961  53.0000 308.5714 0000001   0.0000 240.0000 15.13677000    03
Starlink-525 2961
1 02962U 00000ABC 00001.00000000  .00000000  00000-0  00000+0 0    02
2 02962  53.0000 308.5714 0000001   0.0000 243.0000 15.13677000    07
Starlink-525 2962
1 02963U 00000ABC 00001.00000000  .00000000  00000-0  00000+0 0    03
2 02963  53.0000 308.5714 0000001   0.0000 246.0000 15.13677000    01
Starlink-525 2963
1 02964U 00000ABC 00001.00000000  .00000000  00000-0  00000+0 0    04
2 02964  53.0000 308.5714 0000001   0.0000 249.0000 15.13677000    05
Starlink-525 2964
1 02965U 00000ABC 00001.00000000  .00000000  00000-0  00000+0 0    05
2 02965  53.0000 308.5714 0000001   0.0000 252.0000 15.13677000    00
Starlink-525 2965
1 02966U 00000ABC 00001.00000000  .00000000  00000-0  00000+0 0    06
2 02966  53.0000 308.5714 0000001   0.0000 255.0000 15.13677000    04
Starlink-525 2966
1 02967U 00000ABC 00001.00000000  .00000000  00000-0  00000+0 0    07
2 02967  53.0000 308.5714 0000001   0.0000 258.0000 15.13677000    08
Starlink-525 2967
1 02968U 00000ABC 00001.00000000  .00000000  00000-0  00000+0 0    08
2 02968  53.0000 308.5714 0000001   0.0000 261.0000 15.13677000    03
Starlink-525 2968
1 02969U 00000ABC 00001.00000000  .00000000  00000-0  00000+0 0    09
2 02969  53.0000 308.5714 0000001   0.0000 264.0000 15.13677000    07
Starlink-525 2969
1 02970U 00000ABC 00001.00000000  .00000000  00000-0  00000+0 0    01
2 02970  53.0000 308.5714 0000001   0.0000 267.0000 15.13677000    02
Starlink-525 2970
1 02971U 00000ABC 00001.00000000  .00000000  00000-0  00000+0 0    02
2 02971  53.0000 308.5714 0000001   0.0000 270.0000 15.13677000    07
Starlink-525 2971
1 02972U 00000ABC 00001.00000000  .00000000  00000-0  00000+0 0    03
2 02972  53.0000 308.5714 0000001   0.0000 273.0000 15.13677000    01
Starlink-525 2972
1 02973U 00000ABC 00001.00000000  .00000000  00000-0  00000+0 0    04
2 02973  53.0000 308.5714 0000001   0.0000 276.0000 15.13677000    05
Starlink-525 2973
1 02974U 00000ABC 00001.00000000  .00000000  00000-0  00000+0 0    05
2 02974  53.0000 308.5714 0000001   0.0000 279.0000 15.13677000    09
Starlink-525 2974
1 02975U 00000ABC 00001.00000000  .00000000  00000-0  00000+0 0    06
2 02975  53.0000 308.5714 0000001   0.0000 282.0000 15.13677000    04
Starlink-525 2975
1 02976U 00000ABC 00001.00000000  .00000000  00000-0  00000+0 0    07
2 02976  53.0000 308.5714 0000001   0.0000 285.0000 15.13677000    08
Starlink-525 2976
1 02977U 00000ABC 00001.00000000  .00000000  00000-0  00000+0 0    08
2 02977  53.0000 308.5714 0000001   0.0000 288.0000 15.13677000    02
Starlink-525 2977
1 02978U 00000ABC 00001.00000000  .00000000  00000-0  00000+0 0    09
2 02978  53.0000 308.5714 0000001   0.0000 291.0000 15.13677000    07
Starlink-525 2978
1 02979U 00000ABC 00001.00000000  .00000000  00000-0  00000+0 0    00
2 02979  53.0000 308.5714 0000001   0.0000 294.0000 15.13677000    01
Starlink-525 2979
1 02980U 00000ABC 00001.00000000  .00000000  00000-0  00000+0 0    02
2 02980  53.0000 308.5714 0000001   0.0000 297.0000 15.13677000    06
Starlink-525 2980
1 02981U 00000ABC 00001.00000000  .00000000  00000-0  00000+0 0    03
2 02981  53.0000 308.5714 0000001   0.0000 300.0000 15.13677000    02
Starlink-525 2981
1 02982U 00000ABC 00001.00000000  .00000000  00000-0  00000+0 0    04
2 02982  53.0000 308.5714 0000001   0.0000 303.0000 15.13677000    06
Starlink-525 2982
1 02983U 00000ABC 00001.00000000  .00000000  00000-0  00000+0 0    05
2 02983  53.0000 308.5714 0000001   0.0000 306.0000 15.13677000    00
Starlink-525 2983
1 02984U 00000ABC 00001.00000000  .00000000  00000-0  00000+0 0    06
2 02984  53.0000 308.5714 0000001   0.0000 309.0000 15.13677000    04
Starlink-525 2984
1 02985U 00000ABC 00001.00000000  .00000000  00000-0  00000+0 0    07
2 02985  53.0000 308.5714 0000001   0.0000 312.0000 15.13677000    09
Starlink-525 2985
1 02986U 00000ABC 00001.00000000  .00000000  00000-0  00000+0 0    08
2 02986  53.0000 308.5714 0000001   0.0000 315.0000 15.13677000    03
Starlink-525 2986
1 02987U 00000ABC 00001.00000000  .00000000  00000-0  00000+0 0    09
2 02987  53.0000 308.5714 0000001   0.0000 318.0000 15.13677000    07
Starlink-525 2987
1 02988U 00000ABC 00001.00000000  .00000000  00000-0  00000+0 0    00
2 02988  53.0000 308.5714 0000001   0.0000 321.0000 15.13677000    02
Starlink-525 2988
1 02989U 00000ABC 00001.00000000  .00000000  00000-0  00000+0 0    01
2 02989  53.0000 308.5714 0000001   0.0000 324.0000 15.13677000    06
Starlink-525 2989
1 02990U 00000ABC 00001.00000000  .00000000  00000-0  00000+0 0    03
2 02990  53.0000 308.5714 0000001   0.0000 327.0000 15.13677000    01
Starlink-525 2990
1 02991U 00000ABC 00001.00000000  .00000000  00000-0  00000+0 0    04
2 02991  53.0000 308.5714 0000001   0.0000 330.0000 15.13677000    06
Starlink-525 2991
1 02992U 00000ABC 00001.00000000  .00000000  00000-0  00000+0 0    05
2 02992  53.0000 308.5714 0000001   0.0000 333.0000 15.13677000    00
Starlink-525 2992
1 02993U 00000ABC 00001.00000000  .00000000  00000-0  00000+0 0    06
2 02993  53.0000 308.5714 0000001   0.0000 336.0000 15.13677000    04
Starlink-525 2993
1 02994U 00000ABC 00001.00000000  .00000000  00000-0  00000+0 0    07
2 02994  53.0000 308.5714 0000001   0.0000 339.0000 15.13677000    08
Starlink-525 2994
1 02995U 00000ABC 00001.00000000  .00000000  00000-0  00000+0 0    08
2 02995  53.0000 308.5714 0000001   0.0000 342.0000 15.13677000    03
Starlink-525 2995
1 02996U 00000ABC 00001.00000000  .00000000  00000-0  00000+0 0    09
2 02996  53.0000 308.5714 0000001   0.0000 345.0000 15.13677000    07
Starlink-525 2996
1 02997U 00000ABC 00001.00000000  .00000000  00000-0  00000+0 0    00
2 02997  53.0000 308.5714 0000001   0.0000 348.0000 15.13677000    01
Starlink-525 2997
1 02998U 00000ABC 00001.00000000  .00000000  00000-0  00000+0 0    01
2 02998  53.0000 308.5714 0000001   0.0000 351.0000 15.13677000    06
Starlink-525 2998
1 02999U 00000ABC 00001.00000000  .00000000  00000-0  00000+0 0    02
2 02999  53.0000 308.5714 0000001   0.0000 354.0000 15.13677000    00
Starlink-525 2999
1 03000U 00000ABC 00001.00000000  .00000000  00000-0  00000+0 0    06
2 03000  53.0000 308.5714 0000001   0.0000 357.0000 15.13677000    07
Starlink-525 3000
1 03001U 00000ABC 00001.00000000  .00000000  00000-0  00000+0 0    07
2 03001  53.0000 321.4286 0000001   0.0000   1.5000 15.13677000    07
Starlink-525 3001
1 03002U 00000ABC 00001.00000000  .00000000  00000-0  00000+0 0    08
2 03002  53.0000 321.4286 0000001   0.0000   4.5000 15.13677000    01
Starlink-525 3002
1 03003U 00000ABC 00001.00000000  .00000000  00000-0  00000+0 0    09
2 03003  53.0000 321.4286 0000001   0.0000   7.5000 15.13677000    05
Starlink-525 3003
1 03004U 00000ABC 00001.00000000  .00000000  00000-0  00000+0 0    00
2 03004  53.0000 321.4286 0000001   0.0000  10.5000 15.13677000    00
Starlink-525 3004
1 03005U 00000ABC 00001.00000000  .00000000  00000-0  00000+0 0    01
2 03005  53.0000 321.4286 0000001   0.0000  13.5000 15.13677000    04
Starlink-525 3005
1 03006U 00000ABC 00001.00000000  .00000000  00000-0  00000+0 0    02
2 03006  53.0000 321.4286 0000001   0.0000  16.5000 15.13677000    08
Starlink-525 3006
1 03007U 00000ABC 00001.00000000  .00000000  00000-0  00000+0 0    03
2 03007  53.0000 321.4286 0000001   0.0000  19.5000 15.13677000    02
Starlink-525 3007
1 03008U 00000ABC 00001.00000000  .00000000  00000-0  00000+0 0    04
2 03008  53.0000 321.4286 0000001   0.0000  22.5000 15.13677000    07
Starlink-525 3008
1 03009U 00000ABC 00001.00000000  .00000000  00000-0  00000+0 0    05
2 03009  53.0000 321.4286 0000001   0.0000  25.5000 15.13677000    01
Starlink-525 3009
1 03010U 00000ABC 00001.00000000  .00000000  00000-0  00000+0 0    07
2 03010  53.0000 321.4286 0000001   0.0000  28.5000 15.13677000    06
Starlink-525 3010
1 03011U 00000ABC 00001.00000000  .00000000  00000-0  00000+0 0    08
2 03011  53.0000 321.4286 0000001   0.0000  31.5000 15.13677000    01
Starlink-525 3011
1 03012U 00000ABC 00001.00000000  .00000000  00000-0  00000+0 0    09
2 03012  53.0000 321.4286 0000001   0.0000  34.5000 15.13677000    05
Starlink-525 3012
1 03013U 00000ABC 00001.00000000  .00000000  00000-0  00000+0 0    00
2 03013  53.0000 321.4286 0000001   0.0000  37.5000 15.13677000    09
Starlink-525 3013
1 03014U 00000ABC 00001.00000000  .00000000  00000-0  00000+0 0    01
2 03014  53.0000 321.4286 0000001   0.0000  40.5000 15.13677000    04
Starlink-525 3014
1 03015U 00000ABC 00001.00000000  .00000000  00000-0  00000+0 0    02
2 03015  53.0000 321.4286 0000001   0.0000  43.5000 15.13677000    08
Starlink-525 3015
1 03016U 00000ABC 00001.00000000  .00000000  00000-0  00000+0 0    03
2 03016  53.0000 321.4286 0000001   0.0000  46.5000 15.13677000    02
Starlink-525 3016
1 03017U 00000ABC 00001.00000000  .00000000  00000-0  00000+0 0    04
2 03017  53.0000 321.4286 0000001   0.0000  49.5000 15.13677000    06
Starlink-525 3017
1 03018U 00000ABC 00001.00000000  .00000000  00000-0  00000+0 0    05
2 03018  53.0000 321.4286 0000001   0.0000  52.5000 15.13677000    01
Starlink-525 3018
1 03019U 00000ABC 00001.00000000  .00000000  00000-0  00000+0 0    06
2 03019  53.0000 321.4286 0000001   0.0000  55.5000 15.13677000    05
Starlink-525 3019
1 03020U 00000ABC 00001.00000000  .00000000  00000-0  00000+0 0    08
2 03020  53.0000 321.4286 0000001   0.0000  58.5000 15.13677000    00
Starlink-525 3020
1 03021U 00000ABC 00001.00000000  .00000000  00000-0  00000+0 0    09
2 03021  53.0000 321.4286 0000001   0.0000  61.5000 15.13677000    05
Starlink-525 3021
1 03022U 00000ABC 00001.00000000  .00000000  00000-0  00000+0 0    00
2 03022  53.0000 321.4286 0000001   0.0000  64.5000 15.13677000    09
Starlink-525 3022
1 03023U 00000ABC 00001.00000000  .00000000  00000-0  00000+0 0    01
2 03023  53.0000 321.4286 0000001   0.0000  67.5000 15.13677000    03
Starlink-525 3023
1 03024U 00000ABC 00001.00000000  .00000000  00000-0  00000+0 0    02
2 03024  53.0000 321.4286 0000001   0.0000  70.5000 15.13677000    08
Starlink-525 3024
1 03025U 00000ABC 00001.00000000  .00000000  00000-0  00000+0 0    03
2 03025  53.0000 321.4286 0000001   0.0000  73.5000 15.13677000    02
Starlink-525 3025
1 03026U 00000ABC 00001.00000000  .00000000  00000-0  00000+0 0    04
2 03026  53.0000 321.4286 0000001   0.0000  76.5000 15.13677000    06
Starlink-525 3026
1 03027U 00000ABC 00001.00000000  .00000000  00000-0  00000+0 0    05
2 03027  53.0000 321.4286 0000001   0.0000  79.5000 15.13677000    00
Starlink-525 3027
1 03028U 00000ABC 00001.00000000  .00000000  00000-0  00000+0 0    06
2 03028  53.0000 321.4286 0000001   0.0000  82.5000 15.13677000    05
Starlink-525 3028
1 03029U 00000ABC 00001.00000000  .00000000  00000-0  00000+0 0    07
2 03029  53.0000 321.4286 0000001   0.0000  85.5000 15.13677000    09
Starlink-525 3029
1 03030U 00000ABC 00001.00000000  .00000000  00000-0  00000+0 0    09
2 03030  53.0000 321.4286 0000001   0.0000  88.5000 15.13677000    04
Starlink-525 3030
1 03031U 00000ABC 00001.00000000  .00000000  00000-0  00000+0 0    00
2 03031  53.0000 321.4286 0000001   0.0000  91.5000 15.13677000    09
Starlink-525 3031
1 03032U 00000ABC 00001.00000000  .00000000  00000-0  00000+0 0    01
2 03032  53.0000 321.4286 0000001   0.0000  94.5000 15.13677000    03
Starlink-525 3032
1 03033U 00000ABC 00001.00000000  .00000000  00000-0  00000+0 0    02
2 03033  53.0000 321.4286 0000001   0.0000  97.5000 15.13677000    07
Starlink-525 3033
1 03034U 00000ABC 00001.00000000  .00000000  00000-0  00000+0 0    03
2 03034  53.0000 321.4286 0000001   0.0000 100.5000 15.13677000    03
Starlink-525 3034
1 03035U 00000ABC 00001.00000000  .00000000  00000-0  00000+0 0    04
2 03035  53.0000 321.4286 0000001   0.0000 103.5000 15.13677000    07
Starlink-525 3035
1 03036U 00000ABC 00001.00000000  .00000000  00000-0  00000+0 0    05
2 03036  53.0000 321.4286 0000001   0.0000 106.5000 15.13677000    01
Starlink-525 3036
1 03037U 00000ABC 00001.00000000  .00000000  00000-0  00000+0 0    06
2 03037  53.0000 321.4286 0000001   0.0000 109.5000 15.13677000    05
Starlink-525 3037
1 03038U 00000ABC 00001.00000000  .00000000  00000-0  00000+0 0    07
2 03038  53.0000 321.4286 0000001   0.0000 112.5000 15.13677000    00
Starlink-525 3038
1 03039U 00000ABC 00001.00000000  .00000000  00000-0  00000+0 0    08
2 03039  53.0000 321.4286 0000001   0.0000 115.5000 15.13677000    04
Starlink-525 3039
1 03040U 00000ABC 00001.00000000  .00000000  00000-0  00000+0 0    00
2 03040  53.0000 321.4286 0000001   0.0000 118.5000 15.13677000    09
Starlink-525 3040
1 03041U 00000ABC 00001.00000000  .00000000  00000-0  00000+0 0    01
2 03041  53.0000 321.4286 0000001   0.0000 121.5000 15.13677000    04
Starlink-525 3041
1 03042U 00000ABC 00001.00000000  .00000000  00000-0  00000+0 0    02
2 03042  53.0000 321.4286 0000001   0.0000 124.5000 15.13677000    08
Starlink-525 3042
1 03043U 00000ABC 00001.00000000  .00000000  00000-0  00000+0 0    03
2 03043  53.0000 321.4286 0000001   0.0000 127.5000 15.13677000    02
Starlink-525 3043
1 03044U 00000ABC 00001.00000000  .00000000  00000-0  00000+0 0    04
2 03044  53.0000 321.4286 0000001   0.0000 130.5000 15.13677000    07
Starlink-525 3044
1 03045U 00000ABC 00001.00000000  .00000000  00000-0  00000+0 0    05
2 03045  53.0000 321.4286 0000001   0.0000 133.5000 15.13677000    01
Starlink-525 3045
1 03046U 00000ABC 00001.00000000  .00000000  00000-0  00000+0 0    06
2 03046  53.0000 321.4286 0000001   0.0000 136.5000 15.13677000    05
Starlink-525 3046
1 03047U 00000ABC 00001.00000000  .00000000  00000-0  00000+0 0    07
2 03047  53.0000 321.4286 0000001   0.0000 139.5000 15.13677000    09
Starlink-525 3047
1 03048U 00000ABC 00001.00000000  .00000000  00000-0  00000+0 0    08
2 03048  53.0000 321.4286 0000001   0.0000 142.5000 15.13677000    04
Starlink-525 3048
1 03049U 00000ABC 00001.00000000  .00000000  00000-0  00000+0 0    09
2 03049  53.0000 321.4286 0000001   0.0000 145.5000 15.13677000    08
Starlink-525 3049
1 03050U 00000ABC 00001.00000000  .00000000  00000-0  00000+0 0    01
2 03050  53.0000 321.4286 0000001   0.0000 148.5000 15.13677000    03
Starlink-525 3050
1 03051U 00000ABC 00001.00000000  .00000000  00000-0  00000+0 0    02
2 03051  53.0000 321.4286 0000001   0.0000 151.5000 15.13677000    08
Starlink-525 3051
1 03052U 00000ABC 00001.00000000  .00000000  00000-0  00000+0 0    03
2 03052  53.0000 321.4286 0000001   0.0000 154.5000 15.13677000    02
Starlink-525 3052
1 03053U 00000ABC 00001.00000000  .00000000  00000-0  00000+0 0    04
2 03053  53.0000 321.4286 0000001   0.0000 157.5000 15.13677000    06
Starlink-525 3053
1 03054U 00000ABC 00001.00000000  .00000000  00000-0  00000+0 0    05
2 03054  53.0000 321.4286 0000001   0.0000 160.5000 15.13677000    01
Starlink-525 3054
1 03055U 00000ABC 00001.00000000  .00000000  00000-0  00000+0 0    06
2 03055  53.0000 321.4286 0000001   0.0000 163.5000 15.13677000    05
Starlink-525 3055
1 03056U 00000ABC 00001.00000000  .00000000  00000-0  00000+0 0    07
2 03056  53.0000 321.4286 0000001   0.0000 166.5000 15.13677000    09
Starlink-525 3056
1 03057U 00000ABC 00001.00000000  .00000000  00000-0  00000+0 0    08
2 03057  53.0000 321.4286 0000001   0.0000 169.5000 15.13677000    03
Starlink-525 3057
1 03058U 00000ABC 00001.00000000  .00000000  00000-0  00000+0 0    09
2 03058  53.0000 321.4286 0000001   0.0000 172.5000 15.13677000    08
Starlink-525 3058
1 03059U 00000ABC 00001.00000000  .00000000  00000-0  00000+0 0    00
2 03059  53.0000 321.4286 0000001   0.0000 175.5000 15.13677000    02
Starlink-525 3059
1 03060U 00000ABC 00001.00000000  .00000000  00000-0  00000+0 0    02
2 03060  53.0000 321.4286 0000001   0.0000 178.5000 15.13677000    07
Starlink-525 3060
1 03061U 00000ABC 00001.00000000  .00000000  00000-0  00000+0 0    03
2 03061  53.0000 321.4286 0000001   0.0000 181.5000 15.13677000    02
Starlink-525 3061
1 03062U 00000ABC 00001.00000000  .00000000  00000-0  00000+0 0    04
2 03062  53.0000 321.4286 0000001   0.0000 184.5000 15.13677000    06
Starlink-525 3062
1 03063U 00000ABC 00001.00000000  .00000000  00000-0  00000+0 0    05
2 03063  53.0000 321.4286 0000001   0.0000 187.5000 15.13677000    00
Starlink-525 3063
1 03064U 00000ABC 00001.00000000  .00000000  00000-0  00000+0 0    06
2 03064  53.0000 321.4286 0000001   0.0000 190.5000 15.13677000    05
Starlink-525 3064
1 03065U 00000ABC 00001.00000000  .00000000  00000-0  00000+0 0    07
2 03065  53.0000 321.4286 0000001   0.0000 193.5000 15.13677000    09
Starlink-525 3065
1 03066U 00000ABC 00001.00000000  .00000000  00000-0  00000+0 0    08
2 03066  53.0000 321.4286 0000001   0.0000 196.5000 15.13677000    03
Starlink-525 3066
1 03067U 00000ABC 00001.00000000  .00000000  00000-0  00000+0 0    09
2 03067  53.0000 321.4286 0000001   0.0000 199.5000 15.13677000    07
Starlink-525 3067
1 03068U 00000ABC 00001.00000000  .00000000  00000-0  00000+0 0    00
2 03068  53.0000 321.4286 0000001   0.0000 202.5000 15.13677000    03
Starlink-525 3068
1 03069U 00000ABC 00001.00000000  .00000000  00000-0  00000+0 0    01
2 03069  53.0000 321.4286 0000001   0.0000 205.5000 15.13677000    07
Starlink-525 3069
1 03070U 00000ABC 00001.00000000  .00000000  00000-0  00000+0 0    03
2 03070  53.0000 321.4286 0000001   0.0000 208.5000 15.13677000    02
Starlink-525 3070
1 03071U 00000ABC 00001.00000000  .00000000  00000-0  00000+0 0    04
2 03071  53.0000 321.4286 0000001   0.0000 211.5000 15.13677000    07
Starlink-525 3071
1 03072U 00000ABC 00001.00000000  .00000000  00000-0  00000+0 0    05
2 03072  53.0000 321.4286 0000001   0.0000 214.5000 15.13677000    01
Starlink-525 3072
1 03073U 00000ABC 00001.00000000  .00000000  00000-0  00000+0 0    06
2 03073  53.0000 321.4286 0000001   0.0000 217.5000 15.13677000    05
Starlink-525 3073
1 03074U 00000ABC 00001.00000000  .00000000  00000-0  00000+0 0    07
2 03074  53.0000 321.4286 0000001   0.0000 220.5000 15.13677000    00
Starlink-525 3074
1 03075U 00000ABC 00001.00000000  .00000000  00000-0  00000+0 0    08
2 03075  53.0000 321.4286 0000001   0.0000 223.5000 15.13677000    04
Starlink-525 3075
1 03076U 00000ABC 00001.00000000  .00000000  00000-0  00000+0 0    09
2 03076  53.0000 321.4286 0000001   0.0000 226.5000 15.13677000    08
Starlink-525 3076
1 03077U 00000ABC 00001.00000000  .00000000  00000-0  00000+0 0    00
2 03077  53.0000 321.4286 0000001   0.0000 229.5000 15.13677000    02
Starlink-525 3077
1 03078U 00000ABC 00001.00000000  .00000000  00000-0  00000+0 0    01
2 03078  53.0000 321.4286 0000001   0.0000 232.5000 15.13677000    07
Starlink-525 3078
1 03079U 00000ABC 00001.00000000  .00000000  00000-0  00000+0 0    02
2 03079  53.0000 321.4286 0000001   0.0000 235.5000 15.13677000    01
Starlink-525 3079
1 03080U 00000ABC 00001.00000000  .00000000  00000-0  00000+0 0    04
2 03080  53.0000 321.4286 0000001   0.0000 238.5000 15.13677000    06
Starlink-525 3080
1 03081U 00000ABC 00001.00000000  .00000000  00000-0  00000+0 0    05
2 03081  53.0000 321.4286 0000001   0.0000 241.5000 15.13677000    01
Starlink-525 3081
1 03082U 00000ABC 00001.00000000  .00000000  00000-0  00000+0 0    06
2 03082  53.0000 321.4286 0000001   0.0000 244.5000 15.13677000    05
Starlink-525 3082
1 03083U 00000ABC 00001.00000000  .00000000  00000-0  00000+0 0    07
2 03083  53.0000 321.4286 0000001   0.0000 247.5000 15.13677000    09
Starlink-525 3083
1 03084U 00000ABC 00001.00000000  .00000000  00000-0  00000+0 0    08
2 03084  53.0000 321.4286 0000001   0.0000 250.5000 15.13677000    04
Starlink-525 3084
1 03085U 00000ABC 00001.00000000  .00000000  00000-0  00000+0 0    09
2 03085  53.0000 321.4286 0000001   0.0000 253.5000 15.13677000    08
Starlink-525 3085
1 03086U 00000ABC 00001.00000000  .00000000  00000-0  00000+0 0    00
2 03086  53.0000 321.4286 0000001   0.0000 256.5000 15.13677000    02
Starlink-525 3086
1 03087U 00000ABC 00001.00000000  .00000000  00000-0  00000+0 0    01
2 03087  53.0000 321.4286 0000001   0.0000 259.5000 15.13677000    06
Starlink-525 3087
1 03088U 00000ABC 00001.00000000  .00000000  00000-0  00000+0 0    02
2 03088  53.0000 321.4286 0000001   0.0000 262.5000 15.13677000    01
Starlink-525 3088
1 03089U 00000ABC 00001.00000000  .00000000  00000-0  00000+0 0    03
2 03089  53.0000 321.4286 0000001   0.0000 265.5000 15.13677000    05
Starlink-525 3089
1 03090U 00000ABC 00001.00000000  .00000000  00000-0  00000+0 0    05
2 03090  53.0000 321.4286 0000001   0.0000 268.5000 15.13677000    00
Starlink-525 3090
1 03091U 00000ABC 00001.00000000  .00000000  00000-0  00000+0 0    06
2 03091  53.0000 321.4286 0000001   0.0000 271.5000 15.13677000    05
Starlink-525 3091
1 03092U 00000ABC 00001.00000000  .00000000  00000-0  00000+0 0    07
2 03092  53.0000 321.4286 0000001   0.0000 274.5000 15.13677000    09
Starlink-525 3092
1 03093U 00000ABC 00001.00000000  .00000000  00000-0  00000+0 0    08
2 03093  53.0000 321.4286 0000001   0.0000 277.5000 15.13677000    03
Starlink-525 3093
1 03094U 00000ABC 00001.00000000  .00000000  00000-0  00000+0 0    09
2 03094  53.0000 321.4286 0000001   0.0000 280.5000 15.13677000    08
Starlink-525 3094
1 03095U 00000ABC 00001.00000000  .00000000  00000-0  00000+0 0    00
2 03095  53.0000 321.4286 0000001   0.0000 283.5000 15.13677000    02
Starlink-525 3095
1 03096U 00000ABC 00001.00000000  .00000000  00000-0  00000+0 0    01
2 03096  53.0000 321.4286 0000001   0.0000 286.5000 15.13677000    06
Starlink-525 3096
1 03097U 00000ABC 00001.00000000  .00000000  00000-0  00000+0 0    02
2 03097  53.0000 321.4286 0000001   0.0000 289.5000 15.13677000    00
Starlink-525 3097
1 03098U 00000ABC 00001.00000000  .00000000  00000-0  00000+0 0    03
2 03098  53.0000 321.4286 0000001   0.0000 292.5000 15.13677000    05
Starlink-525 3098
1 03099U 00000ABC 00001.00000000  .00000000  00000-0  00000+0 0    04
2 03099  53.0000 321.4286 0000001   0.0000 295.5000 15.13677000    09
Starlink-525 3099
1 03100U 00000ABC 00001.00000000  .00000000  00000-0  00000+0 0    07
2 03100  53.0000 321.4286 0000001   0.0000 298.5000 15.13677000    05
Starlink-525 3100
1 03101U 00000ABC 00001.00000000  .00000000  00000-0  00000+0 0    08
2 03101  53.0000 321.4286 0000001   0.0000 301.5000 15.13677000    01
Starlink-525 3101
1 03102U 00000ABC 00001.00000000  .00000000  00000-0  00000+0 0    09
2 03102  53.0000 321.4286 0000001   0.0000 304.5000 15.13677000    05
Starlink-525 3102
1 03103U 00000ABC 00001.00000000  .00000000  00000-0  00000+0 0    00
2 03103  53.0000 321.4286 0000001   0.0000 307.5000 15.13677000    09
Starlink-525 3103
1 03104U 00000ABC 00001.00000000  .00000000  00000-0  00000+0 0    01
2 03104  53.0000 321.4286 0000001   0.0000 310.5000 15.13677000    04
Starlink-525 3104
1 03105U 00000ABC 00001.00000000  .00000000  00000-0  00000+0 0    02
2 03105  53.0000 321.4286 0000001   0.0000 313.5000 15.13677000    08
Starlink-525 3105
1 03106U 00000ABC 00001.00000000  .00000000  00000-0  00000+0 0    03
2 03106  53.0000 321.4286 0000001   0.0000 316.5000 15.13677000    02
Starlink-525 3106
1 03107U 00000ABC 00001.00000000  .00000000  00000-0  00000+0 0    04
2 03107  53.0000 321.4286 0000001   0.0000 319.5000 15.13677000    06
Starlink-525 3107
1 03108U 00000ABC 00001.00000000  .00000000  00000-0  00000+0 0    05
2 03108  53.0000 321.4286 0000001   0.0000 322.5000 15.13677000    01
Starlink-525 3108
1 03109U 00000ABC 00001.00000000  .00000000  00000-0  00000+0 0    06
2 03109  53.0000 321.4286 0000001   0.0000 325.5000 15.13677000    05
Starlink-525 3109
1 03110U 00000ABC 00001.00000000  .00000000  00000-0  00000+0 0    08
2 03110  53.0000 321.4286 0000001   0.0000 328.5000 15.13677000    00
Starlink-525 3110
1 03111U 00000ABC 00001.00000000  .00000000  00000-0  00000+0 0    09
2 03111  53.0000 321.4286 0000001   0.0000 331.5000 15.13677000    05
Starlink-525 3111
1 03112U 00000ABC 00001.00000000  .00000000  00000-0  00000+0 0    00
2 03112  53.0000 321.4286 0000001   0.0000 334.5000 15.13677000    09
Starlink-525 3112
1 03113U 00000ABC 00001.00000000  .00000000  00000-0  00000+0 0    01
2 03113  53.0000 321.4286 0000001   0.0000 337.5000 15.13677000    03
Starlink-525 3113
1 03114U 00000ABC 00001.00000000  .00000000  00000-0  00000+0 0    02
2 03114  53.0000 321.4286 0000001   0.0000 340.5000 15.13677000    08
Starlink-525 3114
1 03115U 00000ABC 00001.00000000  .00000000  00000-0  00000+0 0    03
2 03115  53.0000 321.4286 0000001   0.0000 343.5000 15.13677000    02
Starlink-525 3115
1 03116U 00000ABC 00001.00000000  .00000000  00000-0  00000+0 0    04
2 03116  53.0000 321.4286 0000001   0.0000 346.5000 15.13677000    06
Starlink-525 3116
1 03117U 00000ABC 00001.00000000  .00000000  00000-0  00000+0 0    05
2 03117  53.0000 321.4286 0000001   0.0000 349.5000 15.13677000    00
Starlink-525 3117
1 03118U 00000ABC 00001.00000000  .00000000  00000-0  00000+0 0    06
2 03118  53.0000 321.4286 0000001   0.0000 352.5000 15.13677000    05
Starlink-525 3118
1 03119U 00000ABC 00001.00000000  .00000000  00000-0  00000+0 0    07
2 03119  53.0000 321.4286 0000001   0.0000 355.5000 15.13677000    09
Starlink-525 3119
1 03120U 00000ABC 00001.00000000  .00000000  00000-0  00000+0 0    09
2 03120  53.0000 321.4286 0000001   0.0000 358.5000 15.13677000    04
Starlink-525 3120
1 03121U 00000ABC 00001.00000000  .00000000  00000-0  00000+0 0    00
2 03121  53.0000 334.2857 0000001   0.0000   0.0000 15.13677000    00
Starlink-525 3121
1 03122U 00000ABC 00001.00000000  .00000000  00000-0  00000+0 0    01
2 03122  53.0000 334.2857 0000001   0.0000   3.0000 15.13677000    04
Starlink-525 3122
1 03123U 00000ABC 00001.00000000  .00000000  00000-0  00000+0 0    02
2 03123  53.0000 334.2857 0000001   0.0000   6.0000 15.13677000    08
Starlink-525 3123
1 03124U 00000ABC 00001.00000000  .00000000  00000-0  00000+0 0    03
2 03124  53.0000 334.2857 0000001   0.0000   9.0000 15.13677000    02
Starlink-525 3124
1 03125U 00000ABC 00001.00000000  .00000000  00000-0  00000+0 0    04
2 03125  53.0000 334.2857 0000001   0.0000  12.0000 15.13677000    07
Starlink-525 3125
1 03126U 00000ABC 00001.00000000  .00000000  00000-0  00000+0 0    05
2 03126  53.0000 334.2857 0000001   0.0000  15.0000 15.13677000    01
Starlink-525 3126
1 03127U 00000ABC 00001.00000000  .00000000  00000-0  00000+0 0    06
2 03127  53.0000 334.2857 0000001   0.0000  18.0000 15.13677000    05
Starlink-525 3127
1 03128U 00000ABC 00001.00000000  .00000000  00000-0  00000+0 0    07
2 03128  53.0000 334.2857 0000001   0.0000  21.0000 15.13677000    00
Starlink-525 3128
1 03129U 00000ABC 00001.00000000  .00000000  00000-0  00000+0 0    08
2 03129  53.0000 334.2857 0000001   0.0000  24.0000 15.13677000    04
Starlink-525 3129
1 03130U 00000ABC 00001.00000000  .00000000  00000-0  00000+0 0    00
2 03130  53.0000 334.2857 0000001   0.0000  27.0000 15.13677000    09
Starlink-525 3130
1 03131U 00000ABC 00001.00000000  .00000000  00000-0  00000+0 0    01
2 03131  53.0000 334.2857 0000001   0.0000  30.0000 15.13677000    04
Starlink-525 3131
1 03132U 00000ABC 00001.00000000  .00000000  00000-0  00000+0 0    02
2 03132  53.0000 334.2857 0000001   0.0000  33.0000 15.13677000    08
Starlink-525 3132
1 03133U 00000ABC 00001.00000000  .00000000  00000-0  00000+0 0    03
2 03133  53.0000 334.2857 0000001   0.0000  36.0000 15.13677000    02
Starlink-525 3133
1 03134U 00000ABC 00001.00000000  .00000000  00000-0  00000+0 0    04
2 03134  53.0000 334.2857 0000001   0.0000  39.0000 15.13677000    06
Starlink-525 3134
1 03135U 00000ABC 00001.00000000  .00000000  00000-0  00000+0 0    05
2 03135  53.0000 334.2857 0000001   0.0000  42.0000 15.13677000    01
Starlink-525 3135
1 03136U 00000ABC 00001.00000000  .00000000  00000-0  00000+0 0    06
2 03136  53.0000 334.2857 0000001   0.0000  45.0000 15.13677000    05
Starlink-525 3136
1 03137U 00000ABC 00001.00000000  .00000000  00000-0  00000+0 0    07
2 03137  53.0000 334.2857 0000001   0.0000  48.0000 15.13677000    09
Starlink-525 3137
1 03138U 00000ABC 00001.00000000  .00000000  00000-0  00000+0 0    08
2 03138  53.0000 334.2857 0000001   0.0000  51.0000 15.13677000    04
Starlink-525 3138
1 03139U 00000ABC 00001.00000000  .00000000  00000-0  00000+0 0    09
2 03139  53.0000 334.2857 0000001   0.0000  54.0000 15.13677000    08
Starlink-525 3139
1 03140U 00000ABC 00001.00000000  .00000000  00000-0  00000+0 0    01
2 03140  53.0000 334.2857 0000001   0.0000  57.0000 15.13677000    03
Starlink-525 3140
1 03141U 00000ABC 00001.00000000  .00000000  00000-0  00000+0 0    02
2 03141  53.0000 334.2857 0000001   0.0000  60.0000 15.13677000    08
Starlink-525 3141
1 03142U 00000ABC 00001.00000000  .00000000  00000-0  00000+0 0    03
2 03142  53.0000 334.2857 0000001   0.0000  63.0000 15.13677000    02
Starlink-525 3142
1 03143U 00000ABC 00001.00000000  .00000000  00000-0  00000+0 0    04
2 03143  53.0000 334.2857 0000001   0.0000  66.0000 15.13677000    06
Starlink-525 3143
1 03144U 00000ABC 00001.00000000  .00000000  00000-0  00000+0 0    05
2 03144  53.0000 334.2857 0000001   0.0000  69.0000 15.13677000    00
Starlink-525 3144
1 03145U 00000ABC 00001.00000000  .00000000  00000-0  00000+0 0    06
2 03145  53.0000 334.2857 0000001   0.0000  72.0000 15.13677000    05
Starlink-525 3145
1 03146U 00000ABC 00001.00000000  .00000000  00000-0  00000+0 0    07
2 03146  53.0000 334.2857 0000001   0.0000  75.0000 15.13677000    09
Starlink-525 3146
1 03147U 00000ABC 00001.00000000  .00000000  00000-0  00000+0 0    08
2 03147  53.0000 334.2857 0000001   0.0000  78.0000 15.13677000    03
Starlink-525 3147
1 03148U 00000ABC 00001.00000000  .00000000  00000-0  00000+0 0    09
2 03148  53.0000 334.2857 0000001   0.0000  81.0000 15.13677000    08
Starlink-525 3148
1 03149U 00000ABC 00001.00000000  .00000000  00000-0  00000+0 0    00
2 03149  53.0000 334.2857 0000001   0.0000  84.0000 15.13677000    02
Starlink-525 3149
1 03150U 00000ABC 00001.00000000  .00000000  00000-0  00000+0 0    02
2 03150  53.0000 334.2857 0000001   0.0000  87.0000 15.13677000    07
Starlink-525 3150
1 03151U 00000ABC 00001.00000000  .00000000  00000-0  00000+0 0    03
2 03151  53.0000 334.2857 0000001   0.0000  90.0000 15.13677000    02
Starlink-525 3151
1 03152U 00000ABC 00001.00000000  .00000000  00000-0  00000+0 0    04
2 03152  53.0000 334.2857 0000001   0.0000  93.0000 15.13677000    06
Starlink-525 3152
1 03153U 00000ABC 00001.00000000  .00000000  00000-0  00000+0 0    05
2 03153  53.0000 334.2857 0000001   0.0000  96.0000 15.13677000    00
Starlink-525 3153
1 03154U 00000ABC 00001.00000000  .00000000  00000-0  00000+0 0    06
2 03154  53.0000 334.2857 0000001   0.0000  99.0000 15.13677000    04
Starlink-525 3154
1 03155U 00000ABC 00001.00000000  .00000000  00000-0  00000+0 0    07
2 03155  53.0000 334.2857 0000001   0.0000 102.0000 15.13677000    00
Starlink-525 3155
1 03156U 00000ABC 00001.00000000  .00000000  00000-0  00000+0 0    08
2 03156  53.0000 334.2857 0000001   0.0000 105.0000 15.13677000    04
Starlink-525 3156
1 03157U 00000ABC 00001.00000000  .00000000  00000-0  00000+0 0    09
2 03157  53.0000 334.2857 0000001   0.0000 108.0000 15.13677000    08
Starlink-525 3157
1 03158U 00000ABC 00001.00000000  .00000000  00000-0  00000+0 0    00
2 03158  53.0000 334.2857 0000001   0.0000 111.0000 15.13677000    03
Starlink-525 3158
1 03159U 00000ABC 00001.00000000  .00000000  00000-0  00000+0 0    01
2 03159  53.0000 334.2857 0000001   0.0000 114.0000 15.13677000    07
Starlink-525 3159
1 03160U 00000ABC 00001.00000000  .00000000  00000-0  00000+0 0    03
2 03160  53.0000 334.2857 0000001   0.0000 117.0000 15.13677000    02
Starlink-525 3160
1 03161U 00000ABC 00001.00000000  .00000000  00000-0  00000+0 0    04
2 03161  53.0000 334.2857 0000001   0.0000 120.0000 15.13677000    07
Starlink-525 3161
1 03162U 00000ABC 00001.00000000  .00000000  00000-0  00000+0 0    05
2 03162  53.0000 334.2857 0000001   0.0000 123.0000 15.13677000    01
Starlink-525 3162
1 03163U 00000ABC 00001.00000000  .00000000  00000-0  00000+0 0    06
2 03163  53.0000 334.2857 0000001   0.0000 126.0000 15.13677000    05
Starlink-525 3163
1 03164U 00000ABC 00001.00000000  .00000000  00000-0  00000+0 0    07
2 03164  53.0000 334.2857 0000001   0.0000 129.0000 15.13677000    09
Starlink-525 3164
1 03165U 00000ABC 00001.00000000  .00000000  00000-0  00000+0 0    08
2 03165  53.0000 334.2857 0000001   0.0000 132.0000 15.13677000    04
Starlink-525 3165
1 03166U 00000ABC 00001.00000000  .00000000  00000-0  00000+0 0    09
2 03166  53.0000 334.2857 0000001   0.0000 135.0000 15.13677000    08
Starlink-525 3166
1 03167U 00000ABC 00001.00000000  .00000000  00000-0  00000+0 0    00
2 03167  53.0000 334.2857 0000001   0.0000 138.0000 15.13677000    02
Starlink-525 3167
1 03168U 00000ABC 00001.00000000  .00000000  00000-0  00000+0 0    01
2 03168  53.0000 334.2857 0000001   0.0000 141.0000 15.13677000    07
Starlink-525 3168
1 03169U 00000ABC 00001.00000000  .00000000  00000-0  00000+0 0    02
2 03169  53.0000 334.2857 0000001   0.0000 144.0000 15.13677000    01
Starlink-525 3169
1 03170U 00000ABC 00001.00000000  .00000000  00000-0  00000+0 0    04
2 03170  53.0000 334.2857 0000001   0.0000 147.0000 15.13677000    06
Starlink-525 3170
1 03171U 00000ABC 00001.00000000  .00000000  00000-0  00000+0 0    05
2 03171  53.0000 334.2857 0000001   0.0000 150.0000 15.13677000    01
Starlink-525 3171
1 03172U 00000ABC 00001.00000000  .00000000  00000-0  00000+0 0    06
2 03172  53.0000 334.2857 0000001   0.0000 153.0000 15.13677000    05
Starlink-525 3172
1 03173U 00000ABC 00001.00000000  .00000000  00000-0  00000+0 0    07
2 03173  53.0000 334.2857 0000001   0.0000 156.0000 15.13677000    09
Starlink-525 3173
1 03174U 00000ABC 00001.00000000  .00000000  00000-0  00000+0 0    08
2 03174  53.0000 334.2857 0000001   0.0000 159.0000 15.13677000    03
Starlink-525 3174
1 03175U 00000ABC 00001.00000000  .00000000  00000-0  00000+0 0    09
2 03175  53.0000 334.2857 0000001   0.0000 162.0000 15.13677000    08
Starlink-525 3175
1 03176U 00000ABC 00001.00000000  .00000000  00000-0  00000+0 0    00
2 03176  53.0000 334.2857 0000001   0.0000 165.0000 15.13677000    02
Starlink-525 3176
1 03177U 00000ABC 00001.00000000  .00000000  00000-0  00000+0 0    01
2 03177  53.0000 334.2857 0000001   0.0000 168.0000 15.13677000    06
Starlink-525 3177
1 03178U 00000ABC 00001.00000000  .00000000  00000-0  00000+0 0    02
2 03178  53.0000 334.2857 0000001   0.0000 171.0000 15.13677000    01
Starlink-525 3178
1 03179U 00000ABC 00001.00000000  .00000000  00000-0  00000+0 0    03
2 03179  53.0000 334.2857 0000001   0.0000 174.0000 15.13677000    05
Starlink-525 3179
1 03180U 00000ABC 00001.00000000  .00000000  00000-0  00000+0 0    05
2 03180  53.0000 334.2857 0000001   0.0000 177.0000 15.13677000    00
Starlink-525 3180
1 03181U 00000ABC 00001.00000000  .00000000  00000-0  00000+0 0    06
2 03181  53.0000 334.2857 0000001   0.0000 180.0000 15.13677000    05
Starlink-525 3181
1 03182U 00000ABC 00001.00000000  .00000000  00000-0  00000+0 0    07
2 03182  53.0000 334.2857 0000001   0.0000 183.0000 15.13677000    09
Starlink-525 3182
1 03183U 00000ABC 00001.00000000  .00000000  00000-0  00000+0 0    08
2 03183  53.0000 334.2857 0000001   0.0000 186.0000 15.13677000    03
Starlink-525 3183
1 03184U 00000ABC 00001.00000000  .00000000  00000-0  00000+0 0    09
2 03184  53.0000 334.2857 0000001   0.0000 189.0000 15.13677000    07
Starlink-525 3184
1 03185U 00000ABC 00001.00000000  .00000000  00000-0  00000+0 0    00
2 03185  53.0000 334.2857 0000001   0.0000 192.0000 15.13677000    02
Starlink-525 3185
1 03186U 00000ABC 00001.00000000  .00000000  00000-0  00000+0 0    01
2 03186  53.0000 334.2857 0000001   0.0000 195.0000 15.13677000    06
Starlink-525 3186
1 03187U 00000ABC 00001.00000000  .00000000  00000-0  00000+0 0    02
2 03187  53.0000 334.2857 0000001   0.0000 198.0000 15.13677000    00
Starlink-525 3187
1 03188U 00000ABC 00001.00000000  .00000000  00000-0  00000+0 0    03
2 03188  53.0000 334.2857 0000001   0.0000 201.0000 15.13677000    06
Starlink-525 3188
1 03189U 00000ABC 00001.00000000  .00000000  00000-0  00000+0 0    04
2 03189  53.0000 334.2857 0000001   0.0000 204.0000 15.13677000    00
Starlink-525 3189
1 03190U 00000ABC 00001.00000000  .00000000  00000-0  00000+0 0    06
2 03190  53.0000 334.2857 0000001   0.0000 207.0000 15.13677000    05
Starlink-525 3190
1 03191U 00000ABC 00001.00000000  .00000000  00000-0  00000+0 0    07
2 03191  53.0000 334.2857 0000001   0.0000 210.0000 15.13677000    00
Starlink-525 3191
1 03192U 00000ABC 00001.00000000  .00000000  00000-0  00000+0 0    08
2 03192  53.0000 334.2857 0000001   0.0000 213.0000 15.13677000    04
Starlink-525 3192
1 03193U 00000ABC 00001.00000000  .00000000  00000-0  00000+0 0    09
2 03193  53.0000 334.2857 0000001   0.0000 216.0000 15.13677000    08
Starlink-525 3193
1 03194U 00000ABC 00001.00000000  .00000000  00000-0  00000+0 0    00
2 03194  53.0000 334.2857 0000001   0.0000 219.0000 15.13677000    02
Starlink-525 3194
1 03195U 00000ABC 00001.00000000  .00000000  00000-0  00000+0 0    01
2 03195  53.0000 334.2857 0000001   0.0000 222.0000 15.13677000    07
Starlink-525 3195
1 03196U 00000ABC 00001.00000000  .00000000  00000-0  00000+0 0    02
2 03196  53.0000 334.2857 0000001   0.0000 225.0000 15.13677000    01
Starlink-525 3196
1 03197U 00000ABC 00001.00000000  .00000000  00000-0  00000+0 0    03
2 03197  53.0000 334.2857 0000001   0.0000 228.0000 15.13677000    05
Starlink-525 3197
1 03198U 00000ABC 00001.00000000  .00000000  00000-0  00000+0 0    04
2 03198  53.0000 334.2857 0000001   0.0000 231.0000 15.13677000    00
Starlink-525 3198
1 03199U 00000ABC 00001.00000000  .00000000  00000-0  00000+0 0    05
2 03199  53.0000 334.2857 0000001   0.0000 234.0000 15.13677000    04
Starlink-525 3199
1 03200U 00000ABC 00001.00000000  .00000000  00000-0  00000+0 0    08
2 03200  53.0000 334.2857 0000001   0.0000 237.0000 15.13677000    00
Starlink-525 3200
1 03201U 00000ABC 00001.00000000  .00000000  00000-0  00000+0 0    09
2 03201  53.0000 334.2857 0000001   0.0000 240.0000 15.13677000    05
Starlink-525 3201
1 03202U 00000ABC 00001.00000000  .00000000  00000-0  00000+0 0    00
2 03202  53.0000 334.2857 0000001   0.0000 243.0000 15.13677000    09
Starlink-525 3202
1 03203U 00000ABC 00001.00000000  .00000000  00000-0  00000+0 0    01
2 03203  53.0000 334.2857 0000001   0.0000 246.0000 15.13677000    03
Starlink-525 3203
1 03204U 00000ABC 00001.00000000  .00000000  00000-0  00000+0 0    02
2 03204  53.0000 334.2857 0000001   0.0000 249.0000 15.13677000    07
Starlink-525 3204
1 03205U 00000ABC 00001.00000000  .00000000  00000-0  00000+0 0    03
2 03205  53.0000 334.2857 0000001   0.0000 252.0000 15.13677000    02
Starlink-525 3205
1 03206U 00000ABC 00001.00000000  .00000000  00000-0  00000+0 0    04
2 03206  53.0000 334.2857 0000001   0.0000 255.0000 15.13677000    06
Starlink-525 3206
1 03207U 00000ABC 00001.00000000  .00000000  00000-0  00000+0 0    05
2 03207  53.0000 334.2857 0000001   0.0000 258.0000 15.13677000    00
Starlink-525 3207
1 03208U 00000ABC 00001.00000000  .00000000  00000-0  00000+0 0    06
2 03208  53.0000 334.2857 0000001   0.0000 261.0000 15.13677000    05
Starlink-525 3208
1 03209U 00000ABC 00001.00000000  .00000000  00000-0  00000+0 0    07
2 03209  53.0000 334.2857 0000001   0.0000 264.0000 15.13677000    09
Starlink-525 3209
1 03210U 00000ABC 00001.00000000  .00000000  00000-0  00000+0 0    09
2 03210  53.0000 334.2857 0000001   0.0000 267.0000 15.13677000    04
Starlink-525 3210
1 03211U 00000ABC 00001.00000000  .00000000  00000-0  00000+0 0    00
2 03211  53.0000 334.2857 0000001   0.0000 270.0000 15.13677000    09
Starlink-525 3211
1 03212U 00000ABC 00001.00000000  .00000000  00000-0  00000+0 0    01
2 03212  53.0000 334.2857 0000001   0.0000 273.0000 15.13677000    03
Starlink-525 3212
1 03213U 00000ABC 00001.00000000  .00000000  00000-0  00000+0 0    02
2 03213  53.0000 334.2857 0000001   0.0000 276.0000 15.13677000    07
Starlink-525 3213
1 03214U 00000ABC 00001.00000000  .00000000  00000-0  00000+0 0    03
2 03214  53.0000 334.2857 0000001   0.0000 279.0000 15.13677000    01
Starlink-525 3214
1 03215U 00000ABC 00001.00000000  .00000000  00000-0  00000+0 0    04
2 03215  53.0000 334.2857 0000001   0.0000 282.0000 15.13677000    06
Starlink-525 3215
1 03216U 00000ABC 00001.00000000  .00000000  00000-0  00000+0 0    05
2 03216  53.0000 334.2857 0000001   0.0000 285.0000 15.13677000    00
Starlink-525 3216
1 03217U 00000ABC 00001.00000000  .00000000  00000-0  00000+0 0    06
2 03217  53.0000 334.2857 0000001   0.0000 288.0000 15.13677000    04
Starlink-525 3217
1 03218U 00000ABC 00001.00000000  .00000000  00000-0  00000+0 0    07
2 03218  53.0000 334.2857 0000001   0.0000 291.0000 15.13677000    09
Starlink-525 3218
1 03219U 00000ABC 00001.00000000  .00000000  00000-0  00000+0 0    08
2 03219  53.0000 334.2857 0000001   0.0000 294.0000 15.13677000    03
Starlink-525 3219
1 03220U 00000ABC 00001.00000000  .00000000  00000-0  00000+0 0    00
2 03220  53.0000 334.2857 0000001   0.0000 297.0000 15.13677000    08
Starlink-525 3220
1 03221U 00000ABC 00001.00000000  .00000000  00000-0  00000+0 0    01
2 03221  53.0000 334.2857 0000001   0.0000 300.0000 15.13677000    04
Starlink-525 3221
1 03222U 00000ABC 00001.00000000  .00000000  00000-0  00000+0 0    02
2 03222  53.0000 334.2857 0000001   0.0000 303.0000 15.13677000    08
Starlink-525 3222
1 03223U 00000ABC 00001.00000000  .00000000  00000-0  00000+0 0    03
2 03223  53.0000 334.2857 0000001   0.0000 306.0000 15.13677000    02
Starlink-525 3223
1 03224U 00000ABC 00001.00000000  .00000000  00000-0  00000+0 0    04
2 03224  53.0000 334.2857 0000001   0.0000 309.0000 15.13677000    06
Starlink-525 3224
1 03225U 00000ABC 00001.00000000  .00000000  00000-0  00000+0 0    05
2 03225  53.0000 334.2857 0000001   0.0000 312.0000 15.13677000    01
Starlink-525 3225
1 03226U 00000ABC 00001.00000000  .00000000  00000-0  00000+0 0    06
2 03226  53.0000 334.2857 0000001   0.0000 315.0000 15.13677000    05
Starlink-525 3226
1 03227U 00000ABC 00001.00000000  .00000000  00000-0  00000+0 0    07
2 03227  53.0000 334.2857 0000001   0.0000 318.0000 15.13677000    09
Starlink-525 3227
1 03228U 00000ABC 00001.00000000  .00000000  00000-0  00000+0 0    08
2 03228  53.0000 334.2857 0000001   0.0000 321.0000 15.13677000    04
Starlink-525 3228
1 03229U 00000ABC 00001.00000000  .00000000  00000-0  00000+0 0    09
2 03229  53.0000 334.2857 0000001   0.0000 324.0000 15.13677000    08
Starlink-525 3229
1 03230U 00000ABC 00001.00000000  .00000000  00000-0  00000+0 0    01
2 03230  53.0000 334.2857 0000001   0.0000 327.0000 15.13677000    03
Starlink-525 3230
1 03231U 00000ABC 00001.00000000  .00000000  00000-0  00000+0 0    02
2 03231  53.0000 334.2857 0000001   0.0000 330.0000 15.13677000    08
Starlink-525 3231
1 03232U 00000ABC 00001.00000000  .00000000  00000-0  00000+0 0    03
2 03232  53.0000 334.2857 0000001   0.0000 333.0000 15.13677000    02
Starlink-525 3232
1 03233U 00000ABC 00001.00000000  .00000000  00000-0  00000+0 0    04
2 03233  53.0000 334.2857 0000001   0.0000 336.0000 15.13677000    06
Starlink-525 3233
1 03234U 00000ABC 00001.00000000  .00000000  00000-0  00000+0 0    05
2 03234  53.0000 334.2857 0000001   0.0000 339.0000 15.13677000    00
Starlink-525 3234
1 03235U 00000ABC 00001.00000000  .00000000  00000-0  00000+0 0    06
2 03235  53.0000 334.2857 0000001   0.0000 342.0000 15.13677000    05
Starlink-525 3235
1 03236U 00000ABC 00001.00000000  .00000000  00000-0  00000+0 0    07
2 03236  53.0000 334.2857 0000001   0.0000 345.0000 15.13677000    09
Starlink-525 3236
1 03237U 00000ABC 00001.00000000  .00000000  00000-0  00000+0 0    08
2 03237  53.0000 334.2857 0000001   0.0000 348.0000 15.13677000    03
Starlink-525 3237
1 03238U 00000ABC 00001.00000000  .00000000  00000-0  00000+0 0    09
2 03238  53.0000 334.2857 0000001   0.0000 351.0000 15.13677000    08
Starlink-525 3238
1 03239U 00000ABC 00001.00000000  .00000000  00000-0  00000+0 0    00
2 03239  53.0000 334.2857 0000001   0.0000 354.0000 15.13677000    02
Starlink-525 3239
1 03240U 00000ABC 00001.00000000  .00000000  00000-0  00000+0 0    02
2 03240  53.0000 334.2857 0000001   0.0000 357.0000 15.13677000    07
Starlink-525 3240
1 03241U 00000ABC 00001.00000000  .00000000  00000-0  00000+0 0    03
2 03241  53.0000 347.1429 0000001   0.0000   1.5000 15.13677000    07
Starlink-525 3241
1 03242U 00000ABC 00001.00000000  .00000000  00000-0  00000+0 0    04
2 03242  53.0000 347.1429 0000001   0.0000   4.5000 15.13677000    01
Starlink-525 3242
1 03243U 00000ABC 00001.00000000  .00000000  00000-0  00000+0 0    05
2 03243  53.0000 347.1429 0000001   0.0000   7.5000 15.13677000    05
Starlink-525 3243
1 03244U 00000ABC 00001.00000000  .00000000  00000-0  00000+0 0    06
2 03244  53.0000 347.1429 0000001   0.0000  10.5000 15.13677000    00
Starlink-525 3244
1 03245U 00000ABC 00001.00000000  .00000000  00000-0  00000+0 0    07
2 03245  53.0000 347.1429 0000001   0.0000  13.5000 15.13677000    04
Starlink-525 3245
1 03246U 00000ABC 00001.00000000  .00000000  00000-0  00000+0 0    08
2 03246  53.0000 347.1429 0000001   0.0000  16.5000 15.13677000    08
Starlink-525 3246
1 03247U 00000ABC 00001.00000000  .00000000  00000-0  00000+0 0    09
2 03247  53.0000 347.1429 0000001   0.0000  19.5000 15.13677000    02
Starlink-525 3247
1 03248U 00000ABC 00001.00000000  .00000000  00000-0  00000+0 0    00
2 03248  53.0000 347.1429 0000001   0.0000  22.5000 15.13677000    07
Starlink-525 3248
1 03249U 00000ABC 00001.00000000  .00000000  00000-0  00000+0 0    01
2 03249  53.0000 347.1429 0000001   0.0000  25.5000 15.13677000    01
Starlink-525 3249
1 03250U 00000ABC 00001.00000000  .00000000  00000-0  00000+0 0    03
2 03250  53.0000 347.1429 0000001   0.0000  28.5000 15.13677000    06
Starlink-525 3250
1 03251U 00000ABC 00001.00000000  .00000000  00000-0  00000+0 0    04
2 03251  53.0000 347.1429 0000001   0.0000  31.5000 15.13677000    01
Starlink-525 3251
1 03252U 00000ABC 00001.00000000  .00000000  00000-0  00000+0 0    05
2 03252  53.0000 347.1429 0000001   0.0000  34.5000 15.13677000    05
Starlink-525 3252
1 03253U 00000ABC 00001.00000000  .00000000  00000-0  00000+0 0    06
2 03253  53.0000 347.1429 0000001   0.0000  37.5000 15.13677000    09
Starlink-525 3253
1 03254U 00000ABC 00001.00000000  .00000000  00000-0  00000+0 0    07
2 03254  53.0000 347.1429 0000001   0.0000  40.5000 15.13677000    04
Starlink-525 3254
1 03255U 00000ABC 00001.00000000  .00000000  00000-0  00000+0 0    08
2 03255  53.0000 347.1429 0000001   0.0000  43.5000 15.13677000    08
Starlink-525 3255
1 03256U 00000ABC 00001.00000000  .00000000  00000-0  00000+0 0    09
2 03256  53.0000 347.1429 0000001   0.0000  46.5000 15.13677000    02
Starlink-525 3256
1 03257U 00000ABC 00001.00000000  .00000000  00000-0  00000+0 0    00
2 03257  53.0000 347.1429 0000001   0.0000  49.5000 15.13677000    06
Starlink-525 3257
1 03258U 00000ABC 00001.00000000  .00000000  00000-0  00000+0 0    01
2 03258  53.0000 347.1429 0000001   0.0000  52.5000 15.13677000    01
Starlink-525 3258
1 03259U 00000ABC 00001.00000000  .00000000  00000-0  00000+0 0    02
2 03259  53.0000 347.1429 0000001   0.0000  55.5000 15.13677000    05
Starlink-525 3259
1 03260U 00000ABC 00001.00000000  .00000000  00000-0  00000+0 0    04
2 03260  53.0000 347.1429 0000001   0.0000  58.5000 15.13677000    00
Starlink-525 3260
1 03261U 00000ABC 00001.00000000  .00000000  00000-0  00000+0 0    05
2 03261  53.0000 347.1429 0000001   0.0000  61.5000 15.13677000    05
Starlink-525 3261
1 03262U 00000ABC 00001.00000000  .00000000  00000-0  00000+0 0    06
2 03262  53.0000 347.1429 0000001   0.0000  64.5000 15.13677000    09
Starlink-525 3262
1 03263U 00000ABC 00001.00000000  .00000000  00000-0  00000+0 0    07
2 03263  53.0000 347.1429 0000001   0.0000  67.5000 15.13677000    03
Starlink-525 3263
1 03264U 00000ABC 00001.00000000  .00000000  00000-0  00000+0 0    08
2 03264  53.0000 347.1429 0000001   0.0000  70.5000 15.13677000    08
Starlink-525 3264
1 03265U 00000ABC 00001.00000000  .00000000  00000-0  00000+0 0    09
2 03265  53.0000 347.1429 0000001   0.0000  73.5000 15.13677000    02
Starlink-525 3265
1 03266U 00000ABC 00001.00000000  .00000000  00000-0  00000+0 0    00
2 03266  53.0000 347.1429 0000001   0.0000  76.5000 15.13677000    06
Starlink-525 3266
1 03267U 00000ABC 00001.00000000  .00000000  00000-0  00000+0 0    01
2 03267  53.0000 347.1429 0000001   0.0000  79.5000 15.13677000    00
Starlink-525 3267
1 03268U 00000ABC 00001.00000000  .00000000  00000-0  00000+0 0    02
2 03268  53.0000 347.1429 0000001   0.0000  82.5000 15.13677000    05
Starlink-525 3268
1 03269U 00000ABC 00001.00000000  .00000000  00000-0  00000+0 0    03
2 03269  53.0000 347.1429 0000001   0.0000  85.5000 15.13677000    09
Starlink-525 3269
1 03270U 00000ABC 00001.00000000  .00000000  00000-0  00000+0 0    05
2 03270  53.0000 347.1429 0000001   0.0000  88.5000 15.13677000    04
Starlink-525 3270
1 03271U 00000ABC 00001.00000000  .00000000  00000-0  00000+0 0    06
2 03271  53.0000 347.1429 0000001   0.0000  91.5000 15.13677000    09
Starlink-525 3271
1 03272U 00000ABC 00001.00000000  .00000000  00000-0  00000+0 0    07
2 03272  53.0000 347.1429 0000001   0.0000  94.5000 15.13677000    03
Starlink-525 3272
1 03273U 00000ABC 00001.00000000  .00000000  00000-0  00000+0 0    08
2 03273  53.0000 347.1429 0000001   0.0000  97.5000 15.13677000    07
Starlink-525 3273
1 03274U 00000ABC 00001.00000000  .00000000  00000-0  00000+0 0    09
2 03274  53.0000 347.1429 0000001   0.0000 100.5000 15.13677000    03
Starlink-525 3274
1 03275U 00000ABC 00001.00000000  .00000000  00000-0  00000+0 0    00
2 03275  53.0000 347.1429 0000001   0.0000 103.5000 15.13677000    07
Starlink-525 3275
1 03276U 00000ABC 00001.00000000  .00000000  00000-0  00000+0 0    01
2 03276  53.0000 347.1429 0000001   0.0000 106.5000 15.13677000    01
Starlink-525 3276
1 03277U 00000ABC 00001.00000000  .00000000  00000-0  00000+0 0    02
2 03277  53.0000 347.1429 0000001   0.0000 109.5000 15.13677000    05
Starlink-525 3277
1 03278U 00000ABC 00001.00000000  .00000000  00000-0  00000+0 0    03
2 03278  53.0000 347.1429 0000001   0.0000 112.5000 15.13677000    00
Starlink-525 3278
1 03279U 00000ABC 00001.00000000  .00000000  00000-0  00000+0 0    04
2 03279  53.0000 347.1429 0000001   0.0000 115.5000 15.13677000    04
Starlink-525 3279
1 03280U 00000ABC 00001.00000000  .00000000  00000-0  00000+0 0    06
2 03280  53.0000 347.1429 0000001   0.0000 118.5000 15.13677000    09
Starlink-525 3280
1 03281U 00000ABC 00001.00000000  .00000000  00000-0  00000+0 0    07
2 03281  53.0000 347.1429 0000001   0.0000 121.5000 15.13677000    04
Starlink-525 3281
1 03282U 00000ABC 00001.00000000  .00000000  00000-0  00000+0 0    08
2 03282  53.0000 347.1429 0000001   0.0000 124.5000 15.13677000    08
Starlink-525 3282
1 03283U 00000ABC 00001.00000000  .00000000  00000-0  00000+0 0    09
2 03283  53.0000 347.1429 0000001   0.0000 127.5000 15.13677000    02
Starlink-525 3283
1 03284U 00000ABC 00001.00000000  .00000000  00000-0  00000+0 0    00
2 03284  53.0000 347.1429 0000001   0.0000 130.5000 15.13677000    07
Starlink-525 3284
1 03285U 00000ABC 00001.00000000  .00000000  00000-0  00000+0 0    01
2 03285  53.0000 347.1429 0000001   0.0000 133.5000 15.13677000    01
Starlink-525 3285
1 03286U 00000ABC 00001.00000000  .00000000  00000-0  00000+0 0    02
2 03286  53.0000 347.1429 0000001   0.0000 136.5000 15.13677000    05
Starlink-525 3286
1 03287U 00000ABC 00001.00000000  .00000000  00000-0  00000+0 0    03
2 03287  53.0000 347.1429 0000001   0.0000 139.5000 15.13677000    09
Starlink-525 3287
1 03288U 00000ABC 00001.00000000  .00000000  00000-0  00000+0 0    04
2 03288  53.0000 347.1429 0000001   0.0000 142.5000 15.13677000    04
Starlink-525 3288
1 03289U 00000ABC 00001.00000000  .00000000  00000-0  00000+0 0    05
2 03289  53.0000 347.1429 0000001   0.0000 145.5000 15.13677000    08
Starlink-525 3289
1 03290U 00000ABC 00001.00000000  .00000000  00000-0  00000+0 0    07
2 03290  53.0000 347.1429 0000001   0.0000 148.5000 15.13677000    03
Starlink-525 3290
1 03291U 00000ABC 00001.00000000  .00000000  00000-0  00000+0 0    08
2 03291  53.0000 347.1429 0000001   0.0000 151.5000 15.13677000    08
Starlink-525 3291
1 03292U 00000ABC 00001.00000000  .00000000  00000-0  00000+0 0    09
2 03292  53.0000 347.1429 0000001   0.0000 154.5000 15.13677000    02
Starlink-525 3292
1 03293U 00000ABC 00001.00000000  .00000000  00000-0  00000+0 0    00
2 03293  53.0000 347.1429 0000001   0.0000 157.5000 15.13677000    06
Starlink-525 3293
1 03294U 00000ABC 00001.00000000  .00000000  00000-0  00000+0 0    01
2 03294  53.0000 347.1429 0000001   0.0000 160.5000 15.13677000    01
Starlink-525 3294
1 03295U 00000ABC 00001.00000000  .00000000  00000-0  00000+0 0    02
2 03295  53.0000 347.1429 0000001   0.0000 163.5000 15.13677000    05
Starlink-525 3295
1 03296U 00000ABC 00001.00000000  .00000000  00000-0  00000+0 0    03
2 03296  53.0000 347.1429 0000001   0.0000 166.5000 15.13677000    09
Starlink-525 3296
1 03297U 00000ABC 00001.00000000  .00000000  00000-0  00000+0 0    04
2 03297  53.0000 347.1429 0000001   0.0000 169.5000 15.13677000    03
Starlink-525 3297
1 03298U 00000ABC 00001.00000000  .00000000  00000-0  00000+0 0    05
2 03298  53.0000 347.1429 0000001   0.0000 172.5000 15.13677000    08
Starlink-525 3298
1 03299U 00000ABC 00001.00000000  .00000000  00000-0  00000+0 0    06
2 03299  53.0000 347.1429 0000001   0.0000 175.5000 15.13677000    02
Starlink-525 3299
1 03300U 00000ABC 00001.00000000  .00000000  00000-0  00000+0 0    09
2 03300  53.0000 347.1429 0000001   0.0000 178.5000 15.13677000    08
Starlink-525 3300
1 03301U 00000ABC 00001.00000000  .00000000  00000-0  00000+0 0    00
2 03301  53.0000 347.1429 0000001   0.0000 181.5000 15.13677000    03
Starlink-525 3301
1 03302U 00000ABC 00001.00000000  .00000000  00000-0  00000+0 0    01
2 03302  53.0000 347.1429 0000001   0.0000 184.5000 15.13677000    07
Starlink-525 3302
1 03303U 00000ABC 00001.00000000  .00000000  00000-0  00000+0 0    02
2 03303  53.0000 347.1429 0000001   0.0000 187.5000 15.13677000    01
Starlink-525 3303
1 03304U 00000ABC 00001.00000000  .00000000  00000-0  00000+0 0    03
2 03304  53.0000 347.1429 0000001   0.0000 190.5000 15.13677000    06
Starlink-525 3304
1 03305U 00000ABC 00001.00000000  .00000000  00000-0  00000+0 0    04
2 03305  53.0000 347.1429 0000001   0.0000 193.5000 15.13677000    00
Starlink-525 3305
1 03306U 00000ABC 00001.00000000  .00000000  00000-0  00000+0 0    05
2 03306  53.0000 347.1429 0000001   0.0000 196.5000 15.13677000    04
Starlink-525 3306
1 03307U 00000ABC 00001.00000000  .00000000  00000-0  00000+0 0    06
2 03307  53.0000 347.1429 0000001   0.0000 199.5000 15.13677000    08
Starlink-525 3307
1 03308U 00000ABC 00001.00000000  .00000000  00000-0  00000+0 0    07
2 03308  53.0000 347.1429 0000001   0.0000 202.5000 15.13677000    04
Starlink-525 3308
1 03309U 00000ABC 00001.00000000  .00000000  00000-0  00000+0 0    08
2 03309  53.0000 347.1429 0000001   0.0000 205.5000 15.13677000    08
Starlink-525 3309
1 03310U 00000ABC 00001.00000000  .00000000  00000-0  00000+0 0    00
2 03310  53.0000 347.1429 0000001   0.0000 208.5000 15.13677000    03
Starlink-525 3310
1 03311U 00000ABC 00001.00000000  .00000000  00000-0  00000+0 0    01
2 03311  53.0000 347.1429 0000001   0.0000 211.5000 15.13677000    08
Starlink-525 3311
1 03312U 00000ABC 00001.00000000  .00000000  00000-0  00000+0 0    02
2 03312  53.0000 347.1429 0000001   0.0000 214.5000 15.13677000    02
Starlink-525 3312
1 03313U 00000ABC 00001.00000000  .00000000  00000-0  00000+0 0    03
2 03313  53.0000 347.1429 0000001   0.0000 217.5000 15.13677000    06
Starlink-525 3313
1 03314U 00000ABC 00001.00000000  .00000000  00000-0  00000+0 0    04
2 03314  53.0000 347.1429 0000001   0.0000 220.5000 15.13677000    01
Starlink-525 3314
1 03315U 00000ABC 00001.00000000  .00000000  00000-0  00000+0 0    05
2 03315  53.0000 347.1429 0000001   0.0000 223.5000 15.13677000    05
Starlink-525 3315
1 03316U 00000ABC 00001.00000000  .00000000  00000-0  00000+0 0    06
2 03316  53.0000 347.1429 0000001   0.0000 226.5000 15.13677000    09
Starlink-525 3316
1 03317U 00000ABC 00001.00000000  .00000000  00000-0  00000+0 0    07
2 03317  53.0000 347.1429 0000001   0.0000 229.5000 15.13677000    03
Starlink-525 3317
1 03318U 00000ABC 00001.00000000  .00000000  00000-0  00000+0 0    08
2 03318  53.0000 347.1429 0000001   0.0000 232.5000 15.13677000    08
Starlink-525 3318
1 03319U 00000ABC 00001.00000000  .00000000  00000-0  00000+0 0    09
2 03319  53.0000 347.1429 0000001   0.0000 235.5000 15.13677000    02
Starlink-525 3319
1 03320U 00000ABC 00001.00000000  .00000000  00000-0  00000+0 0    01
2 03320  53.0000 347.1429 0000001   0.0000 238.5000 15.13677000    07
Starlink-525 3320
1 03321U 00000ABC 00001.00000000  .00000000  00000-0  00000+0 0    02
2 03321  53.0000 347.1429 0000001   0.0000 241.5000 15.13677000    02
Starlink-525 3321
1 03322U 00000ABC 00001.00000000  .00000000  00000-0  00000+0 0    03
2 03322  53.0000 347.1429 0000001   0.0000 244.5000 15.13677000    06
Starlink-525 3322
1 03323U 00000ABC 00001.00000000  .00000000  00000-0  00000+0 0    04
2 03323  53.0000 347.1429 0000001   0.0000 247.5000 15.13677000    00
Starlink-525 3323
1 03324U 00000ABC 00001.00000000  .00000000  00000-0  00000+0 0    05
2 03324  53.0000 347.1429 0000001   0.0000 250.5000 15.13677000    05
Starlink-525 3324
1 03325U 00000ABC 00001.00000000  .00000000  00000-0  00000+0 0    06
2 03325  53.0000 347.1429 0000001   0.0000 253.5000 15.13677000    09
Starlink-525 3325
1 03326U 00000ABC 00001.00000000  .00000000  00000-0  00000+0 0    07
2 03326  53.0000 347.1429 0000001   0.0000 256.5000 15.13677000    03
Starlink-525 3326
1 03327U 00000ABC 00001.00000000  .00000000  00000-0  00000+0 0    08
2 03327  53.0000 347.1429 0000001   0.0000 259.5000 15.13677000    07
Starlink-525 3327
1 03328U 00000ABC 00001.00000000  .00000000  00000-0  00000+0 0    09
2 03328  53.0000 347.1429 0000001   0.0000 262.5000 15.13677000    02
Starlink-525 3328
1 03329U 00000ABC 00001.00000000  .00000000  00000-0  00000+0 0    00
2 03329  53.0000 347.1429 0000001   0.0000 265.5000 15.13677000    06
Starlink-525 3329
1 03330U 00000ABC 00001.00000000  .00000000  00000-0  00000+0 0    02
2 03330  53.0000 347.1429 0000001   0.0000 268.5000 15.13677000    01
Starlink-525 3330
1 03331U 00000ABC 00001.00000000  .00000000  00000-0  00000+0 0    03
2 03331  53.0000 347.1429 0000001   0.0000 271.5000 15.13677000    06
Starlink-525 3331
1 03332U 00000ABC 00001.00000000  .00000000  00000-0  00000+0 0    04
2 03332  53.0000 347.1429 0000001   0.0000 274.5000 15.13677000    00
Starlink-525 3332
1 03333U 00000ABC 00001.00000000  .00000000  00000-0  00000+0 0    05
2 03333  53.0000 347.1429 0000001   0.0000 277.5000 15.13677000    04
Starlink-525 3333
1 03334U 00000ABC 00001.00000000  .00000000  00000-0  00000+0 0    06
2 03334  53.0000 347.1429 0000001   0.0000 280.5000 15.13677000    09
Starlink-525 3334
1 03335U 00000ABC 00001.00000000  .00000000  00000-0  00000+0 0    07
2 03335  53.0000 347.1429 0000001   0.0000 283.5000 15.13677000    03
Starlink-525 3335
1 03336U 00000ABC 00001.00000000  .00000000  00000-0  00000+0 0    08
2 03336  53.0000 347.1429 0000001   0.0000 286.5000 15.13677000    07
Starlink-525 3336
1 03337U 00000ABC 00001.00000000  .00000000  00000-0  00000+0 0    09
2 03337  53.0000 347.1429 0000001   0.0000 289.5000 15.13677000    01
Starlink-525 3337
1 03338U 00000ABC 00001.00000000  .00000000  00000-0  00000+0 0    00
2 03338  53.0000 347.1429 0000001   0.0000 292.5000 15.13677000    06
Starlink-525 3338
1 03339U 00000ABC 00001.00000000  .00000000  00000-0  00000+0 0    01
2 03339  53.0000 347.1429 0000001   0.0000 295.5000 15.13677000    00
Starlink-525 3339
1 03340U 00000ABC 00001.00000000  .00000000  00000-0  00000+0 0    03
2 03340  53.0000 347.1429 0000001   0.0000 298.5000 15.13677000    05
Starlink-525 3340
1 03341U 00000ABC 00001.00000000  .00000000  00000-0  00000+0 0    04
2 03341  53.0000 347.1429 0000001   0.0000 301.5000 15.13677000    01
Starlink-525 3341
1 03342U 00000ABC 00001.00000000  .00000000  00000-0  00000+0 0    05
2 03342  53.0000 347.1429 0000001   0.0000 304.5000 15.13677000    05
Starlink-525 3342
1 03343U 00000ABC 00001.00000000  .00000000  00000-0  00000+0 0    06
2 03343  53.0000 347.1429 0000001   0.0000 307.5000 15.13677000    09
Starlink-525 3343
1 03344U 00000ABC 00001.00000000  .00000000  00000-0  00000+0 0    07
2 03344  53.0000 347.1429 0000001   0.0000 310.5000 15.13677000    04
Starlink-525 3344
1 03345U 00000ABC 00001.00000000  .00000000  00000-0  00000+0 0    08
2 03345  53.0000 347.1429 0000001   0.0000 313.5000 15.13677000    08
Starlink-525 3345
1 03346U 00000ABC 00001.00000000  .00000000  00000-0  00000+0 0    09
2 03346  53.0000 347.1429 0000001   0.0000 316.5000 15.13677000    02
Starlink-525 3346
1 03347U 00000ABC 00001.00000000  .00000000  00000-0  00000+0 0    00
2 03347  53.0000 347.1429 0000001   0.0000 319.5000 15.13677000    06
Starlink-525 3347
1 03348U 00000ABC 00001.00000000  .00000000  00000-0  00000+0 0    01
2 03348  53.0000 347.1429 0000001   0.0000 322.5000 15.13677000    01
Starlink-525 3348
1 03349U 00000ABC 00001.00000000  .00000000  00000-0  00000+0 0    02
2 03349  53.0000 347.1429 0000001   0.0000 325.5000 15.13677000    05
Starlink-525 3349
1 03350U 00000ABC 00001.00000000  .00000000  00000-0  00000+0 0    04
2 03350  53.0000 347.1429 0000001   0.0000 328.5000 15.13677000    00
Starlink-525 3350
1 03351U 00000ABC 00001.00000000  .00000000  00000-0  00000+0 0    05
2 03351  53.0000 347.1429 0000001   0.0000 331.5000 15.13677000    05
Starlink-525 3351
1 03352U 00000ABC 00001.00000000  .00000000  00000-0  00000+0 0    06
2 03352  53.0000 347.1429 0000001   0.0000 334.5000 15.13677000    09
Starlink-525 3352
1 03353U 00000ABC 00001.00000000  .00000000  00000-0  00000+0 0    07
2 03353  53.0000 347.1429 0000001   0.0000 337.5000 15.13677000    03
Starlink-525 3353
1 03354U 00000ABC 00001.00000000  .00000000  00000-0  00000+0 0    08
2 03354  53.0000 347.1429 0000001   0.0000 340.5000 15.13677000    08
Starlink-525 3354
1 03355U 00000ABC 00001.00000000  .00000000  00000-0  00000+0 0    09
2 03355  53.0000 347.1429 0000001   0.0000 343.5000 15.13677000    02
Starlink-525 3355
1 03356U 00000ABC 00001.00000000  .00000000  00000-0  00000+0 0    00
2 03356  53.0000 347.1429 0000001   0.0000 346.5000 15.13677000    06
Starlink-525 3356
1 03357U 00000ABC 00001.00000000  .00000000  00000-0  00000+0 0    01
2 03357  53.0000 347.1429 0000001   0.0000 349.5000 15.13677000    00
Starlink-525 3357
1 03358U 00000ABC 00001.00000000  .00000000  00000-0  00000+0 0    02
2 03358  53.0000 347.1429 0000001   0.0000 352.5000 15.13677000    05
Starlink-525 3358
1 03359U 00000ABC 00001.00000000  .00000000  00000-0  00000+0 0    03
2 03359  53.0000 347.1429 0000001   0.0000 355.5000 15.13677000    09
Starlink-525 3359
1 03360U 00000ABC 00001.00000000  .00000000  00000-0  00000+0 0    05
2 03360  53.0000 347.1429 0000001   0.0000 358.5000 15.13677000    04
